player_id,player_name,date_of_birth,country,player_photo_url
136199,Aaron Anselmino,,Argentina,https://resources.premierleague.com/premierleague/photos/players/110x140/p622758.png
115438,Aaron Bott,,England,
115166,Aaron Hickey,2002-06-10,Scotland,https://resources.premierleague.com/premierleague/photos/players/110x140/p472713.png
13703,Aaron Ramsdale,1998-05-14,England,https://resources.premierleague.com/premierleague/photos/players/110x140/p225321.png
14164,Aaron Wan-Bissaka,1997-11-26,DR Congo,https://resources.premierleague.com/premierleague/photos/players/110x140/p214590.png
108851,Abdallah Sima,,Senegal,https://resources.premierleague.com/premierleague/photos/players/110x140/p516211.png
128863,Abdoullah Ba,2003-07-31,France,https://resources.premierleague.com/premierleague/photos/players/110x140/p477851.png
137371,Abdukodir Khusanov,2004-02-29,Uzbekistan,https://resources.premierleague.com/premierleague/photos/players/110x140/p578153.png
9199,Adam Armstrong,1997-02-10,England,https://resources.premierleague.com/premierleague/photos/players/110x140/p155511.png
140024,Adam Aznou,2006-06-02,Morocco,https://resources.premierleague.com/premierleague/photos/players/110x140/p499300.png
117619,Adam Berry,,England,
133164,Adam Harrison,2006-10-20,England,
3512,Adam Smith,1991-04-29,England,https://resources.premierleague.com/premierleague/photos/players/110x140/p54469.png
9426,Adam Webster,1995-01-04,England,https://resources.premierleague.com/premierleague/photos/players/110x140/p110735.png
69595,Adam Wharton,2004-02-06,England,https://resources.premierleague.com/premierleague/photos/players/110x140/p496221.png
4979,Adama Traoré,1996-01-25,Spain,https://resources.premierleague.com/premierleague/photos/players/110x140/p159533.png
66644,Adil Aouchiche,,Algeria,
74965,Adrien Truffert,2001-11-20,France,https://resources.premierleague.com/premierleague/photos/players/110x140/p494521.png
134829,Ahmed Abdullahi,2004-06-19,Nigeria,https://resources.premierleague.com/premierleague/photos/players/110x140/p611975.png
138560,Aidan Borland,,Scotland,
125042,Aidan Harris,2006-12-16,England,
143654,Airidas Golambeckis,2007-11-04,England,https://resources.premierleague.com/premierleague/photos/players/110x140/p643473.png
20053,Aji Alese,,England,https://resources.premierleague.com/premierleague/photos/players/110x140/p220684.png
31861,Albert Sambi Lokonga,,Belgium,https://resources.premierleague.com/premierleague/photos/players/110x140/p437742.png
135435,Aled Thomas,,Wales,
68987,Alejandro Garnacho,2004-07-01,Argentina,https://resources.premierleague.com/premierleague/photos/players/110x140/p493105.png
138107,Alejo Véliz,,Argentina,
8938,Alex Cairns,1993-01-04,England,https://resources.premierleague.com/premierleague/photos/players/110x140/p97846.png
4717,Alex Iwobi,1996-05-03,Nigeria,https://resources.premierleague.com/premierleague/photos/players/110x140/p153133.png
127659,Alex Murphy,2004-06-25,Ireland,https://resources.premierleague.com/premierleague/photos/players/110x140/p545477.png
146353,Alex Paulsen,,New Zealand,https://resources.premierleague.com/premierleague/photos/players/110x140/p495145.png
74976,Alex Scott,2003-08-21,England,https://resources.premierleague.com/premierleague/photos/players/110x140/p503139.png
135304,Alex Tóth,2005-10-23,Hungary,https://resources.premierleague.com/premierleague/photos/players/110x140/p614574.png
21737,Alexander Isak,1999-09-21,Sweden,https://resources.premierleague.com/premierleague/photos/players/110x140/p219168.png
119533,Alexei Rojas,2005-09-28,Colombia,
63633,Alexis Mac Allister,1998-12-24,Argentina,https://resources.premierleague.com/premierleague/photos/players/110x140/p243016.png
66728,Alfie Brooks,2003-10-15,England,https://resources.premierleague.com/premierleague/photos/players/110x140/p491460.png
128977,Alfie Cresswell,2007-07-15,England,https://resources.premierleague.com/premierleague/photos/players/110x140/p592740.png
77990,Alfie Devine,,England,
98288,Alfie Gilchrist,,England,
127536,Alfie Harrison,,England,
75203,Alfie McNally,2004-12-22,England,https://resources.premierleague.com/premierleague/photos/players/110x140/p505079.png
108956,Alfie Pond,,England,https://resources.premierleague.com/premierleague/photos/players/110x140/p517179.png
15111,Alfie Whiteman,,England,
20559,Alisson Becker,1992-10-02,Brazil,https://resources.premierleague.com/premierleague/photos/players/110x140/p116535.png
5748,Alphonse Areola,1993-02-27,France,https://resources.premierleague.com/premierleague/photos/players/110x140/p84182.png
71744,Altay Bayindir,1998-04-14,Turkiye,https://resources.premierleague.com/premierleague/photos/players/110x140/p451302.png
326089,Alysson Edward,2006-05-05,Brazil,https://resources.premierleague.com/premierleague/photos/players/110x140/p653481.png
69176,Amad Diallo,2002-07-11,Cote D’Ivoire,https://resources.premierleague.com/premierleague/photos/players/110x140/p493250.png
108096,Amadou Onana,2001-08-16,Belgium,https://resources.premierleague.com/premierleague/photos/players/110x140/p449871.png
134820,Amara Nallo,2006-11-18,England,https://resources.premierleague.com/premierleague/photos/players/110x140/p611926.png
118080,Amine Adli,2000-05-10,Morocco,https://resources.premierleague.com/premierleague/photos/players/110x140/p489888.png
145412,Andre Harriman-Annous,2007-12-28,England,https://resources.premierleague.com/premierleague/photos/players/110x140/p646243.png
10476,Andreas Pereira,,Brazil,https://resources.premierleague.com/premierleague/photos/players/110x140/p156689.png
92706,Andrew Moran,,Ireland,https://resources.premierleague.com/premierleague/photos/players/110x140/p513834.png
53085,Andrew Omobamidele,,Ireland,
133245,Andrey Santos,2004-05-03,Brazil,https://resources.premierleague.com/premierleague/photos/players/110x140/p532605.png
143214,André,2001-07-16,Brazil,https://resources.premierleague.com/premierleague/photos/players/110x140/p509291.png
133169,Andrés García,2003-02-07,Spain,https://resources.premierleague.com/premierleague/photos/players/110x140/p606798.png
136505,Andy Irving,,Scotland,https://resources.premierleague.com/premierleague/photos/players/110x140/p229384.png
10458,Andy Robertson,1994-03-11,Scotland,https://resources.premierleague.com/premierleague/photos/players/110x140/p122798.png
14830,Angel Gomes,2000-08-31,England,https://resources.premierleague.com/premierleague/photos/players/110x140/p209041.png
15269,Angus Gunn,1996-01-22,Scotland,https://resources.premierleague.com/premierleague/photos/players/110x140/p107265.png
49259,Anthony Elanga,2002-04-27,Sweden,https://resources.premierleague.com/premierleague/photos/players/110x140/p449434.png
23747,Anthony Gordon,2001-02-24,England,https://resources.premierleague.com/premierleague/photos/players/110x140/p232826.png
128139,Anthony Munda,,England,
25474,Antoine Semenyo,2000-01-07,Ghana,https://resources.premierleague.com/premierleague/photos/players/110x140/p437730.png
116888,Anton Stach,1998-11-15,Germany,https://resources.premierleague.com/premierleague/photos/players/110x140/p466525.png
14624,Antonee Robinson,1997-08-08,United States,https://resources.premierleague.com/premierleague/photos/players/110x140/p169528.png
115336,Antoni Milambo,2005-04-03,Netherlands,https://resources.premierleague.com/premierleague/photos/players/110x140/p543295.png
75381,Antony,,Brazil,https://resources.premierleague.com/premierleague/photos/players/110x140/p467169.png
123998,Antonín Kinsky,2003-03-13,Czech Republic,https://resources.premierleague.com/premierleague/photos/players/110x140/p485055.png
142627,Antoñito Cordero,,Spain,https://resources.premierleague.com/premierleague/photos/players/110x140/p640108.png
126426,Ao Tanaka,1998-09-10,Japan,https://resources.premierleague.com/premierleague/photos/players/110x140/p248056.png
117596,Archie Gray,2006-03-12,England,https://resources.premierleague.com/premierleague/photos/players/110x140/p547701.png
140291,Archie Harris,,Wales,
123128,Archie Whitehall,2006-05-21,England,https://resources.premierleague.com/premierleague/photos/players/110x140/p568159.png
31442,Armando Broja,2001-09-10,Albania,https://resources.premierleague.com/premierleague/photos/players/110x140/p440323.png
68219,Arnaud Kalimuendo,,France,https://resources.premierleague.com/premierleague/photos/players/110x140/p465680.png
11284,Arthur Masuaku,,DR Congo,https://resources.premierleague.com/premierleague/photos/players/110x140/p105717.png
125106,Asher Agbinone,2005-09-28,England,https://resources.premierleague.com/premierleague/photos/players/110x140/p579075.png
8246,Ashley Barnes,1989-10-30,England,https://resources.premierleague.com/premierleague/photos/players/110x140/p44699.png
2537,Asmir Begovic,,Bosnia & Herzegovina,
119874,Ato Ampah,,England,
54893,Axel Disasi,1998-03-11,France,https://resources.premierleague.com/premierleague/photos/players/110x140/p220362.png
13559,Axel Tuanzebe,1997-11-14,DR Congo,https://resources.premierleague.com/premierleague/photos/players/110x140/p180804.png
133114,Ayden Heaven,2006-09-22,England,https://resources.premierleague.com/premierleague/photos/players/110x140/p606745.png
132285,Bafodé Diakité,2001-01-06,France,https://resources.premierleague.com/premierleague/photos/players/110x140/p242882.png
75709,Bart Verbruggen,2002-08-18,Netherlands,https://resources.premierleague.com/premierleague/photos/players/110x140/p489639.png
51498,Bashir Humphreys,2003-03-15,England,https://resources.premierleague.com/premierleague/photos/players/110x140/p461188.png
145114,Bastien Meupiyou,,France,https://resources.premierleague.com/premierleague/photos/players/110x140/p560248.png
127888,Ben Broggio,,England,https://resources.premierleague.com/premierleague/photos/players/110x140/p577731.png
145550,Ben Casey,2008-02-04,England,https://resources.premierleague.com/premierleague/photos/players/110x140/p631106.png
13491,Ben Chilwell,,England,
4408,Ben Davies,1993-04-24,Wales,https://resources.premierleague.com/premierleague/photos/players/110x140/p115556.png
121972,Ben Gannon-Doak,2005-11-11,Scotland,https://resources.premierleague.com/premierleague/photos/players/110x140/p496208.png
115440,Ben Hammond,,Wales,
3909,Ben Mee,,England,
117518,Ben Middlemas,,England,
14548,Ben White,1997-10-08,England,https://resources.premierleague.com/premierleague/photos/players/110x140/p198869.png
23659,Ben Winterbottom,,England,
133123,Ben Winterburn,,England,https://resources.premierleague.com/premierleague/photos/players/110x140/p606775.png
130150,Bendito Mantato,2008-01-25,England,https://resources.premierleague.com/premierleague/photos/players/110x140/p576620.png
138109,Benjamin Arthur,,England,https://resources.premierleague.com/premierleague/photos/players/110x140/p622536.png
140365,Benjamin Fredrick,,Nigeria,https://resources.premierleague.com/premierleague/photos/players/110x140/p612534.png
117286,Benjamin Lecomte,1991-04-26,France,https://resources.premierleague.com/premierleague/photos/players/110x140/p86873.png
66036,Benjamin Sesko,2003-05-31,Slovenia,https://resources.premierleague.com/premierleague/photos/players/110x140/p485711.png
53612,Benoît Badiashile,2001-03-26,France,https://resources.premierleague.com/premierleague/photos/players/110x140/p242880.png
5067,Bernardo Silva,1994-08-10,Portugal,https://resources.premierleague.com/premierleague/photos/players/110x140/p165809.png
4985,Bernd Leno,1992-03-04,Germany,https://resources.premierleague.com/premierleague/photos/players/110x140/p80201.png
10394,Bertrand Traoré,1995-09-06,Burkina Faso,https://resources.premierleague.com/premierleague/photos/players/110x140/p110504.png
126789,Beto,1998-01-31,Guinea-Bissau,https://resources.premierleague.com/premierleague/photos/players/110x140/p486385.png
31642,Billy Crellin,,England,
66499,Blondy Nna Noukeu,,Cameroon,https://resources.premierleague.com/premierleague/photos/players/110x140/p490000.png
20118,Borna Sosa,1998-01-21,Croatia,https://resources.premierleague.com/premierleague/photos/players/110x140/p218364.png
25067,Boubacar Kamara,1999-11-23,France,https://resources.premierleague.com/premierleague/photos/players/110x140/p226944.png
144213,Bradley Burrowes,2008-03-04,England,https://resources.premierleague.com/premierleague/photos/players/110x140/p645618.png
127754,Bradley Moonan,,England,
147692,Braiden Graham,2007-11-07,Northern Ireland,https://resources.premierleague.com/premierleague/photos/players/110x140/p629068.png
134176,Brajan Gruda,,Germany,https://resources.premierleague.com/premierleague/photos/players/110x140/p513433.png
145902,Brando Bailey-Joseph,2008-10-02,England,
15114,Brandon Austin,1999-01-08,England,https://resources.premierleague.com/premierleague/photos/players/110x140/p214572.png
142629,Brandon Pouani,2007-12-10,England,
121695,Brayden Clarke,,Wales,https://resources.premierleague.com/premierleague/photos/players/110x140/p563324.png
63289,Brenden Aaronson,2000-10-22,United States,https://resources.premierleague.com/premierleague/photos/players/110x140/p427637.png
49374,Brennan Johnson,2001-05-23,Wales,https://resources.premierleague.com/premierleague/photos/players/110x140/p242898.png
67784,Brian Brobbey,2002-02-01,Netherlands,https://resources.premierleague.com/premierleague/photos/players/110x140/p441264.png
326851,Brian Madjo,2009-01-12,England,
23396,Bruno Fernandes,1994-09-08,Portugal,https://resources.premierleague.com/premierleague/photos/players/110x140/p141746.png
74761,Bruno Guimarães,1997-11-16,Brazil,https://resources.premierleague.com/premierleague/photos/players/110x140/p208706.png
55700,Bryan Gil,,Spain,https://resources.premierleague.com/premierleague/photos/players/110x140/p436234.png
66360,Bryan Mbeumo,1999-08-07,Cameroon,https://resources.premierleague.com/premierleague/photos/players/110x140/p446008.png
49481,Bukayo Saka,2001-09-05,England,https://resources.premierleague.com/premierleague/photos/players/110x140/p223340.png
51690,CJ Egan-Riley,,England,
127828,Caleb Kporha,2006-07-15,England,https://resources.premierleague.com/premierleague/photos/players/110x140/p590012.png
125733,Caleb Wiley,,United States,
144899,Callan McKenna,,Scotland,https://resources.premierleague.com/premierleague/photos/players/110x140/p568791.png
124329,Callum Bates,2005-09-28,England,https://resources.premierleague.com/premierleague/photos/players/110x140/p547801.png
107820,Callum Doyle,2003-10-03,England,
23702,Callum Hudson-Odoi,2000-11-07,England,https://resources.premierleague.com/premierleague/photos/players/110x140/p209046.png
122149,Callum Marshall,,Northern Ireland,https://resources.premierleague.com/premierleague/photos/players/110x140/p565431.png
127846,Callum Olusesi,2007-03-11,England,https://resources.premierleague.com/premierleague/photos/players/110x140/p499726.png
8454,Callum Wilson,1992-02-27,England,https://resources.premierleague.com/premierleague/photos/players/110x140/p75115.png
23793,Calvin Bassey,1999-12-31,Nigeria,https://resources.premierleague.com/premierleague/photos/players/110x140/p232892.png
125829,Calvin Ramsay,2003-07-31,Scotland,https://resources.premierleague.com/premierleague/photos/players/110x140/p489580.png
14723,Caoimhín Kelleher,1998-11-23,Ireland,https://resources.premierleague.com/premierleague/photos/players/110x140/p200720.png
129426,Carey Bloedorn,,England,
55556,Carl Rushworth,,England,https://resources.premierleague.com/premierleague/photos/players/110x140/p472739.png
124396,Carlos Baleba,2004-01-03,Cameroon,https://resources.premierleague.com/premierleague/photos/players/110x140/p535301.png
74608,Carlos Forbs,,Portugal,
147272,Carlos Miguel,,Brazil,https://resources.premierleague.com/premierleague/photos/players/110x140/p475123.png
50501,Carlos Vinícius,,Brazil,
64140,Carney Chukwuemeka,,Austria,
127864,Carter Pinnington,2007-02-21,England,
5793,Casemiro,1992-02-23,Brazil,https://resources.premierleague.com/premierleague/photos/players/110x140/p61256.png
123143,Cathal Heffernan,,Ireland,
147647,Ceadach O’Neill,2008-04-10,Northern Ireland,
110549,Chadi Riad,2003-06-17,Morocco,https://resources.premierleague.com/premierleague/photos/players/110x140/p515621.png
145043,Charalampos Kostoulas,2007-05-30,Greece,https://resources.premierleague.com/premierleague/photos/players/110x140/p647850.png
108926,Charles Sagoe,,England,
125051,Charlie Crew,2006-06-15,Wales,https://resources.premierleague.com/premierleague/photos/players/110x140/p536119.png
127537,Charlie Gray,2006-02-22,England,https://resources.premierleague.com/premierleague/photos/players/110x140/p516234.png
150267,Charlie Holland,2009-07-03,England,
156335,Charlie Stevens,2007-05-31,Wales,https://resources.premierleague.com/premierleague/photos/players/110x140/p658013.png
117644,Charlie Tasker,2006-02-24,England,https://resources.premierleague.com/premierleague/photos/players/110x140/p547720.png
141210,Charlie Veevers,,England,
133612,Charly Alcaraz,2002-11-30,Argentina,https://resources.premierleague.com/premierleague/photos/players/110x140/p502697.png
126670,Cheick Doucouré,2000-01-08,Mali,https://resources.premierleague.com/premierleague/photos/players/110x140/p438464.png
118633,Chemsdine Talbi,2005-05-09,Morocco,https://resources.premierleague.com/premierleague/photos/players/110x140/p549912.png
129833,Chido Obi,2007-11-29,Denmark,https://resources.premierleague.com/premierleague/photos/players/110x140/p596047.png
122388,Chiquinho,,Portugal,
14063,Chris Mepham,,Wales,https://resources.premierleague.com/premierleague/photos/players/110x140/p223911.png
50842,Chris Richards,2000-03-28,United States,https://resources.premierleague.com/premierleague/photos/players/110x140/p427623.png
119614,Chris Rigg,2007-06-18,England,https://resources.premierleague.com/premierleague/photos/players/110x140/p554197.png
3756,Chris Wood,1991-12-07,New Zealand,https://resources.premierleague.com/premierleague/photos/players/110x140/p60689.png
146391,Christantus Uche,2003-05-19,Nigeria,https://resources.premierleague.com/premierleague/photos/players/110x140/p660392.png
4845,Christian Eriksen,,Denmark,
42331,Christian Nørgaard,1994-03-10,Denmark,https://resources.premierleague.com/premierleague/photos/players/110x140/p128295.png
16784,Christopher Nkunku,,France,https://resources.premierleague.com/premierleague/photos/players/110x140/p213198.png
139657,Christos Mandas,2001-09-17,Greece,https://resources.premierleague.com/premierleague/photos/players/110x140/p436416.png
135722,Claudio Echeverri,,Argentina,https://resources.premierleague.com/premierleague/photos/players/110x140/p575204.png
114649,Coby Ebere,,Germany,https://resources.premierleague.com/premierleague/photos/players/110x140/p504296.png
32894,Cody Gakpo,1999-05-07,Netherlands,https://resources.premierleague.com/premierleague/photos/players/110x140/p243298.png
49293,Cole Palmer,2002-05-06,England,https://resources.premierleague.com/premierleague/photos/players/110x140/p244851.png
13917,Connor Roberts,1995-09-23,Wales,https://resources.premierleague.com/premierleague/photos/players/110x140/p192290.png
68582,Conor Bradley,2003-07-09,Northern Ireland,https://resources.premierleague.com/premierleague/photos/players/110x140/p492777.png
21887,Conor Gallagher,2000-02-06,England,https://resources.premierleague.com/premierleague/photos/players/110x140/p232787.png
134463,Conor McManus,2004-06-16,Ireland,https://resources.premierleague.com/premierleague/photos/players/110x140/p587433.png
4198,Craig Dawson,,England,
119476,Cristhian Mosquera,2004-06-27,Spain,https://resources.premierleague.com/premierleague/photos/players/110x140/p500040.png
66635,Cristian Romero,1998-04-27,Argentina,https://resources.premierleague.com/premierleague/photos/players/110x140/p221632.png
65961,Crysencio Summerville,2001-10-30,Netherlands,https://resources.premierleague.com/premierleague/photos/players/110x140/p450070.png
305707,Cuiabano,,Brazil,https://resources.premierleague.com/premierleague/photos/players/110x140/p560441.png
23815,Curtis Jones,2001-01-30,England,https://resources.premierleague.com/premierleague/photos/players/110x140/p206915.png
49759,Daichi Kamada,1996-08-05,Japan,https://resources.premierleague.com/premierleague/photos/players/110x140/p209400.png
124320,Damola Ajayi,,England,
19864,Dan Ballard,1999-09-22,Northern Ireland,https://resources.premierleague.com/premierleague/photos/players/110x140/p223827.png
9651,Dan Bentley,1993-07-13,England,https://resources.premierleague.com/premierleague/photos/players/110x140/p79602.png
8707,Dan Burn,1992-05-09,England,https://resources.premierleague.com/premierleague/photos/players/110x140/p78916.png
50623,Dan Ndoye,2000-10-25,Switzerland,https://resources.premierleague.com/premierleague/photos/players/110x140/p456512.png
35731,Dan Neil,2001-12-13,England,https://resources.premierleague.com/premierleague/photos/players/110x140/p223336.png
66570,Dane Scarlett,,England,https://resources.premierleague.com/premierleague/photos/players/110x140/p490145.png
133890,Dango Ouattara,2002-02-11,Burkina Faso,https://resources.premierleague.com/premierleague/photos/players/110x140/p533463.png
128023,Daniel Adu-Adjei,,England,https://resources.premierleague.com/premierleague/photos/players/110x140/p590760.png
134828,Daniel Armer,,Scotland,
140459,Daniel Cummings,2006-04-14,Scotland,
112653,Daniel Gore,,England,
13797,Daniel James,1997-11-10,Wales,https://resources.premierleague.com/premierleague/photos/players/110x140/p200617.png
111987,Daniel Jebbison,,Canada,
76353,Daniel Muñoz,1996-05-26,Colombia,https://resources.premierleague.com/premierleague/photos/players/110x140/p247348.png
112510,Danilo,,Brazil,
112590,Danny Imray,,England,https://resources.premierleague.com/premierleague/photos/players/110x140/p502988.png
8245,Danny Ings,,England,
3452,Danny Welbeck,1990-11-26,England,https://resources.premierleague.com/premierleague/photos/players/110x140/p50175.png
73894,Dante Cassanova,,Jamaica,
108314,Darko Churlinov,,North Macedonia,https://resources.premierleague.com/premierleague/photos/players/110x140/p250735.png
64461,Darko Gyabi,,England,https://resources.premierleague.com/premierleague/photos/players/110x140/p470294.png
70287,Darwin Núñez,,Uruguay,https://resources.premierleague.com/premierleague/photos/players/110x140/p447203.png
13706,David Brooks,1997-07-08,Wales,https://resources.premierleague.com/premierleague/photos/players/110x140/p111317.png
67450,David Carmo,,Angola,https://resources.premierleague.com/premierleague/photos/players/110x140/p451432.png
112581,David Datro Fofana,,Cote D’Ivoire,
136815,David Møller Wolfe,2002-04-23,Norway,https://resources.premierleague.com/premierleague/photos/players/110x140/p497949.png
112701,David Ozoh,,England,https://resources.premierleague.com/premierleague/photos/players/110x140/p531989.png
7975,David Raya,1995-09-15,Spain,https://resources.premierleague.com/premierleague/photos/players/110x140/p154561.png
147678,Dean Benamar,2008-05-31,England,https://resources.premierleague.com/premierleague/photos/players/110x140/p643426.png
13988,Dean Henderson,1997-03-12,England,https://resources.premierleague.com/premierleague/photos/players/110x140/p172649.png
123585,Dean Huijsen,,Spain,
15202,Declan Rice,1999-01-14,England,https://resources.premierleague.com/premierleague/photos/players/110x140/p204480.png
49316,Dejan Kulusevski,2000-04-25,Sweden,https://resources.premierleague.com/premierleague/photos/players/110x140/p445044.png
51609,Dennis Cirkin,2002-04-06,Latvia,https://resources.premierleague.com/premierleague/photos/players/110x140/p461195.png
126824,Destiny Udogie,2002-11-28,Italy,https://resources.premierleague.com/premierleague/photos/players/110x140/p487053.png
303860,Diego Coppola,,Italy,https://resources.premierleague.com/premierleague/photos/players/110x140/p550090.png
143240,Diego Gómez,2003-03-27,Paraguay,https://resources.premierleague.com/premierleague/photos/players/110x140/p514254.png
304191,Diego León,2007-04-03,Paraguay,https://resources.premierleague.com/premierleague/photos/players/110x140/p661712.png
138137,Dilane Bakwa,2002-08-26,France,https://resources.premierleague.com/premierleague/photos/players/110x140/p476887.png
24252,Diogo Dalot,1999-03-18,Portugal,https://resources.premierleague.com/premierleague/photos/players/110x140/p216051.png
19758,Diogo Jota,,Portugal,
70143,Divin Mubama,,England,
127852,Divine Mukasa,,England,https://resources.premierleague.com/premierleague/photos/players/110x140/p590039.png
23764,Djed Spence,2000-08-09,England,https://resources.premierleague.com/premierleague/photos/players/110x140/p232859.png
327129,Djiamgone Jocelin Ta Bi,2005-02-09,Cote D’Ivoire,https://resources.premierleague.com/premierleague/photos/players/110x140/p699989.png
134403,Djordje Petrovic,1999-10-08,Serbia,https://resources.premierleague.com/premierleague/photos/players/110x140/p457569.png
9576,Dominic Calvert-Lewin,1997-03-16,England,https://resources.premierleague.com/premierleague/photos/players/110x140/p177815.png
118436,Dominic Sadi,,England,https://resources.premierleague.com/premierleague/photos/players/110x140/p550596.png
10443,Dominic Solanke,1997-09-14,England,https://resources.premierleague.com/premierleague/photos/players/110x140/p154566.png
33231,Dominik Szoboszlai,2000-10-25,Hungary,https://resources.premierleague.com/premierleague/photos/players/110x140/p424876.png
14456,Donyell Malen,1999-01-19,Netherlands,https://resources.premierleague.com/premierleague/photos/players/110x140/p204646.png
24626,Douglas Luiz,1998-05-09,Brazil,https://resources.premierleague.com/premierleague/photos/players/110x140/p230046.png
24797,Dwight McNeil,1999-11-22,England,https://resources.premierleague.com/premierleague/photos/players/110x140/p433154.png
122429,Dylan Charlton,,England,
115151,Dário Essugo,2005-03-14,Portugal,https://resources.premierleague.com/premierleague/photos/players/110x140/p491007.png
21584,Eberechi Eze,1998-06-29,England,https://resources.premierleague.com/premierleague/photos/players/110x140/p232413.png
113713,Eddie Beach,,Wales,
14451,Eddie Nketiah,1999-05-30,England,https://resources.premierleague.com/premierleague/photos/players/110x140/p205533.png
12707,Ederson,,Brazil,https://resources.premierleague.com/premierleague/photos/players/110x140/p121160.png
40211,Edson Álvarez,1997-10-24,Mexico,https://resources.premierleague.com/premierleague/photos/players/110x140/p213999.png
26681,Eiran Cashin,,Ireland,https://resources.premierleague.com/premierleague/photos/players/110x140/p439135.png
145347,El Hadji Malick Diouf,2004-12-29,Senegal,https://resources.premierleague.com/premierleague/photos/players/110x140/p613804.png
126920,Eliezer Mayenda,2005-05-08,Spain,https://resources.premierleague.com/premierleague/photos/players/110x140/p564406.png
21317,Ellery Balcombe,1999-10-15,England,https://resources.premierleague.com/premierleague/photos/players/110x140/p235448.png
51593,Elliot Anderson,2002-11-06,England,https://resources.premierleague.com/premierleague/photos/players/110x140/p215379.png
305212,Ellis Clark,2007-06-26,Scotland,
310972,Ellis Clark,2007-06-26,Scotland,
134960,Ellis Lehane,,Grenada,
16803,Emerson,,Italy,https://resources.premierleague.com/premierleague/photos/players/110x140/p109533.png
66494,Emil Krafth,1994-08-02,Sweden,https://resources.premierleague.com/premierleague/photos/players/110x140/p111773.png
14445,Emile Smith Rowe,2000-07-28,England,https://resources.premierleague.com/premierleague/photos/players/110x140/p209289.png
26408,Emiliano Buendía,1996-12-25,Argentina,https://resources.premierleague.com/premierleague/photos/players/110x140/p195546.png
4245,Emiliano Martínez,1992-09-02,Argentina,https://resources.premierleague.com/premierleague/photos/players/110x140/p98980.png
110203,Emmanuel Agbadou,,Cote D’Ivoire,https://resources.premierleague.com/premierleague/photos/players/110x140/p516939.png
16582,Enes Ünal,1997-05-10,Turkiye,https://resources.premierleague.com/premierleague/photos/players/110x140/p168636.png
134487,Enock Agyei,2005-01-13,Belgium,https://resources.premierleague.com/premierleague/photos/players/110x140/p578614.png
139644,Enso González,2005-01-20,Paraguay,https://resources.premierleague.com/premierleague/photos/players/110x140/p593001.png
71986,Enzo Barrenechea,,Argentina,https://resources.premierleague.com/premierleague/photos/players/110x140/p491287.png
63741,Enzo Fernández,2001-01-17,Argentina,https://resources.premierleague.com/premierleague/photos/players/110x140/p448047.png
304211,Enzo Kana Biyik,,France,
138104,Enzo Le Fée,2000-02-03,France,https://resources.premierleague.com/premierleague/photos/players/110x140/p484420.png
146394,Eric da Silva Moreira,2006-05-03,Germany,https://resources.premierleague.com/premierleague/photos/players/110x140/p569014.png
65970,Erling Haaland,2000-07-21,Norway,https://resources.premierleague.com/premierleague/photos/players/110x140/p223094.png
304474,Estêvão,2007-04-24,Brazil,https://resources.premierleague.com/premierleague/photos/players/110x140/p624773.png
19731,Ethan Ampadu,2000-09-14,Wales,https://resources.premierleague.com/premierleague/photos/players/110x140/p199598.png
107895,Ethan Ennis,,England,
114885,Ethan Laidlaw,,Scotland,
114566,Ethan Nwaneri,,England,https://resources.premierleague.com/premierleague/photos/players/110x140/p499175.png
22043,Ethan Pinnock,1993-05-29,Jamaica,https://resources.premierleague.com/premierleague/photos/players/110x140/p231065.png
148984,Ethan Sutherland,2006-04-25,Scotland,https://resources.premierleague.com/premierleague/photos/players/110x140/p589121.png
124366,Ethan Wheatley,,England,https://resources.premierleague.com/premierleague/photos/players/110x140/p575034.png
66277,Etienne Green,,England,https://resources.premierleague.com/premierleague/photos/players/110x140/p489571.png
71590,Evan Ferguson,,Ireland,https://resources.premierleague.com/premierleague/photos/players/110x140/p487117.png
33032,Evanilson,1999-10-06,Brazil,https://resources.premierleague.com/premierleague/photos/players/110x140/p444102.png
72265,Evann Guessand,2001-07-01,Cote D’Ivoire,https://resources.premierleague.com/premierleague/photos/players/110x140/p485337.png
131312,Ezra Mayers,2007-01-16,England,https://resources.premierleague.com/premierleague/photos/players/110x140/p602903.png
13274,Ezri Konsa,1997-10-23,England,https://resources.premierleague.com/premierleague/photos/players/110x140/p199798.png
5220,Fabian Schär,1991-12-20,Switzerland,https://resources.premierleague.com/premierleague/photos/players/110x140/p119471.png
133430,Facundo Buonanotte,2004-12-23,Argentina,https://resources.premierleague.com/premierleague/photos/players/110x140/p536916.png
15802,Federico Chiesa,1997-10-25,Italy,https://resources.premierleague.com/premierleague/photos/players/110x140/p223541.png
303861,Fer López,,Spain,https://resources.premierleague.com/premierleague/photos/players/110x140/p643135.png
50727,Ferdi Kadioglu,1999-10-07,Turkiye,https://resources.premierleague.com/premierleague/photos/players/110x140/p231416.png
75989,Filip Jörgensen,2002-04-16,Denmark,https://resources.premierleague.com/premierleague/photos/players/110x140/p508479.png
51692,Filip Marschall,,England,https://resources.premierleague.com/premierleague/photos/players/110x140/p462381.png
119531,Finlay Herrick,2006-01-18,England,https://resources.premierleague.com/premierleague/photos/players/110x140/p553742.png
143458,Finn Geragusyan,2007-10-28,Armenia,
63851,Florentino,1999-08-19,Portugal,https://resources.premierleague.com/premierleague/photos/players/110x140/p216055.png
75382,Florian Wirtz,2003-05-03,Germany,https://resources.premierleague.com/premierleague/photos/players/110x140/p494595.png
148119,Floyd Samba,2009-01-15,England,
134955,Franco Umeh-Chibueze,,Ireland,https://resources.premierleague.com/premierleague/photos/players/110x140/p574398.png
108612,Frank Onyeka,,Nigeria,https://resources.premierleague.com/premierleague/photos/players/110x140/p428580.png
3170,Fraser Forster,1988-03-17,England,https://resources.premierleague.com/premierleague/photos/players/110x140/p40383.png
66560,Freddie Potts,2003-09-12,England,https://resources.premierleague.com/premierleague/photos/players/110x140/p490142.png
135431,Freddie Simmonds,,England,https://resources.premierleague.com/premierleague/photos/players/110x140/p604988.png
10479,Freddie Woodman,1997-03-04,England,https://resources.premierleague.com/premierleague/photos/players/110x140/p155503.png
32289,Fábio Carvalho,2002-08-30,Portugal,https://resources.premierleague.com/premierleague/photos/players/110x140/p244858.png
66670,Fábio Silva,,Portugal,https://resources.premierleague.com/premierleague/photos/players/110x140/p449988.png
67631,Fábio Vieira,,Portugal,https://resources.premierleague.com/premierleague/photos/players/110x140/p438098.png
75543,Gabriel Gudmundsson,1999-04-29,Sweden,https://resources.premierleague.com/premierleague/photos/players/110x140/p243526.png
19680,Gabriel Jesus,1997-04-03,Brazil,https://resources.premierleague.com/premierleague/photos/players/110x140/p205651.png
50234,Gabriel Magalhães,1997-12-19,Brazil,https://resources.premierleague.com/premierleague/photos/players/110x140/p226597.png
66104,Gabriel Martinelli,2001-06-18,Brazil,https://resources.premierleague.com/premierleague/photos/players/110x140/p444145.png
64328,Gaga Slonina,2004-05-15,United States,https://resources.premierleague.com/premierleague/photos/players/110x140/p471798.png
125185,Garang Kuol,,Australia,https://resources.premierleague.com/premierleague/photos/players/110x140/p564510.png
130671,Genesis Antwi,,Sweden,
304995,George Brierley,2007-11-20,England,https://resources.premierleague.com/premierleague/photos/players/110x140/p704232.png
110117,George Earthy,,England,https://resources.premierleague.com/premierleague/photos/players/110x140/p490885.png
124907,George Hemmings,2007-03-04,England,https://resources.premierleague.com/premierleague/photos/players/110x140/p577285.png
134819,George King,2007-03-20,England,https://resources.premierleague.com/premierleague/photos/players/110x140/p591384.png
51830,Georginio Rutter,2002-04-20,France,https://resources.premierleague.com/premierleague/photos/players/110x140/p463067.png
22857,Gianluigi Donnarumma,1999-02-25,Italy,https://resources.premierleague.com/premierleague/photos/players/110x140/p204936.png
116496,Giorgi Mamardashvili,,Georgia,https://resources.premierleague.com/premierleague/photos/players/110x140/p449027.png
149016,Giovanni Leoni,2006-12-21,Italy,https://resources.premierleague.com/premierleague/photos/players/110x140/p647681.png
140380,Godwill Kukonki,2008-02-06,England,https://resources.premierleague.com/premierleague/photos/players/110x140/p576637.png
11130,Gonçalo Guedes,,Portugal,https://resources.premierleague.com/premierleague/photos/players/110x140/p181284.png
12136,Granit Xhaka,1992-09-27,Switzerland,https://resources.premierleague.com/premierleague/photos/players/110x140/p84450.png
71923,Guglielmo Vicario,1996-10-07,Italy,https://resources.premierleague.com/premierleague/photos/players/110x140/p184254.png
40159,Guido Rodríguez,,Argentina,https://resources.premierleague.com/premierleague/photos/players/110x140/p197024.png
148162,Gustavo Nunes,,Brazil,https://resources.premierleague.com/premierleague/photos/players/110x140/p626464.png
117615,Habeeb Ogunneye,,England,
126110,Habib Diarra,2004-01-03,Senegal,https://resources.premierleague.com/premierleague/photos/players/110x140/p547027.png
63553,Hamed Traoré,2000-02-16,Cote D’Ivoire,https://resources.premierleague.com/premierleague/photos/players/110x140/p424044.png
53671,Han-Noah Massengo,,France,
21785,Hannes Delcroix,,Haiti,https://resources.premierleague.com/premierleague/photos/players/110x140/p247245.png
68593,Hannibal Mejbri,2003-01-21,Tunisia,https://resources.premierleague.com/premierleague/photos/players/110x140/p465527.png
144918,Harold William,,England,
134286,Harrison Armstrong,2007-01-19,England,https://resources.premierleague.com/premierleague/photos/players/110x140/p609873.png
31883,Harrison Ashby,,Scotland,https://resources.premierleague.com/premierleague/photos/players/110x140/p441024.png
127725,Harrison Dudziak,2006-01-09,England,
117521,Harrison Jones,2004-12-25,England,https://resources.premierleague.com/premierleague/photos/players/110x140/p547410.png
119427,Harrison Murray-Campbell,,England,
4818,Harrison Reed,1995-01-27,England,https://resources.premierleague.com/premierleague/photos/players/110x140/p153366.png
133503,Harry Amass,,England,https://resources.premierleague.com/premierleague/photos/players/110x140/p577974.png
134789,Harry Gray,,England,https://resources.premierleague.com/premierleague/photos/players/110x140/p600882.png
129952,Harry Howell,2008-04-20,England,https://resources.premierleague.com/premierleague/photos/players/110x140/p597320.png
9566,Harry Maguire,1993-03-05,England,https://resources.premierleague.com/premierleague/photos/players/110x140/p95658.png
10933,Harry Toffolo,,England,
43940,Harry Tyrer,,England,https://resources.premierleague.com/premierleague/photos/players/110x140/p447325.png
13961,Harry Wilson,1997-03-22,Wales,https://resources.premierleague.com/premierleague/photos/players/110x140/p153682.png
14716,Harvey Barnes,1997-12-09,England,https://resources.premierleague.com/premierleague/photos/players/110x140/p201666.png
68581,Harvey Davies,2003-09-03,England,
33185,Harvey Elliott,2003-04-04,England,https://resources.premierleague.com/premierleague/photos/players/110x140/p444884.png
127827,Hindolo Mustapha,,Sierra Leone,
128456,Hjalmar Ekdal,1998-10-21,Sweden,https://resources.premierleague.com/premierleague/photos/players/110x140/p478969.png
26974,Hubert Graczyk,,Poland,
66692,Hugo Bueno,2002-09-18,Spain,https://resources.premierleague.com/premierleague/photos/players/110x140/p490721.png
81542,Hugo Ekitiké,2002-06-20,France,https://resources.premierleague.com/premierleague/photos/players/110x140/p510663.png
20337,Hwang Hee-Chan,1996-01-26,South Korea,https://resources.premierleague.com/premierleague/photos/players/110x140/p184754.png
144788,Hákon Valdimarsson,2001-10-13,Iceland,https://resources.premierleague.com/premierleague/photos/players/110x140/p507433.png
51223,Ian Maatsen,2002-03-10,Netherlands,https://resources.premierleague.com/premierleague/photos/players/110x140/p441302.png
19929,Ian Poveda,,Colombia,https://resources.premierleague.com/premierleague/photos/players/110x140/p215460.png
136398,Ibrahim Osman,,Ghana,
108816,Ibrahim Sangaré,1997-12-02,Cote D’Ivoire,https://resources.premierleague.com/premierleague/photos/players/110x140/p210462.png
23593,Ibrahima Konaté,1999-05-25,France,https://resources.premierleague.com/premierleague/photos/players/110x140/p204716.png
12582,Idrissa Gueye,1989-09-26,Senegal,https://resources.premierleague.com/premierleague/photos/players/110x140/p80801.png
145413,Ife Ibrahim,2008-01-20,England,
304123,Igor Jesus,2001-02-25,Brazil,https://resources.premierleague.com/premierleague/photos/players/110x140/p482973.png
21912,Igor Julio,1998-02-07,Brazil,https://resources.premierleague.com/premierleague/photos/players/110x140/p223434.png
124052,Igor Thiago,2001-06-26,Brazil,https://resources.premierleague.com/premierleague/photos/players/110x140/p502500.png
115255,Ilia Gruev,2000-05-06,Bulgaria,https://resources.premierleague.com/premierleague/photos/players/110x140/p486520.png
31936,Iliman Ndiaye,2000-03-06,Senegal,https://resources.premierleague.com/premierleague/photos/players/110x140/p440993.png
5101,Ilkay Gündogan,,Germany,https://resources.premierleague.com/premierleague/photos/players/110x140/p59859.png
66378,Illan Meslier,2000-03-02,France,https://resources.premierleague.com/premierleague/photos/players/110x140/p437495.png
67546,Illia Zabarnyi,,Ukraine,https://resources.premierleague.com/premierleague/photos/players/110x140/p477580.png
138518,Inès Belloumou,2001-06-21,Algeria,
4713,Isaac Hayden,,Jamaica,https://resources.premierleague.com/premierleague/photos/players/110x140/p153127.png
111965,Isaac Heath,,England,https://resources.premierleague.com/premierleague/photos/players/110x140/p496279.png
128892,Isaac Holland,,England,
72455,Isaac Mabaya,,Zimbabwe,
148281,Isaac Schmidt,,Switzerland,https://resources.premierleague.com/premierleague/photos/players/110x140/p492368.png
117600,Ishé Samuels-Smith,,England,
49796,Ismaïla Sarr,1998-02-25,Senegal,https://resources.premierleague.com/premierleague/photos/players/110x140/p232185.png
127728,Ismeal Kabia,,Netherlands,https://resources.premierleague.com/premierleague/photos/players/110x140/p588796.png
49884,Issa Diop,1997-01-09,Morocco,https://resources.premierleague.com/premierleague/photos/players/110x140/p219924.png
110234,Issa Kaboré,,Burkina Faso,
132068,Iwan Morgan,,Wales,https://resources.premierleague.com/premierleague/photos/players/110x140/p533710.png
128366,Jack Fletcher,2007-03-19,England,https://resources.premierleague.com/premierleague/photos/players/110x140/p547037.png
4260,Jack Grealish,1995-09-10,England,https://resources.premierleague.com/premierleague/photos/players/110x140/p114283.png
98301,Jack Henry-Francis,,Ireland,
112739,Jack Hinshelwood,2005-04-11,England,https://resources.premierleague.com/premierleague/photos/players/110x140/p532529.png
120175,Jack Moorhouse,2005-11-29,Ireland,https://resources.premierleague.com/premierleague/photos/players/110x140/p559684.png
135769,Jack Porter,2008-07-15,England,
124383,Jack Whittaker,2006-10-14,England,https://resources.premierleague.com/premierleague/photos/players/110x140/p570929.png
117487,Jackson Izquierdo,2004-10-15,England,
111988,Jackson Tchatchoua,2001-09-14,Cameroon,https://resources.premierleague.com/premierleague/photos/players/110x140/p523705.png
19831,Jacob Bruun Larsen,1998-09-19,Denmark,https://resources.premierleague.com/premierleague/photos/players/110x140/p179458.png
9662,Jacob Murphy,1995-02-24,England,https://resources.premierleague.com/premierleague/photos/players/110x140/p114243.png
19888,Jacob Ramsey,2001-05-28,England,https://resources.premierleague.com/premierleague/photos/players/110x140/p232653.png
127736,Jacob Slater,,Ireland,https://resources.premierleague.com/premierleague/photos/players/110x140/p589100.png
135902,Jaden Dixon,2007-05-07,England,
120676,Jaden Heskey,,England,
14801,Jadon Sancho,2000-03-25,England,https://resources.premierleague.com/premierleague/photos/players/110x140/p209243.png
119611,Jahmai Simpson-Pusey,,England,
50460,Jaidon Anthony,1999-12-01,England,https://resources.premierleague.com/premierleague/photos/players/110x140/p444180.png
304238,Jair Cunha,2005-03-07,Brazil,https://resources.premierleague.com/premierleague/photos/players/110x140/p575458.png
50151,Jaka Bijol,1999-02-05,Slovenia,https://resources.premierleague.com/premierleague/photos/players/110x140/p434752.png
112589,Jake O'Brien,2001-05-15,Ireland,https://resources.premierleague.com/premierleague/photos/players/110x140/p512462.png
109478,Jakub Kiwior,,Poland,https://resources.premierleague.com/premierleague/photos/players/110x140/p440854.png
9257,Jamaal Lascelles,,England,https://resources.premierleague.com/premierleague/photos/players/110x140/p101148.png
124181,Jamaldeen Jimoh-Aloba,,England,https://resources.premierleague.com/premierleague/photos/players/110x140/p559962.png
117515,James Debayo,,England,
23841,James Garner,2001-03-13,England,https://resources.premierleague.com/premierleague/photos/players/110x140/p232928.png
51942,James Hill,2002-01-10,England,https://resources.premierleague.com/premierleague/photos/players/110x140/p463981.png
13515,James Justin,1998-02-23,England,https://resources.premierleague.com/premierleague/photos/players/110x140/p220627.png
8456,James Maddison,1996-11-23,England,https://resources.premierleague.com/premierleague/photos/players/110x140/p172780.png
49270,James McAtee,2002-10-18,England,https://resources.premierleague.com/premierleague/photos/players/110x140/p432714.png
109138,James McConnell,2004-09-13,England,https://resources.premierleague.com/premierleague/photos/players/110x140/p491501.png
2100,James Milner,1986-01-04,England,https://resources.premierleague.com/premierleague/photos/players/110x140/p15157.png
124319,James Rowswell,2006-07-13,England,https://resources.premierleague.com/premierleague/photos/players/110x140/p499716.png
128980,James Scanlon,,Gibraltar,
8143,James Tarkowski,1992-11-19,England,https://resources.premierleague.com/premierleague/photos/players/110x140/p17761.png
32280,James Trafford,2002-10-10,England,https://resources.premierleague.com/premierleague/photos/players/110x140/p432720.png
4617,James Ward-Prowse,1994-11-01,England,https://resources.premierleague.com/premierleague/photos/players/110x140/p101178.png
135941,James Wilson,2007-03-06,Scotland,https://resources.premierleague.com/premierleague/photos/players/110x140/p613232.png
69397,James Wright,2004-12-02,England,https://resources.premierleague.com/premierleague/photos/players/110x140/p481283.png
92626,Jamie Donley,,Northern Ireland,
68583,Jamie Gittens,2004-08-08,England,https://resources.premierleague.com/premierleague/photos/players/110x140/p463936.png
76090,Jan Paul van Hecke,2000-06-08,Netherlands,https://resources.premierleague.com/premierleague/photos/players/110x140/p469142.png
51557,Jarell Quansah,,England,
66318,Jarrad Branthwaite,2002-06-27,England,https://resources.premierleague.com/premierleague/photos/players/110x140/p480455.png
8868,Jarrod Bowen,1996-12-20,England,https://resources.premierleague.com/premierleague/photos/players/110x140/p178186.png
3457,Jason Steele,1990-08-18,England,https://resources.premierleague.com/premierleague/photos/players/110x140/p49262.png
69750,Jay Matete,,England,https://resources.premierleague.com/premierleague/photos/players/110x140/p493837.png
120048,Jayce Fitzgerald,,England,https://resources.premierleague.com/premierleague/photos/players/110x140/p556639.png
132716,Jaydan Kamason,,England,
147312,Jaydee Canvot,2006-07-29,France,https://resources.premierleague.com/premierleague/photos/players/110x140/p651426.png
14608,Jayden Bogle,2000-07-27,England,https://resources.premierleague.com/premierleague/photos/players/110x140/p226182.png
119292,Jayden Danns,2006-01-16,England,https://resources.premierleague.com/premierleague/photos/players/110x140/p500058.png
147695,Jayden Lienou,2008-04-08,Wales,https://resources.premierleague.com/premierleague/photos/players/110x140/p643970.png
122142,Jayden Meghoma,,England,https://resources.premierleague.com/premierleague/photos/players/110x140/p499717.png
119059,Jaydon Banel,,Netherlands,https://resources.premierleague.com/premierleague/photos/players/110x140/p551206.png
145417,Jaydon Jones,2006-11-03,England,https://resources.premierleague.com/premierleague/photos/players/110x140/p571087.png
63656,Jean-Clair Todibo,1999-12-30,France,https://resources.premierleague.com/premierleague/photos/players/110x140/p462116.png
20874,Jean-Philippe Mateta,1997-06-28,France,https://resources.premierleague.com/premierleague/photos/players/110x140/p231747.png
126108,Jean-Ricner Bellegarde,1998-06-27,Haiti,https://resources.premierleague.com/premierleague/photos/players/110x140/p231057.png
37776,Jefferson Lerma,1994-10-25,Colombia,https://resources.premierleague.com/premierleague/photos/players/110x140/p152551.png
8980,Jeffrey Schlupp,,Ghana,
20077,Jenson Jones,2006-06-26,England,https://resources.premierleague.com/premierleague/photos/players/110x140/p232356.png
110430,Jenson Seelt,,Netherlands,https://resources.premierleague.com/premierleague/photos/players/110x140/p519634.png
19919,Jeremie Frimpong,2000-12-10,Netherlands,https://resources.premierleague.com/premierleague/photos/players/110x140/p216094.png
68857,Jeremy Sarmiento,,Ecuador,https://resources.premierleague.com/premierleague/photos/players/110x140/p441192.png
302807,Jerome Abbey,2009-09-16,England,https://resources.premierleague.com/premierleague/photos/players/110x140/p685628.png
118112,Jesper Lindstrøm,,Denmark,
135830,Jesse Derry,2007-06-30,England,https://resources.premierleague.com/premierleague/photos/players/110x140/p619734.png
143218,Jhon Arias,,Colombia,https://resources.premierleague.com/premierleague/photos/players/110x140/p230376.png
140381,Jim Thwaites,2007-12-20,England,https://resources.premierleague.com/premierleague/photos/players/110x140/p576634.png
114565,Jimi Gower,,England,
127854,Jimmy Sinclair,2006-08-11,England,https://resources.premierleague.com/premierleague/photos/players/110x140/p590040.png
26151,Joachim Andersen,1996-05-31,Denmark,https://resources.premierleague.com/premierleague/photos/players/110x140/p174874.png
115419,Jobe Bellingham,,England,
114056,Joe Bauress,,England,
51901,Joe Gauci,,Australia,https://resources.premierleague.com/premierleague/photos/players/110x140/p462492.png
51754,Joe Gelhardt,,England,https://resources.premierleague.com/premierleague/photos/players/110x140/p462635.png
10651,Joe Gomez,1997-05-23,England,https://resources.premierleague.com/premierleague/photos/players/110x140/p171287.png
49269,Joe Hodge,,Ireland,https://resources.premierleague.com/premierleague/photos/players/110x140/p240299.png
122944,Joe Knight,,England,https://resources.premierleague.com/premierleague/photos/players/110x140/p567121.png
13796,Joe Rodon,1997-10-22,Wales,https://resources.premierleague.com/premierleague/photos/players/110x140/p214225.png
10580,Joe Rothwell,,England,
98281,Joe Snowdon,,England,
107822,Joe Whitworth,,England,
14446,Joe Willock,1999-08-20,England,https://resources.premierleague.com/premierleague/photos/players/110x140/p200089.png
13622,Joe Worrall,1997-01-10,England,https://resources.premierleague.com/premierleague/photos/players/110x140/p208912.png
117452,Joel Ndala,,England,
3929,Joel Ward,,England,
20607,Joelinton,1996-08-14,Brazil,https://resources.premierleague.com/premierleague/photos/players/110x140/p180974.png
51423,John McGinn,1994-10-18,Scotland,https://resources.premierleague.com/premierleague/photos/players/110x140/p122806.png
2896,John Ruddy,1986-10-24,England,https://resources.premierleague.com/premierleague/photos/players/110x140/p19236.png
4505,John Stones,1994-05-28,England,https://resources.premierleague.com/premierleague/photos/players/110x140/p97299.png
141639,John Victor,1996-02-13,Brazil,https://resources.premierleague.com/premierleague/photos/players/110x140/p221389.png
144894,Jonah Kusi-Asare,2007-07-04,Sweden,https://resources.premierleague.com/premierleague/photos/players/110x140/p631786.png
21885,Jonathan Panzo,,England,
4135,Jonjo Shelvey,,England,
3156,Jonny Evans,,Northern Ireland,
35699,Jordan Beyer,2000-05-19,Germany,https://resources.premierleague.com/premierleague/photos/players/110x140/p241231.png
3712,Jordan Henderson,1990-06-17,England,https://resources.premierleague.com/premierleague/photos/players/110x140/p56979.png
4640,Jordan Pickford,1994-03-07,England,https://resources.premierleague.com/premierleague/photos/players/110x140/p111234.png
49144,Jordan Zemura,,Zimbabwe,
35752,Jorge Cuenca,1999-11-17,Spain,https://resources.premierleague.com/premierleague/photos/players/110x140/p246301.png
5682,Jorginho,,Italy,
119041,Jorrel Hato,2006-03-07,Netherlands,https://resources.premierleague.com/premierleague/photos/players/110x140/p551210.png
125075,Josh Acheampong,2006-05-05,England,https://resources.premierleague.com/premierleague/photos/players/110x140/p577016.png
21991,Josh Bowler,,England,
9457,Josh Brownhill,,England,
10539,Josh Cullen,1996-04-07,Ireland,https://resources.premierleague.com/premierleague/photos/players/110x140/p172567.png
14457,Josh Dasilva,1998-10-23,England,https://resources.premierleague.com/premierleague/photos/players/110x140/p183656.png
109137,Josh Davidson,,England,
147723,Josh Gracey,2007-12-14,Northern Ireland,https://resources.premierleague.com/premierleague/photos/players/110x140/p627888.png
128976,Josh King,2007-01-03,England,https://resources.premierleague.com/premierleague/photos/players/110x140/p577725.png
8127,Josh Laurent,1995-05-06,England,https://resources.premierleague.com/premierleague/photos/players/110x140/p167887.png
127721,Josh Nichols,2006-07-26,England,https://resources.premierleague.com/premierleague/photos/players/110x140/p499167.png
48690,Josh Wilson-Esbrand,,England,
138185,Joshua Ajala,2006-11-13,England,
287787,Joshua Stephenson,2007-09-04,England,https://resources.premierleague.com/premierleague/photos/players/110x140/p649240.png
50848,Joshua Zirkzee,2001-05-22,Netherlands,https://resources.premierleague.com/premierleague/photos/players/110x140/p458249.png
67178,Josko Gvardiol,2002-01-23,Croatia,https://resources.premierleague.com/premierleague/photos/players/110x140/p477424.png
4930,Josuha Guilavogui,,France,
15715,José Sá,1993-01-17,Portugal,https://resources.premierleague.com/premierleague/photos/players/110x140/p149065.png
133025,Jota Silva,,Portugal,https://resources.premierleague.com/premierleague/photos/players/110x140/p510500.png
50856,João Félix,,Portugal,
133679,João Gomes,2001-02-12,Brazil,https://resources.premierleague.com/premierleague/photos/players/110x140/p448089.png
19858,João Palhinha,1995-07-09,Portugal,https://resources.premierleague.com/premierleague/photos/players/110x140/p154296.png
72371,João Pedro,2001-09-26,Brazil,https://resources.premierleague.com/premierleague/photos/players/110x140/p475168.png
14428,João Virgínia,,Portugal,
151538,Joél Drakes-Thomas,2009-06-09,England,https://resources.premierleague.com/premierleague/photos/players/110x140/p672492.png
50643,Joël Piroe,1999-08-02,Suriname,https://resources.premierleague.com/premierleague/photos/players/110x140/p235826.png
4874,Joël Veltman,1992-01-15,Netherlands,https://resources.premierleague.com/premierleague/photos/players/110x140/p111478.png
147792,Julian Eyestone,2006-04-21,United States,https://resources.premierleague.com/premierleague/photos/players/110x140/p535017.png
125827,Julio Enciso,,Paraguay,https://resources.premierleague.com/premierleague/photos/players/110x140/p474120.png
302305,Julio Soler,2005-02-16,Argentina,https://resources.premierleague.com/premierleague/photos/players/110x140/p575901.png
64370,Julián Araujo,,Mexico,https://resources.premierleague.com/premierleague/photos/players/110x140/p436893.png
146050,Jun'ai Byfield,2008-12-06,England,https://resources.premierleague.com/premierleague/photos/players/110x140/p640419.png
33046,Junior Firpo,,Dominican Republic,
137832,Junior Kroupi,,France,https://resources.premierleague.com/premierleague/photos/players/110x140/p560262.png
92629,Junior Robinson,2004-04-06,England,
67776,Jurriën Timber,2001-06-17,Netherlands,https://resources.premierleague.com/premierleague/photos/players/110x140/p445122.png
138981,Justin Devenny,2003-10-11,Northern Ireland,https://resources.premierleague.com/premierleague/photos/players/110x140/p489706.png
115444,Justin Hanks,2004-09-01,Wales,
21519,Justin Kluivert,1999-05-05,Netherlands,https://resources.premierleague.com/premierleague/photos/players/110x140/p222683.png
54156,Jérémy Doku,2002-05-27,Belgium,https://resources.premierleague.com/premierleague/photos/players/110x140/p248875.png
35670,Jørgen Strand Larsen,2000-02-06,Norway,https://resources.premierleague.com/premierleague/photos/players/110x140/p247412.png
114470,Kadan Young,,England,https://resources.premierleague.com/premierleague/photos/players/110x140/p537403.png
134787,Kaden Braithwaite,2008-02-08,England,
112449,Kaden Rodney,2004-10-07,England,https://resources.premierleague.com/premierleague/photos/players/110x140/p530318.png
20810,Kai Havertz,1999-06-11,Germany,https://resources.premierleague.com/premierleague/photos/players/110x140/p219847.png
70228,Kaide Gordon,2004-10-05,England,
118444,Kaiden Wilson,,England,
53074,Kaine Kesler-Hayden,,England,
10768,Kalvin Phillips,,England,https://resources.premierleague.com/premierleague/photos/players/110x140/p155405.png
117732,Kaoru Mitoma,1997-05-20,Japan,https://resources.premierleague.com/premierleague/photos/players/110x140/p451340.png
9251,Karl Darlow,1990-10-08,Wales,https://resources.premierleague.com/premierleague/photos/players/110x140/p59735.png
51917,Karl Hein,,Estonia,https://resources.premierleague.com/premierleague/photos/players/110x140/p463748.png
129443,Kaye Furo,2007-02-06,Belgium,https://resources.premierleague.com/premierleague/photos/players/110x140/p593174.png
24369,Keane Lewis-Potter,2001-02-22,England,https://resources.premierleague.com/premierleague/photos/players/110x140/p249231.png
123566,Keehan Willows,2005-10-01,England,
327693,Keiber Lamadrid,2003-11-18,Venezuela,https://resources.premierleague.com/premierleague/photos/players/110x140/p572702.png
134716,Kendry Páez,,Ecuador,https://resources.premierleague.com/premierleague/photos/players/110x140/p611134.png
4880,Kenny Tete,1995-10-09,Netherlands,https://resources.premierleague.com/premierleague/photos/players/110x140/p167074.png
11373,Kepa Arrizabalaga,1994-10-03,Spain,https://resources.premierleague.com/premierleague/photos/players/110x140/p109745.png
121610,Kevin,2003-01-04,Brazil,https://resources.premierleague.com/premierleague/photos/players/110x140/p560552.png
25892,Kevin Danso,1998-09-19,Austria,https://resources.premierleague.com/premierleague/photos/players/110x140/p135720.png
4288,Kevin De Bruyne,,Belgium,
127594,Kevin Schade,2001-11-27,Germany,https://resources.premierleague.com/premierleague/photos/players/110x140/p513418.png
119288,Keyrol Figueroa,2006-08-31,Honduras,
133497,Khari Ranson,2007-09-13,England,
52951,Ki-Jana Hoever,,Netherlands,https://resources.premierleague.com/premierleague/photos/players/110x140/p441271.png
305039,Kian McMahon-Brown,2008-08-03,Ireland,https://resources.premierleague.com/premierleague/photos/players/110x140/p644593.png
128966,Kian Noble,2007-02-26,England,
124989,Kiano Dyer,,England,
129831,Kieran Morrison,2006-11-09,Northern Ireland,https://resources.premierleague.com/premierleague/photos/players/110x140/p596042.png
12185,Kieran Tierney,,Scotland,
3905,Kieran Trippier,1990-09-19,England,https://resources.premierleague.com/premierleague/photos/players/110x140/p77794.png
14706,Kiernan Dewsbury-Hall,1998-09-06,England,https://resources.premierleague.com/premierleague/photos/players/110x140/p215413.png
122282,Killian Cahill,,Ireland,
126962,Kim Ji-Soo,,South Korea,https://resources.premierleague.com/premierleague/photos/players/110x140/p570241.png
67189,Kjell Scherpen,,Netherlands,https://resources.premierleague.com/premierleague/photos/players/110x140/p240514.png
108936,Kobbie Mainoo,2005-04-19,England,https://resources.premierleague.com/premierleague/photos/players/110x140/p516895.png
112745,Kobei Moore,,England,
32638,Konstantinos Mavropanos,1997-12-11,Greece,https://resources.premierleague.com/premierleague/photos/players/110x140/p233963.png
135734,Kornel Misciur,,Poland,
10000,Kortney Hause,,England,
136672,Kosta Nedeljkovic,,Serbia,
16006,Kostas Tsimikas,,Greece,https://resources.premierleague.com/premierleague/photos/players/110x140/p214285.png
125524,Kota Takai,,Japan,https://resources.premierleague.com/premierleague/photos/players/110x140/p553299.png
20113,Kristoffer Ajer,1998-04-17,Norway,https://resources.premierleague.com/premierleague/photos/players/110x140/p191866.png
65781,Krisztián Hegyi,,Hungary,https://resources.premierleague.com/premierleague/photos/players/110x140/p483364.png
5175,Kurt Zouma,,France,
3955,Kyle Walker,1990-05-28,England,https://resources.premierleague.com/premierleague/photos/players/110x140/p58621.png
13815,Kyle Walker-Peters,1997-04-13,England,https://resources.premierleague.com/premierleague/photos/players/110x140/p158534.png
108877,Ladislav Krejcí,1999-04-20,Czech Republic,https://resources.premierleague.com/premierleague/photos/players/110x140/p431248.png
107846,Lamare Bogarde,2004-01-05,Netherlands,https://resources.premierleague.com/premierleague/photos/players/110x140/p515597.png
304924,Lamin Sillah,2006-06-06,Gambia,https://resources.premierleague.com/premierleague/photos/players/110x140/p687076.png
134782,Landon Emenalo,2008-01-18,England,https://resources.premierleague.com/premierleague/photos/players/110x140/p611912.png
135748,Lanre Awesu,,England,
25267,Largie Ramazani,,Belgium,https://resources.premierleague.com/premierleague/photos/players/110x140/p433952.png
5866,Leander Dendoncker,,Belgium,https://resources.premierleague.com/premierleague/photos/players/110x140/p151589.png
20486,Leandro Trossard,1994-12-04,Belgium,https://resources.premierleague.com/premierleague/photos/players/110x140/p116216.png
118591,Leny Yoro,2005-11-13,France,https://resources.premierleague.com/premierleague/photos/players/110x140/p550864.png
112246,Leo Hjelde,,Norway,https://resources.premierleague.com/premierleague/photos/players/110x140/p477547.png
119537,Leo Shahar,2007-03-18,England,https://resources.premierleague.com/premierleague/photos/players/110x140/p553746.png
20489,Leon Bailey,1997-08-09,Jamaica,https://resources.premierleague.com/premierleague/photos/players/110x140/p215711.png
127804,Leon Chiwome,,England,https://resources.premierleague.com/premierleague/photos/players/110x140/p589507.png
147794,Leon Routh,2007-11-30,England,https://resources.premierleague.com/premierleague/photos/players/110x140/p664015.png
74960,Lesley Ugochukwu,2004-03-26,France,https://resources.premierleague.com/premierleague/photos/players/110x140/p503714.png
51229,Levi Colwill,2003-02-26,England,https://resources.premierleague.com/premierleague/photos/players/110x140/p460028.png
10766,Lewis Cook,1997-02-03,England,https://resources.premierleague.com/premierleague/photos/players/110x140/p155408.png
51511,Lewis Dobbin,,England,https://resources.premierleague.com/premierleague/photos/players/110x140/p461421.png
8163,Lewis Dunk,1991-11-21,England,https://resources.premierleague.com/premierleague/photos/players/110x140/p83299.png
108922,Lewis Hall,2004-09-08,England,https://resources.premierleague.com/premierleague/photos/players/110x140/p487838.png
129671,Lewis Koumas,,Wales,
117647,Lewis Miley,2006-05-01,England,https://resources.premierleague.com/premierleague/photos/players/110x140/p547719.png
109713,Lewis Orford,2006-02-18,England,https://resources.premierleague.com/premierleague/photos/players/110x140/p518442.png
51813,Liam Delap,2003-02-08,England,https://resources.premierleague.com/premierleague/photos/players/110x140/p463034.png
98315,Lino Sousa,,England,https://resources.premierleague.com/premierleague/photos/players/110x140/p514315.png
67191,Lisandro Martínez,1998-01-18,Argentina,https://resources.premierleague.com/premierleague/photos/players/110x140/p221820.png
127668,Lorenzo Lucca,2000-09-10,Italy,https://resources.premierleague.com/premierleague/photos/players/110x140/p469130.png
127723,Louie Copley,,England,
74964,Loum Tchaouna,2003-09-08,France,https://resources.premierleague.com/premierleague/photos/players/110x140/p469272.png
117552,Luca Gunter,2005-03-23,England,
125169,Luca Koleosho,,Italy,https://resources.premierleague.com/premierleague/photos/players/110x140/p487702.png
76426,Luca Netz,2003-05-15,Germany,https://resources.premierleague.com/premierleague/photos/players/110x140/p470315.png
65641,Lucas Bergström,,Finland,
133603,Lucas Bergvall,2006-02-02,Sweden,https://resources.premierleague.com/premierleague/photos/players/110x140/p570526.png
5758,Lucas Digne,1993-07-20,France,https://resources.premierleague.com/premierleague/photos/players/110x140/p101188.png
55776,Lucas Paquetá,,Brazil,https://resources.premierleague.com/premierleague/photos/players/110x140/p224024.png
63634,Lucas Perri,1997-12-10,Brazil,https://resources.premierleague.com/premierleague/photos/players/110x140/p201595.png
137462,Lucas Pires,2001-03-24,Brazil,https://resources.premierleague.com/premierleague/photos/players/110x140/p549329.png
134791,Lucá Williams-Barnett,2008-10-01,England,https://resources.premierleague.com/premierleague/photos/players/110x140/p611917.png
66669,Luis Díaz,,Colombia,https://resources.premierleague.com/premierleague/photos/players/110x140/p244731.png
146354,Luis Guilherme,,Brazil,https://resources.premierleague.com/premierleague/photos/players/110x140/p577114.png
50498,Luis Sinisterra,,Colombia,https://resources.premierleague.com/premierleague/photos/players/110x140/p224995.png
303391,Luka Bentt,2007-10-01,Belgium,https://resources.premierleague.com/premierleague/photos/players/110x140/p559610.png
134632,Luka Vuskovic,,Croatia,https://resources.premierleague.com/premierleague/photos/players/110x140/p610799.png
14807,Lukas Nmecha,1998-12-14,Germany,https://resources.premierleague.com/premierleague/photos/players/110x140/p174594.png
3309,Lukasz Fabianski,1985-04-18,Poland,https://resources.premierleague.com/premierleague/photos/players/110x140/p37096.png
144924,Luke Browne,,Ireland,
69603,Luke Butterfield,,Scotland,
107809,Luke Harris,,Wales,https://resources.premierleague.com/premierleague/photos/players/110x140/p515024.png
10361,Luke O'Nien,1994-11-21,England,https://resources.premierleague.com/premierleague/photos/players/110x140/p167512.png
49476,Luke Plange,,England,
132169,Luke Rawlings,2008-04-04,England,https://resources.premierleague.com/premierleague/photos/players/110x140/p605319.png
4608,Luke Shaw,1995-07-12,England,https://resources.premierleague.com/premierleague/photos/players/110x140/p106760.png
25408,Lutsharel Geertruida,2000-07-18,Netherlands,https://resources.premierleague.com/premierleague/photos/players/110x140/p247955.png
118959,Luís Semedo,,Portugal,https://resources.premierleague.com/premierleague/photos/players/110x140/p551153.png
64282,Lyle Foster,2000-09-03,South Africa,https://resources.premierleague.com/premierleague/photos/players/110x140/p435973.png
118083,Mads Hermansen,2000-07-11,Denmark,https://resources.premierleague.com/premierleague/photos/players/110x140/p467189.png
21297,Mads Roerslev,,Denmark,https://resources.premierleague.com/premierleague/photos/players/110x140/p226956.png
117450,Mahamadou Susoho,2005-01-20,Spain,
134786,Malachi Hardy,2008-03-10,England,
49485,Malcolm Ebiowei,,England,https://resources.premierleague.com/premierleague/photos/players/110x140/p450535.png
256083,Malcom DaCosta,2008-04-17,Ecuador,https://resources.premierleague.com/premierleague/photos/players/110x140/p678552.png
127722,Maldini Kacurri,,Albania,https://resources.premierleague.com/premierleague/photos/players/110x140/p588793.png
124462,Malick Thiaw,2001-08-08,Germany,https://resources.premierleague.com/premierleague/photos/players/110x140/p465642.png
147052,Malick Yalcouyé,,Cote D’Ivoire,https://resources.premierleague.com/premierleague/photos/players/110x140/p611695.png
138554,Malik Olayiwola,2009-01-08,England,
68827,Malo Gusto,2003-05-19,France,https://resources.premierleague.com/premierleague/photos/players/110x140/p482609.png
132956,Mamadou Sarr,2005-08-29,Senegal,https://resources.premierleague.com/premierleague/photos/players/110x140/p574458.png
62934,Manor Solomon,,Israel,https://resources.premierleague.com/premierleague/photos/players/110x140/p235674.png
15656,Manuel Akanji,,Switzerland,https://resources.premierleague.com/premierleague/photos/players/110x140/p211975.png
52053,Manuel Benson,,Angola,https://resources.premierleague.com/premierleague/photos/players/110x140/p183751.png
118031,Manuel Ugarte,2001-04-11,Uruguay,https://resources.premierleague.com/premierleague/photos/players/110x140/p232112.png
27277,Marc Cucurella,1998-07-22,Spain,https://resources.premierleague.com/premierleague/photos/players/110x140/p179268.png
130068,Marc Guiu,2006-01-04,Spain,https://resources.premierleague.com/premierleague/photos/players/110x140/p499309.png
14569,Marc Guéhi,2000-07-13,England,https://resources.premierleague.com/premierleague/photos/players/110x140/p209036.png
11428,Marco Asensio,,Spain,
20473,Marco Bizot,1991-03-10,Netherlands,https://resources.premierleague.com/premierleague/photos/players/110x140/p72147.png
54989,Marcos Senesi,1997-05-10,Argentina,https://resources.premierleague.com/premierleague/photos/players/110x140/p221466.png
4511,Marcus Bettinelli,1992-05-24,England,https://resources.premierleague.com/premierleague/photos/players/110x140/p122074.png
15139,Marcus Edwards,1998-12-03,England,https://resources.premierleague.com/premierleague/photos/players/110x140/p174592.png
13565,Marcus Rashford,,England,https://resources.premierleague.com/premierleague/photos/players/110x140/p176297.png
14846,Marcus Tavernier,1999-03-22,England,https://resources.premierleague.com/premierleague/photos/players/110x140/p201658.png
33280,Mark Flekken,,Netherlands,
8321,Mark Gillespie,1992-03-27,England,https://resources.premierleague.com/premierleague/photos/players/110x140/p81441.png
134334,Mark O'Mahony,,Ireland,
50453,Mark Travers,1999-05-18,Ireland,https://resources.premierleague.com/premierleague/photos/players/110x140/p229600.png
123961,Marko Stamenic,,New Zealand,https://resources.premierleague.com/premierleague/photos/players/110x140/p495161.png
254590,Marley Leuluai,,New Zealand,
147908,Marli Salmon,2009-08-29,England,https://resources.premierleague.com/premierleague/photos/players/110x140/p616065.png
76310,Marshall Munetsi,,Zimbabwe,https://resources.premierleague.com/premierleague/photos/players/110x140/p433312.png
124083,Martial Godo,,Cote D’Ivoire,https://resources.premierleague.com/premierleague/photos/players/110x140/p573062.png
6451,Martin Dúbravka,1989-01-15,Slovakia,https://resources.premierleague.com/premierleague/photos/players/110x140/p67089.png
117608,Martin Sherif,,Netherlands,https://resources.premierleague.com/premierleague/photos/players/110x140/p536241.png
11419,Martin Ødegaard,1998-12-17,Norway,https://resources.premierleague.com/premierleague/photos/players/110x140/p184029.png
64523,Martín Zubimendi,1999-02-02,Spain,https://resources.premierleague.com/premierleague/photos/players/110x140/p481655.png
10564,Mason Holgate,,Jamaica,
14580,Mason Mount,1999-01-10,England,https://resources.premierleague.com/premierleague/photos/players/110x140/p184341.png
129849,Matai Akinmboni,2006-10-17,United States,https://resources.premierleague.com/premierleague/photos/players/110x140/p541462.png
122133,Mateo Joseph,,Spain,https://resources.premierleague.com/premierleague/photos/players/110x140/p565297.png
12520,Mateo Kovacic,1994-05-06,Croatia,https://resources.premierleague.com/premierleague/photos/players/110x140/p91651.png
119072,Mateus Fernandes,2004-07-10,Portugal,https://resources.premierleague.com/premierleague/photos/players/110x140/p551226.png
145492,Mateus Mané,2007-09-16,Portugal,https://resources.premierleague.com/premierleague/photos/players/110x140/p647671.png
51202,Matheus Cunha,1999-05-27,Brazil,https://resources.premierleague.com/premierleague/photos/players/110x140/p430871.png
133681,Matheus França,,Brazil,https://resources.premierleague.com/premierleague/photos/players/110x140/p536694.png
76204,Matheus Nunes,1998-08-27,Portugal,https://resources.premierleague.com/premierleague/photos/players/110x140/p465351.png
49726,Mathias Jensen,1996-01-01,Denmark,https://resources.premierleague.com/premierleague/photos/players/110x140/p207283.png
136952,Mathis Amougou,,France,
155030,Mathis Eboué,2009-02-27,England,https://resources.premierleague.com/premierleague/photos/players/110x140/p671606.png
76614,Mathys Tel,2005-04-27,France,https://resources.premierleague.com/premierleague/photos/players/110x140/p511499.png
72239,Mats Wieffer,1999-11-16,Netherlands,https://resources.premierleague.com/premierleague/photos/players/110x140/p467779.png
4229,Matt Doherty,1992-01-16,Ireland,https://resources.premierleague.com/premierleague/photos/players/110x140/p87835.png
14671,Matt O'Riley,2000-11-21,Denmark,https://resources.premierleague.com/premierleague/photos/players/110x140/p219249.png
4815,Matt Targett,,England,https://resources.premierleague.com/premierleague/photos/players/110x140/p169359.png
54760,Matt Turner,,United States,https://resources.premierleague.com/premierleague/photos/players/110x140/p224068.png
98258,Matthew Cox,,England,https://resources.premierleague.com/premierleague/photos/players/110x140/p503300.png
20226,Matthijs de Ligt,1999-08-12,Netherlands,https://resources.premierleague.com/premierleague/photos/players/110x140/p209365.png
13344,Matty Cash,1997-08-07,Poland,https://resources.premierleague.com/premierleague/photos/players/110x140/p199796.png
16723,Matz Sels,1992-02-26,Belgium,https://resources.premierleague.com/premierleague/photos/players/110x140/p85633.png
111022,Max Alleyne,2005-07-21,England,https://resources.premierleague.com/premierleague/photos/players/110x140/p494307.png
141181,Max Dowman,2009-12-31,England,https://resources.premierleague.com/premierleague/photos/players/110x140/p616077.png
128022,Max Kinsey,,England,
109707,Max Merrick,2005-11-10,England,https://resources.premierleague.com/premierleague/photos/players/110x140/p518335.png
64145,Max Thompson,2004-08-01,England,
122056,Max Weiss,2004-06-15,Germany,https://resources.premierleague.com/premierleague/photos/players/110x140/p518030.png
16130,Max Wöber,,Austria,
76104,Maxence Lacroix,2000-04-06,France,https://resources.premierleague.com/premierleague/photos/players/110x140/p437499.png
67928,Maxim De Cuyper,2000-12-22,Belgium,https://resources.premierleague.com/premierleague/photos/players/110x140/p465730.png
124531,Maxime Estève,2002-05-26,France,https://resources.premierleague.com/premierleague/photos/players/110x140/p477717.png
13522,Maximilian Kilman,1997-05-23,England,https://resources.premierleague.com/premierleague/photos/players/110x140/p214048.png
16758,Maxwel Cornet,,Cote D’Ivoire,https://resources.premierleague.com/premierleague/photos/players/110x140/p149519.png
110958,Melker Ellborg,2003-05-22,Sweden,https://resources.premierleague.com/premierleague/photos/players/110x140/p515046.png
128411,Merlin Röhl,2002-07-05,Germany,https://resources.premierleague.com/premierleague/photos/players/110x140/p513466.png
129835,Michael Dacosta,2005-03-05,Spain,
133460,Michael Kayode,2004-07-10,Italy,https://resources.premierleague.com/premierleague/photos/players/110x140/p607464.png
4333,Michael Keane,1993-01-11,England,https://resources.premierleague.com/premierleague/photos/players/110x140/p106611.png
119290,Michael Laffey,2005-10-11,England,
21532,Michael Obafemi,,Ireland,https://resources.premierleague.com/premierleague/photos/players/110x140/p220598.png
9595,Michail Antonio,,Jamaica,
119607,Michal Rosiak,,Poland,
75582,Micky van de Ven,2001-04-19,Netherlands,https://resources.premierleague.com/premierleague/photos/players/110x140/p491279.png
121704,Mike Penders,,Belgium,https://resources.premierleague.com/premierleague/photos/players/110x140/p549939.png
75883,Mike Trésor,1999-05-28,Belgium,https://resources.premierleague.com/premierleague/photos/players/110x140/p437748.png
19778,Mikel Merino,1996-06-22,Spain,https://resources.premierleague.com/premierleague/photos/players/110x140/p195384.png
49731,Mikkel Damsgaard,2000-07-03,Denmark,https://resources.premierleague.com/premierleague/photos/players/110x140/p440089.png
148616,Milan Aleksic,2005-08-30,Serbia,https://resources.premierleague.com/premierleague/photos/players/110x140/p626844.png
116665,Milos Kerkez,2003-11-07,Hungary,https://resources.premierleague.com/premierleague/photos/players/110x140/p544877.png
127824,Mofe Jemide,,England,
140223,Mohamadou Kanté,2005-09-20,France,https://resources.premierleague.com/premierleague/photos/players/110x140/p630699.png
305128,Mohamed Koné,2007-07-03,Cote D’Ivoire,
5178,Mohamed Salah,1992-06-15,Egypt,https://resources.premierleague.com/premierleague/photos/players/110x140/p118748.png
51364,Mohammed Kudus,2000-08-02,Ghana,https://resources.premierleague.com/premierleague/photos/players/110x140/p460842.png
112203,Moisés Caicedo,2001-11-02,Ecuador,https://resources.premierleague.com/premierleague/photos/players/110x140/p486672.png
67510,Morato,2001-06-30,Brazil,https://resources.premierleague.com/premierleague/photos/players/110x140/p485047.png
15259,Morgan Gibbs-White,2000-01-27,England,https://resources.premierleague.com/premierleague/photos/players/110x140/p222531.png
23968,Morgan Rogers,2002-07-26,England,https://resources.premierleague.com/premierleague/photos/players/110x140/p244850.png
139648,Murillo,2002-07-04,Brazil,https://resources.premierleague.com/premierleague/photos/players/110x140/p575476.png
140368,Murray Campbell,2006-07-25,Scotland,
53991,Mykhailo Mudryk,2001-01-05,Ukraine,https://resources.premierleague.com/premierleague/photos/players/110x140/p465920.png
114564,Myles Lewis-Skelly,2006-09-26,England,https://resources.premierleague.com/premierleague/photos/players/110x140/p499169.png
49494,Myles Peart-Harris,,England,https://resources.premierleague.com/premierleague/photos/players/110x140/p450539.png
122772,Máximo Perrone,,Argentina,
68086,Naouirou Ahamada,,France,https://resources.premierleague.com/premierleague/photos/players/110x140/p466117.png
123672,Nasser Djiga,,Burkina Faso,
4499,Nathan Aké,1995-02-18,Netherlands,https://resources.premierleague.com/premierleague/photos/players/110x140/p126184.png
51479,Nathan Butler-Oyedeji,,England,
24659,Nathan Collins,2001-04-30,Ireland,https://resources.premierleague.com/premierleague/photos/players/110x140/p432830.png
112651,Nathan Fraser,,Ireland,https://resources.premierleague.com/premierleague/photos/players/110x140/p531363.png
74585,Nathan Patterson,2001-10-16,Scotland,https://resources.premierleague.com/premierleague/photos/players/110x140/p243571.png
3811,Nathan Redmond,,England,
4604,Nathaniel Clyne,1991-04-05,England,https://resources.premierleague.com/premierleague/photos/players/110x140/p57328.png
108628,Nayef Aguerd,,Morocco,https://resources.premierleague.com/premierleague/photos/players/110x140/p210494.png
31873,Nazariy Rusyn,,Ukraine,https://resources.premierleague.com/premierleague/photos/players/110x140/p440955.png
16256,Neal Maupay,,France,
23811,Neco Williams,2001-04-13,Wales,https://resources.premierleague.com/premierleague/photos/players/110x140/p215136.png
127911,Nectarios Triantis,,Greece,https://resources.premierleague.com/premierleague/photos/players/110x140/p500696.png
120049,Nehemiah Oriola,2007-06-11,England,https://resources.premierleague.com/premierleague/photos/players/110x140/p556637.png
6593,Neto,,Brazil,https://resources.premierleague.com/premierleague/photos/players/110x140/p69752.png
104260,Niall Huggins,,Wales,https://resources.premierleague.com/premierleague/photos/players/110x140/p492066.png
10079,Nick Pope,1992-04-19,England,https://resources.premierleague.com/premierleague/photos/players/110x140/p98747.png
115256,Nick Woltemade,2002-02-14,Germany,https://resources.premierleague.com/premierleague/photos/players/110x140/p470313.png
42569,Niclas Füllkrug,,Germany,https://resources.premierleague.com/premierleague/photos/players/110x140/p91889.png
67849,Nico González,2002-01-03,Spain,https://resources.premierleague.com/premierleague/photos/players/110x140/p465694.png
112948,Nico O'Reilly,2005-03-21,England,https://resources.premierleague.com/premierleague/photos/players/110x140/p472769.png
110526,Nicolas Jackson,,Senegal,https://resources.premierleague.com/premierleague/photos/players/110x140/p517052.png
115172,Nicolás Domínguez,1998-06-28,Argentina,https://resources.premierleague.com/premierleague/photos/players/110x140/p250199.png
70249,Nicolò Savona,2003-03-19,Italy,https://resources.premierleague.com/premierleague/photos/players/110x140/p500151.png
16035,Nikola Milenkovic,1997-10-12,Serbia,https://resources.premierleague.com/premierleague/photos/players/110x140/p227444.png
143264,Nils Ramming,2007-03-28,Sweden,
115105,Nilson Angulo,2003-06-19,Ecuador,https://resources.premierleague.com/premierleague/photos/players/110x140/p536661.png
33162,Noah Okafor,2000-05-24,Switzerland,https://resources.premierleague.com/premierleague/photos/players/110x140/p435997.png
124944,Noah Sadiki,2004-12-17,DR Congo,https://resources.premierleague.com/premierleague/photos/players/110x140/p577669.png
67407,Noni Madueke,2002-03-10,England,https://resources.premierleague.com/premierleague/photos/players/110x140/p248857.png
51199,Nordi Mukiele,1997-11-01,France,https://resources.premierleague.com/premierleague/photos/players/110x140/p200834.png
33245,Noussair Mazraoui,1997-11-14,Morocco,https://resources.premierleague.com/premierleague/photos/players/110x140/p230001.png
66094,Nuno Tavares,,Portugal,
16642,Nélson Semedo,,Portugal,
33342,Odeluga Offiah,,England,
16788,Odsonne Édouard,,France,https://resources.premierleague.com/premierleague/photos/players/110x140/p199670.png
20547,Odysseas Vlachodimos,,Greece,https://resources.premierleague.com/premierleague/photos/players/110x140/p111452.png
10439,Ola Aina,1996-10-08,Nigeria,https://resources.premierleague.com/premierleague/photos/players/110x140/p159506.png
19620,Oleksandr Zinchenko,,Ukraine,https://resources.premierleague.com/premierleague/photos/players/110x140/p206325.png
107887,Oliver Bainbridge,,England,
121744,Oliver Irow,,England,
145134,Oliver Pimlott,2007-04-07,England,https://resources.premierleague.com/premierleague/photos/players/110x140/p647960.png
128643,Oliver Sonne,,Peru,https://resources.premierleague.com/premierleague/photos/players/110x140/p519895.png
20505,Olivier Boscagli,1997-11-18,France,https://resources.premierleague.com/premierleague/photos/players/110x140/p204120.png
107891,Oliwier Zych,,Poland,
130153,Ollie Harrison,2007-08-07,England,
117579,Ollie Scarles,2005-12-12,England,https://resources.premierleague.com/premierleague/photos/players/110x140/p536109.png
149338,Ollie Shield,2006-09-25,England,https://resources.premierleague.com/premierleague/photos/players/110x140/p494556.png
8658,Ollie Watkins,1995-12-30,England,https://resources.premierleague.com/premierleague/photos/players/110x140/p178301.png
148282,Oluwaseun Adewumi,,Austria,https://resources.premierleague.com/premierleague/photos/players/110x140/p576323.png
66659,Omar Alderete,1996-12-26,Paraguay,https://resources.premierleague.com/premierleague/photos/players/110x140/p201895.png
76216,Omar Marmoush,1999-02-07,Egypt,https://resources.premierleague.com/premierleague/photos/players/110x140/p438234.png
98300,Omari Hutchinson,2003-10-30,England,https://resources.premierleague.com/premierleague/photos/players/110x140/p503301.png
117753,Omari Kellyman,,England,
49738,Orel Mangala,,Belgium,
66657,Oscar Bobb,2003-07-12,Norway,https://resources.premierleague.com/premierleague/photos/players/110x140/p477555.png
112601,Owen Barker,,England,
117800,Owen Bevan,2003-10-26,Wales,https://resources.premierleague.com/premierleague/photos/players/110x140/p518906.png
66524,Owen Dodgson,,England,https://resources.premierleague.com/premierleague/photos/players/110x140/p461567.png
107823,Owen Goodman,,Canada,
304595,Pablo,2004-01-02,Brazil,https://resources.premierleague.com/premierleague/photos/players/110x140/p530335.png
19814,Pablo Sarabia,,Spain,
117318,Pape Matar Sarr,2002-09-14,Senegal,https://resources.premierleague.com/premierleague/photos/players/110x140/p482442.png
23946,Paris Maghoma,,England,https://resources.premierleague.com/premierleague/photos/players/110x140/p220695.png
304679,Park Seung-Soo,2007-03-17,South Korea,https://resources.premierleague.com/premierleague/photos/players/110x140/p623110.png
22542,Pascal Groß,1991-06-15,Germany,https://resources.premierleague.com/premierleague/photos/players/110x140/p60307.png
33124,Pascal Struijk,1999-08-11,Netherlands,https://resources.premierleague.com/premierleague/photos/players/110x140/p222694.png
4291,Patrick Bamford,,England,https://resources.premierleague.com/premierleague/photos/players/110x140/p106617.png
146567,Patrick Dorgu,2004-10-26,Denmark,https://resources.premierleague.com/premierleague/photos/players/110x140/p596777.png
21529,Pau Torres,1997-01-16,Spain,https://resources.premierleague.com/premierleague/photos/players/110x140/p244954.png
147032,Pedro Lima,2006-07-01,Brazil,https://resources.premierleague.com/premierleague/photos/players/110x140/p641221.png
21998,Pedro Neto,2000-03-09,Portugal,https://resources.premierleague.com/premierleague/photos/players/110x140/p247632.png
32229,Pedro Porro,1999-09-13,Spain,https://resources.premierleague.com/premierleague/photos/players/110x140/p441164.png
129427,Pele Arganese-McDermott,,Spain,
31904,Pervis Estupiñán,,Ecuador,https://resources.premierleague.com/premierleague/photos/players/110x140/p204214.png
14805,Phil Foden,2000-05-28,England,https://resources.premierleague.com/premierleague/photos/players/110x140/p209244.png
8882,Philip Billing,,Denmark,https://resources.premierleague.com/premierleague/photos/players/110x140/p168991.png
4525,Philippe Coutinho,,Brazil,
118077,Piero Hincapié,2002-01-09,Ecuador,https://resources.premierleague.com/premierleague/photos/players/110x140/p448104.png
51224,Pierre Ekwah,,France,https://resources.premierleague.com/premierleague/photos/players/110x140/p458297.png
5272,Pierre-Emile Højbjerg,,Denmark,
135438,Preston Fearon,,England,
127393,Quilindschy Hartman,2001-11-14,Netherlands,https://resources.premierleague.com/premierleague/photos/players/110x140/p494960.png
69070,Radu Dragusin,2002-02-03,Romania,https://resources.premierleague.com/premierleague/photos/players/110x140/p493125.png
4316,Raheem Sterling,,England,
51185,Randal Kolo Muani,1998-12-05,France,https://resources.premierleague.com/premierleague/photos/players/110x140/p247693.png
122934,Rasmus Højlund,,Denmark,https://resources.premierleague.com/premierleague/photos/players/110x140/p497894.png
15702,Rasmus Kristensen,,Denmark,
134234,Rayan,2006-08-03,Brazil,https://resources.premierleague.com/premierleague/photos/players/110x140/p499604.png
71432,Rayan Aït-Nouri,2001-06-06,Algeria,https://resources.premierleague.com/premierleague/photos/players/110x140/p448514.png
68150,Rayan Cherki,2003-08-17,France,https://resources.premierleague.com/premierleague/photos/players/110x140/p466052.png
11071,Raúl Jiménez,1991-05-05,Mexico,https://resources.premierleague.com/premierleague/photos/players/110x140/p102057.png
14571,Reece James,1999-12-08,England,https://resources.premierleague.com/premierleague/photos/players/110x140/p225796.png
133109,Reece Munro,,England,
66578,Reece Welch,2003-09-19,England,https://resources.premierleague.com/premierleague/photos/players/110x140/p474907.png
147359,Reggie Rose,,England,
134792,Reggie Walsh,2008-10-20,England,
128969,Reigan Heskey,2008-01-18,England,https://resources.premierleague.com/premierleague/photos/players/110x140/p580921.png
63733,Reinildo Mandava,1994-01-21,Mozambique,https://resources.premierleague.com/premierleague/photos/players/110x140/p434399.png
14450,Reiss Nelson,1999-12-10,England,https://resources.premierleague.com/premierleague/photos/players/110x140/p200641.png
118443,Reiss-Alexander Russell-Denny,,England,
10827,Remi Matthews,1994-02-10,England,https://resources.premierleague.com/premierleague/photos/players/110x140/p169593.png
133124,Remy Rees-Dottin,2006-03-06,England,https://resources.premierleague.com/premierleague/photos/players/110x140/p606774.png
125041,Rhys Chadwick,2007-02-19,England,https://resources.premierleague.com/premierleague/photos/players/110x140/p577978.png
143561,Rhys Oakley,2008-09-16,England,
23813,Rhys Williams,2001-02-03,England,https://resources.premierleague.com/premierleague/photos/players/110x140/p219937.png
69914,Riccardo Calafiori,2002-05-19,Italy,https://resources.premierleague.com/premierleague/photos/players/110x140/p466075.png
112918,Richard Olise,,England,
24630,Richarlison,1997-05-10,Brazil,https://resources.premierleague.com/premierleague/photos/players/110x140/p212319.png
10947,Rico Henry,1997-07-08,Jamaica,https://resources.premierleague.com/premierleague/photos/players/110x140/p194010.png
99281,Rico Lewis,2004-11-21,England,https://resources.premierleague.com/premierleague/photos/players/110x140/p477064.png
117557,Riley Owen,2005-08-24,England,https://resources.premierleague.com/premierleague/photos/players/110x140/p547671.png
127826,Rio Cardines,2006-07-01,Trinidad & Tobago,https://resources.premierleague.com/premierleague/photos/players/110x140/p590014.png
114362,Rio Kyerematen,2005-06-09,England,https://resources.premierleague.com/premierleague/photos/players/110x140/p536134.png
134796,Rio Ngumoha,2008-08-29,England,https://resources.premierleague.com/premierleague/photos/players/110x140/p611922.png
11575,Rob Holding,,England,https://resources.premierleague.com/premierleague/photos/players/110x140/p156074.png
14538,Robert Sánchez,1997-11-18,Spain,https://resources.premierleague.com/premierleague/photos/players/110x140/p215059.png
11224,Robin Olsen,,Sweden,
75692,Robin Roefs,2003-01-17,Netherlands,https://resources.premierleague.com/premierleague/photos/players/110x140/p498016.png
16286,Rodri,1996-06-22,Spain,https://resources.premierleague.com/premierleague/photos/players/110x140/p220566.png
22802,Rodrigo Bentancur,1997-06-25,Uruguay,https://resources.premierleague.com/premierleague/photos/players/110x140/p202993.png
108947,Rodrigo Gomes,2003-07-07,Portugal,https://resources.premierleague.com/premierleague/photos/players/110x140/p483081.png
117763,Rodrigo Muniz,2001-05-04,Brazil,https://resources.premierleague.com/premierleague/photos/players/110x140/p244042.png
133297,Romain Esse,,England,https://resources.premierleague.com/premierleague/photos/players/110x140/p606921.png
32159,Romain Faivre,,France,https://resources.premierleague.com/premierleague/photos/players/110x140/p441240.png
51610,Romaine Mundle,2003-04-24,England,https://resources.premierleague.com/premierleague/photos/players/110x140/p461199.png
133097,Romelle Donovan,2006-11-30,England,https://resources.premierleague.com/premierleague/photos/players/110x140/p606689.png
99282,Roméo Lavia,2004-01-06,Belgium,https://resources.premierleague.com/premierleague/photos/players/110x140/p514356.png
108928,Ronnie Hollingshead,2004-09-09,Wales,https://resources.premierleague.com/premierleague/photos/players/110x140/p516875.png
129722,Rory Mahady,,Scotland,
4115,Ross Barkley,1993-12-05,England,https://resources.premierleague.com/premierleague/photos/players/110x140/p88894.png
304548,Ruby Warwick,,England,
15572,Ryan Christie,1995-02-22,Scotland,https://resources.premierleague.com/premierleague/photos/players/110x140/p158499.png
49909,Ryan Gravenberch,2002-05-16,Netherlands,https://resources.premierleague.com/premierleague/photos/players/110x140/p441266.png
145989,Ryan Kavuma-McQueen,2009-01-01,England,https://resources.premierleague.com/premierleague/photos/players/110x140/p616286.png
141186,Ryan McAidoo,2008-06-24,England,https://resources.premierleague.com/premierleague/photos/players/110x140/p616288.png
14656,Ryan Sessegnon,2000-05-18,England,https://resources.premierleague.com/premierleague/photos/players/110x140/p184349.png
128264,Ryan Trevitt,2003-03-12,England,https://resources.premierleague.com/premierleague/photos/players/110x140/p591357.png
14238,Ryan Yates,1997-11-21,England,https://resources.premierleague.com/premierleague/photos/players/110x140/p204968.png
16431,Rúben Dias,1997-05-14,Portugal,https://resources.premierleague.com/premierleague/photos/players/110x140/p171314.png
130672,Saheed Olagunju,2007-01-07,England,https://resources.premierleague.com/premierleague/photos/players/110x140/p601956.png
92734,Salah-Eddine Oulad M'hand,,Netherlands,
116913,Salis Abdul Samed,,Ghana,
313091,Sam Alabi,2009-07-09,England,https://resources.premierleague.com/premierleague/photos/players/110x140/p666607.png
128364,Sam Amissah,2007-03-07,England,https://resources.premierleague.com/premierleague/photos/players/110x140/p591385.png
8945,Sam Byram,1993-09-16,England,https://resources.premierleague.com/premierleague/photos/players/110x140/p113564.png
122289,Sam Chambers,2007-08-18,Scotland,https://resources.premierleague.com/premierleague/photos/players/110x140/p565863.png
126123,Sam Coffey,1998-12-31,United States,
23911,Sam Greenwood,,England,https://resources.premierleague.com/premierleague/photos/players/110x140/p248937.png
4331,Sam Johnstone,1993-03-25,England,https://resources.premierleague.com/premierleague/photos/players/110x140/p101982.png
130670,Sam Proctor,2006-12-21,England,https://resources.premierleague.com/premierleague/photos/players/110x140/p564505.png
53063,Samuel Chukwueze,1999-05-22,Nigeria,https://resources.premierleague.com/premierleague/photos/players/110x140/p218328.png
64521,Samuel Iling-Junior,,England,https://resources.premierleague.com/premierleague/photos/players/110x140/p469247.png
117590,Samuel Rak-Sakyi,,England,
21614,Sander Berge,1998-02-14,Norway,https://resources.premierleague.com/premierleague/photos/players/110x140/p207189.png
71623,Sandro Tonali,2000-05-08,Italy,https://resources.premierleague.com/premierleague/photos/players/110x140/p432422.png
43010,Santiago Bueno,1998-11-09,Uruguay,https://resources.premierleague.com/premierleague/photos/players/110x140/p231480.png
108319,Sasa Kalajdzic,,Austria,https://resources.premierleague.com/premierleague/photos/players/110x140/p429414.png
16044,Sasa Lukic,1996-08-13,Serbia,https://resources.premierleague.com/premierleague/photos/players/110x140/p212314.png
126943,Savinho,2004-04-10,Brazil,https://resources.premierleague.com/premierleague/photos/players/110x140/p510281.png
2250,Scott Carson,,England,
14897,Sean Longstaff,1997-10-30,England,https://resources.premierleague.com/premierleague/photos/players/110x140/p180135.png
130234,Sean Neave,2007-05-27,England,https://resources.premierleague.com/premierleague/photos/players/110x140/p599303.png
35718,Sebastiaan Bornauw,1999-03-22,Belgium,https://resources.premierleague.com/premierleague/photos/players/110x140/p437738.png
67910,Senne Lammens,2002-07-07,Belgium,https://resources.premierleague.com/premierleague/photos/players/110x140/p465247.png
65987,Sepp van den Berg,2001-12-20,Netherlands,https://resources.premierleague.com/premierleague/photos/players/110x140/p444765.png
39606,Sergio Reguilón,,Spain,
138552,Seth Ridgeon,2008-09-12,England,https://resources.premierleague.com/premierleague/photos/players/110x140/p619536.png
130151,Shea Lacey,2007-04-14,England,https://resources.premierleague.com/premierleague/photos/players/110x140/p576628.png
122945,Shumaira Mheuka,2007-10-20,England,https://resources.premierleague.com/premierleague/photos/players/110x140/p567119.png
76296,Shurandy Sambo,,Curacao,https://resources.premierleague.com/premierleague/photos/players/110x140/p450072.png
98302,Sil Swinkels,,Netherlands,
126317,Simon Adingra,,Cote D’Ivoire,https://resources.premierleague.com/premierleague/photos/players/110x140/p535818.png
4727,Simon Moore,1990-05-19,England,https://resources.premierleague.com/premierleague/photos/players/110x140/p74854.png
8171,Solly March,1994-07-20,England,https://resources.premierleague.com/premierleague/photos/players/110x140/p109345.png
4999,Son Heung-Min,,South Korea,https://resources.premierleague.com/premierleague/photos/players/110x140/p85971.png
117565,Sonny Aljofree,2004-12-19,England,
122005,Soungoutou Magassa,2003-10-08,France,https://resources.premierleague.com/premierleague/photos/players/110x140/p564940.png
327705,Souza,2006-06-16,Brazil,https://resources.premierleague.com/premierleague/photos/players/110x140/p616221.png
138126,Spike Brits,,England,
114296,Stefan Bajcetic,2004-10-22,Spain,https://resources.premierleague.com/premierleague/photos/players/110x140/p535928.png
47133,Stefan Ortega,1992-11-06,Germany,https://resources.premierleague.com/premierleague/photos/players/110x140/p88248.png
139930,Stefanos Tzimas,,Greece,https://resources.premierleague.com/premierleague/photos/players/110x140/p608181.png
128136,Stephen Mfuni,,England,https://resources.premierleague.com/premierleague/photos/players/110x140/p566213.png
31671,Steven Benda,,Germany,https://resources.premierleague.com/premierleague/photos/players/110x140/p428971.png
49908,Sven Botman,2000-01-12,Netherlands,https://resources.premierleague.com/premierleague/photos/players/110x140/p220237.png
146337,Sverre Nypan,2006-12-19,Norway,https://resources.premierleague.com/premierleague/photos/players/110x140/p566164.png
3600,Séamus Coleman,1988-10-11,Ireland,https://resources.premierleague.com/premierleague/photos/players/110x140/p59949.png
135746,TJ Carroll,2007-03-22,England,https://resources.premierleague.com/premierleague/photos/players/110x140/p618027.png
15340,Taiwo Awoniyi,1997-08-12,Nigeria,https://resources.premierleague.com/premierleague/photos/players/110x140/p210156.png
115169,Takehiro Tomiyasu,,Japan,
331630,Talla Ndiaye,2008-01-06,Senegal,https://resources.premierleague.com/premierleague/photos/players/110x140/p718875.png
13286,Tammy Abraham,1997-10-02,England,https://resources.premierleague.com/premierleague/photos/players/110x140/p173879.png
23704,Tariq Lamptey,,Ghana,https://resources.premierleague.com/premierleague/photos/players/110x140/p232792.png
69766,Tawanda Chirewa,,Zimbabwe,https://resources.premierleague.com/premierleague/photos/players/110x140/p497606.png
72541,Tayo Adaramola,,Ireland,
112377,Ted Curd,,England,
70241,Teddy Sharman-Lowe,2003-03-30,England,https://resources.premierleague.com/premierleague/photos/players/110x140/p499857.png
107819,Temple Ojinnaka,,Italy,https://resources.premierleague.com/premierleague/photos/players/110x140/p514362.png
143922,Thierno Barry,2002-10-21,France,https://resources.premierleague.com/premierleague/photos/players/110x140/p586309.png
123557,Thierry Katsukunya,,Wales,
4936,Thomas Partey,,Ghana,
26335,Tijjani Reijnders,1998-07-29,Netherlands,https://resources.premierleague.com/premierleague/photos/players/110x140/p433036.png
66538,Tim Iroegbunam,2003-06-30,England,https://resources.premierleague.com/premierleague/photos/players/110x140/p490094.png
23599,Timo Werner,,Germany,
6712,Timothy Castagne,1995-12-05,Belgium,https://resources.premierleague.com/premierleague/photos/players/110x140/p166477.png
68210,Timothée Pembélé,,France,https://resources.premierleague.com/premierleague/photos/players/110x140/p465702.png
49495,Tino Livramento,2002-11-12,England,https://resources.premierleague.com/premierleague/photos/players/110x140/p441191.png
67221,Toby Collyer,,England,https://resources.premierleague.com/premierleague/photos/players/110x140/p490881.png
115371,Tolu Arokodare,2000-11-23,Nigeria,https://resources.premierleague.com/premierleague/photos/players/110x140/p488213.png
3894,Tom Cairney,1991-01-20,Scotland,https://resources.premierleague.com/premierleague/photos/players/110x140/p76357.png
129740,Tom Edozie,2006-05-18,England,https://resources.premierleague.com/premierleague/photos/players/110x140/p596054.png
2933,Tom Heaton,1986-04-15,England,https://resources.premierleague.com/premierleague/photos/players/110x140/p21205.png
10801,Tom King,1995-03-09,Wales,https://resources.premierleague.com/premierleague/photos/players/110x140/p138001.png
119613,Tom Lavery,,England,
20961,Tom McGill,2000-03-25,Canada,https://resources.premierleague.com/premierleague/photos/players/110x140/p209288.png
140370,Tom Tweedy,,Wales,
117758,Tom Watson,,England,https://resources.premierleague.com/premierleague/photos/players/110x140/p549074.png
117447,Tomas Galvez,2005-01-28,Finland,
107844,Tommi O'Reilly,2003-12-15,England,
122155,Tommy McDermott,,England,
112473,Tommy Pilling,2004-09-14,England,
119036,Tommy Setford,2006-03-13,England,https://resources.premierleague.com/premierleague/photos/players/110x140/p551221.png
25183,Tomás Soucek,1995-02-27,Czech Republic,https://resources.premierleague.com/premierleague/photos/players/110x140/p215439.png
13549,Tosin Adarabioyo,1997-09-24,England,https://resources.premierleague.com/premierleague/photos/players/110x140/p109646.png
92635,Toti Gomes,1999-01-16,Portugal,https://resources.premierleague.com/premierleague/photos/players/110x140/p510362.png
122126,Trai Hume,2002-03-18,Northern Ireland,https://resources.premierleague.com/premierleague/photos/players/110x140/p487676.png
128733,Travis Hernes,,Norway,
114058,Travis Patterson,,England,https://resources.premierleague.com/premierleague/photos/players/110x140/p534836.png
14732,Trent Alexander-Arnold,,England,
127797,Trent Koné-Doherty,,Ireland,
132727,Trevan Sanusi,,England,
14575,Trevoh Chalobah,1999-07-05,England,https://resources.premierleague.com/premierleague/photos/players/110x140/p180736.png
130665,Trey Nyoni,2007-06-30,England,https://resources.premierleague.com/premierleague/photos/players/110x140/p591386.png
135233,Trey Ogunsuyi,,Belgium,
124179,Triston Rowe,,England,https://resources.premierleague.com/premierleague/photos/players/110x140/p569577.png
283102,Tye Hall,2007-10-01,England,
42894,Tyler Adams,1999-02-14,United States,https://resources.premierleague.com/premierleague/photos/players/110x140/p200785.png
138105,Tyler Bindon,,New Zealand,
112917,Tyler Dibling,2006-02-17,England,https://resources.premierleague.com/premierleague/photos/players/110x140/p496661.png
133650,Tyler Fletcher,2007-03-19,Scotland,https://resources.premierleague.com/premierleague/photos/players/110x140/p519913.png
117564,Tyler Fredricson,2005-02-23,England,https://resources.premierleague.com/premierleague/photos/players/110x140/p547676.png
51574,Tyler Morton,,England,https://resources.premierleague.com/premierleague/photos/players/110x140/p440148.png
51510,Tyler Onyango,,England,https://resources.premierleague.com/premierleague/photos/players/110x140/p461446.png
135764,Tymur Tutierov,,Ukraine,https://resources.premierleague.com/premierleague/photos/players/110x140/p604211.png
145986,Tynan Thompson,2008-04-17,England,
75249,Tyrell Ashcroft,,England,
23581,Tyrell Malacia,1999-08-17,Netherlands,https://resources.premierleague.com/premierleague/photos/players/110x140/p222690.png
24334,Tyrick Mitchell,1999-09-01,England,https://resources.premierleague.com/premierleague/photos/players/110x140/p244723.png
118442,Tyrique George,2006-02-04,England,https://resources.premierleague.com/premierleague/photos/players/110x140/p550615.png
8900,Tyrone Mings,1993-03-13,England,https://resources.premierleague.com/premierleague/photos/players/110x140/p149484.png
143734,Tyrone Samba,2007-12-31,England,
120417,Valentín Barco,,Argentina,
63257,Valentín Castellanos,1998-10-03,Argentina,https://resources.premierleague.com/premierleague/photos/players/110x140/p247670.png
140546,Veljko Milosavljevic,2007-06-28,Serbia,https://resources.premierleague.com/premierleague/photos/players/110x140/p620487.png
5066,Victor Lindelöf,1994-07-17,Sweden,https://resources.premierleague.com/premierleague/photos/players/110x140/p184667.png
32728,Viktor Gyökeres,1998-06-04,Sweden,https://resources.premierleague.com/premierleague/photos/players/110x140/p224117.png
5140,Virgil van Dijk,1991-07-08,Netherlands,https://resources.premierleague.com/premierleague/photos/players/110x140/p97032.png
24983,Vitalii Mykolenko,1999-05-29,Ukraine,https://resources.premierleague.com/premierleague/photos/players/110x140/p224967.png
23194,Vitaly Janelt,1998-05-10,Germany,https://resources.premierleague.com/premierleague/photos/players/110x140/p204580.png
302583,Vitor Reis,,Brazil,https://resources.premierleague.com/premierleague/photos/players/110x140/p616222.png
7336,Vladimír Coufal,,Czech Republic,
16169,Václav Hladky,1990-11-14,Czech Republic,https://resources.premierleague.com/premierleague/photos/players/110x140/p51943.png
24807,Vítezslav Jaros,,Czech Republic,
20497,Walter Benítez,1993-01-19,Argentina,https://resources.premierleague.com/premierleague/photos/players/110x140/p121709.png
43586,Wataru Endo,1993-02-09,Japan,https://resources.premierleague.com/premierleague/photos/players/110x140/p158983.png
2569,Wayne Hennessey,,Wales,
117584,Wellity Lucky,2006-01-12,Spain,https://resources.premierleague.com/premierleague/photos/players/110x140/p519440.png
3881,Wes Foderingham,,England,https://resources.premierleague.com/premierleague/photos/players/110x140/p82143.png
135120,Wes Okoduwa,,England,
66284,Wesley Fofana,2000-12-17,France,https://resources.premierleague.com/premierleague/photos/players/110x140/p444463.png
68676,Wilfried Gnonto,2003-11-05,Italy,https://resources.premierleague.com/premierleague/photos/players/110x140/p492859.png
53093,Will Dennis,,England,https://resources.premierleague.com/premierleague/photos/players/110x140/p444172.png
8589,Will Hughes,1995-04-17,England,https://resources.premierleague.com/premierleague/photos/players/110x140/p108413.png
119462,Will Lankshear,,England,https://resources.premierleague.com/premierleague/photos/players/110x140/p552427.png
134586,Will Murdock,,Northern Ireland,
301543,Will Wright,2008-01-01,England,https://resources.premierleague.com/premierleague/photos/players/110x140/p677945.png
114590,William Osula,2003-08-04,Denmark,https://resources.premierleague.com/premierleague/photos/players/110x140/p538207.png
66204,William Saliba,2001-03-24,France,https://resources.premierleague.com/premierleague/photos/players/110x140/p462424.png
4748,Willian,,Brazil,
16204,Willy Boly,1991-02-03,Cote D’Ivoire,https://resources.premierleague.com/premierleague/photos/players/110x140/p90585.png
52989,Wilson Isidor,2000-08-27,Haiti,https://resources.premierleague.com/premierleague/photos/players/110x140/p437505.png
118579,Wilson Odobert,2004-11-28,France,https://resources.premierleague.com/premierleague/photos/players/110x140/p550839.png
69274,Xavi Simons,2003-04-21,Netherlands,https://resources.premierleague.com/premierleague/photos/players/110x140/p493362.png
78211,Yan Couto,,Brazil,
147508,Yang Min-Hyeok,,South Korea,https://resources.premierleague.com/premierleague/photos/players/110x140/p623095.png
136175,Yankuba Minteh,2004-07-22,Gambia,https://resources.premierleague.com/premierleague/photos/players/110x140/p592031.png
134333,Yasin Ayari,2003-10-06,Sweden,https://resources.premierleague.com/premierleague/photos/players/110x140/p509416.png
127401,Yasin Özcan,,Turkiye,https://resources.premierleague.com/premierleague/photos/players/110x140/p587178.png
128891,Yehor Yarmoliuk,2004-03-01,Ukraine,https://resources.premierleague.com/premierleague/photos/players/110x140/p508395.png
115114,Yerson Mosquera,2001-05-02,Colombia,https://resources.premierleague.com/premierleague/photos/players/110x140/p501837.png
117497,Yoane Wissa,1996-09-03,DR Congo,https://resources.premierleague.com/premierleague/photos/players/110x140/p216646.png
147506,Yoon Do-young,,South Korea,
5865,Youri Tielemans,1997-05-07,Belgium,https://resources.premierleague.com/premierleague/photos/players/110x140/p166989.png
119034,Youssef Chermiti,,Portugal,https://resources.premierleague.com/premierleague/photos/players/110x140/p491012.png
144265,Yunus Konak,,Turkiye,https://resources.premierleague.com/premierleague/photos/players/110x140/p628204.png
127847,Yusuf Akhamrich,,Morocco,https://resources.premierleague.com/premierleague/photos/players/110x140/p590035.png
50245,Yves Bissouma,1996-08-30,Mali,https://resources.premierleague.com/premierleague/photos/players/110x140/p227127.png
109117,Yéremy Pino,2002-10-20,Spain,https://resources.premierleague.com/premierleague/photos/players/110x140/p488024.png
117754,Zach Abbott,2006-05-13,England,https://resources.premierleague.com/premierleague/photos/players/110x140/p549067.png
124846,Zach Marsh,2005-10-06,England,https://resources.premierleague.com/premierleague/photos/players/110x140/p576980.png
112378,Zain Silcott-Duberry,,England,https://resources.premierleague.com/premierleague/photos/players/110x140/p530121.png
107812,Zak Johnson,2004-07-30,England,https://resources.premierleague.com/premierleague/photos/players/110x140/p514613.png
66222,Zan-Luk Leban,,Slovenia,
128449,Zeki Amdouni,2000-12-04,Switzerland,https://resources.premierleague.com/premierleague/photos/players/110x140/p492831.png
75735,Zian Flemming,1998-08-01,Netherlands,https://resources.premierleague.com/premierleague/photos/players/110x140/p431639.png
128372,Zyan Blake,2007-11-13,England,
119381,Álex Jiménez,2005-05-08,Spain,https://resources.premierleague.com/premierleague/photos/players/110x140/p551483.png
37221,Álex Moreno,,Spain,https://resources.premierleague.com/premierleague/photos/players/110x140/p106468.png
303753,Ármin Pécsi,2005-02-24,Hungary,https://resources.premierleague.com/premierleague/photos/players/110x140/p586268.png
