match_event_id,fixture_id,season_id,team_id,event_type,scorer_player_id,assist_player_id,own_goal_player_id,carded_player_id,player_on_id,player_off_id,minute,minute_display,is_stoppage_time,ingested_at,updated_at
124791_0,124791,777,127,yellow,,,,13706,,,14,14,False,2026-08-29 17:04:49.497952+00:00,2026-08-29 17:04:49.497952+00:00
124791_1,124791,777,10,goal,81542,63633,,,,,37,37,False,2026-08-29 17:04:49.497952+00:00,2026-08-29 17:04:49.497952+00:00
124791_2,124791,777,10,yellow,,,,116665,,,43,43,False,2026-08-29 17:04:49.497952+00:00,2026-08-29 17:04:49.497952+00:00
124791_3,124791,777,10,goal,32894,81542,,,,,49,49,False,2026-08-29 17:04:49.497952+00:00,2026-08-29 17:04:49.497952+00:00
124791_4,124791,777,10,substitution,,,,,10458,116665,60,60,False,2026-08-29 17:04:49.497952+00:00,2026-08-29 17:04:49.497952+00:00
124791_5,124791,777,10,substitution,,,,,43586,19919,60,60,False,2026-08-29 17:04:49.497952+00:00,2026-08-29 17:04:49.497952+00:00
124791_6,124791,777,127,goal,25474,13706,,,,,64,64,False,2026-08-29 17:04:49.497952+00:00,2026-08-29 17:04:49.497952+00:00
124791_7,124791,777,10,substitution,,,,,10651,81542,72,72,False,2026-08-29 17:04:49.497952+00:00,2026-08-29 17:04:49.497952+00:00
124791_8,124791,777,10,substitution,,,,,23815,63633,72,72,False,2026-08-29 17:04:49.497952+00:00,2026-08-29 17:04:49.497952+00:00
124791_9,124791,777,127,substitution,,,,,63553,74976,74,74,False,2026-08-29 17:04:49.497952+00:00,2026-08-29 17:04:49.497952+00:00
124791_10,124791,777,127,goal,25474,63553,,,,,76,76,False,2026-08-29 17:04:49.497952+00:00,2026-08-29 17:04:49.497952+00:00
124791_11,124791,777,127,yellow,,,,33032,,,81,81,False,2026-08-29 17:04:49.497952+00:00,2026-08-29 17:04:49.497952+00:00
124791_12,124791,777,10,substitution,,,,,15802,75382,82,82,False,2026-08-29 17:04:49.497952+00:00,2026-08-29 17:04:49.497952+00:00
124791_13,124791,777,127,substitution,,,,,133123,13706,84,84,False,2026-08-29 17:04:49.497952+00:00,2026-08-29 17:04:49.497952+00:00
124791_14,124791,777,10,goal,15802,,,,,,88,88,False,2026-08-29 17:04:49.497952+00:00,2026-08-29 17:04:49.497952+00:00
124791_15,124791,777,127,substitution,,,,,51942,3512,90,90,False,2026-08-29 17:04:49.497952+00:00,2026-08-29 17:04:49.497952+00:00
124791_16,124791,777,127,substitution,,,,,137832,42894,91,90+1',True,2026-08-29 17:04:49.497952+00:00,2026-08-29 17:04:49.497952+00:00
124791_17,124791,777,10,goal,5178,43586,,,,,94,90+4',True,2026-08-29 17:04:49.497952+00:00,2026-08-29 17:04:49.497952+00:00
124792_0,124792,777,23,yellow,,,,20607,,,45,45,False,2026-08-29 17:04:49.497952+00:00,2026-08-29 17:04:49.497952+00:00
124792_1,124792,777,2,yellow,,,,25067,,,58,58,False,2026-08-29 17:04:49.497952+00:00,2026-08-29 17:04:49.497952+00:00
124792_2,124792,777,2,red,,,,13274,,,66,66,False,2026-08-29 17:04:49.497952+00:00,2026-08-29 17:04:49.497952+00:00
124792_3,124792,777,23,substitution,,,,,9662,49259,78,78,False,2026-08-29 17:04:49.497952+00:00,2026-08-29 17:04:49.497952+00:00
124792_4,124792,777,23,substitution,,,,,117647,20607,83,83,False,2026-08-29 17:04:49.497952+00:00,2026-08-29 17:04:49.497952+00:00
124792_5,124792,777,2,substitution,,,,,14456,51423,84,84,False,2026-08-29 17:04:49.497952+00:00,2026-08-29 17:04:49.497952+00:00
124792_6,124792,777,23,substitution,,,,,114590,14716,90,90,False,2026-08-29 17:04:49.497952+00:00,2026-08-29 17:04:49.497952+00:00
124793_0,124793,777,34,yellow,,,,23793,,,31,31,False,2026-08-29 17:04:49.497952+00:00,2026-08-29 17:04:49.497952+00:00
124793_1,124793,777,131,penalty goal,14671,,,,,,55,55,False,2026-08-29 17:04:49.497952+00:00,2026-08-29 17:04:49.497952+00:00
124793_2,124793,777,131,yellow,,,,117732,,,60,60,False,2026-08-29 17:04:49.497952+00:00,2026-08-29 17:04:49.497952+00:00
124793_3,124793,777,34,substitution,,,,,3894,21614,66,66,False,2026-08-29 17:04:49.497952+00:00,2026-08-29 17:04:49.497952+00:00
124793_4,124793,777,34,substitution,,,,,4979,4717,66,66,False,2026-08-29 17:04:49.497952+00:00,2026-08-29 17:04:49.497952+00:00
124793_5,124793,777,34,substitution,,,,,117763,11071,66,66,False,2026-08-29 17:04:49.497952+00:00,2026-08-29 17:04:49.497952+00:00
124793_6,124793,777,131,substitution,,,,,3452,51830,69,69,False,2026-08-29 17:04:49.497952+00:00,2026-08-29 17:04:49.497952+00:00
124793_7,124793,777,131,substitution,,,,,50727,136175,69,69,False,2026-08-29 17:04:49.497952+00:00,2026-08-29 17:04:49.497952+00:00
124793_8,124793,777,131,substitution,,,,,143240,124396,69,69,False,2026-08-29 17:04:49.497952+00:00,2026-08-29 17:04:49.497952+00:00
124793_9,124793,777,131,yellow,,,,50727,,,73,73,False,2026-08-29 17:04:49.497952+00:00,2026-08-29 17:04:49.497952+00:00
124793_10,124793,777,34,substitution,,,,,14445,128976,77,77,False,2026-08-29 17:04:49.497952+00:00,2026-08-29 17:04:49.497952+00:00
124793_11,124793,777,131,yellow,,,,143240,,,78,78,False,2026-08-29 17:04:49.497952+00:00,2026-08-29 17:04:49.497952+00:00
124793_12,124793,777,131,substitution,,,,,134176,117732,83,83,False,2026-08-29 17:04:49.497952+00:00,2026-08-29 17:04:49.497952+00:00
124793_13,124793,777,34,substitution,,,,,6712,35752,84,84,False,2026-08-29 17:04:49.497952+00:00,2026-08-29 17:04:49.497952+00:00
124793_14,124793,777,131,substitution,,,,,2100,14671,88,88,False,2026-08-29 17:04:49.497952+00:00,2026-08-29 17:04:49.497952+00:00
124793_15,124793,777,34,yellow,,,,3894,,,93,90+3',True,2026-08-29 17:04:49.497952+00:00,2026-08-29 17:04:49.497952+00:00
124793_16,124793,777,34,goal,117763,,,,,,97,90+7',True,2026-08-29 17:04:49.497952+00:00,2026-08-29 17:04:49.497952+00:00
124793_17,124793,777,34,yellow,,,,117763,,,98,90+8',True,2026-08-29 17:04:49.497952+00:00,2026-08-29 17:04:49.497952+00:00
124794_0,124794,777,15,goal,3756,,,,,,6,6,False,2026-08-29 17:04:49.497952+00:00,2026-08-29 17:04:49.497952+00:00
124794_1,124794,777,15,goal,50623,15259,,,,,42,42,False,2026-08-29 17:04:49.497952+00:00,2026-08-29 17:04:49.497952+00:00
124794_2,124794,777,15,goal,3756,51593,,,,,47,45+2',True,2026-08-29 17:04:49.497952+00:00,2026-08-29 17:04:49.497952+00:00
124794_3,124794,777,130,substitution,,,,,127594,115336,46,46,False,2026-08-29 17:04:49.497952+00:00,2026-08-29 17:04:49.497952+00:00
124794_4,124794,777,130,yellow,,,,24659,,,52,52,False,2026-08-29 17:04:49.497952+00:00,2026-08-29 17:04:49.497952+00:00
124794_5,124794,777,15,yellow,,,,23811,,,53,53,False,2026-08-29 17:04:49.497952+00:00,2026-08-29 17:04:49.497952+00:00
124794_6,124794,777,130,substitution,,,,,3712,49726,69,69,False,2026-08-29 17:04:49.497952+00:00,2026-08-29 17:04:49.497952+00:00
124794_7,124794,777,130,substitution,,,,,108612,24369,69,69,False,2026-08-29 17:04:49.497952+00:00,2026-08-29 17:04:49.497952+00:00
124794_8,124794,777,130,penalty goal,124052,,,,,,78,78,False,2026-08-29 17:04:49.497952+00:00,2026-08-29 17:04:49.497952+00:00
124794_9,124794,777,15,substitution,,,,,304123,3756,79,79,False,2026-08-29 17:04:49.497952+00:00,2026-08-29 17:04:49.497952+00:00
124794_10,124794,777,15,substitution,,,,,133025,50623,80,80,False,2026-08-29 17:04:49.497952+00:00,2026-08-29 17:04:49.497952+00:00
124794_11,124794,777,15,substitution,,,,,14238,15259,84,84,False,2026-08-29 17:04:49.497952+00:00,2026-08-29 17:04:49.497952+00:00
124794_12,124794,777,130,substitution,,,,,115166,10947,88,88,False,2026-08-29 17:04:49.497952+00:00,2026-08-29 17:04:49.497952+00:00
124794_13,124794,777,130,yellow,,,,115166,,,90,90,False,2026-08-29 17:04:49.497952+00:00,2026-08-29 17:04:49.497952+00:00
124795_0,124795,777,29,substitution,,,,,66659,110430,53,53,False,2026-08-29 17:04:49.497952+00:00,2026-08-29 17:04:49.497952+00:00
124795_1,124795,777,29,goal,126920,66659,,,,,61,61,False,2026-08-29 17:04:49.497952+00:00,2026-08-29 17:04:49.497952+00:00
124795_2,124795,777,25,yellow,,,,13522,,,70,70,False,2026-08-29 17:04:49.497952+00:00,2026-08-29 17:04:49.497952+00:00
124795_3,124795,777,25,substitution,,,,,8454,40159,71,71,False,2026-08-29 17:04:49.497952+00:00,2026-08-29 17:04:49.497952+00:00
124795_4,124795,777,25,substitution,,,,,25183,4617,71,71,False,2026-08-29 17:04:49.497952+00:00,2026-08-29 17:04:49.497952+00:00
124795_5,124795,777,29,goal,19864,,,,,,73,73,False,2026-08-29 17:04:49.497952+00:00,2026-08-29 17:04:49.497952+00:00
124795_6,124795,777,29,substitution,,,,,52989,126920,76,76,False,2026-08-29 17:04:49.497952+00:00,2026-08-29 17:04:49.497952+00:00
124795_7,124795,777,29,substitution,,,,,138104,126317,76,76,False,2026-08-29 17:04:49.497952+00:00,2026-08-29 17:04:49.497952+00:00
124795_8,124795,777,25,substitution,,,,,136505,63656,82,82,False,2026-08-29 17:04:49.497952+00:00,2026-08-29 17:04:49.497952+00:00
124795_9,124795,777,29,goal,52989,118633,,,,,92,90+2',True,2026-08-29 17:04:49.497952+00:00,2026-08-29 17:04:49.497952+00:00
124795_10,124795,777,29,substitution,,,,,119614,118633,93,90+3',True,2026-08-29 17:04:49.497952+00:00,2026-08-29 17:04:49.497952+00:00
124796_0,124796,777,21,goal,24630,51364,,,,,10,10,False,2026-08-29 17:04:49.497952+00:00,2026-08-29 17:04:49.497952+00:00
124796_1,124796,777,21,goal,24630,51364,,,,,60,60,False,2026-08-29 17:04:49.497952+00:00,2026-08-29 17:04:49.497952+00:00
124796_2,124796,777,43,substitution,,,,,19831,68593,63,63,False,2026-08-29 17:04:49.497952+00:00,2026-08-29 17:04:49.497952+00:00
124796_3,124796,777,43,substitution,,,,,74960,8127,63,63,False,2026-08-29 17:04:49.497952+00:00,2026-08-29 17:04:49.497952+00:00
124796_4,124796,777,21,goal,49374,117318,,,,,66,66,False,2026-08-29 17:04:49.497952+00:00,2026-08-29 17:04:49.497952+00:00
124796_5,124796,777,21,substitution,,,,,22802,117596,71,71,False,2026-08-29 17:04:49.497952+00:00,2026-08-29 17:04:49.497952+00:00
124796_6,124796,777,21,substitution,,,,,10443,24630,72,72,False,2026-08-29 17:04:49.497952+00:00,2026-08-29 17:04:49.497952+00:00
124796_7,124796,777,43,substitution,,,,,74964,128643,74,74,False,2026-08-29 17:04:49.497952+00:00,2026-08-29 17:04:49.497952+00:00
124796_8,124796,777,43,substitution,,,,,75735,64282,74,74,False,2026-08-29 17:04:49.497952+00:00,2026-08-29 17:04:49.497952+00:00
124796_9,124796,777,21,substitution,,,,,19858,133603,80,80,False,2026-08-29 17:04:49.497952+00:00,2026-08-29 17:04:49.497952+00:00
124796_10,124796,777,21,substitution,,,,,118579,49374,80,80,False,2026-08-29 17:04:49.497952+00:00,2026-08-29 17:04:49.497952+00:00
124796_11,124796,777,21,substitution,,,,,76614,51364,85,85,False,2026-08-29 17:04:49.497952+00:00,2026-08-29 17:04:49.497952+00:00
124796_12,124796,777,43,substitution,,,,,15139,50460,85,85,False,2026-08-29 17:04:49.497952+00:00,2026-08-29 17:04:49.497952+00:00
124797_0,124797,777,11,goal,65970,99281,,,,,34,34,False,2026-08-29 17:04:49.497952+00:00,2026-08-29 17:04:49.497952+00:00
124797_1,124797,777,11,goal,26335,66657,,,,,37,37,False,2026-08-29 17:04:49.497952+00:00,2026-08-29 17:04:49.497952+00:00
124797_2,124797,777,11,yellow,,,,26335,,,54,54,False,2026-08-29 17:04:49.497952+00:00,2026-08-29 17:04:49.497952+00:00
124797_3,124797,777,11,goal,65970,26335,,,,,61,61,False,2026-08-29 17:04:49.497952+00:00,2026-08-29 17:04:49.497952+00:00
124797_4,124797,777,11,substitution,,,,,76204,99281,66,66,False,2026-08-29 17:04:49.497952+00:00,2026-08-29 17:04:49.497952+00:00
124797_5,124797,777,11,substitution,,,,,76216,54156,66,66,False,2026-08-29 17:04:49.497952+00:00,2026-08-29 17:04:49.497952+00:00
124797_6,124797,777,11,substitution,,,,,112948,5067,66,66,False,2026-08-29 17:04:49.497952+00:00,2026-08-29 17:04:49.497952+00:00
124797_7,124797,777,38,yellow,,,,4229,,,67,67,False,2026-08-29 17:04:49.497952+00:00,2026-08-29 17:04:49.497952+00:00
124797_8,124797,777,38,substitution,,,,,66692,136815,72,72,False,2026-08-29 17:04:49.497952+00:00,2026-08-29 17:04:49.497952+00:00
124797_9,124797,777,38,substitution,,,,,303861,143214,72,72,False,2026-08-29 17:04:49.497952+00:00,2026-08-29 17:04:49.497952+00:00
124797_10,124797,777,11,substitution,,,,,68150,65970,73,73,False,2026-08-29 17:04:49.497952+00:00,2026-08-29 17:04:49.497952+00:00
124797_11,124797,777,38,substitution,,,,,108947,52951,73,73,False,2026-08-29 17:04:49.497952+00:00,2026-08-29 17:04:49.497952+00:00
124797_12,124797,777,38,substitution,,,,,143218,126108,73,73,False,2026-08-29 17:04:49.497952+00:00,2026-08-29 17:04:49.497952+00:00
124797_13,124797,777,11,goal,68150,,,,,,81,81,False,2026-08-29 17:04:49.497952+00:00,2026-08-29 17:04:49.497952+00:00
124797_14,124797,777,11,yellow,,,,112948,,,81,81,False,2026-08-29 17:04:49.497952+00:00,2026-08-29 17:04:49.497952+00:00
124797_15,124797,777,11,substitution,,,,,137371,4505,82,82,False,2026-08-29 17:04:49.497952+00:00,2026-08-29 17:04:49.497952+00:00
124797_16,124797,777,38,substitution,,,,,20337,35670,82,82,False,2026-08-29 17:04:49.497952+00:00,2026-08-29 17:04:49.497952+00:00
124798_0,124798,777,6,goal,21584,,,,,,13,13,False,2026-08-29 17:04:49.497952+00:00,2026-08-29 17:04:49.497952+00:00
124798_1,124798,777,4,yellow,,,,14571,,,24,24,False,2026-08-29 17:04:49.497952+00:00,2026-08-29 17:04:49.497952+00:00
124798_2,124798,777,6,yellow,,,,76353,,,28,28,False,2026-08-29 17:04:49.497952+00:00,2026-08-29 17:04:49.497952+00:00
124798_3,124798,777,6,yellow,,,,20874,,,33,33,False,2026-08-29 17:04:49.497952+00:00,2026-08-29 17:04:49.497952+00:00
124798_4,124798,777,6,yellow,,,,8589,,,49,49,False,2026-08-29 17:04:49.497952+00:00,2026-08-29 17:04:49.497952+00:00
124798_5,124798,777,4,substitution,,,,,304474,68583,54,54,False,2026-08-29 17:04:49.497952+00:00,2026-08-29 17:04:49.497952+00:00
124798_6,124798,777,6,substitution,,,,,37776,8589,70,70,False,2026-08-29 17:04:49.497952+00:00,2026-08-29 17:04:49.497952+00:00
124798_7,124798,777,4,substitution,,,,,51813,72371,73,73,False,2026-08-29 17:04:49.497952+00:00,2026-08-29 17:04:49.497952+00:00
124798_8,124798,777,4,yellow,,,,304474,,,74,74,False,2026-08-29 17:04:49.497952+00:00,2026-08-29 17:04:49.497952+00:00
124798_9,124798,777,4,substitution,,,,,68827,14571,79,79,False,2026-08-29 17:04:49.497952+00:00,2026-08-29 17:04:49.497952+00:00
124798_10,124798,777,4,substitution,,,,,133245,63741,79,79,False,2026-08-29 17:04:49.497952+00:00,2026-08-29 17:04:49.497952+00:00
124798_11,124798,777,6,substitution,,,,,138981,21584,84,84,False,2026-08-29 17:04:49.497952+00:00,2026-08-29 17:04:49.497952+00:00
124799_0,124799,777,1,goal,69914,,,,,,13,13,False,2026-08-29 17:04:49.497952+00:00,2026-08-29 17:04:49.497952+00:00
124799_1,124799,777,1,yellow,,,,69914,,,42,42,False,2026-08-29 17:04:49.497952+00:00,2026-08-29 17:04:49.497952+00:00
124799_2,124799,777,12,substitution,,,,,69176,24252,55,55,False,2026-08-29 17:04:49.497952+00:00,2026-08-29 17:04:49.497952+00:00
124799_3,124799,777,1,substitution,,,,,20810,32728,60,60,False,2026-08-29 17:04:49.497952+00:00,2026-08-29 17:04:49.497952+00:00
124799_4,124799,777,1,substitution,,,,,67407,66104,60,60,False,2026-08-29 17:04:49.497952+00:00,2026-08-29 17:04:49.497952+00:00
124799_5,124799,777,12,substitution,,,,,66036,14580,65,65,False,2026-08-29 17:04:49.497952+00:00,2026-08-29 17:04:49.497952+00:00
124799_6,124799,777,12,substitution,,,,,118031,5793,65,65,False,2026-08-29 17:04:49.497952+00:00,2026-08-29 17:04:49.497952+00:00
124799_7,124799,777,1,substitution,,,,,67776,14548,71,71,False,2026-08-29 17:04:49.497952+00:00,2026-08-29 17:04:49.497952+00:00
124799_8,124799,777,1,substitution,,,,,114564,69914,72,72,False,2026-08-29 17:04:49.497952+00:00,2026-08-29 17:04:49.497952+00:00
124799_9,124799,777,12,substitution,,,,,9566,4608,80,80,False,2026-08-29 17:04:49.497952+00:00,2026-08-29 17:04:49.497952+00:00
124799_10,124799,777,1,substitution,,,,,19778,15202,83,83,False,2026-08-29 17:04:49.497952+00:00,2026-08-29 17:04:49.497952+00:00
124799_11,124799,777,1,yellow,,,,7975,,,85,85,False,2026-08-29 17:04:49.497952+00:00,2026-08-29 17:04:49.497952+00:00
124799_12,124799,777,12,yellow,,,,146567,,,85,85,False,2026-08-29 17:04:49.497952+00:00,2026-08-29 17:04:49.497952+00:00
124799_13,124799,777,1,yellow,,,,67776,,,91,90+1',True,2026-08-29 17:04:49.497952+00:00,2026-08-29 17:04:49.497952+00:00
124799_14,124799,777,1,yellow,,,,114564,,,93,90+3',True,2026-08-29 17:04:49.497952+00:00,2026-08-29 17:04:49.497952+00:00
124800_0,124800,777,7,yellow,,,,66538,,,56,56,False,2026-08-29 17:04:49.497952+00:00,2026-08-29 17:04:49.497952+00:00
124800_1,124800,777,7,yellow,,,,133612,,,63,63,False,2026-08-29 17:04:49.497952+00:00,2026-08-29 17:04:49.497952+00:00
124800_2,124800,777,9,substitution,,,,,63289,68676,67,67,False,2026-08-29 17:04:49.497952+00:00,2026-08-29 17:04:49.497952+00:00
124800_3,124800,777,7,substitution,,,,,4260,66538,71,71,False,2026-08-29 17:04:49.497952+00:00,2026-08-29 17:04:49.497952+00:00
124800_4,124800,777,9,substitution,,,,,13797,,78,78,False,2026-08-29 17:04:49.497952+00:00,2026-08-29 17:04:49.497952+00:00
124800_5,124800,777,9,substitution,,,,,14807,50643,78,78,False,2026-08-29 17:04:49.497952+00:00,2026-08-29 17:04:49.497952+00:00
124800_6,124800,777,9,substitution,,,,,115255,19731,78,78,False,2026-08-29 17:04:49.497952+00:00,2026-08-29 17:04:49.497952+00:00
124800_7,124800,777,9,penalty goal,14807,,,,,,84,84,False,2026-08-29 17:04:49.497952+00:00,2026-08-29 17:04:49.497952+00:00
124800_8,124800,777,7,substitution,,,,,143922,133612,86,86,False,2026-08-29 17:04:49.497952+00:00,2026-08-29 17:04:49.497952+00:00
124800_9,124800,777,9,substitution,,,,,14897,126426,94,90+4',True,2026-08-29 17:04:49.497952+00:00,2026-08-29 17:04:49.497952+00:00
124801_0,124801,777,9,yellow,,,,14608,,,9,9,False,2026-08-29 17:04:49.497952+00:00,2026-08-29 17:04:49.497952+00:00
124801_1,124801,777,1,goal,67776,15202,,,,,34,34,False,2026-08-29 17:04:49.497952+00:00,2026-08-29 17:04:49.497952+00:00
124801_2,124801,777,1,substitution,,,,,114566,11419,38,38,False,2026-08-29 17:04:49.497952+00:00,2026-08-29 17:04:49.497952+00:00
124801_3,124801,777,1,goal,49481,67776,,,,,46,45+1',True,2026-08-29 17:04:49.497952+00:00,2026-08-29 17:04:49.497952+00:00
124801_4,124801,777,1,goal,32728,69914,,,,,48,48,False,2026-08-29 17:04:49.497952+00:00,2026-08-29 17:04:49.497952+00:00
124801_5,124801,777,1,substitution,,,,,20486,49481,53,53,False,2026-08-29 17:04:49.497952+00:00,2026-08-29 17:04:49.497952+00:00
124801_6,124801,777,1,goal,67776,69914,,,,,56,56,False,2026-08-29 17:04:49.497952+00:00,2026-08-29 17:04:49.497952+00:00
124801_7,124801,777,9,substitution,,,,,14807,50643,58,58,False,2026-08-29 17:04:49.497952+00:00,2026-08-29 17:04:49.497952+00:00
124801_8,124801,777,9,substitution,,,,,14897,126426,58,58,False,2026-08-29 17:04:49.497952+00:00,2026-08-29 17:04:49.497952+00:00
124801_9,124801,777,1,substitution,,,,,114564,69914,64,64,False,2026-08-29 17:04:49.497952+00:00,2026-08-29 17:04:49.497952+00:00
124801_10,124801,777,1,substitution,,,,,119476,67776,64,64,False,2026-08-29 17:04:49.497952+00:00,2026-08-29 17:04:49.497952+00:00
124801_11,124801,777,1,substitution,,,,,141181,67407,64,64,False,2026-08-29 17:04:49.497952+00:00,2026-08-29 17:04:49.497952+00:00
124801_12,124801,777,9,substitution,,,,,33162,68676,66,66,False,2026-08-29 17:04:49.497952+00:00,2026-08-29 17:04:49.497952+00:00
124801_13,124801,777,9,substitution,,,,,63289,13797,66,66,False,2026-08-29 17:04:49.497952+00:00,2026-08-29 17:04:49.497952+00:00
124801_14,124801,777,9,yellow,,,,75543,,,80,80,False,2026-08-29 17:04:49.497952+00:00,2026-08-29 17:04:49.497952+00:00
124801_15,124801,777,9,substitution,,,,,8945,14608,83,83,False,2026-08-29 17:04:49.497952+00:00,2026-08-29 17:04:49.497952+00:00
124801_16,124801,777,1,penalty goal,32728,,,,,,95,90+5',True,2026-08-29 17:04:49.497952+00:00,2026-08-29 17:04:49.497952+00:00
124802_0,124802,777,127,goal,14846,25474,,,,,4,4,False,2026-08-29 17:04:49.497952+00:00,2026-08-29 17:04:49.497952+00:00
124802_1,124802,777,38,yellow,,,,92635,,,9,9,False,2026-08-29 17:04:49.497952+00:00,2026-08-29 17:04:49.497952+00:00
124802_2,124802,777,38,substitution,,,,,111988,52951,35,35,False,2026-08-29 17:04:49.497952+00:00,2026-08-29 17:04:49.497952+00:00
124802_3,124802,777,38,substitution,,,,,66692,136815,46,46,False,2026-08-29 17:04:49.497952+00:00,2026-08-29 17:04:49.497952+00:00
124802_4,124802,777,38,substitution,,,,,143214,126108,46,46,False,2026-08-29 17:04:49.497952+00:00,2026-08-29 17:04:49.497952+00:00
124802_5,124802,777,38,red,,,,92635,,,49,49,False,2026-08-29 17:04:49.497952+00:00,2026-08-29 17:04:49.497952+00:00
124802_6,124802,777,38,substitution,,,,,43010,143218,56,56,False,2026-08-29 17:04:49.497952+00:00,2026-08-29 17:04:49.497952+00:00
124802_7,124802,777,127,yellow,,,,42894,,,58,58,False,2026-08-29 17:04:49.497952+00:00,2026-08-29 17:04:49.497952+00:00
124802_8,124802,777,38,yellow,,,,66692,,,63,63,False,2026-08-29 17:04:49.497952+00:00,2026-08-29 17:04:49.497952+00:00
124802_9,124802,777,127,yellow,,,,74976,,,63,63,False,2026-08-29 17:04:49.497952+00:00,2026-08-29 17:04:49.497952+00:00
124802_10,124802,777,127,substitution,,,,,15572,74976,66,66,False,2026-08-29 17:04:49.497952+00:00,2026-08-29 17:04:49.497952+00:00
124802_11,124802,777,127,substitution,,,,,118080,13706,67,67,False,2026-08-29 17:04:49.497952+00:00,2026-08-29 17:04:49.497952+00:00
124802_12,124802,777,38,substitution,,,,,20337,35670,78,78,False,2026-08-29 17:04:49.497952+00:00,2026-08-29 17:04:49.497952+00:00
124802_13,124802,777,127,substitution,,,,,21519,14846,78,78,False,2026-08-29 17:04:49.497952+00:00,2026-08-29 17:04:49.497952+00:00
124802_14,124802,777,38,yellow,,,,4229,,,84,84,False,2026-08-29 17:04:49.497952+00:00,2026-08-29 17:04:49.497952+00:00
124802_15,124802,777,38,yellow,,,,133679,,,85,85,False,2026-08-29 17:04:49.497952+00:00,2026-08-29 17:04:49.497952+00:00
124802_16,124802,777,127,substitution,,,,,51942,42894,88,88,False,2026-08-29 17:04:49.497952+00:00,2026-08-29 17:04:49.497952+00:00
124802_17,124802,777,127,substitution,,,,,137832,33032,88,88,False,2026-08-29 17:04:49.497952+00:00,2026-08-29 17:04:49.497952+00:00
124803_0,124803,777,130,goal,133890,,,,,,13,13,False,2026-08-29 17:04:49.497952+00:00,2026-08-29 17:04:49.497952+00:00
124803_1,124803,777,2,substitution,,,,,26408,25067,16,16,False,2026-08-29 17:04:49.497952+00:00,2026-08-29 17:04:49.497952+00:00
124803_2,124803,777,130,yellow,,,,14723,,,55,55,False,2026-08-29 17:04:49.497952+00:00,2026-08-29 17:04:49.497952+00:00
124803_3,124803,777,2,yellow,,,,108096,,,57,57,False,2026-08-29 17:04:49.497952+00:00,2026-08-29 17:04:49.497952+00:00
124803_4,124803,777,2,substitution,,,,,14456,108096,64,64,False,2026-08-29 17:04:49.497952+00:00,2026-08-29 17:04:49.497952+00:00
124803_5,124803,777,2,substitution,,,,,51223,5758,64,64,False,2026-08-29 17:04:49.497952+00:00,2026-08-29 17:04:49.497952+00:00
124803_6,124803,777,130,substitution,,,,,108612,3712,69,69,False,2026-08-29 17:04:49.497952+00:00,2026-08-29 17:04:49.497952+00:00
124803_7,124803,777,2,substitution,,,,,107846,51423,74,74,False,2026-08-29 17:04:49.497952+00:00,2026-08-29 17:04:49.497952+00:00
124803_8,124803,777,2,substitution,,,,,72265,26408,75,75,False,2026-08-29 17:04:49.497952+00:00,2026-08-29 17:04:49.497952+00:00
124803_9,124803,777,130,substitution,,,,,49726,128891,79,79,False,2026-08-29 17:04:49.497952+00:00,2026-08-29 17:04:49.497952+00:00
124803_10,124803,777,130,substitution,,,,,115166,127594,79,79,False,2026-08-29 17:04:49.497952+00:00,2026-08-29 17:04:49.497952+00:00
124803_11,124803,777,130,substitution,,,,,10947,133890,84,84,False,2026-08-29 17:04:49.497952+00:00,2026-08-29 17:04:49.497952+00:00
124803_12,124803,777,2,yellow,,,,107846,,,84,84,False,2026-08-29 17:04:49.497952+00:00,2026-08-29 17:04:49.497952+00:00
124803_13,124803,777,130,substitution,,,,,20113,133460,85,85,False,2026-08-29 17:04:49.497952+00:00,2026-08-29 17:04:49.497952+00:00
124804_0,124804,777,29,substitution,,,,,110430,19864,9,9,False,2026-08-29 17:04:49.497952+00:00,2026-08-29 17:04:49.497952+00:00
124804_1,124804,777,29,yellow,,,,126317,,,19,19,False,2026-08-29 17:04:49.497952+00:00,2026-08-29 17:04:49.497952+00:00
124804_2,124804,777,43,goal,10539,50460,,,,,47,47,False,2026-08-29 17:04:49.497952+00:00,2026-08-29 17:04:49.497952+00:00
124804_3,124804,777,29,substitution,,,,,52989,126920,63,63,False,2026-08-29 17:04:49.497952+00:00,2026-08-29 17:04:49.497952+00:00
124804_4,124804,777,29,substitution,,,,,118633,,63,63,False,2026-08-29 17:04:49.497952+00:00,2026-08-29 17:04:49.497952+00:00
124804_5,124804,777,29,substitution,,,,,138104,126317,63,63,False,2026-08-29 17:04:49.497952+00:00,2026-08-29 17:04:49.497952+00:00
124804_6,124804,777,43,substitution,,,,,8127,74960,69,69,False,2026-08-29 17:04:49.497952+00:00,2026-08-29 17:04:49.497952+00:00
124804_7,124804,777,43,substitution,,,,,128643,19831,69,69,False,2026-08-29 17:04:49.497952+00:00,2026-08-29 17:04:49.497952+00:00
124804_8,124804,777,29,substitution,,,,,130068,126110,80,80,False,2026-08-29 17:04:49.497952+00:00,2026-08-29 17:04:49.497952+00:00
124804_9,124804,777,43,substitution,,,,,13622,124531,83,83,False,2026-08-29 17:04:49.497952+00:00,2026-08-29 17:04:49.497952+00:00
124804_10,124804,777,43,substitution,,,,,74964,68593,83,83,False,2026-08-29 17:04:49.497952+00:00,2026-08-29 17:04:49.497952+00:00
124804_11,124804,777,43,substitution,,,,,75735,64282,86,86,False,2026-08-29 17:04:49.497952+00:00,2026-08-29 17:04:49.497952+00:00
124804_12,124804,777,43,goal,50460,10539,,,,,88,88,False,2026-08-29 17:04:49.497952+00:00,2026-08-29 17:04:49.497952+00:00
124805_0,124805,777,6,yellow,,,,76104,,,14,14,False,2026-08-29 17:04:49.497952+00:00,2026-08-29 17:04:49.497952+00:00
124805_1,124805,777,6,goal,49796,76353,,,,,37,37,False,2026-08-29 17:04:49.497952+00:00,2026-08-29 17:04:49.497952+00:00
124805_2,124805,777,15,yellow,,,,16723,,,53,53,False,2026-08-29 17:04:49.497952+00:00,2026-08-29 17:04:49.497952+00:00
124805_3,124805,777,6,yellow,,,,24334,,,54,54,False,2026-08-29 17:04:49.497952+00:00,2026-08-29 17:04:49.497952+00:00
124805_4,124805,777,15,goal,23702,50623,,,,,57,57,False,2026-08-29 17:04:49.497952+00:00,2026-08-29 17:04:49.497952+00:00
124805_5,124805,777,6,substitution,,,,,133297,138981,66,66,False,2026-08-29 17:04:49.497952+00:00,2026-08-29 17:04:49.497952+00:00
124805_6,124805,777,15,yellow,,,,10439,,,68,68,False,2026-08-29 17:04:49.497952+00:00,2026-08-29 17:04:49.497952+00:00
124805_7,124805,777,15,substitution,,,,,68219,50623,71,71,False,2026-08-29 17:04:49.497952+00:00,2026-08-29 17:04:49.497952+00:00
124805_8,124805,777,15,substitution,,,,,49270,23702,72,72,False,2026-08-29 17:04:49.497952+00:00,2026-08-29 17:04:49.497952+00:00
124805_9,124805,777,6,substitution,,,,,37776,69595,82,82,False,2026-08-29 17:04:49.497952+00:00,2026-08-29 17:04:49.497952+00:00
124805_10,124805,777,15,substitution,,,,,98300,15259,82,82,False,2026-08-29 17:04:49.497952+00:00,2026-08-29 17:04:49.497952+00:00
124805_11,124805,777,6,yellow,,,,8589,,,87,87,False,2026-08-29 17:04:49.497952+00:00,2026-08-29 17:04:49.497952+00:00
124805_12,124805,777,6,substitution,,,,,16788,20874,88,88,False,2026-08-29 17:04:49.497952+00:00,2026-08-29 17:04:49.497952+00:00
124805_13,124805,777,15,substitution,,,,,14238,108816,88,88,False,2026-08-29 17:04:49.497952+00:00,2026-08-29 17:04:49.497952+00:00
124805_14,124805,777,15,substitution,,,,,304123,3756,88,88,False,2026-08-29 17:04:49.497952+00:00,2026-08-29 17:04:49.497952+00:00
124805_15,124805,777,15,yellow,,,,139648,,,92,90+2',True,2026-08-29 17:04:49.497952+00:00,2026-08-29 17:04:49.497952+00:00
124806_0,124806,777,7,goal,31936,4260,,,,,23,23,False,2026-08-29 17:04:49.497952+00:00,2026-08-29 17:04:49.497952+00:00
124806_1,124806,777,131,yellow,,,,67928,,,28,28,False,2026-08-29 17:04:49.497952+00:00,2026-08-29 17:04:49.497952+00:00
124806_2,124806,777,7,yellow,,,,66538,,,39,39,False,2026-08-29 17:04:49.497952+00:00,2026-08-29 17:04:49.497952+00:00
124806_3,124806,777,131,yellow,,,,72239,,,40,40,False,2026-08-29 17:04:49.497952+00:00,2026-08-29 17:04:49.497952+00:00
124806_4,124806,777,131,substitution,,,,,112739,124396,46,46,False,2026-08-29 17:04:49.497952+00:00,2026-08-29 17:04:49.497952+00:00
124806_5,124806,777,7,goal,23841,4260,,,,,52,52,False,2026-08-29 17:04:49.497952+00:00,2026-08-29 17:04:49.497952+00:00
124806_6,124806,777,7,yellow,,,,23841,,,63,63,False,2026-08-29 17:04:49.497952+00:00,2026-08-29 17:04:49.497952+00:00
124806_7,124806,777,7,substitution,,,,,126789,143922,64,64,False,2026-08-29 17:04:49.497952+00:00,2026-08-29 17:04:49.497952+00:00
124806_8,124806,777,7,substitution,,,,,133612,31936,64,64,False,2026-08-29 17:04:49.497952+00:00,2026-08-29 17:04:49.497952+00:00
124806_9,124806,777,131,substitution,,,,,50727,67928,67,67,False,2026-08-29 17:04:49.497952+00:00,2026-08-29 17:04:49.497952+00:00
124806_10,124806,777,131,substitution,,,,,143240,134333,67,67,False,2026-08-29 17:04:49.497952+00:00,2026-08-29 17:04:49.497952+00:00
124806_11,124806,777,7,substitution,,,,,24797,66538,71,71,False,2026-08-29 17:04:49.497952+00:00,2026-08-29 17:04:49.497952+00:00
124806_12,124806,777,131,substitution,,,,,134176,72239,85,85,False,2026-08-29 17:04:49.497952+00:00,2026-08-29 17:04:49.497952+00:00
124806_13,124806,777,7,yellow,,,,14706,,,89,89,False,2026-08-29 17:04:49.497952+00:00,2026-08-29 17:04:49.497952+00:00
124806_14,124806,777,131,yellow,,,,50727,,,92,90+2',True,2026-08-29 17:04:49.497952+00:00,2026-08-29 17:04:49.497952+00:00
124806_15,124806,777,7,substitution,,,,,134286,4260,94,90+4',True,2026-08-29 17:04:49.497952+00:00,2026-08-29 17:04:49.497952+00:00
124806_16,124806,777,7,yellow,,,,126789,,,95,90+5',True,2026-08-29 17:04:49.497952+00:00,2026-08-29 17:04:49.497952+00:00
124807_0,124807,777,12,yellow,,,,5793,,,39,39,False,2026-08-29 17:04:49.497952+00:00,2026-08-29 17:04:49.497952+00:00
124807_1,124807,777,12,substitution,,,,,24252,69176,52,52,False,2026-08-29 17:04:49.497952+00:00,2026-08-29 17:04:49.497952+00:00
124807_2,124807,777,12,substitution,,,,,66036,5793,53,53,False,2026-08-29 17:04:49.497952+00:00,2026-08-29 17:04:49.497952+00:00
124807_3,124807,777,12,own goal,,,117763,,,,58,58,False,2026-08-29 17:04:49.497952+00:00,2026-08-29 17:04:49.497952+00:00
124807_4,124807,777,34,substitution,,,,,13961,6712,62,62,False,2026-08-29 17:04:49.497952+00:00,2026-08-29 17:04:49.497952+00:00
124807_5,124807,777,34,substitution,,,,,14624,14656,62,62,False,2026-08-29 17:04:49.497952+00:00,2026-08-29 17:04:49.497952+00:00
124807_6,124807,777,12,substitution,,,,,118031,14580,69,69,False,2026-08-29 17:04:49.497952+00:00,2026-08-29 17:04:49.497952+00:00
124807_7,124807,777,34,substitution,,,,,11071,117763,71,71,False,2026-08-29 17:04:49.497952+00:00,2026-08-29 17:04:49.497952+00:00
124807_8,124807,777,34,substitution,,,,,14445,128976,71,71,False,2026-08-29 17:04:49.497952+00:00,2026-08-29 17:04:49.497952+00:00
124807_9,124807,777,34,goal,14445,4717,,,,,73,73,False,2026-08-29 17:04:49.497952+00:00,2026-08-29 17:04:49.497952+00:00
124807_10,124807,777,34,yellow,,,,16044,,,86,86,False,2026-08-29 17:04:49.497952+00:00,2026-08-29 17:04:49.497952+00:00
124807_11,124807,777,12,substitution,,,,,9566,4608,87,87,False,2026-08-29 17:04:49.497952+00:00,2026-08-29 17:04:49.497952+00:00
124807_12,124807,777,12,substitution,,,,,133114,118591,87,87,False,2026-08-29 17:04:49.497952+00:00,2026-08-29 17:04:49.497952+00:00
124808_0,124808,777,11,substitution,,,,,4499,71432,23,23,False,2026-08-29 17:04:49.497952+00:00,2026-08-29 17:04:49.497952+00:00
124808_1,124808,777,21,yellow,,,,49374,,,34,34,False,2026-08-29 17:04:49.497952+00:00,2026-08-29 17:04:49.497952+00:00
124808_2,124808,777,21,goal,49374,24630,,,,,35,35,False,2026-08-29 17:04:49.497952+00:00,2026-08-29 17:04:49.497952+00:00
124808_3,124808,777,21,goal,19858,,,,,,47,45+2',True,2026-08-29 17:04:49.497952+00:00,2026-08-29 17:04:49.497952+00:00
124808_4,124808,777,11,substitution,,,,,5067,68150,54,54,False,2026-08-29 17:04:49.497952+00:00,2026-08-29 17:04:49.497952+00:00
124808_5,124808,777,11,substitution,,,,,54156,76216,54,54,False,2026-08-29 17:04:49.497952+00:00,2026-08-29 17:04:49.497952+00:00
124808_6,124808,777,21,yellow,,,,66635,,,68,68,False,2026-08-29 17:04:49.497952+00:00,2026-08-29 17:04:49.497952+00:00
124808_7,124808,777,11,yellow,,,,67849,,,71,71,False,2026-08-29 17:04:49.497952+00:00,2026-08-29 17:04:49.497952+00:00
124808_8,124808,777,21,yellow,,,,24630,,,71,71,False,2026-08-29 17:04:49.497952+00:00,2026-08-29 17:04:49.497952+00:00
124808_9,124808,777,11,substitution,,,,,14805,66657,75,75,False,2026-08-29 17:04:49.497952+00:00,2026-08-29 17:04:49.497952+00:00
124808_10,124808,777,11,substitution,,,,,16286,67849,75,75,False,2026-08-29 17:04:49.497952+00:00,2026-08-29 17:04:49.497952+00:00
124808_11,124808,777,21,substitution,,,,,10443,24630,78,78,False,2026-08-29 17:04:49.497952+00:00,2026-08-29 17:04:49.497952+00:00
124808_12,124808,777,21,substitution,,,,,118579,49374,78,78,False,2026-08-29 17:04:49.497952+00:00,2026-08-29 17:04:49.497952+00:00
124808_13,124808,777,21,yellow,,,,32229,,,81,81,False,2026-08-29 17:04:49.497952+00:00,2026-08-29 17:04:49.497952+00:00
124808_14,124808,777,21,substitution,,,,,133603,51364,86,86,False,2026-08-29 17:04:49.497952+00:00,2026-08-29 17:04:49.497952+00:00
124808_15,124808,777,21,substitution,,,,,25892,19858,91,90+1',True,2026-08-29 17:04:49.497952+00:00,2026-08-29 17:04:49.497952+00:00
124809_0,124809,777,10,yellow,,,,49909,,,8,8,False,2026-08-29 17:04:49.497952+00:00,2026-08-29 17:04:49.497952+00:00
124809_1,124809,777,10,yellow,,,,23593,,,25,25,False,2026-08-29 17:04:49.497952+00:00,2026-08-29 17:04:49.497952+00:00
124809_2,124809,777,10,goal,49909,32894,,,,,35,35,False,2026-08-29 17:04:49.497952+00:00,2026-08-29 17:04:49.497952+00:00
124809_3,124809,777,23,yellow,,,,8707,,,44,44,False,2026-08-29 17:04:49.497952+00:00,2026-08-29 17:04:49.497952+00:00
124809_4,124809,777,23,red,,,,23747,,,48,45+3',True,2026-08-29 17:04:49.497952+00:00,2026-08-29 17:04:49.497952+00:00
124809_5,124809,777,10,goal,81542,32894,,,,,46,46,False,2026-08-29 17:04:49.497952+00:00,2026-08-29 17:04:49.497952+00:00
124809_6,124809,777,23,yellow,,,,74761,,,47,47,False,2026-08-29 17:04:49.497952+00:00,2026-08-29 17:04:49.497952+00:00
124809_7,124809,777,23,goal,74761,49495,,,,,57,57,False,2026-08-29 17:04:49.497952+00:00,2026-08-29 17:04:49.497952+00:00
124809_8,124809,777,23,substitution,,,,,117647,71623,66,66,False,2026-08-29 17:04:49.497952+00:00,2026-08-29 17:04:49.497952+00:00
124809_9,124809,777,23,substitution,,,,,19888,20607,76,76,False,2026-08-29 17:04:49.497952+00:00,2026-08-29 17:04:49.497952+00:00
124809_10,124809,777,23,substitution,,,,,108922,3905,76,76,False,2026-08-29 17:04:49.497952+00:00,2026-08-29 17:04:49.497952+00:00
124809_11,124809,777,23,substitution,,,,,114590,14716,76,76,False,2026-08-29 17:04:49.497952+00:00,2026-08-29 17:04:49.497952+00:00
124809_12,124809,777,10,substitution,,,,,15802,81542,80,80,False,2026-08-29 17:04:49.497952+00:00,2026-08-29 17:04:49.497952+00:00
124809_13,124809,777,10,substitution,,,,,68582,75382,80,80,False,2026-08-29 17:04:49.497952+00:00,2026-08-29 17:04:49.497952+00:00
124809_14,124809,777,23,substitution,,,,,124462,5220,81,81,False,2026-08-29 17:04:49.497952+00:00,2026-08-29 17:04:49.497952+00:00
124809_15,124809,777,10,yellow,,,,68582,,,87,87,False,2026-08-29 17:04:49.497952+00:00,2026-08-29 17:04:49.497952+00:00
124809_16,124809,777,23,goal,114590,,,,,,88,88,False,2026-08-29 17:04:49.497952+00:00,2026-08-29 17:04:49.497952+00:00
124809_17,124809,777,10,substitution,,,,,33185,23815,96,90+6',True,2026-08-29 17:04:49.497952+00:00,2026-08-29 17:04:49.497952+00:00
124809_18,124809,777,10,substitution,,,,,134796,32894,96,90+6',True,2026-08-29 17:04:49.497952+00:00,2026-08-29 17:04:49.497952+00:00
124809_19,124809,777,10,goal,134796,5178,,,,,100,90+10',True,2026-08-29 17:04:49.497952+00:00,2026-08-29 17:04:49.497952+00:00
124809_20,124809,777,10,substitution,,,,,43586,5178,102,90+12',True,2026-08-29 17:04:49.497952+00:00,2026-08-29 17:04:49.497952+00:00
124810_0,124810,777,25,goal,55776,145347,,,,,6,6,False,2026-08-29 17:04:49.497952+00:00,2026-08-29 17:04:49.497952+00:00
124810_1,124810,777,4,goal,72371,27277,,,,,15,15,False,2026-08-29 17:04:49.497952+00:00,2026-08-29 17:04:49.497952+00:00
124810_2,124810,777,25,goal,42569,8868,,,,,17,17,False,2026-08-29 17:04:49.497952+00:00,2026-08-29 17:04:49.497952+00:00
124810_3,124810,777,4,goal,21998,72371,,,,,23,23,False,2026-08-29 17:04:49.497952+00:00,2026-08-29 17:04:49.497952+00:00
124810_4,124810,777,4,goal,63741,304474,,,,,34,34,False,2026-08-29 17:04:49.497952+00:00,2026-08-29 17:04:49.497952+00:00
124810_5,124810,777,25,substitution,,,,,8454,42569,46,46,False,2026-08-29 17:04:49.497952+00:00,2026-08-29 17:04:49.497952+00:00
124810_6,124810,777,25,substitution,,,,,66560,63656,46,46,False,2026-08-29 17:04:49.497952+00:00,2026-08-29 17:04:49.497952+00:00
124810_7,124810,777,4,goal,112203,,,,,,54,54,False,2026-08-29 17:04:49.497952+00:00,2026-08-29 17:04:49.497952+00:00
124810_8,124810,777,4,goal,14575,72371,,,,,58,58,False,2026-08-29 17:04:49.497952+00:00,2026-08-29 17:04:49.497952+00:00
124810_9,124810,777,4,substitution,,,,,133245,51813,62,62,False,2026-08-29 17:04:49.497952+00:00,2026-08-29 17:04:49.497952+00:00
124810_10,124810,777,4,substitution,,,,,14571,68827,69,69,False,2026-08-29 17:04:49.497952+00:00,2026-08-29 17:04:49.497952+00:00
124810_11,124810,777,4,substitution,,,,,66284,14575,69,69,False,2026-08-29 17:04:49.497952+00:00,2026-08-29 17:04:49.497952+00:00
124810_12,124810,777,4,substitution,,,,,119041,27277,69,69,False,2026-08-29 17:04:49.497952+00:00,2026-08-29 17:04:49.497952+00:00
124810_13,124810,777,25,substitution,,,,,13815,25183,70,70,False,2026-08-29 17:04:49.497952+00:00,2026-08-29 17:04:49.497952+00:00
124810_14,124810,777,4,substitution,,,,,68583,304474,77,77,False,2026-08-29 17:04:49.497952+00:00,2026-08-29 17:04:49.497952+00:00
124810_15,124810,777,4,yellow,,,,119041,,,87,87,False,2026-08-29 17:04:49.497952+00:00,2026-08-29 17:04:49.497952+00:00
124811_0,124811,777,2,yellow,,,,13344,,,13,13,False,2026-08-29 17:04:49.497952+00:00,2026-08-29 17:04:49.497952+00:00
124811_1,124811,777,2,yellow,,,,20473,,,20,20,False,2026-08-29 17:04:49.497952+00:00,2026-08-29 17:04:49.497952+00:00
124811_2,124811,777,6,penalty goal,20874,,,,,,21,21,False,2026-08-29 17:04:49.497952+00:00,2026-08-29 17:04:49.497952+00:00
124811_3,124811,777,6,yellow,,,,20874,,,22,22,False,2026-08-29 17:04:49.497952+00:00,2026-08-29 17:04:49.497952+00:00
124811_4,124811,777,2,substitution,,,,,26408,72265,46,46,False,2026-08-29 17:04:49.497952+00:00,2026-08-29 17:04:49.497952+00:00
124811_5,124811,777,6,yellow,,,,8589,,,52,52,False,2026-08-29 17:04:49.497952+00:00,2026-08-29 17:04:49.497952+00:00
124811_6,124811,777,6,substitution,,,,,37776,69595,56,56,False,2026-08-29 17:04:49.497952+00:00,2026-08-29 17:04:49.497952+00:00
124811_7,124811,777,6,goal,14569,,,,,,68,68,False,2026-08-29 17:04:49.497952+00:00,2026-08-29 17:04:49.497952+00:00
124811_8,124811,777,6,substitution,,,,,109117,8589,71,71,False,2026-08-29 17:04:49.497952+00:00,2026-08-29 17:04:49.497952+00:00
124811_9,124811,777,2,substitution,,,,,21529,51423,74,74,False,2026-08-29 17:04:49.497952+00:00,2026-08-29 17:04:49.497952+00:00
124811_10,124811,777,2,substitution,,,,,144213,13344,74,74,False,2026-08-29 17:04:49.497952+00:00,2026-08-29 17:04:49.497952+00:00
124811_11,124811,777,6,goal,49796,76104,,,,,78,78,False,2026-08-29 17:04:49.497952+00:00,2026-08-29 17:04:49.497952+00:00
124811_12,124811,777,2,substitution,,,,,5758,14456,83,83,False,2026-08-29 17:04:49.497952+00:00,2026-08-29 17:04:49.497952+00:00
124811_13,124811,777,2,substitution,,,,,107846,51223,84,84,False,2026-08-29 17:04:49.497952+00:00,2026-08-29 17:04:49.497952+00:00
124811_14,124811,777,6,substitution,,,,,138981,20874,85,85,False,2026-08-29 17:04:49.497952+00:00,2026-08-29 17:04:49.497952+00:00
124811_15,124811,777,6,substitution,,,,,4604,49759,86,86,False,2026-08-29 17:04:49.497952+00:00,2026-08-29 17:04:49.497952+00:00
124811_16,124811,777,6,yellow,,,,49796,,,87,87,False,2026-08-29 17:04:49.497952+00:00,2026-08-29 17:04:49.497952+00:00
124812_0,124812,777,131,yellow,,,,76090,,,16,16,False,2026-08-29 17:04:49.497952+00:00,2026-08-29 17:04:49.497952+00:00
124812_1,124812,777,11,goal,65970,76216,,,,,34,34,False,2026-08-29 17:04:49.497952+00:00,2026-08-29 17:04:49.497952+00:00
124812_2,124812,777,131,substitution,,,,,2100,124396,60,60,False,2026-08-29 17:04:49.497952+00:00,2026-08-29 17:04:49.497952+00:00
124812_3,124812,777,131,substitution,,,,,51830,3452,61,61,False,2026-08-29 17:04:49.497952+00:00,2026-08-29 17:04:49.497952+00:00
124812_4,124812,777,131,substitution,,,,,134176,143240,61,61,False,2026-08-29 17:04:49.497952+00:00,2026-08-29 17:04:49.497952+00:00
124812_5,124812,777,131,substitution,,,,,134333,112739,61,61,False,2026-08-29 17:04:49.497952+00:00,2026-08-29 17:04:49.497952+00:00
124812_6,124812,777,11,yellow,,,,137371,,,63,63,False,2026-08-29 17:04:49.497952+00:00,2026-08-29 17:04:49.497952+00:00
124812_7,124812,777,131,penalty goal,2100,,,,,,67,67,False,2026-08-29 17:04:49.497952+00:00,2026-08-29 17:04:49.497952+00:00
124812_8,124812,777,11,yellow,,,,71432,,,69,69,False,2026-08-29 17:04:49.497952+00:00,2026-08-29 17:04:49.497952+00:00
124812_9,124812,777,11,substitution,,,,,54156,76216,72,72,False,2026-08-29 17:04:49.497952+00:00,2026-08-29 17:04:49.497952+00:00
124812_10,124812,777,11,substitution,,,,,112948,5067,72,72,False,2026-08-29 17:04:49.497952+00:00,2026-08-29 17:04:49.497952+00:00
124812_11,124812,777,131,yellow,,,,4874,,,77,77,False,2026-08-29 17:04:49.497952+00:00,2026-08-29 17:04:49.497952+00:00
124812_12,124812,777,11,substitution,,,,,16431,137371,85,85,False,2026-08-29 17:04:49.497952+00:00,2026-08-29 17:04:49.497952+00:00
124812_13,124812,777,11,substitution,,,,,99281,76204,85,85,False,2026-08-29 17:04:49.497952+00:00,2026-08-29 17:04:49.497952+00:00
124812_14,124812,777,131,goal,134176,117732,,,,,89,89,False,2026-08-29 17:04:49.497952+00:00,2026-08-29 17:04:49.497952+00:00
124812_15,124812,777,131,substitution,,,,,303860,136175,95,90+5',True,2026-08-29 17:04:49.497952+00:00,2026-08-29 17:04:49.497952+00:00
124813_0,124813,777,4,substitution,,,,,118442,51813,14,14,False,2026-08-29 17:04:49.497952+00:00,2026-08-29 17:04:49.497952+00:00
124813_1,124813,777,34,goal,128976,21614,,,,,21,21,False,2026-08-29 17:04:49.497952+00:00,2026-08-29 17:04:49.497952+00:00
124813_2,124813,777,4,yellow,,,,112203,,,38,38,False,2026-08-29 17:04:49.497952+00:00,2026-08-29 17:04:49.497952+00:00
124813_3,124813,777,4,goal,72371,63741,,,,,54,45+9',True,2026-08-29 17:04:49.497952+00:00,2026-08-29 17:04:49.497952+00:00
124813_4,124813,777,4,penalty goal,63741,,,,,,56,56,False,2026-08-29 17:04:49.497952+00:00,2026-08-29 17:04:49.497952+00:00
124813_5,124813,777,34,substitution,,,,,11071,117763,59,59,False,2026-08-29 17:04:49.497952+00:00,2026-08-29 17:04:49.497952+00:00
124813_6,124813,777,34,substitution,,,,,13961,6712,60,60,False,2026-08-29 17:04:49.497952+00:00,2026-08-29 17:04:49.497952+00:00
124813_7,124813,777,34,substitution,,,,,14445,128976,67,67,False,2026-08-29 17:04:49.497952+00:00,2026-08-29 17:04:49.497952+00:00
124813_8,124813,777,34,substitution,,,,,14624,14656,67,67,False,2026-08-29 17:04:49.497952+00:00,2026-08-29 17:04:49.497952+00:00
124813_9,124813,777,4,substitution,,,,,68583,304474,68,68,False,2026-08-29 17:04:49.497952+00:00,2026-08-29 17:04:49.497952+00:00
124813_10,124813,777,34,yellow,,,,4717,,,73,73,False,2026-08-29 17:04:49.497952+00:00,2026-08-29 17:04:49.497952+00:00
124813_11,124813,777,4,substitution,,,,,14571,21998,81,81,False,2026-08-29 17:04:49.497952+00:00,2026-08-29 17:04:49.497952+00:00
124813_12,124813,777,4,substitution,,,,,133245,118442,81,81,False,2026-08-29 17:04:49.497952+00:00,2026-08-29 17:04:49.497952+00:00
124813_13,124813,777,34,substitution,,,,,4979,4717,84,84,False,2026-08-29 17:04:49.497952+00:00,2026-08-29 17:04:49.497952+00:00
124813_14,124813,777,4,yellow,,,,133245,,,93,90+3',True,2026-08-29 17:04:49.497952+00:00,2026-08-29 17:04:49.497952+00:00
124813_15,124813,777,34,yellow,,,,16044,,,96,90+6',True,2026-08-29 17:04:49.497952+00:00,2026-08-29 17:04:49.497952+00:00
124814_0,124814,777,23,yellow,,,,10079,,,36,36,False,2026-08-29 17:04:49.497952+00:00,2026-08-29 17:04:49.497952+00:00
124814_1,124814,777,9,yellow,,,,68676,,,40,40,False,2026-08-29 17:04:49.497952+00:00,2026-08-29 17:04:49.497952+00:00
124814_2,124814,777,23,substitution,,,,,117647,19888,46,46,False,2026-08-29 17:04:49.497952+00:00,2026-08-29 17:04:49.497952+00:00
124814_3,124814,777,9,substitution,,,,,63289,13797,60,60,False,2026-08-29 17:04:49.497952+00:00,2026-08-29 17:04:49.497952+00:00
124814_4,124814,777,9,substitution,,,,,68676,,60,60,False,2026-08-29 17:04:49.497952+00:00,2026-08-29 17:04:49.497952+00:00
124814_5,124814,777,23,substitution,,,,,49259,9662,62,62,False,2026-08-29 17:04:49.497952+00:00,2026-08-29 17:04:49.497952+00:00
124814_6,124814,777,23,substitution,,,,,108922,3905,62,62,False,2026-08-29 17:04:49.497952+00:00,2026-08-29 17:04:49.497952+00:00
124814_7,124814,777,23,substitution,,,,,14716,49908,68,68,False,2026-08-29 17:04:49.497952+00:00,2026-08-29 17:04:49.497952+00:00
124814_8,124814,777,9,substitution,,,,,9576,14807,70,70,False,2026-08-29 17:04:49.497952+00:00,2026-08-29 17:04:49.497952+00:00
124814_9,124814,777,9,substitution,,,,,13515,75543,80,80,False,2026-08-29 17:04:49.497952+00:00,2026-08-29 17:04:49.497952+00:00
124815_0,124815,777,1,substitution,,,,,119476,66204,5,5,False,2026-08-29 17:04:49.497952+00:00,2026-08-29 17:04:49.497952+00:00
124815_1,124815,777,10,yellow,,,,49909,,,29,29,False,2026-08-29 17:04:49.497952+00:00,2026-08-29 17:04:49.497952+00:00
124815_2,124815,777,10,substitution,,,,,23815,63633,61,61,False,2026-08-29 17:04:49.497952+00:00,2026-08-29 17:04:49.497952+00:00
124815_3,124815,777,1,yellow,,,,32728,,,66,66,False,2026-08-29 17:04:49.497952+00:00,2026-08-29 17:04:49.497952+00:00
124815_4,124815,777,1,substitution,,,,,11419,19778,70,70,False,2026-08-29 17:04:49.497952+00:00,2026-08-29 17:04:49.497952+00:00
124815_5,124815,777,1,substitution,,,,,21584,66104,70,70,False,2026-08-29 17:04:49.497952+00:00,2026-08-29 17:04:49.497952+00:00
124815_6,124815,777,10,substitution,,,,,10651,23593,79,79,False,2026-08-29 17:04:49.497952+00:00,2026-08-29 17:04:49.497952+00:00
124815_7,124815,777,10,substitution,,,,,15802,81542,79,79,False,2026-08-29 17:04:49.497952+00:00,2026-08-29 17:04:49.497952+00:00
124815_8,124815,777,1,yellow,,,,64523,,,81,81,False,2026-08-29 17:04:49.497952+00:00,2026-08-29 17:04:49.497952+00:00
124815_9,124815,777,10,goal,33231,,,,,,83,83,False,2026-08-29 17:04:49.497952+00:00,2026-08-29 17:04:49.497952+00:00
124815_10,124815,777,1,substitution,,,,,141181,67407,89,89,False,2026-08-29 17:04:49.497952+00:00,2026-08-29 17:04:49.497952+00:00
124815_11,124815,777,10,substitution,,,,,43586,75382,89,89,False,2026-08-29 17:04:49.497952+00:00,2026-08-29 17:04:49.497952+00:00
124815_12,124815,777,10,yellow,,,,43586,,,98,90+8',True,2026-08-29 17:04:49.497952+00:00,2026-08-29 17:04:49.497952+00:00
124816_0,124816,777,12,own goal,,,10539,,,,27,27,False,2026-08-29 17:04:49.497952+00:00,2026-08-29 17:04:49.497952+00:00
124816_1,124816,777,12,substitution,,,,,50848,51202,31,31,False,2026-08-29 17:04:49.497952+00:00,2026-08-29 17:04:49.497952+00:00
124816_2,124816,777,12,substitution,,,,,108936,14580,46,46,False,2026-08-29 17:04:49.497952+00:00,2026-08-29 17:04:49.497952+00:00
124816_3,124816,777,43,goal,64282,19831,,,,,55,55,False,2026-08-29 17:04:49.497952+00:00,2026-08-29 17:04:49.497952+00:00
124816_4,124816,777,12,goal,66360,24252,,,,,57,57,False,2026-08-29 17:04:49.497952+00:00,2026-08-29 17:04:49.497952+00:00
124816_5,124816,777,43,substitution,,,,,74964,68593,65,65,False,2026-08-29 17:04:49.497952+00:00,2026-08-29 17:04:49.497952+00:00
124816_6,124816,777,43,goal,50460,,,,,,66,66,False,2026-08-29 17:04:49.497952+00:00,2026-08-29 17:04:49.497952+00:00
124816_7,124816,777,12,substitution,,,,,66036,5793,72,72,False,2026-08-29 17:04:49.497952+00:00,2026-08-29 17:04:49.497952+00:00
124816_8,124816,777,43,substitution,,,,,8127,74960,76,76,False,2026-08-29 17:04:49.497952+00:00,2026-08-29 17:04:49.497952+00:00
124816_9,124816,777,12,yellow,,,,23396,,,76,76,False,2026-08-29 17:04:49.497952+00:00,2026-08-29 17:04:49.497952+00:00
124816_10,124816,777,43,substitution,,,,,128643,19831,82,82,False,2026-08-29 17:04:49.497952+00:00,2026-08-29 17:04:49.497952+00:00
124816_11,124816,777,43,substitution,,,,,13622,128456,83,83,False,2026-08-29 17:04:49.497952+00:00,2026-08-29 17:04:49.497952+00:00
124816_12,124816,777,12,substitution,,,,,33245,118591,85,85,False,2026-08-29 17:04:49.497952+00:00,2026-08-29 17:04:49.497952+00:00
124816_13,124816,777,43,yellow,,,,74964,,,89,89,False,2026-08-29 17:04:49.497952+00:00,2026-08-29 17:04:49.497952+00:00
124816_14,124816,777,43,yellow,,,,50460,,,94,90+4',True,2026-08-29 17:04:49.497952+00:00,2026-08-29 17:04:49.497952+00:00
124816_15,124816,777,43,yellow,,,,64282,,,96,90+6',True,2026-08-29 17:04:49.497952+00:00,2026-08-29 17:04:49.497952+00:00
124816_16,124816,777,12,penalty goal,23396,,,,,,97,90+7',True,2026-08-29 17:04:49.497952+00:00,2026-08-29 17:04:49.497952+00:00
124816_17,124816,777,43,yellow,,,,3955,,,97,90+7',True,2026-08-29 17:04:49.497952+00:00,2026-08-29 17:04:49.497952+00:00
124816_18,124816,777,43,yellow,,,,8127,,,97,90+7',True,2026-08-29 17:04:49.497952+00:00,2026-08-29 17:04:49.497952+00:00
124817_0,124817,777,15,substitution,,,,,49270,50623,58,58,False,2026-08-29 17:04:49.497952+00:00,2026-08-29 17:04:49.497952+00:00
124817_1,124817,777,25,substitution,,,,,8454,42569,64,64,False,2026-08-29 17:04:49.497952+00:00,2026-08-29 17:04:49.497952+00:00
124817_2,124817,777,15,substitution,,,,,304123,3756,73,73,False,2026-08-29 17:04:49.497952+00:00,2026-08-29 17:04:49.497952+00:00
124817_3,124817,777,25,substitution,,,,,136505,4617,75,75,False,2026-08-29 17:04:49.497952+00:00,2026-08-29 17:04:49.497952+00:00
124817_4,124817,777,25,substitution,,,,,65961,119072,82,82,False,2026-08-29 17:04:49.497952+00:00,2026-08-29 17:04:49.497952+00:00
124817_5,124817,777,25,goal,8868,65961,,,,,84,84,False,2026-08-29 17:04:49.497952+00:00,2026-08-29 17:04:49.497952+00:00
124817_6,124817,777,25,penalty goal,55776,,,,,,88,88,False,2026-08-29 17:04:49.497952+00:00,2026-08-29 17:04:49.497952+00:00
124817_7,124817,777,15,substitution,,,,,68219,108816,89,89,False,2026-08-29 17:04:49.497952+00:00,2026-08-29 17:04:49.497952+00:00
124817_8,124817,777,15,substitution,,,,,98300,23702,89,89,False,2026-08-29 17:04:49.497952+00:00,2026-08-29 17:04:49.497952+00:00
124817_9,124817,777,25,goal,8454,145347,,,,,91,90+1',True,2026-08-29 17:04:49.497952+00:00,2026-08-29 17:04:49.497952+00:00
124818_0,124818,777,130,goal,133890,24659,,,,,21,21,False,2026-08-29 17:04:49.497952+00:00,2026-08-29 17:04:49.497952+00:00
124818_1,124818,777,29,yellow,,,,63733,,,57,57,False,2026-08-29 17:04:49.497952+00:00,2026-08-29 17:04:49.497952+00:00
124818_2,124818,777,29,yellow,,,,126110,,,58,58,False,2026-08-29 17:04:49.497952+00:00,2026-08-29 17:04:49.497952+00:00
124818_3,124818,777,130,yellow,,,,124052,,,61,61,False,2026-08-29 17:04:49.497952+00:00,2026-08-29 17:04:49.497952+00:00
124818_4,124818,777,29,substitution,,,,,52989,126920,65,65,False,2026-08-29 17:04:49.497952+00:00,2026-08-29 17:04:49.497952+00:00
124818_5,124818,777,29,substitution,,,,,126317,118633,65,65,False,2026-08-29 17:04:49.497952+00:00,2026-08-29 17:04:49.497952+00:00
124818_6,124818,777,130,substitution,,,,,108612,3712,71,71,False,2026-08-29 17:04:49.497952+00:00,2026-08-29 17:04:49.497952+00:00
124818_7,124818,777,130,substitution,,,,,10947,24369,72,72,False,2026-08-29 17:04:49.497952+00:00,2026-08-29 17:04:49.497952+00:00
124818_8,124818,777,130,goal,124052,108612,,,,,77,77,False,2026-08-29 17:04:49.497952+00:00,2026-08-29 17:04:49.497952+00:00
124818_9,124818,777,130,yellow,,,,10947,,,80,80,False,2026-08-29 17:04:49.497952+00:00,2026-08-29 17:04:49.497952+00:00
124818_10,124818,777,29,penalty goal,138104,,,,,,82,82,False,2026-08-29 17:04:49.497952+00:00,2026-08-29 17:04:49.497952+00:00
124818_11,124818,777,29,substitution,,,,,130068,126110,87,87,False,2026-08-29 17:04:49.497952+00:00,2026-08-29 17:04:49.497952+00:00
124818_12,124818,777,130,substitution,,,,,32289,127594,90,90,False,2026-08-29 17:04:49.497952+00:00,2026-08-29 17:04:49.497952+00:00
124818_13,124818,777,29,yellow,,,,12136,,,94,90+4',True,2026-08-29 17:04:49.497952+00:00,2026-08-29 17:04:49.497952+00:00
124818_14,124818,777,29,goal,52989,12136,,,,,96,90+6',True,2026-08-29 17:04:49.497952+00:00,2026-08-29 17:04:49.497952+00:00
124819_0,124819,777,127,goal,33032,54989,,,,,5,5,False,2026-08-29 17:04:49.497952+00:00,2026-08-29 17:04:49.497952+00:00
124819_1,124819,777,127,yellow,,,,25474,,,12,12,False,2026-08-29 17:04:49.497952+00:00,2026-08-29 17:04:49.497952+00:00
124819_2,124819,777,21,yellow,,,,75582,,,14,14,False,2026-08-29 17:04:49.497952+00:00,2026-08-29 17:04:49.497952+00:00
124819_3,124819,777,127,substitution,,,,,51942,3512,26,26,False,2026-08-29 17:04:49.497952+00:00,2026-08-29 17:04:49.497952+00:00
124819_4,124819,777,21,substitution,,,,,118579,49374,54,54,False,2026-08-29 17:04:49.497952+00:00,2026-08-29 17:04:49.497952+00:00
124819_5,124819,777,21,substitution,,,,,133603,19858,54,54,False,2026-08-29 17:04:49.497952+00:00,2026-08-29 17:04:49.497952+00:00
124819_6,124819,777,127,substitution,,,,,15572,74976,63,63,False,2026-08-29 17:04:49.497952+00:00,2026-08-29 17:04:49.497952+00:00
124819_7,124819,777,127,substitution,,,,,118080,13706,64,64,False,2026-08-29 17:04:49.497952+00:00,2026-08-29 17:04:49.497952+00:00
124819_8,124819,777,21,yellow,,,,23764,,,65,65,False,2026-08-29 17:04:49.497952+00:00,2026-08-29 17:04:49.497952+00:00
124819_9,124819,777,21,substitution,,,,,126824,32229,71,71,False,2026-08-29 17:04:49.497952+00:00,2026-08-29 17:04:49.497952+00:00
124819_10,124819,777,127,yellow,,,,134403,,,72,72,False,2026-08-29 17:04:49.497952+00:00,2026-08-29 17:04:49.497952+00:00
124819_11,124819,777,21,substitution,,,,,76614,117318,76,76,False,2026-08-29 17:04:49.497952+00:00,2026-08-29 17:04:49.497952+00:00
124819_12,124819,777,127,substitution,,,,,21519,14846,81,81,False,2026-08-29 17:04:49.497952+00:00,2026-08-29 17:04:49.497952+00:00
124819_13,124819,777,127,substitution,,,,,137832,33032,81,81,False,2026-08-29 17:04:49.497952+00:00,2026-08-29 17:04:49.497952+00:00
124819_14,124819,777,127,yellow,,,,42894,,,88,88,False,2026-08-29 17:04:49.497952+00:00,2026-08-29 17:04:49.497952+00:00
124819_15,124819,777,127,yellow,,,,51942,,,97,90+7',True,2026-08-29 17:04:49.497952+00:00,2026-08-29 17:04:49.497952+00:00
124820_0,124820,777,7,goal,126789,4260,,,,,7,7,False,2026-08-29 17:04:49.497952+00:00,2026-08-29 17:04:49.497952+00:00
124820_1,124820,777,7,yellow,,,,14706,,,16,16,False,2026-08-29 17:04:49.497952+00:00,2026-08-29 17:04:49.497952+00:00
124820_2,124820,777,38,goal,20337,76310,,,,,21,21,False,2026-08-29 17:04:49.497952+00:00,2026-08-29 17:04:49.497952+00:00
124820_3,124820,777,7,goal,31936,14706,,,,,33,33,False,2026-08-29 17:04:49.497952+00:00,2026-08-29 17:04:49.497952+00:00
124820_4,124820,777,7,goal,14706,4260,,,,,55,55,False,2026-08-29 17:04:49.497952+00:00,2026-08-29 17:04:49.497952+00:00
124820_5,124820,777,38,substitution,,,,,108947,111988,63,63,False,2026-08-29 17:04:49.497952+00:00,2026-08-29 17:04:49.497952+00:00
124820_6,124820,777,38,substitution,,,,,126108,143218,64,64,False,2026-08-29 17:04:49.497952+00:00,2026-08-29 17:04:49.497952+00:00
124820_7,124820,777,38,substitution,,,,,303861,143214,64,64,False,2026-08-29 17:04:49.497952+00:00,2026-08-29 17:04:49.497952+00:00
124820_8,124820,777,38,substitution,,,,,136815,66692,75,75,False,2026-08-29 17:04:49.497952+00:00,2026-08-29 17:04:49.497952+00:00
124820_9,124820,777,7,substitution,,,,,66538,12582,76,76,False,2026-08-29 17:04:49.497952+00:00,2026-08-29 17:04:49.497952+00:00
124820_10,124820,777,7,substitution,,,,,143922,126789,76,76,False,2026-08-29 17:04:49.497952+00:00,2026-08-29 17:04:49.497952+00:00
124820_11,124820,777,38,substitution,,,,,108319,20337,76,76,False,2026-08-29 17:04:49.497952+00:00,2026-08-29 17:04:49.497952+00:00
124820_12,124820,777,38,goal,108947,136815,,,,,79,79,False,2026-08-29 17:04:49.497952+00:00,2026-08-29 17:04:49.497952+00:00
124820_13,124820,777,7,substitution,,,,,133612,4260,88,88,False,2026-08-29 17:04:49.497952+00:00,2026-08-29 17:04:49.497952+00:00
124820_14,124820,777,7,substitution,,,,,3600,31936,96,90+6',True,2026-08-29 17:04:49.497952+00:00,2026-08-29 17:04:49.497952+00:00
124821_0,124821,777,1,substitution,,,,,114566,11419,18,18,False,2026-08-29 17:04:49.497952+00:00,2026-08-29 17:04:49.497952+00:00
124821_1,124821,777,1,goal,64523,,,,,,32,32,False,2026-08-29 17:04:49.497952+00:00,2026-08-29 17:04:49.497952+00:00
124821_2,124821,777,15,substitution,,,,,70249,139648,37,37,False,2026-08-29 17:04:49.497952+00:00,2026-08-29 17:04:49.497952+00:00
124821_3,124821,777,1,goal,32728,21584,,,,,46,46,False,2026-08-29 17:04:49.497952+00:00,2026-08-29 17:04:49.497952+00:00
124821_4,124821,777,15,substitution,,,,,68219,23702,60,60,False,2026-08-29 17:04:49.497952+00:00,2026-08-29 17:04:49.497952+00:00
124821_5,124821,777,15,substitution,,,,,138137,3756,60,60,False,2026-08-29 17:04:49.497952+00:00,2026-08-29 17:04:49.497952+00:00
124821_6,124821,777,1,yellow,,,,69914,,,61,61,False,2026-08-29 17:04:49.497952+00:00,2026-08-29 17:04:49.497952+00:00
124821_7,124821,777,1,substitution,,,,,15202,32728,68,68,False,2026-08-29 17:04:49.497952+00:00,2026-08-29 17:04:49.497952+00:00
124821_8,124821,777,1,substitution,,,,,114564,69914,68,68,False,2026-08-29 17:04:49.497952+00:00,2026-08-29 17:04:49.497952+00:00
124821_9,124821,777,15,substitution,,,,,14238,108816,73,73,False,2026-08-29 17:04:49.497952+00:00,2026-08-29 17:04:49.497952+00:00
124821_10,124821,777,15,substitution,,,,,49270,15259,73,73,False,2026-08-29 17:04:49.497952+00:00,2026-08-29 17:04:49.497952+00:00
124821_11,124821,777,15,yellow,,,,23811,,,78,78,False,2026-08-29 17:04:49.497952+00:00,2026-08-29 17:04:49.497952+00:00
124821_12,124821,777,1,goal,64523,20486,,,,,79,79,False,2026-08-29 17:04:49.497952+00:00,2026-08-29 17:04:49.497952+00:00
124821_13,124821,777,1,substitution,,,,,20486,21584,79,79,False,2026-08-29 17:04:49.497952+00:00,2026-08-29 17:04:49.497952+00:00
124821_14,124821,777,1,substitution,,,,,66104,67407,79,79,False,2026-08-29 17:04:49.497952+00:00,2026-08-29 17:04:49.497952+00:00
124822_0,124822,777,131,substitution,,,,,134333,112739,3,3,False,2026-08-29 17:04:49.497952+00:00,2026-08-29 17:04:49.497952+00:00
124822_1,124822,777,127,goal,74976,25474,,,,,18,18,False,2026-08-29 17:04:49.497952+00:00,2026-08-29 17:04:49.497952+00:00
124822_2,124822,777,131,substitution,,,,,50727,67928,24,24,False,2026-08-29 17:04:49.497952+00:00,2026-08-29 17:04:49.497952+00:00
124822_3,124822,777,131,yellow,,,,8163,,,30,30,False,2026-08-29 17:04:49.497952+00:00,2026-08-29 17:04:49.497952+00:00
124822_4,124822,777,127,yellow,,,,13706,,,31,31,False,2026-08-29 17:04:49.497952+00:00,2026-08-29 17:04:49.497952+00:00
124822_5,124822,777,127,yellow,,,,54989,,,36,36,False,2026-08-29 17:04:49.497952+00:00,2026-08-29 17:04:49.497952+00:00
124822_6,124822,777,127,yellow,,,,42894,,,50,45+5',True,2026-08-29 17:04:49.497952+00:00,2026-08-29 17:04:49.497952+00:00
124822_7,124822,777,131,goal,117732,136175,,,,,48,48,False,2026-08-29 17:04:49.497952+00:00,2026-08-29 17:04:49.497952+00:00
124822_8,124822,777,131,yellow,,,,51830,,,58,58,False,2026-08-29 17:04:49.497952+00:00,2026-08-29 17:04:49.497952+00:00
124822_9,124822,777,127,penalty goal,25474,,,,,,61,61,False,2026-08-29 17:04:49.497952+00:00,2026-08-29 17:04:49.497952+00:00
124822_10,124822,777,131,yellow,,,,2100,,,63,63,False,2026-08-29 17:04:49.497952+00:00,2026-08-29 17:04:49.497952+00:00
124822_11,124822,777,131,substitution,,,,,124396,2100,66,66,False,2026-08-29 17:04:49.497952+00:00,2026-08-29 17:04:49.497952+00:00
124822_12,124822,777,127,substitution,,,,,21519,74976,67,67,False,2026-08-29 17:04:49.497952+00:00,2026-08-29 17:04:49.497952+00:00
124822_13,124822,777,127,substitution,,,,,118080,13706,67,67,False,2026-08-29 17:04:49.497952+00:00,2026-08-29 17:04:49.497952+00:00
124822_14,124822,777,131,substitution,,,,,134176,51830,67,67,False,2026-08-29 17:04:49.497952+00:00,2026-08-29 17:04:49.497952+00:00
124822_15,124822,777,131,substitution,,,,,139930,3452,67,67,False,2026-08-29 17:04:49.497952+00:00,2026-08-29 17:04:49.497952+00:00
124822_16,124822,777,131,yellow,,,,124396,,,73,73,False,2026-08-29 17:04:49.497952+00:00,2026-08-29 17:04:49.497952+00:00
124822_17,124822,777,127,substitution,,,,,10766,14846,86,86,False,2026-08-29 17:04:49.497952+00:00,2026-08-29 17:04:49.497952+00:00
124822_18,124822,777,127,substitution,,,,,119381,51942,87,87,False,2026-08-29 17:04:49.497952+00:00,2026-08-29 17:04:49.497952+00:00
124822_19,124822,777,127,substitution,,,,,302305,33032,92,90+2',True,2026-08-29 17:04:49.497952+00:00,2026-08-29 17:04:49.497952+00:00
124822_20,124822,777,127,yellow,,,,119381,,,96,90+6',True,2026-08-29 17:04:49.497952+00:00,2026-08-29 17:04:49.497952+00:00
124823_0,124823,777,130,yellow,,,,124052,,,8,8,False,2026-08-29 17:04:49.497952+00:00,2026-08-29 17:04:49.497952+00:00
124823_1,124823,777,4,yellow,,,,119041,,,30,30,False,2026-08-29 17:04:49.497952+00:00,2026-08-29 17:04:49.497952+00:00
124823_2,124823,777,130,goal,127594,3712,,,,,35,35,False,2026-08-29 17:04:49.497952+00:00,2026-08-29 17:04:49.497952+00:00
124823_3,124823,777,4,substitution,,,,,14571,66284,46,46,False,2026-08-29 17:04:49.497952+00:00,2026-08-29 17:04:49.497952+00:00
124823_4,124823,777,4,substitution,,,,,27277,119041,46,46,False,2026-08-29 17:04:49.497952+00:00,2026-08-29 17:04:49.497952+00:00
124823_5,124823,777,4,substitution,,,,,118442,133430,46,46,False,2026-08-29 17:04:49.497952+00:00,2026-08-29 17:04:49.497952+00:00
124823_6,124823,777,4,substitution,,,,,49293,68583,56,56,False,2026-08-29 17:04:49.497952+00:00,2026-08-29 17:04:49.497952+00:00
124823_7,124823,777,4,goal,49293,72371,,,,,61,61,False,2026-08-29 17:04:49.497952+00:00,2026-08-29 17:04:49.497952+00:00
124823_8,124823,777,130,yellow,,,,128891,,,64,64,False,2026-08-29 17:04:49.497952+00:00,2026-08-29 17:04:49.497952+00:00
124823_9,124823,777,130,substitution,,,,,10947,124052,72,72,False,2026-08-29 17:04:49.497952+00:00,2026-08-29 17:04:49.497952+00:00
124823_10,124823,777,130,substitution,,,,,133890,49726,73,73,False,2026-08-29 17:04:49.497952+00:00,2026-08-29 17:04:49.497952+00:00
124823_11,124823,777,4,substitution,,,,,68987,72371,79,79,False,2026-08-29 17:04:49.497952+00:00,2026-08-29 17:04:49.497952+00:00
124823_12,124823,777,130,yellow,,,,22043,,,82,82,False,2026-08-29 17:04:49.497952+00:00,2026-08-29 17:04:49.497952+00:00
124823_13,124823,777,130,substitution,,,,,20113,22043,83,83,False,2026-08-29 17:04:49.497952+00:00,2026-08-29 17:04:49.497952+00:00
124823_14,124823,777,130,substitution,,,,,115166,133460,83,83,False,2026-08-29 17:04:49.497952+00:00,2026-08-29 17:04:49.497952+00:00
124823_15,124823,777,4,goal,112203,,,,,,85,85,False,2026-08-29 17:04:49.497952+00:00,2026-08-29 17:04:49.497952+00:00
124823_16,124823,777,130,substitution,,,,,32289,24369,90,90,False,2026-08-29 17:04:49.497952+00:00,2026-08-29 17:04:49.497952+00:00
124823_17,124823,777,4,yellow,,,,118442,,,91,90+1',True,2026-08-29 17:04:49.497952+00:00,2026-08-29 17:04:49.497952+00:00
124823_18,124823,777,130,goal,32289,20113,,,,,93,90+3',True,2026-08-29 17:04:49.497952+00:00,2026-08-29 17:04:49.497952+00:00
124824_0,124824,777,43,yellow,,,,74960,,,16,16,False,2026-08-29 17:04:49.497952+00:00,2026-08-29 17:04:49.497952+00:00
124824_1,124824,777,10,yellow,,,,116665,,,22,22,False,2026-08-29 17:04:49.497952+00:00,2026-08-29 17:04:49.497952+00:00
124824_2,124824,777,10,substitution,,,,,10458,116665,38,38,False,2026-08-29 17:04:49.497952+00:00,2026-08-29 17:04:49.497952+00:00
124824_3,124824,777,10,substitution,,,,,68582,63633,46,46,False,2026-08-29 17:04:49.497952+00:00,2026-08-29 17:04:49.497952+00:00
124824_4,124824,777,43,substitution,,,,,63851,10539,63,63,False,2026-08-29 17:04:49.497952+00:00,2026-08-29 17:04:49.497952+00:00
124824_5,124824,777,43,substitution,,,,,68593,74964,63,63,False,2026-08-29 17:04:49.497952+00:00,2026-08-29 17:04:49.497952+00:00
124824_6,124824,777,10,substitution,,,,,15802,81542,72,72,False,2026-08-29 17:04:49.497952+00:00,2026-08-29 17:04:49.497952+00:00
124824_7,124824,777,10,yellow,,,,68582,,,76,76,False,2026-08-29 17:04:49.497952+00:00,2026-08-29 17:04:49.497952+00:00
124824_8,124824,777,43,yellow,,,,74960,,,84,84,False,2026-08-29 17:04:49.497952+00:00,2026-08-29 17:04:49.497952+00:00
124824_9,124824,777,43,substitution,,,,,13622,64282,86,86,False,2026-08-29 17:04:49.497952+00:00,2026-08-29 17:04:49.497952+00:00
124824_10,124824,777,10,substitution,,,,,19919,23593,87,87,False,2026-08-29 17:04:49.497952+00:00,2026-08-29 17:04:49.497952+00:00
124824_11,124824,777,10,substitution,,,,,134796,75382,87,87,False,2026-08-29 17:04:49.497952+00:00,2026-08-29 17:04:49.497952+00:00
124824_12,124824,777,43,substitution,,,,,31442,50460,89,89,False,2026-08-29 17:04:49.497952+00:00,2026-08-29 17:04:49.497952+00:00
124824_13,124824,777,10,penalty goal,5178,,,,,,95,90+5',True,2026-08-29 17:04:49.497952+00:00,2026-08-29 17:04:49.497952+00:00
124825_0,124825,777,6,yellow,,,,76353,,,14,14,False,2026-08-29 17:04:49.497952+00:00,2026-08-29 17:04:49.497952+00:00
124825_1,124825,777,6,substitution,,,,,138981,37776,69,69,False,2026-08-29 17:04:49.497952+00:00,2026-08-29 17:04:49.497952+00:00
124825_2,124825,777,29,substitution,,,,,67784,126317,69,69,False,2026-08-29 17:04:49.497952+00:00,2026-08-29 17:04:49.497952+00:00
124825_3,124825,777,29,yellow,,,,75692,,,77,77,False,2026-08-29 17:04:49.497952+00:00,2026-08-29 17:04:49.497952+00:00
124825_4,124825,777,6,substitution,,,,,146391,109117,84,84,False,2026-08-29 17:04:49.497952+00:00,2026-08-29 17:04:49.497952+00:00
124825_5,124825,777,29,substitution,,,,,25408,124944,84,84,False,2026-08-29 17:04:49.497952+00:00,2026-08-29 17:04:49.497952+00:00
124825_6,124825,777,29,substitution,,,,,119614,52989,94,90+4',True,2026-08-29 17:04:49.497952+00:00,2026-08-29 17:04:49.497952+00:00
124826_0,124826,777,2,yellow,,,,13344,,,34,34,False,2026-08-29 17:04:49.497952+00:00,2026-08-29 17:04:49.497952+00:00
124826_1,124826,777,7,yellow,,,,66538,,,46,45+1',True,2026-08-29 17:04:49.497952+00:00,2026-08-29 17:04:49.497952+00:00
124826_2,124826,777,2,substitution,,,,,72265,5865,46,46,False,2026-08-29 17:04:49.497952+00:00,2026-08-29 17:04:49.497952+00:00
124826_3,124826,777,2,yellow,,,,5758,,,57,57,False,2026-08-29 17:04:49.497952+00:00,2026-08-29 17:04:49.497952+00:00
124826_4,124826,777,7,yellow,,,,14706,,,65,65,False,2026-08-29 17:04:49.497952+00:00,2026-08-29 17:04:49.497952+00:00
124826_5,124826,777,7,substitution,,,,,128411,66538,66,66,False,2026-08-29 17:04:49.497952+00:00,2026-08-29 17:04:49.497952+00:00
124826_6,124826,777,7,yellow,,,,4260,,,69,69,False,2026-08-29 17:04:49.497952+00:00,2026-08-29 17:04:49.497952+00:00
124826_7,124826,777,2,yellow,,,,26408,,,70,70,False,2026-08-29 17:04:49.497952+00:00,2026-08-29 17:04:49.497952+00:00
124826_8,124826,777,2,substitution,,,,,33185,26408,71,71,False,2026-08-29 17:04:49.497952+00:00,2026-08-29 17:04:49.497952+00:00
124826_9,124826,777,7,substitution,,,,,143922,126789,75,75,False,2026-08-29 17:04:49.497952+00:00,2026-08-29 17:04:49.497952+00:00
124826_10,124826,777,2,substitution,,,,,5066,107846,83,83,False,2026-08-29 17:04:49.497952+00:00,2026-08-29 17:04:49.497952+00:00
124826_11,124826,777,2,substitution,,,,,14456,8658,83,83,False,2026-08-29 17:04:49.497952+00:00,2026-08-29 17:04:49.497952+00:00
124827_0,124827,777,9,yellow,,,,116888,,,11,11,False,2026-08-29 17:04:49.497952+00:00,2026-08-29 17:04:49.497952+00:00
124827_1,124827,777,34,substitution,,,,,4979,13961,60,60,False,2026-08-29 17:04:49.497952+00:00,2026-08-29 17:04:49.497952+00:00
124827_2,124827,777,34,substitution,,,,,14445,128976,60,60,False,2026-08-29 17:04:49.497952+00:00,2026-08-29 17:04:49.497952+00:00
124827_3,124827,777,9,yellow,,,,33162,,,64,64,False,2026-08-29 17:04:49.497952+00:00,2026-08-29 17:04:49.497952+00:00
124827_4,124827,777,9,substitution,,,,,33162,,68,68,False,2026-08-29 17:04:49.497952+00:00,2026-08-29 17:04:49.497952+00:00
124827_5,124827,777,9,substitution,,,,,14807,9576,69,69,False,2026-08-29 17:04:49.497952+00:00,2026-08-29 17:04:49.497952+00:00
124827_6,124827,777,34,substitution,,,,,121610,4717,76,76,False,2026-08-29 17:04:49.497952+00:00,2026-08-29 17:04:49.497952+00:00
124827_7,124827,777,9,substitution,,,,,13797,63289,77,77,False,2026-08-29 17:04:49.497952+00:00,2026-08-29 17:04:49.497952+00:00
124827_8,124827,777,34,yellow,,,,21614,,,79,79,False,2026-08-29 17:04:49.497952+00:00,2026-08-29 17:04:49.497952+00:00
124827_9,124827,777,34,substitution,,,,,3894,21614,84,84,False,2026-08-29 17:04:49.497952+00:00,2026-08-29 17:04:49.497952+00:00
124827_10,124827,777,34,substitution,,,,,11071,117763,84,84,False,2026-08-29 17:04:49.497952+00:00,2026-08-29 17:04:49.497952+00:00
124827_11,124827,777,9,substitution,,,,,68676,13797,89,89,False,2026-08-29 17:04:49.497952+00:00,2026-08-29 17:04:49.497952+00:00
124827_12,124827,777,34,own goal,,,75543,,,,94,90+4',True,2026-08-29 17:04:49.497952+00:00,2026-08-29 17:04:49.497952+00:00
124828_0,124828,777,11,goal,14805,54156,,,,,18,18,False,2026-08-29 17:04:49.497952+00:00,2026-08-29 17:04:49.497952+00:00
124828_1,124828,777,11,goal,65970,54156,,,,,53,53,False,2026-08-29 17:04:49.497952+00:00,2026-08-29 17:04:49.497952+00:00
124828_2,124828,777,12,substitution,,,,,9566,118591,62,62,False,2026-08-29 17:04:49.497952+00:00,2026-08-29 17:04:49.497952+00:00
124828_3,124828,777,12,substitution,,,,,108936,33245,62,62,False,2026-08-29 17:04:49.497952+00:00,2026-08-29 17:04:49.497952+00:00
124828_4,124828,777,11,goal,65970,5067,,,,,68,68,False,2026-08-29 17:04:49.497952+00:00,2026-08-29 17:04:49.497952+00:00
124828_5,124828,777,11,substitution,,,,,67849,16286,76,76,False,2026-08-29 17:04:49.497952+00:00,2026-08-29 17:04:49.497952+00:00
124828_6,124828,777,11,substitution,,,,,126943,54156,77,77,False,2026-08-29 17:04:49.497952+00:00,2026-08-29 17:04:49.497952+00:00
124828_7,124828,777,12,substitution,,,,,5793,66036,80,80,False,2026-08-29 17:04:49.497952+00:00,2026-08-29 17:04:49.497952+00:00
124828_8,124828,777,12,substitution,,,,,50848,118031,80,80,False,2026-08-29 17:04:49.497952+00:00,2026-08-29 17:04:49.497952+00:00
124828_9,124828,777,11,substitution,,,,,66657,65970,87,87,False,2026-08-29 17:04:49.497952+00:00,2026-08-29 17:04:49.497952+00:00
124828_10,124828,777,11,substitution,,,,,4499,5067,88,88,False,2026-08-29 17:04:49.497952+00:00,2026-08-29 17:04:49.497952+00:00
124829_0,124829,777,38,yellow,,,,108877,,,7,7,False,2026-08-29 17:04:49.497952+00:00,2026-08-29 17:04:49.497952+00:00
124829_1,124829,777,23,goal,115256,9662,,,,,30,30,False,2026-08-29 17:04:49.497952+00:00,2026-08-29 17:04:49.497952+00:00
124829_2,124829,777,38,yellow,,,,143214,,,31,31,False,2026-08-29 17:04:49.497952+00:00,2026-08-29 17:04:49.497952+00:00
124829_3,124829,777,23,substitution,,,,,14446,20607,65,65,False,2026-08-29 17:04:49.497952+00:00,2026-08-29 17:04:49.497952+00:00
124829_4,124829,777,23,substitution,,,,,114590,115256,65,65,False,2026-08-29 17:04:49.497952+00:00,2026-08-29 17:04:49.497952+00:00
124829_5,124829,777,38,substitution,,,,,76310,143214,66,66,False,2026-08-29 17:04:49.497952+00:00,2026-08-29 17:04:49.497952+00:00
124829_6,124829,777,38,substitution,,,,,126108,115114,66,66,False,2026-08-29 17:04:49.497952+00:00,2026-08-29 17:04:49.497952+00:00
124829_7,124829,777,38,substitution,,,,,143218,115371,66,66,False,2026-08-29 17:04:49.497952+00:00,2026-08-29 17:04:49.497952+00:00
124829_8,124829,777,38,yellow,,,,76310,,,67,67,False,2026-08-29 17:04:49.497952+00:00,2026-08-29 17:04:49.497952+00:00
124829_9,124829,777,38,yellow,,,,133679,,,68,68,False,2026-08-29 17:04:49.497952+00:00,2026-08-29 17:04:49.497952+00:00
124829_10,124829,777,38,substitution,,,,,111988,108947,77,77,False,2026-08-29 17:04:49.497952+00:00,2026-08-29 17:04:49.497952+00:00
124829_11,124829,777,38,substitution,,,,,303861,20337,77,77,False,2026-08-29 17:04:49.497952+00:00,2026-08-29 17:04:49.497952+00:00
124829_12,124829,777,23,substitution,,,,,49259,14716,80,80,False,2026-08-29 17:04:49.497952+00:00,2026-08-29 17:04:49.497952+00:00
124829_13,124829,777,23,yellow,,,,74761,,,88,88,False,2026-08-29 17:04:49.497952+00:00,2026-08-29 17:04:49.497952+00:00
124829_14,124829,777,23,substitution,,,,,49908,9662,95,90+5',True,2026-08-29 17:04:49.497952+00:00,2026-08-29 17:04:49.497952+00:00
124830_0,124830,777,21,goal,117318,69274,,,,,47,47,False,2026-08-29 17:04:49.497952+00:00,2026-08-29 17:04:49.497952+00:00
124830_1,124830,777,21,yellow,,,,23764,,,52,52,False,2026-08-29 17:04:49.497952+00:00,2026-08-29 17:04:49.497952+00:00
124830_2,124830,777,25,red,,,,25183,,,54,54,False,2026-08-29 17:04:49.497952+00:00,2026-08-29 17:04:49.497952+00:00
124830_3,124830,777,21,goal,133603,66635,,,,,57,57,False,2026-08-29 17:04:49.497952+00:00,2026-08-29 17:04:49.497952+00:00
124830_4,124830,777,25,substitution,,,,,122005,119072,61,61,False,2026-08-29 17:04:49.497952+00:00,2026-08-29 17:04:49.497952+00:00
124830_5,124830,777,25,substitution,,,,,146354,65961,61,61,False,2026-08-29 17:04:49.497952+00:00,2026-08-29 17:04:49.497952+00:00
124830_6,124830,777,21,goal,75582,133603,,,,,64,64,False,2026-08-29 17:04:49.497952+00:00,2026-08-29 17:04:49.497952+00:00
124830_7,124830,777,25,substitution,,,,,8454,55776,68,68,False,2026-08-29 17:04:49.497952+00:00,2026-08-29 17:04:49.497952+00:00
124830_8,124830,777,21,substitution,,,,,24630,69274,71,71,False,2026-08-29 17:04:49.497952+00:00,2026-08-29 17:04:49.497952+00:00
124830_9,124830,777,21,substitution,,,,,126824,23764,71,71,False,2026-08-29 17:04:49.497952+00:00,2026-08-29 17:04:49.497952+00:00
124830_10,124830,777,21,substitution,,,,,118579,76614,79,79,False,2026-08-29 17:04:49.497952+00:00,2026-08-29 17:04:49.497952+00:00
124830_11,124830,777,21,substitution,,,,,25892,75582,80,80,False,2026-08-29 17:04:49.497952+00:00,2026-08-29 17:04:49.497952+00:00
124830_12,124830,777,21,substitution,,,,,49374,133603,80,80,False,2026-08-29 17:04:49.497952+00:00,2026-08-29 17:04:49.497952+00:00
124830_13,124830,777,25,substitution,,,,,136505,4617,92,90+2',True,2026-08-29 17:04:49.497952+00:00,2026-08-29 17:04:49.497952+00:00
124831_0,124831,777,11,goal,65970,26335,,,,,9,9,False,2026-08-29 17:04:49.497952+00:00,2026-08-29 17:04:49.497952+00:00
124831_1,124831,777,11,yellow,,,,5067,,,36,36,False,2026-08-29 17:04:49.497952+00:00,2026-08-29 17:04:49.497952+00:00
124831_2,124831,777,1,substitution,,,,,21584,19778,46,46,False,2026-08-29 17:04:49.497952+00:00,2026-08-29 17:04:49.497952+00:00
124831_3,124831,777,1,substitution,,,,,49481,67407,46,46,False,2026-08-29 17:04:49.497952+00:00,2026-08-29 17:04:49.497952+00:00
124831_4,124831,777,11,substitution,,,,,76204,137371,46,46,False,2026-08-29 17:04:49.497952+00:00,2026-08-29 17:04:49.497952+00:00
124831_5,124831,777,1,yellow,,,,67776,,,46,46,False,2026-08-29 17:04:49.497952+00:00,2026-08-29 17:04:49.497952+00:00
124831_6,124831,777,11,substitution,,,,,4499,14805,68,68,False,2026-08-29 17:04:49.497952+00:00,2026-08-29 17:04:49.497952+00:00
124831_7,124831,777,11,substitution,,,,,67849,65970,76,76,False,2026-08-29 17:04:49.497952+00:00,2026-08-29 17:04:49.497952+00:00
124831_8,124831,777,11,yellow,,,,22857,,,77,77,False,2026-08-29 17:04:49.497952+00:00,2026-08-29 17:04:49.497952+00:00
124831_9,124831,777,1,substitution,,,,,66104,67776,80,80,False,2026-08-29 17:04:49.497952+00:00,2026-08-29 17:04:49.497952+00:00
124831_10,124831,777,1,substitution,,,,,114566,20486,84,84,False,2026-08-29 17:04:49.497952+00:00,2026-08-29 17:04:49.497952+00:00
124831_11,124831,777,11,substitution,,,,,4505,112948,87,87,False,2026-08-29 17:04:49.497952+00:00,2026-08-29 17:04:49.497952+00:00
124831_12,124831,777,11,substitution,,,,,126943,54156,87,87,False,2026-08-29 17:04:49.497952+00:00,2026-08-29 17:04:49.497952+00:00
124831_13,124831,777,1,goal,66104,21584,,,,,93,90+3',True,2026-08-29 17:04:49.497952+00:00,2026-08-29 17:04:49.497952+00:00
124831_14,124831,777,1,substitution,,,,,119476,64523,98,90+8',True,2026-08-29 17:04:49.497952+00:00,2026-08-29 17:04:49.497952+00:00
124832_0,124832,777,127,yellow,,,,119381,,,48,45+3',True,2026-08-29 17:04:49.497952+00:00,2026-08-29 17:04:49.497952+00:00
124832_1,124832,777,127,substitution,,,,,51942,119381,46,46,False,2026-08-29 17:04:49.497952+00:00,2026-08-29 17:04:49.497952+00:00
124832_2,124832,777,23,substitution,,,,,14716,14446,62,62,False,2026-08-29 17:04:49.497952+00:00,2026-08-29 17:04:49.497952+00:00
124832_3,124832,777,23,substitution,,,,,49259,9662,62,62,False,2026-08-29 17:04:49.497952+00:00,2026-08-29 17:04:49.497952+00:00
124832_4,124832,777,127,substitution,,,,,15572,74976,63,63,False,2026-08-29 17:04:49.497952+00:00,2026-08-29 17:04:49.497952+00:00
124832_5,124832,777,127,substitution,,,,,21519,13706,63,63,False,2026-08-29 17:04:49.497952+00:00,2026-08-29 17:04:49.497952+00:00
124832_6,124832,777,127,yellow,,,,132285,,,74,74,False,2026-08-29 17:04:49.497952+00:00,2026-08-29 17:04:49.497952+00:00
124832_7,124832,777,127,substitution,,,,,118080,14846,75,75,False,2026-08-29 17:04:49.497952+00:00,2026-08-29 17:04:49.497952+00:00
124832_8,124832,777,23,yellow,,,,124462,,,77,77,False,2026-08-29 17:04:49.497952+00:00,2026-08-29 17:04:49.497952+00:00
124832_9,124832,777,23,substitution,,,,,9257,124462,84,84,False,2026-08-29 17:04:49.497952+00:00,2026-08-29 17:04:49.497952+00:00
124832_10,124832,777,23,substitution,,,,,114590,115256,84,84,False,2026-08-29 17:04:49.497952+00:00,2026-08-29 17:04:49.497952+00:00
124833_0,124833,777,131,goal,136175,51830,,,,,8,8,False,2026-08-29 17:04:49.497952+00:00,2026-08-29 17:04:49.497952+00:00
124833_1,124833,777,131,goal,134333,,,,,,31,31,False,2026-08-29 17:04:49.497952+00:00,2026-08-29 17:04:49.497952+00:00
124833_2,124833,777,21,goal,24630,51364,,,,,43,43,False,2026-08-29 17:04:49.497952+00:00,2026-08-29 17:04:49.497952+00:00
124833_3,124833,777,131,substitution,,,,,143240,124396,46,46,False,2026-08-29 17:04:49.497952+00:00,2026-08-29 17:04:49.497952+00:00
124833_4,124833,777,21,yellow,,,,51364,,,46,46,False,2026-08-29 17:04:49.497952+00:00,2026-08-29 17:04:49.497952+00:00
124833_5,124833,777,21,substitution,,,,,69274,22802,61,61,False,2026-08-29 17:04:49.497952+00:00,2026-08-29 17:04:49.497952+00:00
124833_6,124833,777,131,substitution,,,,,2100,134176,63,63,False,2026-08-29 17:04:49.497952+00:00,2026-08-29 17:04:49.497952+00:00
124833_7,124833,777,21,substitution,,,,,49374,118579,72,72,False,2026-08-29 17:04:49.497952+00:00,2026-08-29 17:04:49.497952+00:00
124833_8,124833,777,131,yellow,,,,143240,,,73,73,False,2026-08-29 17:04:49.497952+00:00,2026-08-29 17:04:49.497952+00:00
124833_9,124833,777,131,substitution,,,,,3452,51830,75,75,False,2026-08-29 17:04:49.497952+00:00,2026-08-29 17:04:49.497952+00:00
124833_10,124833,777,131,substitution,,,,,303860,136175,76,76,False,2026-08-29 17:04:49.497952+00:00,2026-08-29 17:04:49.497952+00:00
124833_11,124833,777,21,own goal,,,76090,,,,82,82,False,2026-08-29 17:04:49.497952+00:00,2026-08-29 17:04:49.497952+00:00
124833_12,124833,777,131,substitution,,,,,72239,50727,85,85,False,2026-08-29 17:04:49.497952+00:00,2026-08-29 17:04:49.497952+00:00
124833_13,124833,777,21,yellow,,,,66635,,,88,88,False,2026-08-29 17:04:49.497952+00:00,2026-08-29 17:04:49.497952+00:00
124833_14,124833,777,21,substitution,,,,,23764,32229,89,89,False,2026-08-29 17:04:49.497952+00:00,2026-08-29 17:04:49.497952+00:00
124833_15,124833,777,21,substitution,,,,,117596,133603,89,89,False,2026-08-29 17:04:49.497952+00:00,2026-08-29 17:04:49.497952+00:00
124834_0,124834,777,15,goal,23811,,,,,,2,2,False,2026-08-29 17:04:49.497952+00:00,2026-08-29 17:04:49.497952+00:00
124834_1,124834,777,43,yellow,,,,63851,,,16,16,False,2026-08-29 17:04:49.497952+00:00,2026-08-29 17:04:49.497952+00:00
124834_2,124834,777,43,goal,50460,64282,,,,,20,20,False,2026-08-29 17:04:49.497952+00:00,2026-08-29 17:04:49.497952+00:00
124834_3,124834,777,15,substitution,,,,,23702,138137,59,59,False,2026-08-29 17:04:49.497952+00:00,2026-08-29 17:04:49.497952+00:00
124834_4,124834,777,15,substitution,,,,,304123,3756,75,75,False,2026-08-29 17:04:49.497952+00:00,2026-08-29 17:04:49.497952+00:00
124834_5,124834,777,15,substitution,,,,,68219,24626,76,76,False,2026-08-29 17:04:49.497952+00:00,2026-08-29 17:04:49.497952+00:00
124834_6,124834,777,15,substitution,,,,,108816,50623,76,76,False,2026-08-29 17:04:49.497952+00:00,2026-08-29 17:04:49.497952+00:00
124834_7,124834,777,43,substitution,,,,,68593,74964,81,81,False,2026-08-29 17:04:49.497952+00:00,2026-08-29 17:04:49.497952+00:00
124834_8,124834,777,43,substitution,,,,,75735,64282,86,86,False,2026-08-29 17:04:49.497952+00:00,2026-08-29 17:04:49.497952+00:00
124834_9,124834,777,15,yellow,,,,67510,,,92,90+2',True,2026-08-29 17:04:49.497952+00:00,2026-08-29 17:04:49.497952+00:00
124835_0,124835,777,130,goal,49731,,,,,,20,20,False,2026-08-29 17:04:49.497952+00:00,2026-08-29 17:04:49.497952+00:00
124835_1,124835,777,34,goal,4717,117763,,,,,38,38,False,2026-08-29 17:04:49.497952+00:00,2026-08-29 17:04:49.497952+00:00
124835_2,124835,777,34,goal,13961,4717,,,,,40,40,False,2026-08-29 17:04:49.497952+00:00,2026-08-29 17:04:49.497952+00:00
124835_3,124835,777,34,yellow,,,,128976,,,43,43,False,2026-08-29 17:04:49.497952+00:00,2026-08-29 17:04:49.497952+00:00
124835_4,124835,777,34,own goal,,,22043,,,,50,50,False,2026-08-29 17:04:49.497952+00:00,2026-08-29 17:04:49.497952+00:00
124835_5,124835,777,34,yellow,,,,16044,,,53,53,False,2026-08-29 17:04:49.497952+00:00,2026-08-29 17:04:49.497952+00:00
124835_6,124835,777,34,goal,117763,13961,,,,,59,59,False,2026-08-29 17:04:49.497952+00:00,2026-08-29 17:04:49.497952+00:00
124835_7,124835,777,130,substitution,,,,,133890,124052,65,65,False,2026-08-29 17:04:49.497952+00:00,2026-08-29 17:04:49.497952+00:00
124835_8,124835,777,130,substitution,,,,,10947,24369,66,66,False,2026-08-29 17:04:49.497952+00:00,2026-08-29 17:04:49.497952+00:00
124835_9,124835,777,34,substitution,,,,,121610,128976,67,67,False,2026-08-29 17:04:49.497952+00:00,2026-08-29 17:04:49.497952+00:00
124835_10,124835,777,130,yellow,,,,24659,,,69,69,False,2026-08-29 17:04:49.497952+00:00,2026-08-29 17:04:49.497952+00:00
124835_11,124835,777,130,substitution,,,,,20113,22043,74,74,False,2026-08-29 17:04:49.497952+00:00,2026-08-29 17:04:49.497952+00:00
124835_12,124835,777,130,substitution,,,,,23194,3712,74,74,False,2026-08-29 17:04:49.497952+00:00,2026-08-29 17:04:49.497952+00:00
124835_13,124835,777,34,substitution,,,,,11071,117763,80,80,False,2026-08-29 17:04:49.497952+00:00,2026-08-29 17:04:49.497952+00:00
124835_14,124835,777,34,substitution,,,,,14445,4717,80,80,False,2026-08-29 17:04:49.497952+00:00,2026-08-29 17:04:49.497952+00:00
124835_15,124835,777,34,yellow,,,,4985,,,81,81,False,2026-08-29 17:04:49.497952+00:00,2026-08-29 17:04:49.497952+00:00
124835_16,124835,777,34,substitution,,,,,3894,16044,86,86,False,2026-08-29 17:04:49.497952+00:00,2026-08-29 17:04:49.497952+00:00
124835_17,124835,777,34,substitution,,,,,35752,13961,86,86,False,2026-08-29 17:04:49.497952+00:00,2026-08-29 17:04:49.497952+00:00
124835_18,124835,777,130,substitution,,,,,32289,49731,87,87,False,2026-08-29 17:04:49.497952+00:00,2026-08-29 17:04:49.497952+00:00
124835_19,124835,777,34,yellow,,,,121610,,,93,90+3',True,2026-08-29 17:04:49.497952+00:00,2026-08-29 17:04:49.497952+00:00
124836_0,124836,777,10,goal,49909,5178,,,,,10,10,False,2026-08-29 17:04:49.497952+00:00,2026-08-29 17:04:49.497952+00:00
124836_1,124836,777,7,yellow,,,,31936,,,28,28,False,2026-08-29 17:04:49.497952+00:00,2026-08-29 17:04:49.497952+00:00
124836_2,124836,777,10,goal,81542,49909,,,,,29,29,False,2026-08-29 17:04:49.497952+00:00,2026-08-29 17:04:49.497952+00:00
124836_3,124836,777,7,substitution,,,,,143922,126789,46,46,False,2026-08-29 17:04:49.497952+00:00,2026-08-29 17:04:49.497952+00:00
124836_4,124836,777,7,goal,12582,31936,,,,,58,58,False,2026-08-29 17:04:49.497952+00:00,2026-08-29 17:04:49.497952+00:00
124836_5,124836,777,10,substitution,,,,,23815,63633,61,61,False,2026-08-29 17:04:49.497952+00:00,2026-08-29 17:04:49.497952+00:00
124836_6,124836,777,10,substitution,,,,,75382,32894,61,61,False,2026-08-29 17:04:49.497952+00:00,2026-08-29 17:04:49.497952+00:00
124836_7,124836,777,10,substitution,,,,,21737,81542,67,67,False,2026-08-29 17:04:49.497952+00:00,2026-08-29 17:04:49.497952+00:00
124836_8,124836,777,10,yellow,,,,33231,,,69,69,False,2026-08-29 17:04:49.497952+00:00,2026-08-29 17:04:49.497952+00:00
124836_9,124836,777,7,yellow,,,,14706,,,78,78,False,2026-08-29 17:04:49.497952+00:00,2026-08-29 17:04:49.497952+00:00
124836_10,124836,777,10,yellow,,,,75382,,,82,82,False,2026-08-29 17:04:49.497952+00:00,2026-08-29 17:04:49.497952+00:00
124836_11,124836,777,7,substitution,,,,,112917,31936,86,86,False,2026-08-29 17:04:49.497952+00:00,2026-08-29 17:04:49.497952+00:00
124836_12,124836,777,7,substitution,,,,,133612,24983,86,86,False,2026-08-29 17:04:49.497952+00:00,2026-08-29 17:04:49.497952+00:00
124836_13,124836,777,7,yellow,,,,4260,,,94,90+4',True,2026-08-29 17:04:49.497952+00:00,2026-08-29 17:04:49.497952+00:00
124837_0,124837,777,4,red,,,,14538,,,5,5,False,2026-08-29 17:04:49.497952+00:00,2026-08-29 17:04:49.497952+00:00
124837_1,124837,777,4,substitution,,,,,75989,304474,6,6,False,2026-08-29 17:04:49.497952+00:00,2026-08-29 17:04:49.497952+00:00
124837_2,124837,777,4,substitution,,,,,13549,21998,7,7,False,2026-08-29 17:04:49.497952+00:00,2026-08-29 17:04:49.497952+00:00
124837_3,124837,777,12,goal,23396,146567,,,,,14,14,False,2026-08-29 17:04:49.497952+00:00,2026-08-29 17:04:49.497952+00:00
124837_4,124837,777,12,yellow,,,,5793,,,17,17,False,2026-08-29 17:04:49.497952+00:00,2026-08-29 17:04:49.497952+00:00
124837_5,124837,777,4,substitution,,,,,133245,49293,21,21,False,2026-08-29 17:04:49.497952+00:00,2026-08-29 17:04:49.497952+00:00
124837_6,124837,777,12,goal,5793,9566,,,,,37,37,False,2026-08-29 17:04:49.497952+00:00,2026-08-29 17:04:49.497952+00:00
124837_7,124837,777,4,yellow,,,,27277,,,44,44,False,2026-08-29 17:04:49.497952+00:00,2026-08-29 17:04:49.497952+00:00
124837_8,124837,777,12,yellow,,,,5793,,,50,45+5',True,2026-08-29 17:04:49.497952+00:00,2026-08-29 17:04:49.497952+00:00
124837_9,124837,777,12,substitution,,,,,118031,66036,46,46,False,2026-08-29 17:04:49.497952+00:00,2026-08-29 17:04:49.497952+00:00
124837_10,124837,777,4,yellow,,,,63741,,,48,48,False,2026-08-29 17:04:49.497952+00:00,2026-08-29 17:04:49.497952+00:00
124837_11,124837,777,4,yellow,,,,14575,,,50,50,False,2026-08-29 17:04:49.497952+00:00,2026-08-29 17:04:49.497952+00:00
124837_12,124837,777,4,substitution,,,,,68827,27277,64,64,False,2026-08-29 17:04:49.497952+00:00,2026-08-29 17:04:49.497952+00:00
124837_13,124837,777,4,substitution,,,,,118442,66284,64,64,False,2026-08-29 17:04:49.497952+00:00,2026-08-29 17:04:49.497952+00:00
124837_14,124837,777,12,substitution,,,,,51202,33245,65,65,False,2026-08-29 17:04:49.497952+00:00,2026-08-29 17:04:49.497952+00:00
124837_15,124837,777,12,substitution,,,,,14580,66360,70,70,False,2026-08-29 17:04:49.497952+00:00,2026-08-29 17:04:49.497952+00:00
124837_16,124837,777,12,substitution,,,,,118591,9566,70,70,False,2026-08-29 17:04:49.497952+00:00,2026-08-29 17:04:49.497952+00:00
124837_17,124837,777,4,yellow,,,,118442,,,72,72,False,2026-08-29 17:04:49.497952+00:00,2026-08-29 17:04:49.497952+00:00
124837_18,124837,777,4,goal,14575,14571,,,,,80,80,False,2026-08-29 17:04:49.497952+00:00,2026-08-29 17:04:49.497952+00:00
124837_19,124837,777,12,substitution,,,,,108936,23396,87,87,False,2026-08-29 17:04:49.497952+00:00,2026-08-29 17:04:49.497952+00:00
124837_20,124837,777,4,yellow,,,,13549,,,96,90+6',True,2026-08-29 17:04:49.497952+00:00,2026-08-29 17:04:49.497952+00:00
124838_0,124838,777,29,red,,,,63733,,,33,33,False,2026-08-29 17:04:49.497952+00:00,2026-08-29 17:04:49.497952+00:00
124838_1,124838,777,29,substitution,,,,,19864,119614,37,37,False,2026-08-29 17:04:49.497952+00:00,2026-08-29 17:04:49.497952+00:00
124838_2,124838,777,2,substitution,,,,,33185,5758,58,58,False,2026-08-29 17:04:49.497952+00:00,2026-08-29 17:04:49.497952+00:00
124838_3,124838,777,2,substitution,,,,,51223,26408,58,58,False,2026-08-29 17:04:49.497952+00:00,2026-08-29 17:04:49.497952+00:00
124838_4,124838,777,2,yellow,,,,51223,,,63,63,False,2026-08-29 17:04:49.497952+00:00,2026-08-29 17:04:49.497952+00:00
124838_5,124838,777,2,goal,13344,25067,,,,,67,67,False,2026-08-29 17:04:49.497952+00:00,2026-08-29 17:04:49.497952+00:00
124838_6,124838,777,2,substitution,,,,,14456,72265,73,73,False,2026-08-29 17:04:49.497952+00:00,2026-08-29 17:04:49.497952+00:00
124838_7,124838,777,29,yellow,,,,124944,,,74,74,False,2026-08-29 17:04:49.497952+00:00,2026-08-29 17:04:49.497952+00:00
124838_8,124838,777,29,goal,52989,12136,,,,,75,75,False,2026-08-29 17:04:49.497952+00:00,2026-08-29 17:04:49.497952+00:00
124838_9,124838,777,29,substitution,,,,,11284,118633,80,80,False,2026-08-29 17:04:49.497952+00:00,2026-08-29 17:04:49.497952+00:00
124838_10,124838,777,29,substitution,,,,,126920,52989,80,80,False,2026-08-29 17:04:49.497952+00:00,2026-08-29 17:04:49.497952+00:00
124838_11,124838,777,29,substitution,,,,,25408,138104,81,81,False,2026-08-29 17:04:49.497952+00:00,2026-08-29 17:04:49.497952+00:00
124838_12,124838,777,2,substitution,,,,,14801,23968,82,82,False,2026-08-29 17:04:49.497952+00:00,2026-08-29 17:04:49.497952+00:00
124838_13,124838,777,2,substitution,,,,,107846,25067,82,82,False,2026-08-29 17:04:49.497952+00:00,2026-08-29 17:04:49.497952+00:00
124838_14,124838,777,29,yellow,,,,12136,,,88,88,False,2026-08-29 17:04:49.497952+00:00,2026-08-29 17:04:49.497952+00:00
124838_15,124838,777,29,substitution,,,,,35731,124944,91,90+1',True,2026-08-29 17:04:49.497952+00:00,2026-08-29 17:04:49.497952+00:00
124839_0,124839,777,6,goal,20874,,,,,,37,37,False,2026-08-29 17:04:49.497952+00:00,2026-08-29 17:04:49.497952+00:00
124839_1,124839,777,6,yellow,,,,24334,,,40,40,False,2026-08-29 17:04:49.497952+00:00,2026-08-29 17:04:49.497952+00:00
124839_2,124839,777,25,yellow,,,,13522,,,46,45+1',True,2026-08-29 17:04:49.497952+00:00,2026-08-29 17:04:49.497952+00:00
124839_3,124839,777,6,substitution,,,,,138981,109117,46,46,False,2026-08-29 17:04:49.497952+00:00,2026-08-29 17:04:49.497952+00:00
124839_4,124839,777,25,goal,8868,145347,,,,,49,49,False,2026-08-29 17:04:49.497952+00:00,2026-08-29 17:04:49.497952+00:00
124839_5,124839,777,25,yellow,,,,8868,,,57,57,False,2026-08-29 17:04:49.497952+00:00,2026-08-29 17:04:49.497952+00:00
124839_6,124839,777,25,substitution,,,,,42569,8454,59,59,False,2026-08-29 17:04:49.497952+00:00,2026-08-29 17:04:49.497952+00:00
124839_7,124839,777,6,substitution,,,,,37776,8589,65,65,False,2026-08-29 17:04:49.497952+00:00,2026-08-29 17:04:49.497952+00:00
124839_8,124839,777,6,goal,24334,,,,,,68,68,False,2026-08-29 17:04:49.497952+00:00,2026-08-29 17:04:49.497952+00:00
124839_9,124839,777,25,yellow,,,,55776,,,74,74,False,2026-08-29 17:04:49.497952+00:00,2026-08-29 17:04:49.497952+00:00
124839_10,124839,777,6,substitution,,,,,14451,69595,75,75,False,2026-08-29 17:04:49.497952+00:00,2026-08-29 17:04:49.497952+00:00
124839_11,124839,777,25,substitution,,,,,122005,119072,78,78,False,2026-08-29 17:04:49.497952+00:00,2026-08-29 17:04:49.497952+00:00
124839_12,124839,777,25,substitution,,,,,146354,65961,78,78,False,2026-08-29 17:04:49.497952+00:00,2026-08-29 17:04:49.497952+00:00
124839_13,124839,777,25,yellow,,,,145347,,,82,82,False,2026-08-29 17:04:49.497952+00:00,2026-08-29 17:04:49.497952+00:00
124839_14,124839,777,6,yellow,,,,37776,,,91,90+1',True,2026-08-29 17:04:49.497952+00:00,2026-08-29 17:04:49.497952+00:00
124839_15,124839,777,6,yellow,,,,13988,,,93,90+3',True,2026-08-29 17:04:49.497952+00:00,2026-08-29 17:04:49.497952+00:00
124840_0,124840,777,38,goal,108877,303861,,,,,8,8,False,2026-08-29 17:04:49.497952+00:00,2026-08-29 17:04:49.497952+00:00
124840_1,124840,777,38,yellow,,,,303861,,,12,12,False,2026-08-29 17:04:49.497952+00:00,2026-08-29 17:04:49.497952+00:00
124840_2,124840,777,9,goal,9576,,,,,,31,31,False,2026-08-29 17:04:49.497952+00:00,2026-08-29 17:04:49.497952+00:00
124840_3,124840,777,9,goal,116888,,,,,,39,39,False,2026-08-29 17:04:49.497952+00:00,2026-08-29 17:04:49.497952+00:00
124840_4,124840,777,9,yellow,,,,14608,,,41,41,False,2026-08-29 17:04:49.497952+00:00,2026-08-29 17:04:49.497952+00:00
124840_5,124840,777,9,goal,33162,116888,,,,,45,45,False,2026-08-29 17:04:49.497952+00:00,2026-08-29 17:04:49.497952+00:00
124840_6,124840,777,38,substitution,,,,,35670,303861,46,46,False,2026-08-29 17:04:49.497952+00:00,2026-08-29 17:04:49.497952+00:00
124840_7,124840,777,38,substitution,,,,,66692,108947,46,46,False,2026-08-29 17:04:49.497952+00:00,2026-08-29 17:04:49.497952+00:00
124840_8,124840,777,38,substitution,,,,,76310,126108,46,46,False,2026-08-29 17:04:49.497952+00:00,2026-08-29 17:04:49.497952+00:00
124840_9,124840,777,9,substitution,,,,,33162,,70,70,False,2026-08-29 17:04:49.497952+00:00,2026-08-29 17:04:49.497952+00:00
124840_10,124840,777,38,substitution,,,,,143214,115114,72,72,False,2026-08-29 17:04:49.497952+00:00,2026-08-29 17:04:49.497952+00:00
124840_11,124840,777,38,substitution,,,,,143218,92635,72,72,False,2026-08-29 17:04:49.497952+00:00,2026-08-29 17:04:49.497952+00:00
124840_12,124840,777,9,substitution,,,,,13515,14608,83,83,False,2026-08-29 17:04:49.497952+00:00,2026-08-29 17:04:49.497952+00:00
124840_13,124840,777,9,substitution,,,,,126426,14897,83,83,False,2026-08-29 17:04:49.497952+00:00,2026-08-29 17:04:49.497952+00:00
124840_14,124840,777,9,substitution,,,,,14807,9576,92,90+2',True,2026-08-29 17:04:49.497952+00:00,2026-08-29 17:04:49.497952+00:00
124840_15,124840,777,9,substitution,,,,,115255,63289,92,90+2',True,2026-08-29 17:04:49.497952+00:00,2026-08-29 17:04:49.497952+00:00
124841_0,124841,777,34,goal,11071,16044,,,,,3,3,False,2026-08-29 17:04:49.497952+00:00,2026-08-29 17:04:49.497952+00:00
124841_1,124841,777,34,substitution,,,,,4979,11071,11,11,False,2026-08-29 17:04:49.497952+00:00,2026-08-29 17:04:49.497952+00:00
124841_2,124841,777,34,yellow,,,,128976,,,22,22,False,2026-08-29 17:04:49.497952+00:00,2026-08-29 17:04:49.497952+00:00
124841_3,124841,777,2,substitution,,,,,21529,8900,32,32,False,2026-08-29 17:04:49.497952+00:00,2026-08-29 17:04:49.497952+00:00
124841_4,124841,777,34,yellow,,,,16044,,,34,34,False,2026-08-29 17:04:49.497952+00:00,2026-08-29 17:04:49.497952+00:00
124841_5,124841,777,2,goal,8658,5758,,,,,37,37,False,2026-08-29 17:04:49.497952+00:00,2026-08-29 17:04:49.497952+00:00
124841_6,124841,777,34,yellow,,,,13961,,,47,45+2',True,2026-08-29 17:04:49.497952+00:00,2026-08-29 17:04:49.497952+00:00
124841_7,124841,777,2,yellow,,,,51423,,,50,45+5',True,2026-08-29 17:04:49.497952+00:00,2026-08-29 17:04:49.497952+00:00
124841_8,124841,777,2,substitution,,,,,26408,33185,46,46,False,2026-08-29 17:04:49.497952+00:00,2026-08-29 17:04:49.497952+00:00
124841_9,124841,777,2,goal,51423,26408,,,,,49,49,False,2026-08-29 17:04:49.497952+00:00,2026-08-29 17:04:49.497952+00:00
124841_10,124841,777,2,goal,26408,23968,,,,,51,51,False,2026-08-29 17:04:49.497952+00:00,2026-08-29 17:04:49.497952+00:00
124841_11,124841,777,34,yellow,,,,23793,,,55,55,False,2026-08-29 17:04:49.497952+00:00,2026-08-29 17:04:49.497952+00:00
124841_12,124841,777,34,substitution,,,,,14445,128976,65,65,False,2026-08-29 17:04:49.497952+00:00,2026-08-29 17:04:49.497952+00:00
124841_13,124841,777,34,substitution,,,,,121610,4717,65,65,False,2026-08-29 17:04:49.497952+00:00,2026-08-29 17:04:49.497952+00:00
124841_14,124841,777,2,substitution,,,,,25067,51423,72,72,False,2026-08-29 17:04:49.497952+00:00,2026-08-29 17:04:49.497952+00:00
124841_15,124841,777,34,substitution,,,,,14624,14656,80,80,False,2026-08-29 17:04:49.497952+00:00,2026-08-29 17:04:49.497952+00:00
124841_16,124841,777,34,substitution,,,,,53063,13961,80,80,False,2026-08-29 17:04:49.497952+00:00,2026-08-29 17:04:49.497952+00:00
124841_17,124841,777,2,substitution,,,,,5066,107846,82,82,False,2026-08-29 17:04:49.497952+00:00,2026-08-29 17:04:49.497952+00:00
124841_18,124841,777,2,substitution,,,,,14456,72265,83,83,False,2026-08-29 17:04:49.497952+00:00,2026-08-29 17:04:49.497952+00:00
124842_0,124842,777,130,goal,124052,3712,,,,,8,8,False,2026-08-29 17:04:49.497952+00:00,2026-08-29 17:04:49.497952+00:00
124842_1,124842,777,130,goal,124052,,,,,,20,20,False,2026-08-29 17:04:49.497952+00:00,2026-08-29 17:04:49.497952+00:00
124842_2,124842,777,12,goal,66036,,,,,,26,26,False,2026-08-29 17:04:49.497952+00:00,2026-08-29 17:04:49.497952+00:00
124842_3,124842,777,12,yellow,,,,23396,,,56,56,False,2026-08-29 17:04:49.497952+00:00,2026-08-29 17:04:49.497952+00:00
124842_4,124842,777,12,substitution,,,,,108936,9566,66,66,False,2026-08-29 17:04:49.497952+00:00,2026-08-29 17:04:49.497952+00:00
124842_5,124842,777,12,substitution,,,,,118591,118031,66,66,False,2026-08-29 17:04:49.497952+00:00,2026-08-29 17:04:49.497952+00:00
124842_6,124842,777,130,yellow,,,,24659,,,72,72,False,2026-08-29 17:04:49.497952+00:00,2026-08-29 17:04:49.497952+00:00
124842_7,124842,777,130,substitution,,,,,10947,115166,75,75,False,2026-08-29 17:04:49.497952+00:00,2026-08-29 17:04:49.497952+00:00
124842_8,124842,777,130,substitution,,,,,24369,133890,75,75,False,2026-08-29 17:04:49.497952+00:00,2026-08-29 17:04:49.497952+00:00
124842_9,124842,777,130,yellow,,,,127594,,,80,80,False,2026-08-29 17:04:49.497952+00:00,2026-08-29 17:04:49.497952+00:00
124842_10,124842,777,12,substitution,,,,,14580,4608,81,81,False,2026-08-29 17:04:49.497952+00:00,2026-08-29 17:04:49.497952+00:00
124842_11,124842,777,130,substitution,,,,,23194,49731,81,81,False,2026-08-29 17:04:49.497952+00:00,2026-08-29 17:04:49.497952+00:00
124842_12,124842,777,130,substitution,,,,,108612,3712,81,81,False,2026-08-29 17:04:49.497952+00:00,2026-08-29 17:04:49.497952+00:00
124842_13,124842,777,12,yellow,,,,146567,,,84,84,False,2026-08-29 17:04:49.497952+00:00,2026-08-29 17:04:49.497952+00:00
124842_14,124842,777,12,substitution,,,,,50848,146567,85,85,False,2026-08-29 17:04:49.497952+00:00,2026-08-29 17:04:49.497952+00:00
124842_15,124842,777,130,substitution,,,,,49726,124052,90,90,False,2026-08-29 17:04:49.497952+00:00,2026-08-29 17:04:49.497952+00:00
124842_16,124842,777,130,goal,49726,128891,,,,,95,90+5',True,2026-08-29 17:04:49.497952+00:00,2026-08-29 17:04:49.497952+00:00
124843_0,124843,777,131,yellow,,,,4874,,,9,9,False,2026-08-29 17:04:49.497952+00:00,2026-08-29 17:04:49.497952+00:00
124843_1,124843,777,4,goal,63741,,,,,,24,24,False,2026-08-29 17:04:49.497952+00:00,2026-08-29 17:04:49.497952+00:00
124843_2,124843,777,4,yellow,,,,27277,,,42,42,False,2026-08-29 17:04:49.497952+00:00,2026-08-29 17:04:49.497952+00:00
124843_3,124843,777,4,red,,,,14575,,,53,53,False,2026-08-29 17:04:49.497952+00:00,2026-08-29 17:04:49.497952+00:00
124843_4,124843,777,4,substitution,,,,,125075,133245,54,54,False,2026-08-29 17:04:49.497952+00:00,2026-08-29 17:04:49.497952+00:00
124843_5,124843,777,131,substitution,,,,,72239,4874,55,55,False,2026-08-29 17:04:49.497952+00:00,2026-08-29 17:04:49.497952+00:00
124843_6,124843,777,4,substitution,,,,,68827,304474,64,64,False,2026-08-29 17:04:49.497952+00:00,2026-08-29 17:04:49.497952+00:00
124843_7,124843,777,131,yellow,,,,72239,,,64,64,False,2026-08-29 17:04:49.497952+00:00,2026-08-29 17:04:49.497952+00:00
124843_8,124843,777,4,yellow,,,,14571,,,66,66,False,2026-08-29 17:04:49.497952+00:00,2026-08-29 17:04:49.497952+00:00
124843_9,124843,777,131,substitution,,,,,3452,117732,67,67,False,2026-08-29 17:04:49.497952+00:00,2026-08-29 17:04:49.497952+00:00
124843_10,124843,777,131,substitution,,,,,134176,124396,67,67,False,2026-08-29 17:04:49.497952+00:00,2026-08-29 17:04:49.497952+00:00
124843_11,124843,777,131,goal,3452,136175,,,,,77,77,False,2026-08-29 17:04:49.497952+00:00,2026-08-29 17:04:49.497952+00:00
124843_12,124843,777,4,substitution,,,,,53612,119041,79,79,False,2026-08-29 17:04:49.497952+00:00,2026-08-29 17:04:49.497952+00:00
124843_13,124843,777,4,substitution,,,,,99282,21998,79,79,False,2026-08-29 17:04:49.497952+00:00,2026-08-29 17:04:49.497952+00:00
124843_14,124843,777,131,substitution,,,,,67928,143240,85,85,False,2026-08-29 17:04:49.497952+00:00,2026-08-29 17:04:49.497952+00:00
124843_15,124843,777,131,substitution,,,,,139930,51830,85,85,False,2026-08-29 17:04:49.497952+00:00,2026-08-29 17:04:49.497952+00:00
124843_16,124843,777,4,yellow,,,,53612,,,89,89,False,2026-08-29 17:04:49.497952+00:00,2026-08-29 17:04:49.497952+00:00
124843_17,124843,777,131,yellow,,,,76090,,,89,89,False,2026-08-29 17:04:49.497952+00:00,2026-08-29 17:04:49.497952+00:00
124843_18,124843,777,131,yellow,,,,8163,,,90,90,False,2026-08-29 17:04:49.497952+00:00,2026-08-29 17:04:49.497952+00:00
124843_19,124843,777,131,goal,67928,72239,,,,,92,90+2',True,2026-08-29 17:04:49.497952+00:00,2026-08-29 17:04:49.497952+00:00
124843_20,124843,777,131,goal,3452,134176,,,,,100,90+10',True,2026-08-29 17:04:49.497952+00:00,2026-08-29 17:04:49.497952+00:00
124843_21,124843,777,131,yellow,,,,3452,,,101,90+11',True,2026-08-29 17:04:49.497952+00:00,2026-08-29 17:04:49.497952+00:00
124844_0,124844,777,6,goal,49796,,,,,,9,9,False,2026-08-29 17:04:49.497952+00:00,2026-08-29 17:04:49.497952+00:00
124844_1,124844,777,10,yellow,,,,23593,,,26,26,False,2026-08-29 17:04:49.497952+00:00,2026-08-29 17:04:49.497952+00:00
124844_2,124844,777,10,substitution,,,,,32894,68582,46,46,False,2026-08-29 17:04:49.497952+00:00,2026-08-29 17:04:49.497952+00:00
124844_3,124844,777,10,yellow,,,,5140,,,61,61,False,2026-08-29 17:04:49.497952+00:00,2026-08-29 17:04:49.497952+00:00
124844_4,124844,777,6,substitution,,,,,8589,69595,62,62,False,2026-08-29 17:04:49.497952+00:00,2026-08-29 17:04:49.497952+00:00
124844_5,124844,777,10,substitution,,,,,23815,63633,65,65,False,2026-08-29 17:04:49.497952+00:00,2026-08-29 17:04:49.497952+00:00
124844_6,124844,777,6,substitution,,,,,37776,109117,74,74,False,2026-08-29 17:04:49.497952+00:00,2026-08-29 17:04:49.497952+00:00
124844_7,124844,777,10,substitution,,,,,15802,75382,74,74,False,2026-08-29 17:04:49.497952+00:00,2026-08-29 17:04:49.497952+00:00
124844_8,124844,777,10,substitution,,,,,19919,23593,74,74,False,2026-08-29 17:04:49.497952+00:00,2026-08-29 17:04:49.497952+00:00
124844_9,124844,777,6,substitution,,,,,14451,49796,75,75,False,2026-08-29 17:04:49.497952+00:00,2026-08-29 17:04:49.497952+00:00
124844_10,124844,777,10,yellow,,,,15802,,,77,77,False,2026-08-29 17:04:49.497952+00:00,2026-08-29 17:04:49.497952+00:00
124844_11,124844,777,6,yellow,,,,14451,,,78,78,False,2026-08-29 17:04:49.497952+00:00,2026-08-29 17:04:49.497952+00:00
124844_12,124844,777,10,substitution,,,,,134796,21737,84,84,False,2026-08-29 17:04:49.497952+00:00,2026-08-29 17:04:49.497952+00:00
124844_13,124844,777,10,goal,15802,,,,,,87,87,False,2026-08-29 17:04:49.497952+00:00,2026-08-29 17:04:49.497952+00:00
124844_14,124844,777,6,substitution,,,,,138981,49759,92,90+2',True,2026-08-29 17:04:49.497952+00:00,2026-08-29 17:04:49.497952+00:00
124844_15,124844,777,6,goal,14451,14569,,,,,97,90+7',True,2026-08-29 17:04:49.497952+00:00,2026-08-29 17:04:49.497952+00:00
124845_0,124845,777,7,goal,4333,23841,,,,,18,18,False,2026-08-29 17:04:49.497952+00:00,2026-08-29 17:04:49.497952+00:00
124845_1,124845,777,7,yellow,,,,8143,,,24,24,False,2026-08-29 17:04:49.497952+00:00,2026-08-29 17:04:49.497952+00:00
124845_2,124845,777,25,yellow,,,,13815,,,33,33,False,2026-08-29 17:04:49.497952+00:00,2026-08-29 17:04:49.497952+00:00
124845_3,124845,777,25,yellow,,,,122005,,,48,48,False,2026-08-29 17:04:49.497952+00:00,2026-08-29 17:04:49.497952+00:00
124845_4,124845,777,25,substitution,,,,,66560,122005,59,59,False,2026-08-29 17:04:49.497952+00:00,2026-08-29 17:04:49.497952+00:00
124845_5,124845,777,25,yellow,,,,13522,,,64,64,False,2026-08-29 17:04:49.497952+00:00,2026-08-29 17:04:49.497952+00:00
124845_6,124845,777,25,goal,8868,,,,,,65,65,False,2026-08-29 17:04:49.497952+00:00,2026-08-29 17:04:49.497952+00:00
124845_7,124845,777,7,substitution,,,,,143922,126789,69,69,False,2026-08-29 17:04:49.497952+00:00,2026-08-29 17:04:49.497952+00:00
124845_8,124845,777,25,substitution,,,,,146354,65961,77,77,False,2026-08-29 17:04:49.497952+00:00,2026-08-29 17:04:49.497952+00:00
124845_9,124845,777,7,substitution,,,,,112917,31936,81,81,False,2026-08-29 17:04:49.497952+00:00,2026-08-29 17:04:49.497952+00:00
124845_10,124845,777,25,yellow,,,,32638,,,82,82,False,2026-08-29 17:04:49.497952+00:00,2026-08-29 17:04:49.497952+00:00
124845_11,124845,777,7,yellow,,,,24983,,,87,87,False,2026-08-29 17:04:49.497952+00:00,2026-08-29 17:04:49.497952+00:00
124845_12,124845,777,7,yellow,,,,14706,,,90,90,False,2026-08-29 17:04:49.497952+00:00,2026-08-29 17:04:49.497952+00:00
124845_13,124845,777,25,substitution,,,,,21912,55776,94,90+4',True,2026-08-29 17:04:49.497952+00:00,2026-08-29 17:04:49.497952+00:00
124845_14,124845,777,25,substitution,,,,,136505,42569,94,90+4',True,2026-08-29 17:04:49.497952+00:00,2026-08-29 17:04:49.497952+00:00
124846_0,124846,777,127,yellow,,,,119381,,,12,12,False,2026-08-29 17:04:49.497952+00:00,2026-08-29 17:04:49.497952+00:00
124846_1,124846,777,127,goal,25474,,,,,,26,26,False,2026-08-29 17:04:49.497952+00:00,2026-08-29 17:04:49.497952+00:00
124846_2,124846,777,9,goal,13796,14897,,,,,37,37,False,2026-08-29 17:04:49.497952+00:00,2026-08-29 17:04:49.497952+00:00
124846_3,124846,777,9,goal,14897,,,,,,54,54,False,2026-08-29 17:04:49.497952+00:00,2026-08-29 17:04:49.497952+00:00
124846_4,124846,777,127,substitution,,,,,13706,118080,60,60,False,2026-08-29 17:04:49.497952+00:00,2026-08-29 17:04:49.497952+00:00
124846_5,124846,777,127,substitution,,,,,14846,21519,60,60,False,2026-08-29 17:04:49.497952+00:00,2026-08-29 17:04:49.497952+00:00
124846_6,124846,777,127,substitution,,,,,74976,15572,60,60,False,2026-08-29 17:04:49.497952+00:00,2026-08-29 17:04:49.497952+00:00
124846_7,124846,777,9,substitution,,,,,33162,,67,67,False,2026-08-29 17:04:49.497952+00:00,2026-08-29 17:04:49.497952+00:00
124846_8,124846,777,9,yellow,,,,63289,,,70,70,False,2026-08-29 17:04:49.497952+00:00,2026-08-29 17:04:49.497952+00:00
124846_9,124846,777,127,substitution,,,,,121972,119381,73,73,False,2026-08-29 17:04:49.497952+00:00,2026-08-29 17:04:49.497952+00:00
124846_10,124846,777,127,substitution,,,,,137832,42894,81,81,False,2026-08-29 17:04:49.497952+00:00,2026-08-29 17:04:49.497952+00:00
124846_11,124846,777,9,substitution,,,,,126426,63289,87,87,False,2026-08-29 17:04:49.497952+00:00,2026-08-29 17:04:49.497952+00:00
124846_12,124846,777,9,substitution,,,,,14807,9576,92,90+2',True,2026-08-29 17:04:49.497952+00:00,2026-08-29 17:04:49.497952+00:00
124846_13,124846,777,9,yellow,,,,19731,,,92,90+2',True,2026-08-29 17:04:49.497952+00:00,2026-08-29 17:04:49.497952+00:00
124846_14,124846,777,127,goal,137832,54989,,,,,93,90+3',True,2026-08-29 17:04:49.497952+00:00,2026-08-29 17:04:49.497952+00:00
124846_15,124846,777,127,yellow,,,,137832,,,93,90+3',True,2026-08-29 17:04:49.497952+00:00,2026-08-29 17:04:49.497952+00:00
124847_0,124847,777,11,own goal,,,124531,,,,12,12,False,2026-08-29 17:04:49.497952+00:00,2026-08-29 17:04:49.497952+00:00
124847_1,124847,777,43,yellow,,,,127393,,,27,27,False,2026-08-29 17:04:49.497952+00:00,2026-08-29 17:04:49.497952+00:00
124847_2,124847,777,43,yellow,,,,3955,,,30,30,False,2026-08-29 17:04:49.497952+00:00,2026-08-29 17:04:49.497952+00:00
124847_3,124847,777,43,goal,50460,127393,,,,,38,38,False,2026-08-29 17:04:49.497952+00:00,2026-08-29 17:04:49.497952+00:00
124847_4,124847,777,11,goal,76204,65970,,,,,61,61,False,2026-08-29 17:04:49.497952+00:00,2026-08-29 17:04:49.497952+00:00
124847_5,124847,777,11,substitution,,,,,66657,126943,62,62,False,2026-08-29 17:04:49.497952+00:00,2026-08-29 17:04:49.497952+00:00
124847_6,124847,777,43,substitution,,,,,19831,74964,62,62,False,2026-08-29 17:04:49.497952+00:00,2026-08-29 17:04:49.497952+00:00
124847_7,124847,777,43,yellow,,,,50460,,,63,63,False,2026-08-29 17:04:49.497952+00:00,2026-08-29 17:04:49.497952+00:00
124847_8,124847,777,11,own goal,,,124531,,,,65,65,False,2026-08-29 17:04:49.497952+00:00,2026-08-29 17:04:49.497952+00:00
124847_9,124847,777,11,substitution,,,,,4499,67178,70,70,False,2026-08-29 17:04:49.497952+00:00,2026-08-29 17:04:49.497952+00:00
124847_10,124847,777,43,substitution,,,,,74960,10539,79,79,False,2026-08-29 17:04:49.497952+00:00,2026-08-29 17:04:49.497952+00:00
124847_11,124847,777,43,substitution,,,,,31442,64282,80,80,False,2026-08-29 17:04:49.497952+00:00,2026-08-29 17:04:49.497952+00:00
124847_12,124847,777,11,substitution,,,,,5067,26335,83,83,False,2026-08-29 17:04:49.497952+00:00,2026-08-29 17:04:49.497952+00:00
124847_13,124847,777,11,substitution,,,,,99281,112948,83,83,False,2026-08-29 17:04:49.497952+00:00,2026-08-29 17:04:49.497952+00:00
124847_14,124847,777,11,yellow,,,,14805,,,83,83,False,2026-08-29 17:04:49.497952+00:00,2026-08-29 17:04:49.497952+00:00
124847_15,124847,777,43,substitution,,,,,51498,127393,88,88,False,2026-08-29 17:04:49.497952+00:00,2026-08-29 17:04:49.497952+00:00
124847_16,124847,777,43,substitution,,,,,68593,50460,88,88,False,2026-08-29 17:04:49.497952+00:00,2026-08-29 17:04:49.497952+00:00
124847_17,124847,777,11,goal,65970,54156,,,,,90,90,False,2026-08-29 17:04:49.497952+00:00,2026-08-29 17:04:49.497952+00:00
124847_18,124847,777,11,goal,65970,,,,,,93,90+3',True,2026-08-29 17:04:49.497952+00:00,2026-08-29 17:04:49.497952+00:00
124848_0,124848,777,23,goal,115256,71623,,,,,34,34,False,2026-08-29 17:04:49.497952+00:00,2026-08-29 17:04:49.497952+00:00
124848_1,124848,777,1,substitution,,,,,66204,119476,46,46,False,2026-08-29 17:04:49.497952+00:00,2026-08-29 17:04:49.497952+00:00
124848_2,124848,777,1,yellow,,,,69914,,,56,56,False,2026-08-29 17:04:49.497952+00:00,2026-08-29 17:04:49.497952+00:00
124848_3,124848,777,23,substitution,,,,,49259,9662,66,66,False,2026-08-29 17:04:49.497952+00:00,2026-08-29 17:04:49.497952+00:00
124848_4,124848,777,23,substitution,,,,,3905,23747,67,67,False,2026-08-29 17:04:49.497952+00:00,2026-08-29 17:04:49.497952+00:00
124848_5,124848,777,23,substitution,,,,,114590,115256,67,67,False,2026-08-29 17:04:49.497952+00:00,2026-08-29 17:04:49.497952+00:00
124848_6,124848,777,1,substitution,,,,,19778,69914,70,70,False,2026-08-29 17:04:49.497952+00:00,2026-08-29 17:04:49.497952+00:00
124848_7,124848,777,1,substitution,,,,,66104,49481,70,70,False,2026-08-29 17:04:49.497952+00:00,2026-08-29 17:04:49.497952+00:00
124848_8,124848,777,23,substitution,,,,,9257,49495,77,77,False,2026-08-29 17:04:49.497952+00:00,2026-08-29 17:04:49.497952+00:00
124848_9,124848,777,1,substitution,,,,,11419,64523,82,82,False,2026-08-29 17:04:49.497952+00:00,2026-08-29 17:04:49.497952+00:00
124848_10,124848,777,23,yellow,,,,20607,,,83,83,False,2026-08-29 17:04:49.497952+00:00,2026-08-29 17:04:49.497952+00:00
124848_11,124848,777,1,goal,19778,15202,,,,,84,84,False,2026-08-29 17:04:49.497952+00:00,2026-08-29 17:04:49.497952+00:00
124848_12,124848,777,1,substitution,,,,,114564,20486,88,88,False,2026-08-29 17:04:49.497952+00:00,2026-08-29 17:04:49.497952+00:00
124848_13,124848,777,23,yellow,,,,8707,,,88,88,False,2026-08-29 17:04:49.497952+00:00,2026-08-29 17:04:49.497952+00:00
124848_14,124848,777,23,substitution,,,,,14716,20607,94,90+4',True,2026-08-29 17:04:49.497952+00:00,2026-08-29 17:04:49.497952+00:00
124848_15,124848,777,1,goal,50234,11419,,,,,96,90+6',True,2026-08-29 17:04:49.497952+00:00,2026-08-29 17:04:49.497952+00:00
124849_0,124849,777,29,yellow,,,,124944,,,9,9,False,2026-08-29 17:04:49.497952+00:00,2026-08-29 17:04:49.497952+00:00
124849_1,124849,777,29,yellow,,,,11284,,,31,31,False,2026-08-29 17:04:49.497952+00:00,2026-08-29 17:04:49.497952+00:00
124849_2,124849,777,15,yellow,,,,115172,,,36,36,False,2026-08-29 17:04:49.497952+00:00,2026-08-29 17:04:49.497952+00:00
124849_3,124849,777,29,goal,66659,12136,,,,,38,38,False,2026-08-29 17:04:49.497952+00:00,2026-08-29 17:04:49.497952+00:00
124849_4,124849,777,15,yellow,,,,16035,,,38,38,False,2026-08-29 17:04:49.497952+00:00,2026-08-29 17:04:49.497952+00:00
124849_5,124849,777,15,substitution,,,,,15259,115172,46,46,False,2026-08-29 17:04:49.497952+00:00,2026-08-29 17:04:49.497952+00:00
124849_6,124849,777,15,yellow,,,,23811,,,49,49,False,2026-08-29 17:04:49.497952+00:00,2026-08-29 17:04:49.497952+00:00
124849_7,124849,777,29,substitution,,,,,10394,119614,59,59,False,2026-08-29 17:04:49.497952+00:00,2026-08-29 17:04:49.497952+00:00
124849_8,124849,777,29,substitution,,,,,25408,11284,59,59,False,2026-08-29 17:04:49.497952+00:00,2026-08-29 17:04:49.497952+00:00
124849_9,124849,777,15,substitution,,,,,23702,49270,60,60,False,2026-08-29 17:04:49.497952+00:00,2026-08-29 17:04:49.497952+00:00
124849_10,124849,777,15,substitution,,,,,304123,50623,60,60,False,2026-08-29 17:04:49.497952+00:00,2026-08-29 17:04:49.497952+00:00
124849_11,124849,777,15,substitution,,,,,98300,138137,72,72,False,2026-08-29 17:04:49.497952+00:00,2026-08-29 17:04:49.497952+00:00
124849_12,124849,777,29,substitution,,,,,19864,138104,75,75,False,2026-08-29 17:04:49.497952+00:00,2026-08-29 17:04:49.497952+00:00
124849_13,124849,777,15,yellow,,,,51593,,,82,82,False,2026-08-29 17:04:49.497952+00:00,2026-08-29 17:04:49.497952+00:00
124849_14,124849,777,29,substitution,,,,,67784,52989,85,85,False,2026-08-29 17:04:49.497952+00:00,2026-08-29 17:04:49.497952+00:00
124849_15,124849,777,29,substitution,,,,,126317,118633,85,85,False,2026-08-29 17:04:49.497952+00:00,2026-08-29 17:04:49.497952+00:00
124849_16,124849,777,15,substitution,,,,,68219,3756,90,90,False,2026-08-29 17:04:49.497952+00:00,2026-08-29 17:04:49.497952+00:00
124850_0,124850,777,21,yellow,,,,69274,,,32,32,False,2026-08-29 17:04:49.497952+00:00,2026-08-29 17:04:49.497952+00:00
124850_1,124850,777,38,yellow,,,,4229,,,35,35,False,2026-08-29 17:04:49.497952+00:00,2026-08-29 17:04:49.497952+00:00
124850_2,124850,777,38,yellow,,,,133679,,,39,39,False,2026-08-29 17:04:49.497952+00:00,2026-08-29 17:04:49.497952+00:00
124850_3,124850,777,38,substitution,,,,,110203,4229,46,46,False,2026-08-29 17:04:49.497952+00:00,2026-08-29 17:04:49.497952+00:00
124850_4,124850,777,38,substitution,,,,,111988,20337,46,46,False,2026-08-29 17:04:49.497952+00:00,2026-08-29 17:04:49.497952+00:00
124850_5,124850,777,38,goal,43010,,,,,,54,54,False,2026-08-29 17:04:49.497952+00:00,2026-08-29 17:04:49.497952+00:00
124850_6,124850,777,21,substitution,,,,,49374,22802,62,62,False,2026-08-29 17:04:49.497952+00:00,2026-08-29 17:04:49.497952+00:00
124850_7,124850,777,21,substitution,,,,,32229,23764,63,63,False,2026-08-29 17:04:49.497952+00:00,2026-08-29 17:04:49.497952+00:00
124850_8,124850,777,38,substitution,,,,,126108,133679,64,64,False,2026-08-29 17:04:49.497952+00:00,2026-08-29 17:04:49.497952+00:00
124850_9,124850,777,21,yellow,,,,133603,,,65,65,False,2026-08-29 17:04:49.497952+00:00,2026-08-29 17:04:49.497952+00:00
124850_10,124850,777,21,substitution,,,,,117318,133603,78,78,False,2026-08-29 17:04:49.497952+00:00,2026-08-29 17:04:49.497952+00:00
124850_11,124850,777,21,substitution,,,,,118579,69274,78,78,False,2026-08-29 17:04:49.497952+00:00,2026-08-29 17:04:49.497952+00:00
124850_12,124850,777,21,substitution,,,,,76614,126824,84,84,False,2026-08-29 17:04:49.497952+00:00,2026-08-29 17:04:49.497952+00:00
124850_13,124850,777,38,substitution,,,,,115371,35670,84,84,False,2026-08-29 17:04:49.497952+00:00,2026-08-29 17:04:49.497952+00:00
124850_14,124850,777,38,substitution,,,,,92635,143218,92,90+2',True,2026-08-29 17:04:49.497952+00:00,2026-08-29 17:04:49.497952+00:00
124850_15,124850,777,21,goal,19858,117318,,,,,94,90+4',True,2026-08-29 17:04:49.497952+00:00,2026-08-29 17:04:49.497952+00:00
124850_16,124850,777,21,yellow,,,,19858,,,94,90+4',True,2026-08-29 17:04:49.497952+00:00,2026-08-29 17:04:49.497952+00:00
124851_0,124851,777,1,substitution,,,,,64523,11419,30,30,False,2026-08-29 17:04:49.497952+00:00,2026-08-29 17:04:49.497952+00:00
124851_1,124851,777,1,goal,15202,,,,,,38,38,False,2026-08-29 17:04:49.497952+00:00,2026-08-29 17:04:49.497952+00:00
124851_2,124851,777,25,yellow,,,,65961,,,58,58,False,2026-08-29 17:04:49.497952+00:00,2026-08-29 17:04:49.497952+00:00
124851_3,124851,777,25,substitution,,,,,66560,122005,61,61,False,2026-08-29 17:04:49.497952+00:00,2026-08-29 17:04:49.497952+00:00
124851_4,124851,777,25,substitution,,,,,122149,42569,61,61,False,2026-08-29 17:04:49.497952+00:00,2026-08-29 17:04:49.497952+00:00
124851_5,124851,777,1,penalty goal,49481,,,,,,67,67,False,2026-08-29 17:04:49.497952+00:00,2026-08-29 17:04:49.497952+00:00
124851_6,124851,777,25,yellow,,,,55776,,,69,69,False,2026-08-29 17:04:49.497952+00:00,2026-08-29 17:04:49.497952+00:00
124851_7,124851,777,1,substitution,,,,,114564,69914,75,75,False,2026-08-29 17:04:49.497952+00:00,2026-08-29 17:04:49.497952+00:00
124851_8,124851,777,1,substitution,,,,,114566,20486,75,75,False,2026-08-29 17:04:49.497952+00:00,2026-08-29 17:04:49.497952+00:00
124851_9,124851,777,1,substitution,,,,,19778,15202,79,79,False,2026-08-29 17:04:49.497952+00:00,2026-08-29 17:04:49.497952+00:00
124851_10,124851,777,1,substitution,,,,,66104,21584,79,79,False,2026-08-29 17:04:49.497952+00:00,2026-08-29 17:04:49.497952+00:00
124851_11,124851,777,25,substitution,,,,,13815,14164,79,79,False,2026-08-29 17:04:49.497952+00:00,2026-08-29 17:04:49.497952+00:00
124852_0,124852,777,43,yellow,,,,64282,,,17,17,False,2026-08-29 17:04:49.497952+00:00,2026-08-29 17:04:49.497952+00:00
124852_1,124852,777,2,goal,14456,25067,,,,,25,25,False,2026-08-29 17:04:49.497952+00:00,2026-08-29 17:04:49.497952+00:00
124852_2,124852,777,2,yellow,,,,5758,,,53,53,False,2026-08-29 17:04:49.497952+00:00,2026-08-29 17:04:49.497952+00:00
124852_3,124852,777,43,substitution,,,,,19831,74964,59,59,False,2026-08-29 17:04:49.497952+00:00,2026-08-29 17:04:49.497952+00:00
124852_4,124852,777,43,substitution,,,,,31442,50460,59,59,False,2026-08-29 17:04:49.497952+00:00,2026-08-29 17:04:49.497952+00:00
124852_5,124852,777,2,goal,14456,23968,,,,,63,63,False,2026-08-29 17:04:49.497952+00:00,2026-08-29 17:04:49.497952+00:00
124852_6,124852,777,2,substitution,,,,,26408,8658,67,67,False,2026-08-29 17:04:49.497952+00:00,2026-08-29 17:04:49.497952+00:00
124852_7,124852,777,2,substitution,,,,,72265,51423,67,67,False,2026-08-29 17:04:49.497952+00:00,2026-08-29 17:04:49.497952+00:00
124852_8,124852,777,43,substitution,,,,,74960,64282,69,69,False,2026-08-29 17:04:49.497952+00:00,2026-08-29 17:04:49.497952+00:00
124852_9,124852,777,43,goal,74960,127393,,,,,78,78,False,2026-08-29 17:04:49.497952+00:00,2026-08-29 17:04:49.497952+00:00
124852_10,124852,777,43,substitution,,,,,75735,8127,82,82,False,2026-08-29 17:04:49.497952+00:00,2026-08-29 17:04:49.497952+00:00
124852_11,124852,777,2,substitution,,,,,4115,14456,84,84,False,2026-08-29 17:04:49.497952+00:00,2026-08-29 17:04:49.497952+00:00
124852_12,124852,777,2,substitution,,,,,5066,13344,84,84,False,2026-08-29 17:04:49.497952+00:00,2026-08-29 17:04:49.497952+00:00
124852_13,124852,777,2,substitution,,,,,108096,107846,90,90,False,2026-08-29 17:04:49.497952+00:00,2026-08-29 17:04:49.497952+00:00
124852_14,124852,777,2,yellow,,,,26408,,,91,90+1',True,2026-08-29 17:04:49.497952+00:00,2026-08-29 17:04:49.497952+00:00
124852_15,124852,777,2,yellow,,,,4245,,,93,90+3',True,2026-08-29 17:04:49.497952+00:00,2026-08-29 17:04:49.497952+00:00
124852_16,124852,777,2,substitution,,,,,51223,26408,100,90+10',True,2026-08-29 17:04:49.497952+00:00,2026-08-29 17:04:49.497952+00:00
124852_17,124852,777,43,substitution,,,,,13622,124531,100,90+10',True,2026-08-29 17:04:49.497952+00:00,2026-08-29 17:04:49.497952+00:00
124853_0,124853,777,34,substitution,,,,,3894,16044,14,14,False,2026-08-29 17:04:49.497952+00:00,2026-08-29 17:04:49.497952+00:00
124853_1,124853,777,127,substitution,,,,,21519,14846,61,61,False,2026-08-29 17:04:49.497952+00:00,2026-08-29 17:04:49.497952+00:00
124853_2,124853,777,127,substitution,,,,,119381,51942,61,61,False,2026-08-29 17:04:49.497952+00:00,2026-08-29 17:04:49.497952+00:00
124853_3,124853,777,34,substitution,,,,,53063,13961,67,67,False,2026-08-29 17:04:49.497952+00:00,2026-08-29 17:04:49.497952+00:00
124853_4,124853,777,34,substitution,,,,,121610,128976,67,67,False,2026-08-29 17:04:49.497952+00:00,2026-08-29 17:04:49.497952+00:00
124853_5,124853,777,34,goal,14656,53063,,,,,70,70,False,2026-08-29 17:04:49.497952+00:00,2026-08-29 17:04:49.497952+00:00
124853_6,124853,777,34,yellow,,,,49884,,,76,76,False,2026-08-29 17:04:49.497952+00:00,2026-08-29 17:04:49.497952+00:00
124853_7,124853,777,127,goal,25474,74965,,,,,78,78,False,2026-08-29 17:04:49.497952+00:00,2026-08-29 17:04:49.497952+00:00
124853_8,124853,777,127,substitution,,,,,15572,42894,78,78,False,2026-08-29 17:04:49.497952+00:00,2026-08-29 17:04:49.497952+00:00
124853_9,124853,777,127,substitution,,,,,121972,54989,78,78,False,2026-08-29 17:04:49.497952+00:00,2026-08-29 17:04:49.497952+00:00
124853_10,124853,777,127,goal,21519,25474,,,,,84,84,False,2026-08-29 17:04:49.497952+00:00,2026-08-29 17:04:49.497952+00:00
124853_11,124853,777,127,substitution,,,,,140546,13706,85,85,False,2026-08-29 17:04:49.497952+00:00,2026-08-29 17:04:49.497952+00:00
124853_12,124853,777,34,substitution,,,,,4979,4717,86,86,False,2026-08-29 17:04:49.497952+00:00,2026-08-29 17:04:49.497952+00:00
124853_13,124853,777,34,substitution,,,,,14445,49884,86,86,False,2026-08-29 17:04:49.497952+00:00,2026-08-29 17:04:49.497952+00:00
124853_14,124853,777,127,goal,25474,121972,,,,,96,90+6',True,2026-08-29 17:04:49.497952+00:00,2026-08-29 17:04:49.497952+00:00
124854_0,124854,777,11,goal,65970,67178,,,,,9,9,False,2026-08-29 17:04:49.497952+00:00,2026-08-29 17:04:49.497952+00:00
124854_1,124854,777,11,substitution,,,,,67849,16286,22,22,False,2026-08-29 17:04:49.497952+00:00,2026-08-29 17:04:49.497952+00:00
124854_2,124854,777,130,yellow,,,,127594,,,46,45+1',True,2026-08-29 17:04:49.497952+00:00,2026-08-29 17:04:49.497952+00:00
124854_3,124854,777,130,substitution,,,,,49726,49731,68,68,False,2026-08-29 17:04:49.497952+00:00,2026-08-29 17:04:49.497952+00:00
124854_4,124854,777,130,substitution,,,,,133890,124052,68,68,False,2026-08-29 17:04:49.497952+00:00,2026-08-29 17:04:49.497952+00:00
124854_5,124854,777,130,yellow,,,,3712,,,70,70,False,2026-08-29 17:04:49.497952+00:00,2026-08-29 17:04:49.497952+00:00
124854_6,124854,777,130,substitution,,,,,108612,128891,73,73,False,2026-08-29 17:04:49.497952+00:00,2026-08-29 17:04:49.497952+00:00
124854_7,124854,777,130,substitution,,,,,23194,3712,74,74,False,2026-08-29 17:04:49.497952+00:00,2026-08-29 17:04:49.497952+00:00
124854_8,124854,777,11,substitution,,,,,5067,26335,76,76,False,2026-08-29 17:04:49.497952+00:00,2026-08-29 17:04:49.497952+00:00
124854_9,124854,777,11,substitution,,,,,54156,66657,76,76,False,2026-08-29 17:04:49.497952+00:00,2026-08-29 17:04:49.497952+00:00
124854_10,124854,777,11,yellow,,,,76204,,,77,77,False,2026-08-29 17:04:49.497952+00:00,2026-08-29 17:04:49.497952+00:00
124854_11,124854,777,11,yellow,,,,112948,,,83,83,False,2026-08-29 17:04:49.497952+00:00,2026-08-29 17:04:49.497952+00:00
124854_12,124854,777,130,yellow,,,,133890,,,84,84,False,2026-08-29 17:04:49.497952+00:00,2026-08-29 17:04:49.497952+00:00
124854_13,124854,777,130,substitution,,,,,32289,20113,92,90+2',True,2026-08-29 17:04:49.497952+00:00,2026-08-29 17:04:49.497952+00:00
124855_0,124855,777,4,goal,112203,68827,,,,,14,14,False,2026-08-29 17:04:49.497952+00:00,2026-08-29 17:04:49.497952+00:00
124855_1,124855,777,10,yellow,,,,68582,,,34,34,False,2026-08-29 17:04:49.497952+00:00,2026-08-29 17:04:49.497952+00:00
124855_2,124855,777,10,substitution,,,,,75382,68582,46,46,False,2026-08-29 17:04:49.497952+00:00,2026-08-29 17:04:49.497952+00:00
124855_3,124855,777,4,substitution,,,,,99282,53612,55,55,False,2026-08-29 17:04:49.497952+00:00,2026-08-29 17:04:49.497952+00:00
124855_4,124855,777,10,substitution,,,,,10458,116665,55,55,False,2026-08-29 17:04:49.497952+00:00,2026-08-29 17:04:49.497952+00:00
124855_5,124855,777,10,substitution,,,,,23815,23593,56,56,False,2026-08-29 17:04:49.497952+00:00,2026-08-29 17:04:49.497952+00:00
124855_6,124855,777,10,goal,32894,21737,,,,,63,63,False,2026-08-29 17:04:49.497952+00:00,2026-08-29 17:04:49.497952+00:00
124855_7,124855,777,4,substitution,,,,,119041,125075,68,68,False,2026-08-29 17:04:49.497952+00:00,2026-08-29 17:04:49.497952+00:00
124855_8,124855,777,4,substitution,,,,,130068,72371,74,74,False,2026-08-29 17:04:49.497952+00:00,2026-08-29 17:04:49.497952+00:00
124855_9,124855,777,10,substitution,,,,,81542,21737,74,74,False,2026-08-29 17:04:49.497952+00:00,2026-08-29 17:04:49.497952+00:00
124855_10,124855,777,4,substitution,,,,,68583,68987,75,75,False,2026-08-29 17:04:49.497952+00:00,2026-08-29 17:04:49.497952+00:00
124855_11,124855,777,4,substitution,,,,,304474,21998,75,75,False,2026-08-29 17:04:49.497952+00:00,2026-08-29 17:04:49.497952+00:00
124855_12,124855,777,10,yellow,,,,33231,,,79,79,False,2026-08-29 17:04:49.497952+00:00,2026-08-29 17:04:49.497952+00:00
124855_13,124855,777,10,substitution,,,,,43586,63633,86,86,False,2026-08-29 17:04:49.497952+00:00,2026-08-29 17:04:49.497952+00:00
124855_14,124855,777,4,goal,304474,27277,,,,,96,90+6',True,2026-08-29 17:04:49.497952+00:00,2026-08-29 17:04:49.497952+00:00
124856_0,124856,777,6,goal,76353,49796,,,,,37,37,False,2026-08-29 17:04:49.497952+00:00,2026-08-29 17:04:49.497952+00:00
124856_1,124856,777,7,substitution,,,,,126789,143922,46,46,False,2026-08-29 17:04:49.497952+00:00,2026-08-29 17:04:49.497952+00:00
124856_2,124856,777,7,substitution,,,,,133612,112917,46,46,False,2026-08-29 17:04:49.497952+00:00,2026-08-29 17:04:49.497952+00:00
124856_3,124856,777,7,substitution,,,,,66538,4333,65,65,False,2026-08-29 17:04:49.497952+00:00,2026-08-29 17:04:49.497952+00:00
124856_4,124856,777,6,yellow,,,,109117,,,68,68,False,2026-08-29 17:04:49.497952+00:00,2026-08-29 17:04:49.497952+00:00
124856_5,124856,777,7,yellow,,,,23841,,,68,68,False,2026-08-29 17:04:49.497952+00:00,2026-08-29 17:04:49.497952+00:00
124856_6,124856,777,6,substitution,,,,,14451,20874,70,70,False,2026-08-29 17:04:49.497952+00:00,2026-08-29 17:04:49.497952+00:00
124856_7,124856,777,7,penalty goal,31936,,,,,,76,76,False,2026-08-29 17:04:49.497952+00:00,2026-08-29 17:04:49.497952+00:00
124856_8,124856,777,6,substitution,,,,,37776,49759,82,82,False,2026-08-29 17:04:49.497952+00:00,2026-08-29 17:04:49.497952+00:00
124856_9,124856,777,6,yellow,,,,69595,,,82,82,False,2026-08-29 17:04:49.497952+00:00,2026-08-29 17:04:49.497952+00:00
124856_10,124856,777,6,yellow,,,,76353,,,87,87,False,2026-08-29 17:04:49.497952+00:00,2026-08-29 17:04:49.497952+00:00
124856_11,124856,777,6,substitution,,,,,138981,109117,88,88,False,2026-08-29 17:04:49.497952+00:00,2026-08-29 17:04:49.497952+00:00
124856_12,124856,777,6,substitution,,,,,146391,49796,89,89,False,2026-08-29 17:04:49.497952+00:00,2026-08-29 17:04:49.497952+00:00
124856_13,124856,777,7,goal,4260,,,,,,93,90+3',True,2026-08-29 17:04:49.497952+00:00,2026-08-29 17:04:49.497952+00:00
124856_14,124856,777,7,yellow,,,,31936,,,95,90+5',True,2026-08-29 17:04:49.497952+00:00,2026-08-29 17:04:49.497952+00:00
124856_15,124856,777,7,substitution,,,,,3600,31936,100,90+10',True,2026-08-29 17:04:49.497952+00:00,2026-08-29 17:04:49.497952+00:00
124857_0,124857,777,21,yellow,,,,51364,,,22,22,False,2026-08-29 17:04:49.497952+00:00,2026-08-29 17:04:49.497952+00:00
124857_1,124857,777,21,goal,76614,51364,,,,,23,23,False,2026-08-29 17:04:49.497952+00:00,2026-08-29 17:04:49.497952+00:00
124857_2,124857,777,9,goal,33162,,,,,,34,34,False,2026-08-29 17:04:49.497952+00:00,2026-08-29 17:04:49.497952+00:00
124857_3,124857,777,21,yellow,,,,19858,,,41,41,False,2026-08-29 17:04:49.497952+00:00,2026-08-29 17:04:49.497952+00:00
124857_4,124857,777,9,yellow,,,,19731,,,52,52,False,2026-08-29 17:04:49.497952+00:00,2026-08-29 17:04:49.497952+00:00
124857_5,124857,777,21,goal,51364,,,,,,57,57,False,2026-08-29 17:04:49.497952+00:00,2026-08-29 17:04:49.497952+00:00
124857_6,124857,777,9,yellow,,,,33162,,,64,64,False,2026-08-29 17:04:49.497952+00:00,2026-08-29 17:04:49.497952+00:00
124857_7,124857,777,21,yellow,,,,66635,,,64,64,False,2026-08-29 17:04:49.497952+00:00,2026-08-29 17:04:49.497952+00:00
124857_8,124857,777,9,substitution,,,,,63289,,67,67,False,2026-08-29 17:04:49.497952+00:00,2026-08-29 17:04:49.497952+00:00
124857_9,124857,777,9,substitution,,,,,126426,116888,67,67,False,2026-08-29 17:04:49.497952+00:00,2026-08-29 17:04:49.497952+00:00
124857_10,124857,777,21,substitution,,,,,117318,76614,73,73,False,2026-08-29 17:04:49.497952+00:00,2026-08-29 17:04:49.497952+00:00
124857_11,124857,777,21,substitution,,,,,24630,69274,74,74,False,2026-08-29 17:04:49.497952+00:00,2026-08-29 17:04:49.497952+00:00
124857_12,124857,777,9,substitution,,,,,14807,75543,79,79,False,2026-08-29 17:04:49.497952+00:00,2026-08-29 17:04:49.497952+00:00
124857_13,124857,777,9,substitution,,,,,50643,33162,79,79,False,2026-08-29 17:04:49.497952+00:00,2026-08-29 17:04:49.497952+00:00
124857_14,124857,777,21,substitution,,,,,25892,118579,85,85,False,2026-08-29 17:04:49.497952+00:00,2026-08-29 17:04:49.497952+00:00
124857_15,124857,777,9,substitution,,,,,13515,14608,89,89,False,2026-08-29 17:04:49.497952+00:00,2026-08-29 17:04:49.497952+00:00
124857_16,124857,777,21,substitution,,,,,49374,51364,90,90,False,2026-08-29 17:04:49.497952+00:00,2026-08-29 17:04:49.497952+00:00
124858_0,124858,777,12,goal,14580,66360,,,,,8,8,False,2026-08-29 17:04:49.497952+00:00,2026-08-29 17:04:49.497952+00:00
124858_1,124858,777,29,yellow,,,,66659,,,29,29,False,2026-08-29 17:04:49.497952+00:00,2026-08-29 17:04:49.497952+00:00
124858_2,124858,777,12,goal,66036,,,,,,31,31,False,2026-08-29 17:04:49.497952+00:00,2026-08-29 17:04:49.497952+00:00
124858_3,124858,777,29,yellow,,,,124944,,,35,35,False,2026-08-29 17:04:49.497952+00:00,2026-08-29 17:04:49.497952+00:00
124858_4,124858,777,29,substitution,,,,,19864,126317,37,37,False,2026-08-29 17:04:49.497952+00:00,2026-08-29 17:04:49.497952+00:00
124858_5,124858,777,29,yellow,,,,10394,,,57,57,False,2026-08-29 17:04:49.497952+00:00,2026-08-29 17:04:49.497952+00:00
124858_6,124858,777,29,substitution,,,,,118633,11284,58,58,False,2026-08-29 17:04:49.497952+00:00,2026-08-29 17:04:49.497952+00:00
124858_7,124858,777,29,substitution,,,,,126920,10394,58,58,False,2026-08-29 17:04:49.497952+00:00,2026-08-29 17:04:49.497952+00:00
124858_8,124858,777,29,substitution,,,,,67784,52989,59,59,False,2026-08-29 17:04:49.497952+00:00,2026-08-29 17:04:49.497952+00:00
124858_9,124858,777,12,substitution,,,,,146567,24252,64,64,False,2026-08-29 17:04:49.497952+00:00,2026-08-29 17:04:49.497952+00:00
124858_10,124858,777,12,substitution,,,,,51202,14580,65,65,False,2026-08-29 17:04:49.497952+00:00,2026-08-29 17:04:49.497952+00:00
124858_11,124858,777,29,yellow,,,,12136,,,76,76,False,2026-08-29 17:04:49.497952+00:00,2026-08-29 17:04:49.497952+00:00
124858_12,124858,777,12,substitution,,,,,108936,66360,77,77,False,2026-08-29 17:04:49.497952+00:00,2026-08-29 17:04:49.497952+00:00
124858_13,124858,777,29,substitution,,,,,25408,122126,79,79,False,2026-08-29 17:04:49.497952+00:00,2026-08-29 17:04:49.497952+00:00
124858_14,124858,777,12,yellow,,,,5793,,,81,81,False,2026-08-29 17:04:49.497952+00:00,2026-08-29 17:04:49.497952+00:00
124858_15,124858,777,12,substitution,,,,,9566,118591,85,85,False,2026-08-29 17:04:49.497952+00:00,2026-08-29 17:04:49.497952+00:00
124858_16,124858,777,12,substitution,,,,,118031,5793,85,85,False,2026-08-29 17:04:49.497952+00:00,2026-08-29 17:04:49.497952+00:00
124859_0,124859,777,15,yellow,,,,14238,,,32,32,False,2026-08-29 17:04:49.497952+00:00,2026-08-29 17:04:49.497952+00:00
124859_1,124859,777,15,yellow,,,,23811,,,34,34,False,2026-08-29 17:04:49.497952+00:00,2026-08-29 17:04:49.497952+00:00
124859_2,124859,777,23,goal,74761,8707,,,,,58,58,False,2026-08-29 17:04:49.497952+00:00,2026-08-29 17:04:49.497952+00:00
124859_3,124859,777,15,substitution,,,,,23702,14238,64,64,False,2026-08-29 17:04:49.497952+00:00,2026-08-29 17:04:49.497952+00:00
124859_4,124859,777,15,substitution,,,,,304123,3756,64,64,False,2026-08-29 17:04:49.497952+00:00,2026-08-29 17:04:49.497952+00:00
124859_5,124859,777,15,substitution,,,,,98300,50623,65,65,False,2026-08-29 17:04:49.497952+00:00,2026-08-29 17:04:49.497952+00:00
124859_6,124859,777,15,yellow,,,,67510,,,68,68,False,2026-08-29 17:04:49.497952+00:00,2026-08-29 17:04:49.497952+00:00
124859_7,124859,777,23,substitution,,,,,9662,49259,70,70,False,2026-08-29 17:04:49.497952+00:00,2026-08-29 17:04:49.497952+00:00
124859_8,124859,777,23,substitution,,,,,14716,23747,70,70,False,2026-08-29 17:04:49.497952+00:00,2026-08-29 17:04:49.497952+00:00
124859_9,124859,777,15,substitution,,,,,138137,67510,77,77,False,2026-08-29 17:04:49.497952+00:00,2026-08-29 17:04:49.497952+00:00
124859_10,124859,777,15,yellow,,,,51593,,,83,83,False,2026-08-29 17:04:49.497952+00:00,2026-08-29 17:04:49.497952+00:00
124859_11,124859,777,23,penalty goal,115256,,,,,,84,84,False,2026-08-29 17:04:49.497952+00:00,2026-08-29 17:04:49.497952+00:00
124859_12,124859,777,23,substitution,,,,,114590,115256,92,90+2',True,2026-08-29 17:04:49.497952+00:00,2026-08-29 17:04:49.497952+00:00
124859_13,124859,777,23,substitution,,,,,117647,20607,92,90+2',True,2026-08-29 17:04:49.497952+00:00,2026-08-29 17:04:49.497952+00:00
124860_0,124860,777,131,yellow,,,,124396,,,20,20,False,2026-08-29 17:04:49.497952+00:00,2026-08-29 17:04:49.497952+00:00
124860_1,124860,777,38,own goal,,,75709,,,,21,21,False,2026-08-29 17:04:49.497952+00:00,2026-08-29 17:04:49.497952+00:00
124860_2,124860,777,131,yellow,,,,8163,,,36,36,False,2026-08-29 17:04:49.497952+00:00,2026-08-29 17:04:49.497952+00:00
124860_3,124860,777,131,yellow,,,,72239,,,43,43,False,2026-08-29 17:04:49.497952+00:00,2026-08-29 17:04:49.497952+00:00
124860_4,124860,777,131,yellow,,,,3452,,,47,45+2',True,2026-08-29 17:04:49.497952+00:00,2026-08-29 17:04:49.497952+00:00
124860_5,124860,777,131,substitution,,,,,51830,124396,46,46,False,2026-08-29 17:04:49.497952+00:00,2026-08-29 17:04:49.497952+00:00
124860_6,124860,777,38,yellow,,,,43010,,,51,51,False,2026-08-29 17:04:49.497952+00:00,2026-08-29 17:04:49.497952+00:00
124860_7,124860,777,38,substitution,,,,,110203,20337,60,60,False,2026-08-29 17:04:49.497952+00:00,2026-08-29 17:04:49.497952+00:00
124860_8,124860,777,131,substitution,,,,,67928,72239,70,70,False,2026-08-29 17:04:49.497952+00:00,2026-08-29 17:04:49.497952+00:00
124860_9,124860,777,131,substitution,,,,,139930,134176,70,70,False,2026-08-29 17:04:49.497952+00:00,2026-08-29 17:04:49.497952+00:00
124860_10,124860,777,38,substitution,,,,,126108,35670,76,76,False,2026-08-29 17:04:49.497952+00:00,2026-08-29 17:04:49.497952+00:00
124860_11,124860,777,131,substitution,,,,,2100,143240,76,76,False,2026-08-29 17:04:49.497952+00:00,2026-08-29 17:04:49.497952+00:00
124860_12,124860,777,38,substitution,,,,,136815,66692,77,77,False,2026-08-29 17:04:49.497952+00:00,2026-08-29 17:04:49.497952+00:00
124860_13,124860,777,131,goal,76090,139930,,,,,86,86,False,2026-08-29 17:04:49.497952+00:00,2026-08-29 17:04:49.497952+00:00
124860_14,124860,777,38,substitution,,,,,115114,133679,91,90+1',True,2026-08-29 17:04:49.497952+00:00,2026-08-29 17:04:49.497952+00:00
124860_15,124860,777,38,substitution,,,,,115371,76310,91,90+1',True,2026-08-29 17:04:49.497952+00:00,2026-08-29 17:04:49.497952+00:00
124860_16,124860,777,38,yellow,,,,143214,,,96,90+6',True,2026-08-29 17:04:49.497952+00:00,2026-08-29 17:04:49.497952+00:00
124861_0,124861,777,131,substitution,,,,,67928,143240,36,36,False,2026-08-29 17:04:49.497952+00:00,2026-08-29 17:04:49.497952+00:00
124861_1,124861,777,131,goal,3452,51830,,,,,41,41,False,2026-08-29 17:04:49.497952+00:00,2026-08-29 17:04:49.497952+00:00
124861_2,124861,777,23,substitution,,,,,9662,49259,46,46,False,2026-08-29 17:04:49.497952+00:00,2026-08-29 17:04:49.497952+00:00
124861_3,124861,777,23,substitution,,,,,117647,20607,46,46,False,2026-08-29 17:04:49.497952+00:00,2026-08-29 17:04:49.497952+00:00
124861_4,124861,777,23,substitution,,,,,14716,23747,70,70,False,2026-08-29 17:04:49.497952+00:00,2026-08-29 17:04:49.497952+00:00
124861_5,124861,777,23,substitution,,,,,19888,71623,70,70,False,2026-08-29 17:04:49.497952+00:00,2026-08-29 17:04:49.497952+00:00
124861_6,124861,777,131,substitution,,,,,2100,124396,71,71,False,2026-08-29 17:04:49.497952+00:00,2026-08-29 17:04:49.497952+00:00
124861_7,124861,777,131,substitution,,,,,139930,51830,71,71,False,2026-08-29 17:04:49.497952+00:00,2026-08-29 17:04:49.497952+00:00
124861_8,124861,777,23,goal,115256,117647,,,,,76,76,False,2026-08-29 17:04:49.497952+00:00,2026-08-29 17:04:49.497952+00:00
124861_9,124861,777,131,goal,3452,,,,,,84,84,False,2026-08-29 17:04:49.497952+00:00,2026-08-29 17:04:49.497952+00:00
124861_10,124861,777,23,substitution,,,,,114590,74761,86,86,False,2026-08-29 17:04:49.497952+00:00,2026-08-29 17:04:49.497952+00:00
124861_11,124861,777,131,substitution,,,,,145043,3452,90,90,False,2026-08-29 17:04:49.497952+00:00,2026-08-29 17:04:49.497952+00:00
124861_12,124861,777,131,substitution,,,,,303860,136175,90,90,False,2026-08-29 17:04:49.497952+00:00,2026-08-29 17:04:49.497952+00:00
124861_13,124861,777,23,yellow,,,,8707,,,97,90+7',True,2026-08-29 17:04:49.497952+00:00,2026-08-29 17:04:49.497952+00:00
124862_0,124862,777,43,goal,74960,3955,,,,,18,18,False,2026-08-29 17:04:49.497952+00:00,2026-08-29 17:04:49.497952+00:00
124862_1,124862,777,43,yellow,,,,50460,,,52,52,False,2026-08-29 17:04:49.497952+00:00,2026-08-29 17:04:49.497952+00:00
124862_2,124862,777,43,substitution,,,,,74964,19831,58,58,False,2026-08-29 17:04:49.497952+00:00,2026-08-29 17:04:49.497952+00:00
124862_3,124862,777,9,substitution,,,,,13797,63289,66,66,False,2026-08-29 17:04:49.497952+00:00,2026-08-29 17:04:49.497952+00:00
124862_4,124862,777,9,substitution,,,,,14807,,66,66,False,2026-08-29 17:04:49.497952+00:00,2026-08-29 17:04:49.497952+00:00
124862_5,124862,777,43,goal,74964,63851,,,,,68,68,False,2026-08-29 17:04:49.497952+00:00,2026-08-29 17:04:49.497952+00:00
124862_6,124862,777,9,substitution,,,,,50643,116888,73,73,False,2026-08-29 17:04:49.497952+00:00,2026-08-29 17:04:49.497952+00:00
124862_7,124862,777,43,substitution,,,,,8127,75735,77,77,False,2026-08-29 17:04:49.497952+00:00,2026-08-29 17:04:49.497952+00:00
124862_8,124862,777,9,substitution,,,,,126426,19731,81,81,False,2026-08-29 17:04:49.497952+00:00,2026-08-29 17:04:49.497952+00:00
124862_9,124862,777,43,substitution,,,,,8246,50460,83,83,False,2026-08-29 17:04:49.497952+00:00,2026-08-29 17:04:49.497952+00:00
124862_10,124862,777,43,substitution,,,,,68593,74960,83,83,False,2026-08-29 17:04:49.497952+00:00,2026-08-29 17:04:49.497952+00:00
124862_11,124862,777,9,yellow,,,,33124,,,92,90+2',True,2026-08-29 17:04:49.497952+00:00,2026-08-29 17:04:49.497952+00:00
124862_12,124862,777,43,yellow,,,,68593,,,92,90+2',True,2026-08-29 17:04:49.497952+00:00,2026-08-29 17:04:49.497952+00:00
124863_0,124863,777,127,yellow,,,,25474,,,2,2,False,2026-08-29 17:04:49.497952+00:00,2026-08-29 17:04:49.497952+00:00
124863_1,124863,777,127,goal,137832,,,,,,7,7,False,2026-08-29 17:04:49.497952+00:00,2026-08-29 17:04:49.497952+00:00
124863_2,124863,777,127,goal,137832,,,,,,38,38,False,2026-08-29 17:04:49.497952+00:00,2026-08-29 17:04:49.497952+00:00
124863_3,124863,777,127,yellow,,,,42894,,,40,40,False,2026-08-29 17:04:49.497952+00:00,2026-08-29 17:04:49.497952+00:00
124863_4,124863,777,127,yellow,,,,54989,,,51,51,False,2026-08-29 17:04:49.497952+00:00,2026-08-29 17:04:49.497952+00:00
124863_5,124863,777,6,yellow,,,,109117,,,62,62,False,2026-08-29 17:04:49.497952+00:00,2026-08-29 17:04:49.497952+00:00
124863_6,124863,777,6,goal,20874,76353,,,,,64,64,False,2026-08-29 17:04:49.497952+00:00,2026-08-29 17:04:49.497952+00:00
124863_7,124863,777,6,substitution,,,,,14451,109117,64,64,False,2026-08-29 17:04:49.497952+00:00,2026-08-29 17:04:49.497952+00:00
124863_8,124863,777,127,substitution,,,,,15572,74976,67,67,False,2026-08-29 17:04:49.497952+00:00,2026-08-29 17:04:49.497952+00:00
124863_9,124863,777,6,goal,20874,,,,,,69,69,False,2026-08-29 17:04:49.497952+00:00,2026-08-29 17:04:49.497952+00:00
124863_10,124863,777,127,substitution,,,,,51942,119381,75,75,False,2026-08-29 17:04:49.497952+00:00,2026-08-29 17:04:49.497952+00:00
124863_11,124863,777,127,substitution,,,,,118080,137832,75,75,False,2026-08-29 17:04:49.497952+00:00,2026-08-29 17:04:49.497952+00:00
124863_12,124863,777,127,substitution,,,,,121972,21519,76,76,False,2026-08-29 17:04:49.497952+00:00,2026-08-29 17:04:49.497952+00:00
124863_13,124863,777,127,goal,15572,14846,,,,,89,89,False,2026-08-29 17:04:49.497952+00:00,2026-08-29 17:04:49.497952+00:00
124863_14,124863,777,127,yellow,,,,15572,,,90,90,False,2026-08-29 17:04:49.497952+00:00,2026-08-29 17:04:49.497952+00:00
124863_15,124863,777,127,substitution,,,,,10766,14846,91,90+1',True,2026-08-29 17:04:49.497952+00:00,2026-08-29 17:04:49.497952+00:00
124863_16,124863,777,6,penalty goal,20874,,,,,,97,90+7',True,2026-08-29 17:04:49.497952+00:00,2026-08-29 17:04:49.497952+00:00
124864_0,124864,777,34,substitution,,,,,49884,26151,42,42,False,2026-08-29 17:04:49.497952+00:00,2026-08-29 17:04:49.497952+00:00
124864_1,124864,777,1,goal,20486,50234,,,,,58,58,False,2026-08-29 17:04:49.497952+00:00,2026-08-29 17:04:49.497952+00:00
124864_2,124864,777,1,substitution,,,,,19778,21584,62,62,False,2026-08-29 17:04:49.497952+00:00,2026-08-29 17:04:49.497952+00:00
124864_3,124864,777,34,substitution,,,,,121610,128976,63,63,False,2026-08-29 17:04:49.497952+00:00,2026-08-29 17:04:49.497952+00:00
124864_4,124864,777,34,substitution,,,,,14445,3894,64,64,False,2026-08-29 17:04:49.497952+00:00,2026-08-29 17:04:49.497952+00:00
124864_5,124864,777,1,substitution,,,,,66104,20486,81,81,False,2026-08-29 17:04:49.497952+00:00,2026-08-29 17:04:49.497952+00:00
124864_6,124864,777,34,substitution,,,,,4979,13961,82,82,False,2026-08-29 17:04:49.497952+00:00,2026-08-29 17:04:49.497952+00:00
124864_7,124864,777,34,substitution,,,,,23793,35752,82,82,False,2026-08-29 17:04:49.497952+00:00,2026-08-29 17:04:49.497952+00:00
124864_8,124864,777,1,substitution,,,,,42331,32728,96,90+6',True,2026-08-29 17:04:49.497952+00:00,2026-08-29 17:04:49.497952+00:00
124865_0,124865,777,12,goal,66360,69176,,,,,2,2,False,2026-08-29 17:04:49.497952+00:00,2026-08-29 17:04:49.497952+00:00
124865_1,124865,777,12,yellow,,,,69176,,,52,52,False,2026-08-29 17:04:49.497952+00:00,2026-08-29 17:04:49.497952+00:00
124865_2,124865,777,12,yellow,,,,5793,,,57,57,False,2026-08-29 17:04:49.497952+00:00,2026-08-29 17:04:49.497952+00:00
124865_3,124865,777,12,substitution,,,,,118031,5793,58,58,False,2026-08-29 17:04:49.497952+00:00,2026-08-29 17:04:49.497952+00:00
124865_4,124865,777,12,substitution,,,,,146567,69176,59,59,False,2026-08-29 17:04:49.497952+00:00,2026-08-29 17:04:49.497952+00:00
124865_5,124865,777,12,substitution,,,,,66036,14580,61,61,False,2026-08-29 17:04:49.497952+00:00,2026-08-29 17:04:49.497952+00:00
124865_6,124865,777,10,substitution,,,,,23815,49909,62,62,False,2026-08-29 17:04:49.497952+00:00,2026-08-29 17:04:49.497952+00:00
124865_7,124865,777,10,substitution,,,,,75382,68582,62,62,False,2026-08-29 17:04:49.497952+00:00,2026-08-29 17:04:49.497952+00:00
124865_8,124865,777,10,substitution,,,,,81542,63633,62,62,False,2026-08-29 17:04:49.497952+00:00,2026-08-29 17:04:49.497952+00:00
124865_9,124865,777,10,substitution,,,,,15802,21737,72,72,False,2026-08-29 17:04:49.497952+00:00,2026-08-29 17:04:49.497952+00:00
124865_10,124865,777,10,goal,32894,15802,,,,,78,78,False,2026-08-29 17:04:49.497952+00:00,2026-08-29 17:04:49.497952+00:00
124865_11,124865,777,12,goal,9566,23396,,,,,84,84,False,2026-08-29 17:04:49.497952+00:00,2026-08-29 17:04:49.497952+00:00
124865_12,124865,777,10,substitution,,,,,19919,5178,85,85,False,2026-08-29 17:04:49.497952+00:00,2026-08-29 17:04:49.497952+00:00
124865_13,124865,777,12,substitution,,,,,108936,23396,85,85,False,2026-08-29 17:04:49.497952+00:00,2026-08-29 17:04:49.497952+00:00
124865_14,124865,777,12,substitution,,,,,118591,4608,85,85,False,2026-08-29 17:04:49.497952+00:00,2026-08-29 17:04:49.497952+00:00
124866_0,124866,777,7,yellow,,,,23841,,,39,39,False,2026-08-29 17:04:49.497952+00:00,2026-08-29 17:04:49.497952+00:00
124866_1,124866,777,11,goal,65970,112948,,,,,58,58,False,2026-08-29 17:04:49.497952+00:00,2026-08-29 17:04:49.497952+00:00
124866_2,124866,777,11,substitution,,,,,5067,26335,59,59,False,2026-08-29 17:04:49.497952+00:00,2026-08-29 17:04:49.497952+00:00
124866_3,124866,777,11,substitution,,,,,66657,54156,59,59,False,2026-08-29 17:04:49.497952+00:00,2026-08-29 17:04:49.497952+00:00
124866_4,124866,777,11,goal,65970,126943,,,,,63,63,False,2026-08-29 17:04:49.497952+00:00,2026-08-29 17:04:49.497952+00:00
124866_5,124866,777,7,substitution,,,,,66538,12582,70,70,False,2026-08-29 17:04:49.497952+00:00,2026-08-29 17:04:49.497952+00:00
124866_6,124866,777,7,substitution,,,,,128411,133612,70,70,False,2026-08-29 17:04:49.497952+00:00,2026-08-29 17:04:49.497952+00:00
124866_7,124866,777,7,substitution,,,,,143922,126789,75,75,False,2026-08-29 17:04:49.497952+00:00,2026-08-29 17:04:49.497952+00:00
124866_8,124866,777,11,substitution,,,,,68150,126943,85,85,False,2026-08-29 17:04:49.497952+00:00,2026-08-29 17:04:49.497952+00:00
124866_9,124866,777,11,substitution,,,,,99281,112948,85,85,False,2026-08-29 17:04:49.497952+00:00,2026-08-29 17:04:49.497952+00:00
124866_10,124866,777,7,substitution,,,,,24797,14706,86,86,False,2026-08-29 17:04:49.497952+00:00,2026-08-29 17:04:49.497952+00:00
124866_11,124866,777,7,substitution,,,,,112917,31936,86,86,False,2026-08-29 17:04:49.497952+00:00,2026-08-29 17:04:49.497952+00:00
124866_12,124866,777,11,substitution,,,,,12520,67849,86,86,False,2026-08-29 17:04:49.497952+00:00,2026-08-29 17:04:49.497952+00:00
124866_13,124866,777,7,yellow,,,,112917,,,96,90+6',True,2026-08-29 17:04:49.497952+00:00,2026-08-29 17:04:49.497952+00:00
124867_0,124867,777,15,yellow,,,,67510,,,41,41,False,2026-08-29 17:04:49.497952+00:00,2026-08-29 17:04:49.497952+00:00
124867_1,124867,777,4,substitution,,,,,68583,68987,46,46,False,2026-08-29 17:04:49.497952+00:00,2026-08-29 17:04:49.497952+00:00
124867_2,124867,777,4,substitution,,,,,112203,99282,46,46,False,2026-08-29 17:04:49.497952+00:00,2026-08-29 17:04:49.497952+00:00
124867_3,124867,777,4,substitution,,,,,130068,133245,46,46,False,2026-08-29 17:04:49.497952+00:00,2026-08-29 17:04:49.497952+00:00
124867_4,124867,777,15,substitution,,,,,304123,15340,46,46,False,2026-08-29 17:04:49.497952+00:00,2026-08-29 17:04:49.497952+00:00
124867_5,124867,777,4,goal,125075,21998,,,,,49,49,False,2026-08-29 17:04:49.497952+00:00,2026-08-29 17:04:49.497952+00:00
124867_6,124867,777,4,goal,21998,14571,,,,,52,52,False,2026-08-29 17:04:49.497952+00:00,2026-08-29 17:04:49.497952+00:00
124867_7,124867,777,15,substitution,,,,,23702,24626,53,53,False,2026-08-29 17:04:49.497952+00:00,2026-08-29 17:04:49.497952+00:00
124867_8,124867,777,4,yellow,,,,68827,,,54,54,False,2026-08-29 17:04:49.497952+00:00,2026-08-29 17:04:49.497952+00:00
124867_9,124867,777,15,substitution,,,,,3756,19620,74,74,False,2026-08-29 17:04:49.497952+00:00,2026-08-29 17:04:49.497952+00:00
124867_10,124867,777,15,substitution,,,,,70249,139648,74,74,False,2026-08-29 17:04:49.497952+00:00,2026-08-29 17:04:49.497952+00:00
124867_11,124867,777,4,substitution,,,,,304474,21998,78,78,False,2026-08-29 17:04:49.497952+00:00,2026-08-29 17:04:49.497952+00:00
124867_12,124867,777,15,yellow,,,,108816,,,80,80,False,2026-08-29 17:04:49.497952+00:00,2026-08-29 17:04:49.497952+00:00
124867_13,124867,777,4,substitution,,,,,13549,125075,81,81,False,2026-08-29 17:04:49.497952+00:00,2026-08-29 17:04:49.497952+00:00
124867_14,124867,777,4,goal,14571,,,,,,84,84,False,2026-08-29 17:04:49.497952+00:00,2026-08-29 17:04:49.497952+00:00
124867_15,124867,777,4,yellow,,,,68827,,,87,87,False,2026-08-29 17:04:49.497952+00:00,2026-08-29 17:04:49.497952+00:00
124867_16,124867,777,4,yellow,,,,304474,,,89,89,False,2026-08-29 17:04:49.497952+00:00,2026-08-29 17:04:49.497952+00:00
124867_17,124867,777,4,yellow,,,,14538,,,94,90+4',True,2026-08-29 17:04:49.497952+00:00,2026-08-29 17:04:49.497952+00:00
124868_0,124868,777,29,goal,51199,122126,,,,,17,17,False,2026-08-29 17:04:49.497952+00:00,2026-08-29 17:04:49.497952+00:00
124868_1,124868,777,29,substitution,,,,,118633,10394,63,63,False,2026-08-29 17:04:49.497952+00:00,2026-08-29 17:04:49.497952+00:00
124868_2,124868,777,38,substitution,,,,,52951,4229,67,67,False,2026-08-29 17:04:49.497952+00:00,2026-08-29 17:04:49.497952+00:00
124868_3,124868,777,29,substitution,,,,,25408,119614,76,76,False,2026-08-29 17:04:49.497952+00:00,2026-08-29 17:04:49.497952+00:00
124868_4,124868,777,29,substitution,,,,,126920,52989,76,76,False,2026-08-29 17:04:49.497952+00:00,2026-08-29 17:04:49.497952+00:00
124868_5,124868,777,38,substitution,,,,,303861,133679,76,76,False,2026-08-29 17:04:49.497952+00:00,2026-08-29 17:04:49.497952+00:00
124868_6,124868,777,38,substitution,,,,,111988,143218,77,77,False,2026-08-29 17:04:49.497952+00:00,2026-08-29 17:04:49.497952+00:00
124868_7,124868,777,38,substitution,,,,,115371,108947,77,77,False,2026-08-29 17:04:49.497952+00:00,2026-08-29 17:04:49.497952+00:00
124868_8,124868,777,29,own goal,,,108877,,,,92,90+2',True,2026-08-29 17:04:49.497952+00:00,2026-08-29 17:04:49.497952+00:00
124868_9,124868,777,29,substitution,,,,,35731,124944,95,90+5',True,2026-08-29 17:04:49.497952+00:00,2026-08-29 17:04:49.497952+00:00
124869_0,124869,777,21,goal,22802,19858,,,,,5,5,False,2026-08-29 17:04:49.497952+00:00,2026-08-29 17:04:49.497952+00:00
124869_1,124869,777,21,yellow,,,,75582,,,22,22,False,2026-08-29 17:04:49.497952+00:00,2026-08-29 17:04:49.497952+00:00
124869_2,124869,777,2,goal,23968,,,,,,37,37,False,2026-08-29 17:04:49.497952+00:00,2026-08-29 17:04:49.497952+00:00
124869_3,124869,777,21,substitution,,,,,24630,76614,60,60,False,2026-08-29 17:04:49.497952+00:00,2026-08-29 17:04:49.497952+00:00
124869_4,124869,777,2,substitution,,,,,8658,14456,61,61,False,2026-08-29 17:04:49.497952+00:00,2026-08-29 17:04:49.497952+00:00
124869_5,124869,777,2,substitution,,,,,26408,72265,61,61,False,2026-08-29 17:04:49.497952+00:00,2026-08-29 17:04:49.497952+00:00
124869_6,124869,777,21,yellow,,,,25892,,,67,67,False,2026-08-29 17:04:49.497952+00:00,2026-08-29 17:04:49.497952+00:00
124869_7,124869,777,2,goal,26408,5758,,,,,77,77,False,2026-08-29 17:04:49.497952+00:00,2026-08-29 17:04:49.497952+00:00
124869_8,124869,777,21,substitution,,,,,51185,118579,79,79,False,2026-08-29 17:04:49.497952+00:00,2026-08-29 17:04:49.497952+00:00
124869_9,124869,777,21,substitution,,,,,133603,69274,79,79,False,2026-08-29 17:04:49.497952+00:00,2026-08-29 17:04:49.497952+00:00
124869_10,124869,777,2,substitution,,,,,4115,108096,82,82,False,2026-08-29 17:04:49.497952+00:00,2026-08-29 17:04:49.497952+00:00
124869_11,124869,777,2,substitution,,,,,51223,5758,82,82,False,2026-08-29 17:04:49.497952+00:00,2026-08-29 17:04:49.497952+00:00
124869_12,124869,777,21,substitution,,,,,49374,23764,86,86,False,2026-08-29 17:04:49.497952+00:00,2026-08-29 17:04:49.497952+00:00
124869_13,124869,777,21,substitution,,,,,117318,22802,86,86,False,2026-08-29 17:04:49.497952+00:00,2026-08-29 17:04:49.497952+00:00
124870_0,124870,777,130,goal,124052,127594,,,,,43,43,False,2026-08-29 17:04:49.497952+00:00,2026-08-29 17:04:49.497952+00:00
124870_1,124870,777,130,goal,124052,49731,,,,,52,45+7',True,2026-08-29 17:04:49.497952+00:00,2026-08-29 17:04:49.497952+00:00
124870_2,124870,777,25,substitution,,,,,14164,13815,46,46,False,2026-08-29 17:04:49.497952+00:00,2026-08-29 17:04:49.497952+00:00
124870_3,124870,777,25,substitution,,,,,32638,119072,46,46,False,2026-08-29 17:04:49.497952+00:00,2026-08-29 17:04:49.497952+00:00
124870_4,124870,777,25,substitution,,,,,145347,117579,46,46,False,2026-08-29 17:04:49.497952+00:00,2026-08-29 17:04:49.497952+00:00
124870_5,124870,777,25,substitution,,,,,122149,136505,61,61,False,2026-08-29 17:04:49.497952+00:00,2026-08-29 17:04:49.497952+00:00
124870_6,124870,777,25,yellow,,,,65961,,,67,67,False,2026-08-29 17:04:49.497952+00:00,2026-08-29 17:04:49.497952+00:00
124870_7,124870,777,25,substitution,,,,,40159,25183,71,71,False,2026-08-29 17:04:49.497952+00:00,2026-08-29 17:04:49.497952+00:00
124870_8,124870,777,130,substitution,,,,,23194,49731,75,75,False,2026-08-29 17:04:49.497952+00:00,2026-08-29 17:04:49.497952+00:00
124870_9,124870,777,130,substitution,,,,,24369,133890,76,76,False,2026-08-29 17:04:49.497952+00:00,2026-08-29 17:04:49.497952+00:00
124870_10,124870,777,130,substitution,,,,,49726,3712,90,90,False,2026-08-29 17:04:49.497952+00:00,2026-08-29 17:04:49.497952+00:00
124870_11,124870,777,130,yellow,,,,3712,,,90,90,False,2026-08-29 17:04:49.497952+00:00,2026-08-29 17:04:49.497952+00:00
124870_12,124870,777,130,goal,49726,24369,,,,,95,90+5',True,2026-08-29 17:04:49.497952+00:00,2026-08-29 17:04:49.497952+00:00
124871_0,124871,777,1,goal,21584,,,,,,39,39,False,2026-08-29 17:04:49.497952+00:00,2026-08-29 17:04:49.497952+00:00
124871_1,124871,777,1,substitution,,,,,119476,66204,46,46,False,2026-08-29 17:04:49.497952+00:00,2026-08-29 17:04:49.497952+00:00
124871_2,124871,777,6,substitution,,,,,14451,109117,59,59,False,2026-08-29 17:04:49.497952+00:00,2026-08-29 17:04:49.497952+00:00
124871_3,124871,777,1,substitution,,,,,66104,49481,66,66,False,2026-08-29 17:04:49.497952+00:00,2026-08-29 17:04:49.497952+00:00
124871_4,124871,777,6,substitution,,,,,8589,49759,74,74,False,2026-08-29 17:04:49.497952+00:00,2026-08-29 17:04:49.497952+00:00
124871_5,124871,777,1,substitution,,,,,19778,15202,82,82,False,2026-08-29 17:04:49.497952+00:00,2026-08-29 17:04:49.497952+00:00
124871_6,124871,777,1,substitution,,,,,118077,69914,82,82,False,2026-08-29 17:04:49.497952+00:00,2026-08-29 17:04:49.497952+00:00
124871_7,124871,777,1,substitution,,,,,114564,21584,88,88,False,2026-08-29 17:04:49.497952+00:00,2026-08-29 17:04:49.497952+00:00
124871_8,124871,777,6,substitution,,,,,20118,24334,91,90+1',True,2026-08-29 17:04:49.497952+00:00,2026-08-29 17:04:49.497952+00:00
124871_9,124871,777,6,substitution,,,,,37776,69595,91,90+1',True,2026-08-29 17:04:49.497952+00:00,2026-08-29 17:04:49.497952+00:00
124871_10,124871,777,6,substitution,,,,,146391,76353,91,90+1',True,2026-08-29 17:04:49.497952+00:00,2026-08-29 17:04:49.497952+00:00
124872_0,124872,777,2,goal,13344,26408,,,,,19,19,False,2026-08-29 17:04:49.497952+00:00,2026-08-29 17:04:49.497952+00:00
124872_1,124872,777,2,substitution,,,,,14801,26408,29,29,False,2026-08-29 17:04:49.497952+00:00,2026-08-29 17:04:49.497952+00:00
124872_2,124872,777,11,yellow,,,,126943,,,40,40,False,2026-08-29 17:04:49.497952+00:00,2026-08-29 17:04:49.497952+00:00
124872_3,124872,777,11,yellow,,,,26335,,,54,54,False,2026-08-29 17:04:49.497952+00:00,2026-08-29 17:04:49.497952+00:00
124872_4,124872,777,11,substitution,,,,,54156,66657,61,61,False,2026-08-29 17:04:49.497952+00:00,2026-08-29 17:04:49.497952+00:00
124872_5,124872,777,11,substitution,,,,,67849,5067,61,61,False,2026-08-29 17:04:49.497952+00:00,2026-08-29 17:04:49.497952+00:00
124872_6,124872,777,11,substitution,,,,,112948,4505,61,61,False,2026-08-29 17:04:49.497952+00:00,2026-08-29 17:04:49.497952+00:00
124872_7,124872,777,11,yellow,,,,67849,,,64,64,False,2026-08-29 17:04:49.497952+00:00,2026-08-29 17:04:49.497952+00:00
124872_8,124872,777,2,substitution,,,,,4115,51423,74,74,False,2026-08-29 17:04:49.497952+00:00,2026-08-29 17:04:49.497952+00:00
124872_9,124872,777,2,substitution,,,,,72265,14801,74,74,False,2026-08-29 17:04:49.497952+00:00,2026-08-29 17:04:49.497952+00:00
124872_10,124872,777,11,substitution,,,,,68150,26335,76,76,False,2026-08-29 17:04:49.497952+00:00,2026-08-29 17:04:49.497952+00:00
124872_11,124872,777,11,yellow,,,,14805,,,80,80,False,2026-08-29 17:04:49.497952+00:00,2026-08-29 17:04:49.497952+00:00
124872_12,124872,777,2,yellow,,,,25067,,,81,81,False,2026-08-29 17:04:49.497952+00:00,2026-08-29 17:04:49.497952+00:00
124872_13,124872,777,11,substitution,,,,,76216,126943,84,84,False,2026-08-29 17:04:49.497952+00:00,2026-08-29 17:04:49.497952+00:00
124872_14,124872,777,2,substitution,,,,,14456,8658,86,86,False,2026-08-29 17:04:49.497952+00:00,2026-08-29 17:04:49.497952+00:00
124872_15,124872,777,2,substitution,,,,,51223,5758,86,86,False,2026-08-29 17:04:49.497952+00:00,2026-08-29 17:04:49.497952+00:00
124873_0,124873,777,15,yellow,,,,24626,,,18,18,False,2026-08-29 17:04:49.497952+00:00,2026-08-29 17:04:49.497952+00:00
124873_1,124873,777,127,yellow,,,,21519,,,18,18,False,2026-08-29 17:04:49.497952+00:00,2026-08-29 17:04:49.497952+00:00
124873_2,124873,777,127,goal,14846,,,,,,25,25,False,2026-08-29 17:04:49.497952+00:00,2026-08-29 17:04:49.497952+00:00
124873_3,124873,777,127,goal,137832,42894,,,,,40,40,False,2026-08-29 17:04:49.497952+00:00,2026-08-29 17:04:49.497952+00:00
124873_4,124873,777,15,substitution,,,,,14238,24626,46,46,False,2026-08-29 17:04:49.497952+00:00,2026-08-29 17:04:49.497952+00:00
124873_5,124873,777,15,substitution,,,,,15340,304123,46,46,False,2026-08-29 17:04:49.497952+00:00,2026-08-29 17:04:49.497952+00:00
124873_6,124873,777,15,substitution,,,,,98300,23702,46,46,False,2026-08-29 17:04:49.497952+00:00,2026-08-29 17:04:49.497952+00:00
124873_7,124873,777,127,yellow,,,,54989,,,63,63,False,2026-08-29 17:04:49.497952+00:00,2026-08-29 17:04:49.497952+00:00
124873_8,124873,777,127,substitution,,,,,13706,21519,69,69,False,2026-08-29 17:04:49.497952+00:00,2026-08-29 17:04:49.497952+00:00
124873_9,124873,777,127,substitution,,,,,118080,137832,69,69,False,2026-08-29 17:04:49.497952+00:00,2026-08-29 17:04:49.497952+00:00
124873_10,124873,777,127,substitution,,,,,15572,74976,80,80,False,2026-08-29 17:04:49.497952+00:00,2026-08-29 17:04:49.497952+00:00
124873_11,124873,777,15,substitution,,,,,115172,50623,83,83,False,2026-08-29 17:04:49.497952+00:00,2026-08-29 17:04:49.497952+00:00
124873_12,124873,777,127,yellow,,,,13706,,,88,88,False,2026-08-29 17:04:49.497952+00:00,2026-08-29 17:04:49.497952+00:00
124873_13,124873,777,15,substitution,,,,,68219,15259,89,89,False,2026-08-29 17:04:49.497952+00:00,2026-08-29 17:04:49.497952+00:00
124873_14,124873,777,127,substitution,,,,,10766,14846,92,90+2',True,2026-08-29 17:04:49.497952+00:00,2026-08-29 17:04:49.497952+00:00
124873_15,124873,777,127,substitution,,,,,16582,25474,92,90+2',True,2026-08-29 17:04:49.497952+00:00,2026-08-29 17:04:49.497952+00:00
124874_0,124874,777,130,goal,133890,,,,,,5,5,False,2026-08-29 17:04:49.497952+00:00,2026-08-29 17:04:49.497952+00:00
124874_1,124874,777,130,substitution,,,,,23194,128891,29,29,False,2026-08-29 17:04:49.497952+00:00,2026-08-29 17:04:49.497952+00:00
124874_2,124874,777,10,yellow,,,,116665,,,33,33,False,2026-08-29 17:04:49.497952+00:00,2026-08-29 17:04:49.497952+00:00
124874_3,124874,777,130,goal,127594,49731,,,,,45,45,False,2026-08-29 17:04:49.497952+00:00,2026-08-29 17:04:49.497952+00:00
124874_4,124874,777,10,goal,116665,,,,,,50,45+5',True,2026-08-29 17:04:49.497952+00:00,2026-08-29 17:04:49.497952+00:00
124874_5,124874,777,10,yellow,,,,5178,,,57,57,False,2026-08-29 17:04:49.497952+00:00,2026-08-29 17:04:49.497952+00:00
124874_6,124874,777,130,penalty goal,124052,,,,,,60,60,False,2026-08-29 17:04:49.497952+00:00,2026-08-29 17:04:49.497952+00:00
124874_7,124874,777,10,substitution,,,,,10458,116665,61,61,False,2026-08-29 17:04:49.497952+00:00,2026-08-29 17:04:49.497952+00:00
124874_8,124874,777,10,substitution,,,,,15802,32894,61,61,False,2026-08-29 17:04:49.497952+00:00,2026-08-29 17:04:49.497952+00:00
124874_9,124874,777,10,substitution,,,,,63633,68582,62,62,False,2026-08-29 17:04:49.497952+00:00,2026-08-29 17:04:49.497952+00:00
124874_10,124874,777,10,substitution,,,,,134796,23815,70,70,False,2026-08-29 17:04:49.497952+00:00,2026-08-29 17:04:49.497952+00:00
124874_11,124874,777,130,yellow,,,,127594,,,76,76,False,2026-08-29 17:04:49.497952+00:00,2026-08-29 17:04:49.497952+00:00
124874_12,124874,777,130,substitution,,,,,24369,127594,79,79,False,2026-08-29 17:04:49.497952+00:00,2026-08-29 17:04:49.497952+00:00
124874_13,124874,777,130,substitution,,,,,49726,49731,79,79,False,2026-08-29 17:04:49.497952+00:00,2026-08-29 17:04:49.497952+00:00
124874_14,124874,777,10,substitution,,,,,10651,75382,83,83,False,2026-08-29 17:04:49.497952+00:00,2026-08-29 17:04:49.497952+00:00
124874_15,124874,777,10,goal,5178,33231,,,,,89,89,False,2026-08-29 17:04:49.497952+00:00,2026-08-29 17:04:49.497952+00:00
124874_16,124874,777,130,yellow,,,,24369,,,94,90+4',True,2026-08-29 17:04:49.497952+00:00,2026-08-29 17:04:49.497952+00:00
124874_17,124874,777,130,substitution,,,,,10947,20113,96,90+6',True,2026-08-29 17:04:49.497952+00:00,2026-08-29 17:04:49.497952+00:00
124874_18,124874,777,130,substitution,,,,,108612,133890,96,90+6',True,2026-08-29 17:04:49.497952+00:00,2026-08-29 17:04:49.497952+00:00
124874_19,124874,777,130,yellow,,,,124052,,,100,90+10',True,2026-08-29 17:04:49.497952+00:00,2026-08-29 17:04:49.497952+00:00
124875_0,124875,777,4,goal,68987,21998,,,,,4,4,False,2026-08-29 17:04:49.497952+00:00,2026-08-29 17:04:49.497952+00:00
124875_1,124875,777,29,goal,52989,,,,,,22,22,False,2026-08-29 17:04:49.497952+00:00,2026-08-29 17:04:49.497952+00:00
124875_2,124875,777,4,substitution,,,,,304474,68987,58,58,False,2026-08-29 17:04:49.497952+00:00,2026-08-29 17:04:49.497952+00:00
124875_3,124875,777,29,substitution,,,,,118633,10394,65,65,False,2026-08-29 17:04:49.497952+00:00,2026-08-29 17:04:49.497952+00:00
124875_4,124875,777,29,yellow,,,,138104,,,69,69,False,2026-08-29 17:04:49.497952+00:00,2026-08-29 17:04:49.497952+00:00
124875_5,124875,777,29,substitution,,,,,67784,52989,75,75,False,2026-08-29 17:04:49.497952+00:00,2026-08-29 17:04:49.497952+00:00
124875_6,124875,777,29,substitution,,,,,119614,138104,75,75,False,2026-08-29 17:04:49.497952+00:00,2026-08-29 17:04:49.497952+00:00
124875_7,124875,777,4,substitution,,,,,13549,125075,76,76,False,2026-08-29 17:04:49.497952+00:00,2026-08-29 17:04:49.497952+00:00
124875_8,124875,777,4,substitution,,,,,68583,130068,76,76,False,2026-08-29 17:04:49.497952+00:00,2026-08-29 17:04:49.497952+00:00
124875_9,124875,777,4,substitution,,,,,118442,72371,85,85,False,2026-08-29 17:04:49.497952+00:00,2026-08-29 17:04:49.497952+00:00
124875_10,124875,777,4,substitution,,,,,133245,21998,85,85,False,2026-08-29 17:04:49.497952+00:00,2026-08-29 17:04:49.497952+00:00
124875_11,124875,777,4,yellow,,,,133245,,,88,88,False,2026-08-29 17:04:49.497952+00:00,2026-08-29 17:04:49.497952+00:00
124875_12,124875,777,29,goal,118633,67784,,,,,93,90+3',True,2026-08-29 17:04:49.497952+00:00,2026-08-29 17:04:49.497952+00:00
124876_0,124876,777,21,goal,75582,22802,,,,,19,19,False,2026-08-29 17:04:49.497952+00:00,2026-08-29 17:04:49.497952+00:00
124876_1,124876,777,7,goal,112589,14706,,,,,24,24,False,2026-08-29 17:04:49.497952+00:00,2026-08-29 17:04:49.497952+00:00
124876_2,124876,777,21,goal,75582,32229,,,,,51,45+6',True,2026-08-29 17:04:49.497952+00:00,2026-08-29 17:04:49.497952+00:00
124876_3,124876,777,7,yellow,,,,23841,,,58,58,False,2026-08-29 17:04:49.497952+00:00,2026-08-29 17:04:49.497952+00:00
124876_4,124876,777,21,substitution,,,,,133603,69274,61,61,False,2026-08-29 17:04:49.497952+00:00,2026-08-29 17:04:49.497952+00:00
124876_5,124876,777,21,substitution,,,,,24630,51185,62,62,False,2026-08-29 17:04:49.497952+00:00,2026-08-29 17:04:49.497952+00:00
124876_6,124876,777,7,substitution,,,,,128411,112589,66,66,False,2026-08-29 17:04:49.497952+00:00,2026-08-29 17:04:49.497952+00:00
124876_7,124876,777,7,substitution,,,,,143922,126789,66,66,False,2026-08-29 17:04:49.497952+00:00,2026-08-29 17:04:49.497952+00:00
124876_8,124876,777,7,yellow,,,,4260,,,71,71,False,2026-08-29 17:04:49.497952+00:00,2026-08-29 17:04:49.497952+00:00
124876_9,124876,777,21,substitution,,,,,117318,51364,78,78,False,2026-08-29 17:04:49.497952+00:00,2026-08-29 17:04:49.497952+00:00
124876_10,124876,777,7,substitution,,,,,133612,12582,86,86,False,2026-08-29 17:04:49.497952+00:00,2026-08-29 17:04:49.497952+00:00
124876_11,124876,777,21,goal,117318,24630,,,,,89,89,False,2026-08-29 17:04:49.497952+00:00,2026-08-29 17:04:49.497952+00:00
124876_12,124876,777,21,substitution,,,,,76614,49374,93,90+3',True,2026-08-29 17:04:49.497952+00:00,2026-08-29 17:04:49.497952+00:00
124877_0,124877,777,9,goal,63289,,,,,,3,3,False,2026-08-29 17:04:49.497952+00:00,2026-08-29 17:04:49.497952+00:00
124877_1,124877,777,9,goal,13796,14897,,,,,15,15,False,2026-08-29 17:04:49.497952+00:00,2026-08-29 17:04:49.497952+00:00
124877_2,124877,777,25,substitution,,,,,8454,117579,25,25,False,2026-08-29 17:04:49.497952+00:00,2026-08-29 17:04:49.497952+00:00
124877_3,124877,777,25,yellow,,,,65961,,,40,40,False,2026-08-29 17:04:49.497952+00:00,2026-08-29 17:04:49.497952+00:00
124877_4,124877,777,9,substitution,,,,,13515,75543,44,44,False,2026-08-29 17:04:49.497952+00:00,2026-08-29 17:04:49.497952+00:00
124877_5,124877,777,9,substitution,,,,,33162,,46,46,False,2026-08-29 17:04:49.497952+00:00,2026-08-29 17:04:49.497952+00:00
124877_6,124877,777,25,yellow,,,,55776,,,55,55,False,2026-08-29 17:04:49.497952+00:00,2026-08-29 17:04:49.497952+00:00
124877_7,124877,777,25,substitution,,,,,66560,136505,65,65,False,2026-08-29 17:04:49.497952+00:00,2026-08-29 17:04:49.497952+00:00
124877_8,124877,777,25,substitution,,,,,119072,25183,65,65,False,2026-08-29 17:04:49.497952+00:00,2026-08-29 17:04:49.497952+00:00
124877_9,124877,777,9,substitution,,,,,115255,126426,72,72,False,2026-08-29 17:04:49.497952+00:00,2026-08-29 17:04:49.497952+00:00
124877_10,124877,777,9,yellow,,,,115255,,,76,76,False,2026-08-29 17:04:49.497952+00:00,2026-08-29 17:04:49.497952+00:00
124877_11,124877,777,25,substitution,,,,,13815,14164,79,79,False,2026-08-29 17:04:49.497952+00:00,2026-08-29 17:04:49.497952+00:00
124877_12,124877,777,25,substitution,,,,,122005,65961,79,79,False,2026-08-29 17:04:49.497952+00:00,2026-08-29 17:04:49.497952+00:00
124877_13,124877,777,9,yellow,,,,63634,,,84,84,False,2026-08-29 17:04:49.497952+00:00,2026-08-29 17:04:49.497952+00:00
124877_14,124877,777,9,substitution,,,,,13797,63289,87,87,False,2026-08-29 17:04:49.497952+00:00,2026-08-29 17:04:49.497952+00:00
124877_15,124877,777,9,substitution,,,,,14807,9576,87,87,False,2026-08-29 17:04:49.497952+00:00,2026-08-29 17:04:49.497952+00:00
124877_16,124877,777,25,goal,119072,8868,,,,,90,90,False,2026-08-29 17:04:49.497952+00:00,2026-08-29 17:04:49.497952+00:00
124877_17,124877,777,25,yellow,,,,63656,,,92,90+2',True,2026-08-29 17:04:49.497952+00:00,2026-08-29 17:04:49.497952+00:00
124877_18,124877,777,9,yellow,,,,13515,,,93,90+3',True,2026-08-29 17:04:49.497952+00:00,2026-08-29 17:04:49.497952+00:00
124878_0,124878,777,12,goal,51202,5793,,,,,24,24,False,2026-08-29 17:04:49.497952+00:00,2026-08-29 17:04:49.497952+00:00
124878_1,124878,777,12,goal,5793,4608,,,,,34,34,False,2026-08-29 17:04:49.497952+00:00,2026-08-29 17:04:49.497952+00:00
124878_2,124878,777,131,yellow,,,,124396,,,41,41,False,2026-08-29 17:04:49.497952+00:00,2026-08-29 17:04:49.497952+00:00
124878_3,124878,777,131,substitution,,,,,2100,124396,59,59,False,2026-08-29 17:04:49.497952+00:00,2026-08-29 17:04:49.497952+00:00
124878_4,124878,777,131,substitution,,,,,117758,67928,59,59,False,2026-08-29 17:04:49.497952+00:00,2026-08-29 17:04:49.497952+00:00
124878_5,124878,777,131,substitution,,,,,143240,134333,60,60,False,2026-08-29 17:04:49.497952+00:00,2026-08-29 17:04:49.497952+00:00
124878_6,124878,777,12,goal,66360,66036,,,,,61,61,False,2026-08-29 17:04:49.497952+00:00,2026-08-29 17:04:49.497952+00:00
124878_7,124878,777,12,substitution,,,,,133114,4608,65,65,False,2026-08-29 17:04:49.497952+00:00,2026-08-29 17:04:49.497952+00:00
124878_8,124878,777,12,substitution,,,,,108936,5793,70,70,False,2026-08-29 17:04:49.497952+00:00,2026-08-29 17:04:49.497952+00:00
124878_9,124878,777,12,substitution,,,,,146567,69176,70,70,False,2026-08-29 17:04:49.497952+00:00,2026-08-29 17:04:49.497952+00:00
124878_10,124878,777,12,yellow,,,,146567,,,72,72,False,2026-08-29 17:04:49.497952+00:00,2026-08-29 17:04:49.497952+00:00
124878_11,124878,777,131,goal,3452,,,,,,74,74,False,2026-08-29 17:04:49.497952+00:00,2026-08-29 17:04:49.497952+00:00
124878_12,124878,777,131,substitution,,,,,145043,51830,79,79,False,2026-08-29 17:04:49.497952+00:00,2026-08-29 17:04:49.497952+00:00
124878_13,124878,777,12,yellow,,,,66036,,,81,81,False,2026-08-29 17:04:49.497952+00:00,2026-08-29 17:04:49.497952+00:00
124878_14,124878,777,12,substitution,,,,,50848,66036,82,82,False,2026-08-29 17:04:49.497952+00:00,2026-08-29 17:04:49.497952+00:00
124878_15,124878,777,12,substitution,,,,,118031,51202,82,82,False,2026-08-29 17:04:49.497952+00:00,2026-08-29 17:04:49.497952+00:00
124878_16,124878,777,131,substitution,,,,,139930,72239,87,87,False,2026-08-29 17:04:49.497952+00:00,2026-08-29 17:04:49.497952+00:00
124878_17,124878,777,131,goal,145043,2100,,,,,92,90+2',True,2026-08-29 17:04:49.497952+00:00,2026-08-29 17:04:49.497952+00:00
124878_18,124878,777,131,yellow,,,,50727,,,94,90+4',True,2026-08-29 17:04:49.497952+00:00,2026-08-29 17:04:49.497952+00:00
124878_19,124878,777,12,goal,66360,133114,,,,,97,90+7',True,2026-08-29 17:04:49.497952+00:00,2026-08-29 17:04:49.497952+00:00
124879_0,124879,777,34,yellow,,,,4880,,,3,3,False,2026-08-29 17:04:49.497952+00:00,2026-08-29 17:04:49.497952+00:00
124879_1,124879,777,23,goal,9662,,,,,,18,18,False,2026-08-29 17:04:49.497952+00:00,2026-08-29 17:04:49.497952+00:00
124879_2,124879,777,34,substitution,,,,,121610,14445,46,46,False,2026-08-29 17:04:49.497952+00:00,2026-08-29 17:04:49.497952+00:00
124879_3,124879,777,34,goal,16044,,,,,,56,56,False,2026-08-29 17:04:49.497952+00:00,2026-08-29 17:04:49.497952+00:00
124879_4,124879,777,23,substitution,,,,,5220,49908,61,61,False,2026-08-29 17:04:49.497952+00:00,2026-08-29 17:04:49.497952+00:00
124879_5,124879,777,23,substitution,,,,,14716,9662,61,61,False,2026-08-29 17:04:49.497952+00:00,2026-08-29 17:04:49.497952+00:00
124879_6,124879,777,23,substitution,,,,,71623,117647,61,61,False,2026-08-29 17:04:49.497952+00:00,2026-08-29 17:04:49.497952+00:00
124879_7,124879,777,34,yellow,,,,4717,,,66,66,False,2026-08-29 17:04:49.497952+00:00,2026-08-29 17:04:49.497952+00:00
124879_8,124879,777,23,substitution,,,,,49259,23747,76,76,False,2026-08-29 17:04:49.497952+00:00,2026-08-29 17:04:49.497952+00:00
124879_9,124879,777,34,substitution,,,,,128976,4979,76,76,False,2026-08-29 17:04:49.497952+00:00,2026-08-29 17:04:49.497952+00:00
124879_10,124879,777,34,substitution,,,,,3894,16044,85,85,False,2026-08-29 17:04:49.497952+00:00,2026-08-29 17:04:49.497952+00:00
124879_11,124879,777,23,substitution,,,,,114590,115256,86,86,False,2026-08-29 17:04:49.497952+00:00,2026-08-29 17:04:49.497952+00:00
124879_12,124879,777,23,goal,74761,,,,,,90,90,False,2026-08-29 17:04:49.497952+00:00,2026-08-29 17:04:49.497952+00:00
124879_13,124879,777,34,substitution,,,,,6712,4880,92,90+2',True,2026-08-29 17:04:49.497952+00:00,2026-08-29 17:04:49.497952+00:00
124879_14,124879,777,34,substitution,,,,,144894,4717,92,90+2',True,2026-08-29 17:04:49.497952+00:00,2026-08-29 17:04:49.497952+00:00
124880_0,124880,777,43,goal,75735,127393,,,,,14,14,False,2026-08-29 17:04:49.497952+00:00,2026-08-29 17:04:49.497952+00:00
124880_1,124880,777,43,goal,75735,127393,,,,,30,30,False,2026-08-29 17:04:49.497952+00:00,2026-08-29 17:04:49.497952+00:00
124880_2,124880,777,38,yellow,,,,126108,,,35,35,False,2026-08-29 17:04:49.497952+00:00,2026-08-29 17:04:49.497952+00:00
124880_3,124880,777,38,penalty goal,35670,,,,,,42,42,False,2026-08-29 17:04:49.497952+00:00,2026-08-29 17:04:49.497952+00:00
124880_4,124880,777,38,goal,76310,108877,,,,,49,45+4',True,2026-08-29 17:04:49.497952+00:00,2026-08-29 17:04:49.497952+00:00
124880_5,124880,777,38,substitution,,,,,20337,143218,68,68,False,2026-08-29 17:04:49.497952+00:00,2026-08-29 17:04:49.497952+00:00
124880_6,124880,777,38,substitution,,,,,133679,143214,68,68,False,2026-08-29 17:04:49.497952+00:00,2026-08-29 17:04:49.497952+00:00
124880_7,124880,777,43,substitution,,,,,8127,19831,69,69,False,2026-08-29 17:04:49.497952+00:00,2026-08-29 17:04:49.497952+00:00
124880_8,124880,777,38,substitution,,,,,111988,52951,76,76,False,2026-08-29 17:04:49.497952+00:00,2026-08-29 17:04:49.497952+00:00
124880_9,124880,777,43,substitution,,,,,64282,50460,77,77,False,2026-08-29 17:04:49.497952+00:00,2026-08-29 17:04:49.497952+00:00
124880_10,124880,777,38,substitution,,,,,115371,76310,84,84,False,2026-08-29 17:04:49.497952+00:00,2026-08-29 17:04:49.497952+00:00
124880_11,124880,777,38,substitution,,,,,136815,66692,84,84,False,2026-08-29 17:04:49.497952+00:00,2026-08-29 17:04:49.497952+00:00
124880_12,124880,777,43,substitution,,,,,68593,63851,93,90+3',True,2026-08-29 17:04:49.497952+00:00,2026-08-29 17:04:49.497952+00:00
124880_13,124880,777,43,substitution,,,,,128456,74960,93,90+3',True,2026-08-29 17:04:49.497952+00:00,2026-08-29 17:04:49.497952+00:00
124880_14,124880,777,43,goal,64282,68593,,,,,95,90+5',True,2026-08-29 17:04:49.497952+00:00,2026-08-29 17:04:49.497952+00:00
124881_0,124881,777,131,goal,3452,72239,,,,,11,11,False,2026-08-29 17:04:49.497952+00:00,2026-08-29 17:04:49.497952+00:00
124881_1,124881,777,9,substitution,,,,,116888,14897,60,60,False,2026-08-29 17:04:49.497952+00:00,2026-08-29 17:04:49.497952+00:00
124881_2,124881,777,9,substitution,,,,,13797,126426,61,61,False,2026-08-29 17:04:49.497952+00:00,2026-08-29 17:04:49.497952+00:00
124881_3,124881,777,131,goal,143240,,,,,,64,64,False,2026-08-29 17:04:49.497952+00:00,2026-08-29 17:04:49.497952+00:00
124881_4,124881,777,9,substitution,,,,,14807,9576,65,65,False,2026-08-29 17:04:49.497952+00:00,2026-08-29 17:04:49.497952+00:00
124881_5,124881,777,131,goal,143240,136175,,,,,70,70,False,2026-08-29 17:04:49.497952+00:00,2026-08-29 17:04:49.497952+00:00
124881_6,124881,777,9,yellow,,,,19731,,,73,73,False,2026-08-29 17:04:49.497952+00:00,2026-08-29 17:04:49.497952+00:00
124881_7,124881,777,9,substitution,,,,,13515,14608,77,77,False,2026-08-29 17:04:49.497952+00:00,2026-08-29 17:04:49.497952+00:00
124881_8,124881,777,9,substitution,,,,,33162,,77,77,False,2026-08-29 17:04:49.497952+00:00,2026-08-29 17:04:49.497952+00:00
124881_9,124881,777,131,substitution,,,,,117758,143240,81,81,False,2026-08-29 17:04:49.497952+00:00,2026-08-29 17:04:49.497952+00:00
124881_10,124881,777,131,substitution,,,,,139930,3452,82,82,False,2026-08-29 17:04:49.497952+00:00,2026-08-29 17:04:49.497952+00:00
124881_11,124881,777,131,substitution,,,,,145043,136175,88,88,False,2026-08-29 17:04:49.497952+00:00,2026-08-29 17:04:49.497952+00:00
124881_12,124881,777,131,substitution,,,,,120049,51830,94,90+4',True,2026-08-29 17:04:49.497952+00:00,2026-08-29 17:04:49.497952+00:00
124881_13,124881,777,131,substitution,,,,,122944,134333,94,90+4',True,2026-08-29 17:04:49.497952+00:00,2026-08-29 17:04:49.497952+00:00
124882_0,124882,777,1,goal,32728,50234,,,,,14,14,False,2026-08-29 17:04:49.497952+00:00,2026-08-29 17:04:49.497952+00:00
124882_1,124882,777,43,yellow,,,,10539,,,27,27,False,2026-08-29 17:04:49.497952+00:00,2026-08-29 17:04:49.497952+00:00
124882_2,124882,777,1,goal,15202,20486,,,,,35,35,False,2026-08-29 17:04:49.497952+00:00,2026-08-29 17:04:49.497952+00:00
124882_3,124882,777,1,substitution,,,,,19778,32728,46,46,False,2026-08-29 17:04:49.497952+00:00,2026-08-29 17:04:49.497952+00:00
124882_4,124882,777,43,yellow,,,,75735,,,55,55,False,2026-08-29 17:04:49.497952+00:00,2026-08-29 17:04:49.497952+00:00
124882_5,124882,777,43,substitution,,,,,19831,74960,62,62,False,2026-08-29 17:04:49.497952+00:00,2026-08-29 17:04:49.497952+00:00
124882_6,124882,777,43,substitution,,,,,74964,50460,62,62,False,2026-08-29 17:04:49.497952+00:00,2026-08-29 17:04:49.497952+00:00
124882_7,124882,777,1,substitution,,,,,114566,21584,72,72,False,2026-08-29 17:04:49.497952+00:00,2026-08-29 17:04:49.497952+00:00
124882_8,124882,777,1,substitution,,,,,118077,69914,72,72,False,2026-08-29 17:04:49.497952+00:00,2026-08-29 17:04:49.497952+00:00
124882_9,124882,777,43,substitution,,,,,31442,75735,76,76,False,2026-08-29 17:04:49.497952+00:00,2026-08-29 17:04:49.497952+00:00
124882_10,124882,777,43,substitution,,,,,68593,8127,76,76,False,2026-08-29 17:04:49.497952+00:00,2026-08-29 17:04:49.497952+00:00
124882_11,124882,777,1,substitution,,,,,42331,64523,77,77,False,2026-08-29 17:04:49.497952+00:00,2026-08-29 17:04:49.497952+00:00
124882_12,124882,777,43,substitution,,,,,15139,10539,82,82,False,2026-08-29 17:04:49.497952+00:00,2026-08-29 17:04:49.497952+00:00
124882_13,124882,777,1,substitution,,,,,114564,20486,91,90+1',True,2026-08-29 17:04:49.497952+00:00,2026-08-29 17:04:49.497952+00:00
124882_14,124882,777,1,yellow,,,,50234,,,95,90+5',True,2026-08-29 17:04:49.497952+00:00,2026-08-29 17:04:49.497952+00:00
124883_0,124883,777,6,goal,20874,37776,,,,,30,30,False,2026-08-29 17:04:49.497952+00:00,2026-08-29 17:04:49.497952+00:00
124883_1,124883,777,130,yellow,,,,127594,,,34,34,False,2026-08-29 17:04:49.497952+00:00,2026-08-29 17:04:49.497952+00:00
124883_2,124883,777,6,own goal,,,24659,,,,51,51,False,2026-08-29 17:04:49.497952+00:00,2026-08-29 17:04:49.497952+00:00
124883_3,124883,777,130,substitution,,,,,24369,133460,67,67,False,2026-08-29 17:04:49.497952+00:00,2026-08-29 17:04:49.497952+00:00
124883_4,124883,777,130,substitution,,,,,23194,128891,68,68,False,2026-08-29 17:04:49.497952+00:00,2026-08-29 17:04:49.497952+00:00
124883_5,124883,777,130,substitution,,,,,49726,49731,68,68,False,2026-08-29 17:04:49.497952+00:00,2026-08-29 17:04:49.497952+00:00
124883_6,124883,777,130,substitution,,,,,14450,133890,75,75,False,2026-08-29 17:04:49.497952+00:00,2026-08-29 17:04:49.497952+00:00
124883_7,124883,777,6,substitution,,,,,8589,109117,78,78,False,2026-08-29 17:04:49.497952+00:00,2026-08-29 17:04:49.497952+00:00
124883_8,124883,777,6,substitution,,,,,138981,49759,78,78,False,2026-08-29 17:04:49.497952+00:00,2026-08-29 17:04:49.497952+00:00
124883_9,124883,777,130,yellow,,,,3712,,,78,78,False,2026-08-29 17:04:49.497952+00:00,2026-08-29 17:04:49.497952+00:00
124883_10,124883,777,130,yellow,,,,24659,,,84,84,False,2026-08-29 17:04:49.497952+00:00,2026-08-29 17:04:49.497952+00:00
124883_11,124883,777,130,substitution,,,,,32289,3712,86,86,False,2026-08-29 17:04:49.497952+00:00,2026-08-29 17:04:49.497952+00:00
124883_12,124883,777,6,substitution,,,,,147312,20874,90,90,False,2026-08-29 17:04:49.497952+00:00,2026-08-29 17:04:49.497952+00:00
124884_0,124884,777,34,goal,14656,11071,,,,,9,9,False,2026-08-29 17:04:49.497952+00:00,2026-08-29 17:04:49.497952+00:00
124884_1,124884,777,38,red,,,,110203,,,36,36,False,2026-08-29 17:04:49.497952+00:00,2026-08-29 17:04:49.497952+00:00
124884_2,124884,777,38,yellow,,,,92635,,,41,41,False,2026-08-29 17:04:49.497952+00:00,2026-08-29 17:04:49.497952+00:00
124884_3,124884,777,38,substitution,,,,,111988,52951,46,46,False,2026-08-29 17:04:49.497952+00:00,2026-08-29 17:04:49.497952+00:00
124884_4,124884,777,38,substitution,,,,,115114,92635,46,46,False,2026-08-29 17:04:49.497952+00:00,2026-08-29 17:04:49.497952+00:00
124884_5,124884,777,38,substitution,,,,,133679,143218,46,46,False,2026-08-29 17:04:49.497952+00:00,2026-08-29 17:04:49.497952+00:00
124884_6,124884,777,34,goal,13961,,,,,,62,62,False,2026-08-29 17:04:49.497952+00:00,2026-08-29 17:04:49.497952+00:00
124884_7,124884,777,38,substitution,,,,,115371,126108,64,64,False,2026-08-29 17:04:49.497952+00:00,2026-08-29 17:04:49.497952+00:00
124884_8,124884,777,34,substitution,,,,,3894,128976,72,72,False,2026-08-29 17:04:49.497952+00:00,2026-08-29 17:04:49.497952+00:00
124884_9,124884,777,34,substitution,,,,,14445,121610,72,72,False,2026-08-29 17:04:49.497952+00:00,2026-08-29 17:04:49.497952+00:00
124884_10,124884,777,34,substitution,,,,,117763,11071,72,72,False,2026-08-29 17:04:49.497952+00:00,2026-08-29 17:04:49.497952+00:00
124884_11,124884,777,38,yellow,,,,115114,,,74,74,False,2026-08-29 17:04:49.497952+00:00,2026-08-29 17:04:49.497952+00:00
124884_12,124884,777,34,own goal,,,115114,,,,75,75,False,2026-08-29 17:04:49.497952+00:00,2026-08-29 17:04:49.497952+00:00
124884_13,124884,777,38,substitution,,,,,143214,35670,76,76,False,2026-08-29 17:04:49.497952+00:00,2026-08-29 17:04:49.497952+00:00
124884_14,124884,777,34,substitution,,,,,53063,13961,77,77,False,2026-08-29 17:04:49.497952+00:00,2026-08-29 17:04:49.497952+00:00
124884_15,124884,777,38,yellow,,,,43010,,,84,84,False,2026-08-29 17:04:49.497952+00:00,2026-08-29 17:04:49.497952+00:00
124884_16,124884,777,34,substitution,,,,,4979,4717,89,89,False,2026-08-29 17:04:49.497952+00:00,2026-08-29 17:04:49.497952+00:00
124884_17,124884,777,34,yellow,,,,21614,,,93,90+3',True,2026-08-29 17:04:49.497952+00:00,2026-08-29 17:04:49.497952+00:00
124885_0,124885,777,10,goal,81542,33231,,,,,43,43,False,2026-08-29 17:04:49.497952+00:00,2026-08-29 17:04:49.497952+00:00
124885_1,124885,777,10,goal,5178,,,,,,46,45+1',True,2026-08-29 17:04:49.497952+00:00,2026-08-29 17:04:49.497952+00:00
124885_2,124885,777,10,yellow,,,,5140,,,54,54,False,2026-08-29 17:04:49.497952+00:00,2026-08-29 17:04:49.497952+00:00
124885_3,124885,777,2,yellow,,,,13344,,,57,57,False,2026-08-29 17:04:49.497952+00:00,2026-08-29 17:04:49.497952+00:00
124885_4,124885,777,10,goal,49909,63633,,,,,58,58,False,2026-08-29 17:04:49.497952+00:00,2026-08-29 17:04:49.497952+00:00
124885_5,124885,777,2,substitution,,,,,4115,51423,59,59,False,2026-08-29 17:04:49.497952+00:00,2026-08-29 17:04:49.497952+00:00
124885_6,124885,777,2,substitution,,,,,14456,72265,59,59,False,2026-08-29 17:04:49.497952+00:00,2026-08-29 17:04:49.497952+00:00
124885_7,124885,777,2,yellow,,,,108096,,,73,73,False,2026-08-29 17:04:49.497952+00:00,2026-08-29 17:04:49.497952+00:00
124885_8,124885,777,2,substitution,,,,,8900,21529,74,74,False,2026-08-29 17:04:49.497952+00:00,2026-08-29 17:04:49.497952+00:00
124885_9,124885,777,2,substitution,,,,,14801,8658,75,75,False,2026-08-29 17:04:49.497952+00:00,2026-08-29 17:04:49.497952+00:00
124885_10,124885,777,2,substitution,,,,,51223,5758,75,75,False,2026-08-29 17:04:49.497952+00:00,2026-08-29 17:04:49.497952+00:00
124885_11,124885,777,10,substitution,,,,,75382,81542,77,77,False,2026-08-29 17:04:49.497952+00:00,2026-08-29 17:04:49.497952+00:00
124885_12,124885,777,2,yellow,,,,23968,,,80,80,False,2026-08-29 17:04:49.497952+00:00,2026-08-29 17:04:49.497952+00:00
124885_13,124885,777,10,yellow,,,,33231,,,87,87,False,2026-08-29 17:04:49.497952+00:00,2026-08-29 17:04:49.497952+00:00
124886_0,124886,777,11,goal,65970,68150,,,,,17,17,False,2026-08-29 17:04:49.497952+00:00,2026-08-29 17:04:49.497952+00:00
124886_1,124886,777,127,goal,42894,,,,,,25,25,False,2026-08-29 17:04:49.497952+00:00,2026-08-29 17:04:49.497952+00:00
124886_2,124886,777,11,yellow,,,,22857,,,26,26,False,2026-08-29 17:04:49.497952+00:00,2026-08-29 17:04:49.497952+00:00
124886_3,124886,777,11,goal,65970,68150,,,,,33,33,False,2026-08-29 17:04:49.497952+00:00,2026-08-29 17:04:49.497952+00:00
124886_4,124886,777,11,yellow,,,,14805,,,47,45+2',True,2026-08-29 17:04:49.497952+00:00,2026-08-29 17:04:49.497952+00:00
124886_5,124886,777,11,goal,112948,14805,,,,,60,60,False,2026-08-29 17:04:49.497952+00:00,2026-08-29 17:04:49.497952+00:00
124886_6,124886,777,127,substitution,,,,,10766,119381,62,62,False,2026-08-29 17:04:49.497952+00:00,2026-08-29 17:04:49.497952+00:00
124886_7,124886,777,127,substitution,,,,,21519,13706,62,62,False,2026-08-29 17:04:49.497952+00:00,2026-08-29 17:04:49.497952+00:00
124886_8,124886,777,127,substitution,,,,,33032,137832,62,62,False,2026-08-29 17:04:49.497952+00:00,2026-08-29 17:04:49.497952+00:00
124886_9,124886,777,127,yellow,,,,74965,,,65,65,False,2026-08-29 17:04:49.497952+00:00,2026-08-29 17:04:49.497952+00:00
124886_10,124886,777,11,substitution,,,,,26335,68150,73,73,False,2026-08-29 17:04:49.497952+00:00,2026-08-29 17:04:49.497952+00:00
124886_11,124886,777,11,substitution,,,,,126943,54156,73,73,False,2026-08-29 17:04:49.497952+00:00,2026-08-29 17:04:49.497952+00:00
124886_12,124886,777,127,substitution,,,,,15572,74976,73,73,False,2026-08-29 17:04:49.497952+00:00,2026-08-29 17:04:49.497952+00:00
124886_13,124886,777,127,substitution,,,,,121972,42894,80,80,False,2026-08-29 17:04:49.497952+00:00,2026-08-29 17:04:49.497952+00:00
124886_14,124886,777,11,substitution,,,,,76216,65970,82,82,False,2026-08-29 17:04:49.497952+00:00,2026-08-29 17:04:49.497952+00:00
124886_15,124886,777,127,yellow,,,,21519,,,87,87,False,2026-08-29 17:04:49.497952+00:00,2026-08-29 17:04:49.497952+00:00
124886_16,124886,777,11,substitution,,,,,16286,5067,90,90,False,2026-08-29 17:04:49.497952+00:00,2026-08-29 17:04:49.497952+00:00
124886_17,124886,777,11,substitution,,,,,71432,14805,90,90,False,2026-08-29 17:04:49.497952+00:00,2026-08-29 17:04:49.497952+00:00
124887_0,124887,777,15,substitution,,,,,14238,24626,14,14,False,2026-08-29 17:04:49.497952+00:00,2026-08-29 17:04:49.497952+00:00
124887_1,124887,777,12,goal,5793,23396,,,,,34,34,False,2026-08-29 17:04:49.497952+00:00,2026-08-29 17:04:49.497952+00:00
124887_2,124887,777,15,goal,15259,14238,,,,,48,48,False,2026-08-29 17:04:49.497952+00:00,2026-08-29 17:04:49.497952+00:00
124887_3,124887,777,15,goal,70249,,,,,,50,50,False,2026-08-29 17:04:49.497952+00:00,2026-08-29 17:04:49.497952+00:00
124887_4,124887,777,15,yellow,,,,50623,,,62,62,False,2026-08-29 17:04:49.497952+00:00,2026-08-29 17:04:49.497952+00:00
124887_5,124887,777,12,substitution,,,,,146567,24252,68,68,False,2026-08-29 17:04:49.497952+00:00,2026-08-29 17:04:49.497952+00:00
124887_6,124887,777,12,substitution,,,,,33245,118591,77,77,False,2026-08-29 17:04:49.497952+00:00,2026-08-29 17:04:49.497952+00:00
124887_7,124887,777,15,substitution,,,,,15340,304123,78,78,False,2026-08-29 17:04:49.497952+00:00,2026-08-29 17:04:49.497952+00:00
124887_8,124887,777,12,goal,69176,,,,,,81,81,False,2026-08-29 17:04:49.497952+00:00,2026-08-29 17:04:49.497952+00:00
124887_9,124887,777,12,yellow,,,,33245,,,85,85,False,2026-08-29 17:04:49.497952+00:00,2026-08-29 17:04:49.497952+00:00
124887_10,124887,777,15,substitution,,,,,108816,23702,92,90+2',True,2026-08-29 17:04:49.497952+00:00,2026-08-29 17:04:49.497952+00:00
124888_0,124888,777,7,goal,31936,,,,,,15,15,False,2026-08-29 17:04:49.497952+00:00,2026-08-29 17:04:49.497952+00:00
124888_1,124888,777,29,yellow,,,,124944,,,17,17,False,2026-08-29 17:04:49.497952+00:00,2026-08-29 17:04:49.497952+00:00
124888_2,124888,777,29,yellow,,,,51199,,,18,18,False,2026-08-29 17:04:49.497952+00:00,2026-08-29 17:04:49.497952+00:00
124888_3,124888,777,7,yellow,,,,143922,,,32,32,False,2026-08-29 17:04:49.497952+00:00,2026-08-29 17:04:49.497952+00:00
124888_4,124888,777,29,goal,12136,138104,,,,,46,46,False,2026-08-29 17:04:49.497952+00:00,2026-08-29 17:04:49.497952+00:00
124888_5,124888,777,29,yellow,,,,122126,,,54,54,False,2026-08-29 17:04:49.497952+00:00,2026-08-29 17:04:49.497952+00:00
124888_6,124888,777,7,substitution,,,,,126789,143922,57,57,False,2026-08-29 17:04:49.497952+00:00,2026-08-29 17:04:49.497952+00:00
124888_7,124888,777,7,substitution,,,,,24797,31936,62,62,False,2026-08-29 17:04:49.497952+00:00,2026-08-29 17:04:49.497952+00:00
124888_8,124888,777,29,substitution,,,,,118633,10394,82,82,False,2026-08-29 17:04:49.497952+00:00,2026-08-29 17:04:49.497952+00:00
124888_9,124888,777,7,substitution,,,,,66538,112589,83,83,False,2026-08-29 17:04:49.497952+00:00,2026-08-29 17:04:49.497952+00:00
124888_10,124888,777,7,substitution,,,,,133612,14706,83,83,False,2026-08-29 17:04:49.497952+00:00,2026-08-29 17:04:49.497952+00:00
124888_11,124888,777,29,substitution,,,,,67784,52989,83,83,False,2026-08-29 17:04:49.497952+00:00,2026-08-29 17:04:49.497952+00:00
124888_12,124888,777,7,yellow,,,,133612,,,95,90+5',True,2026-08-29 17:04:49.497952+00:00,2026-08-29 17:04:49.497952+00:00
124889_0,124889,777,21,substitution,,,,,69274,133603,7,7,False,2026-08-29 17:04:49.497952+00:00,2026-08-29 17:04:49.497952+00:00
124889_1,124889,777,4,goal,72371,112203,,,,,34,34,False,2026-08-29 17:04:49.497952+00:00,2026-08-29 17:04:49.497952+00:00
124889_2,124889,777,4,yellow,,,,14575,,,48,45+3',True,2026-08-29 17:04:49.497952+00:00,2026-08-29 17:04:49.497952+00:00
124889_3,124889,777,21,yellow,,,,22802,,,48,45+3',True,2026-08-29 17:04:49.497952+00:00,2026-08-29 17:04:49.497952+00:00
124889_4,124889,777,21,yellow,,,,25892,,,47,47,False,2026-08-29 17:04:49.497952+00:00,2026-08-29 17:04:49.497952+00:00
124889_5,124889,777,21,yellow,,,,69274,,,59,59,False,2026-08-29 17:04:49.497952+00:00,2026-08-29 17:04:49.497952+00:00
124889_6,124889,777,21,substitution,,,,,24630,22802,60,60,False,2026-08-29 17:04:49.497952+00:00,2026-08-29 17:04:49.497952+00:00
124889_7,124889,777,21,substitution,,,,,66635,25892,60,60,False,2026-08-29 17:04:49.497952+00:00,2026-08-29 17:04:49.497952+00:00
124889_8,124889,777,4,substitution,,,,,68583,68987,66,66,False,2026-08-29 17:04:49.497952+00:00,2026-08-29 17:04:49.497952+00:00
124889_9,124889,777,4,yellow,,,,63741,,,68,68,False,2026-08-29 17:04:49.497952+00:00,2026-08-29 17:04:49.497952+00:00
124889_10,124889,777,21,substitution,,,,,49374,51185,73,73,False,2026-08-29 17:04:49.497952+00:00,2026-08-29 17:04:49.497952+00:00
124889_11,124889,777,21,substitution,,,,,118579,69274,73,73,False,2026-08-29 17:04:49.497952+00:00,2026-08-29 17:04:49.497952+00:00
124889_12,124889,777,21,substitution,,,,,126824,32229,73,73,False,2026-08-29 17:04:49.497952+00:00,2026-08-29 17:04:49.497952+00:00
124889_13,124889,777,21,yellow,,,,51364,,,74,74,False,2026-08-29 17:04:49.497952+00:00,2026-08-29 17:04:49.497952+00:00
124889_14,124889,777,4,substitution,,,,,99282,68827,76,76,False,2026-08-29 17:04:49.497952+00:00,2026-08-29 17:04:49.497952+00:00
124889_15,124889,777,4,substitution,,,,,304474,21998,85,85,False,2026-08-29 17:04:49.497952+00:00,2026-08-29 17:04:49.497952+00:00
124889_16,124889,777,4,substitution,,,,,13549,66284,89,89,False,2026-08-29 17:04:49.497952+00:00,2026-08-29 17:04:49.497952+00:00
124890_0,124890,777,23,goal,9662,74761,,,,,4,4,False,2026-08-29 17:04:49.497952+00:00,2026-08-29 17:04:49.497952+00:00
124890_1,124890,777,23,yellow,,,,74761,,,30,30,False,2026-08-29 17:04:49.497952+00:00,2026-08-29 17:04:49.497952+00:00
124890_2,124890,777,25,goal,55776,119072,,,,,35,35,False,2026-08-29 17:04:49.497952+00:00,2026-08-29 17:04:49.497952+00:00
124890_3,124890,777,25,own goal,,,49908,,,,50,45+5',True,2026-08-29 17:04:49.497952+00:00,2026-08-29 17:04:49.497952+00:00
124890_4,124890,777,23,substitution,,,,,5220,66494,46,46,False,2026-08-29 17:04:49.497952+00:00,2026-08-29 17:04:49.497952+00:00
124890_5,124890,777,23,substitution,,,,,19888,23747,46,46,False,2026-08-29 17:04:49.497952+00:00,2026-08-29 17:04:49.497952+00:00
124890_6,124890,777,23,substitution,,,,,114590,115256,46,46,False,2026-08-29 17:04:49.497952+00:00,2026-08-29 17:04:49.497952+00:00
124890_7,124890,777,25,substitution,,,,,25183,8454,61,61,False,2026-08-29 17:04:49.497952+00:00,2026-08-29 17:04:49.497952+00:00
124890_8,124890,777,23,substitution,,,,,14716,49908,65,65,False,2026-08-29 17:04:49.497952+00:00,2026-08-29 17:04:49.497952+00:00
124890_9,124890,777,23,substitution,,,,,49259,9662,77,77,False,2026-08-29 17:04:49.497952+00:00,2026-08-29 17:04:49.497952+00:00
124890_10,124890,777,25,substitution,,,,,13815,65961,79,79,False,2026-08-29 17:04:49.497952+00:00,2026-08-29 17:04:49.497952+00:00
124890_11,124890,777,25,substitution,,,,,21912,119072,85,85,False,2026-08-29 17:04:49.497952+00:00,2026-08-29 17:04:49.497952+00:00
124890_12,124890,777,23,yellow,,,,19888,,,96,90+6',True,2026-08-29 17:04:49.497952+00:00,2026-08-29 17:04:49.497952+00:00
124890_13,124890,777,25,yellow,,,,55776,,,96,90+6',True,2026-08-29 17:04:49.497952+00:00,2026-08-29 17:04:49.497952+00:00
124890_14,124890,777,25,goal,25183,,,,,,97,90+7',True,2026-08-29 17:04:49.497952+00:00,2026-08-29 17:04:49.497952+00:00
124891_0,124891,777,127,substitution,,,,,119381,3512,10,10,False,2026-08-29 17:04:49.497952+00:00,2026-08-29 17:04:49.497952+00:00
124891_1,124891,777,2,yellow,,,,23968,,,13,13,False,2026-08-29 17:04:49.497952+00:00,2026-08-29 17:04:49.497952+00:00
124891_2,124891,777,2,yellow,,,,25067,,,23,23,False,2026-08-29 17:04:49.497952+00:00,2026-08-29 17:04:49.497952+00:00
124891_3,124891,777,127,yellow,,,,119381,,,27,27,False,2026-08-29 17:04:49.497952+00:00,2026-08-29 17:04:49.497952+00:00
124891_4,124891,777,2,goal,26408,,,,,,28,28,False,2026-08-29 17:04:49.497952+00:00,2026-08-29 17:04:49.497952+00:00
124891_5,124891,777,127,yellow,,,,74965,,,38,38,False,2026-08-29 17:04:49.497952+00:00,2026-08-29 17:04:49.497952+00:00
124891_6,124891,777,2,goal,108096,,,,,,40,40,False,2026-08-29 17:04:49.497952+00:00,2026-08-29 17:04:49.497952+00:00
124891_7,124891,777,127,substitution,,,,,10766,119381,46,46,False,2026-08-29 17:04:49.497952+00:00,2026-08-29 17:04:49.497952+00:00
124891_8,124891,777,127,substitution,,,,,15572,74976,63,63,False,2026-08-29 17:04:49.497952+00:00,2026-08-29 17:04:49.497952+00:00
124891_9,124891,777,127,substitution,,,,,118080,74965,63,63,False,2026-08-29 17:04:49.497952+00:00,2026-08-29 17:04:49.497952+00:00
124891_10,124891,777,127,substitution,,,,,137832,21519,63,63,False,2026-08-29 17:04:49.497952+00:00,2026-08-29 17:04:49.497952+00:00
124891_11,124891,777,2,substitution,,,,,4115,26408,71,71,False,2026-08-29 17:04:49.497952+00:00,2026-08-29 17:04:49.497952+00:00
124891_12,124891,777,2,substitution,,,,,5865,51423,71,71,False,2026-08-29 17:04:49.497952+00:00,2026-08-29 17:04:49.497952+00:00
124891_13,124891,777,2,substitution,,,,,14801,108096,71,71,False,2026-08-29 17:04:49.497952+00:00,2026-08-29 17:04:49.497952+00:00
124891_14,124891,777,2,goal,4115,5758,,,,,77,77,False,2026-08-29 17:04:49.497952+00:00,2026-08-29 17:04:49.497952+00:00
124891_15,124891,777,127,substitution,,,,,13706,33032,77,77,False,2026-08-29 17:04:49.497952+00:00,2026-08-29 17:04:49.497952+00:00
124891_16,124891,777,2,substitution,,,,,14456,25067,81,81,False,2026-08-29 17:04:49.497952+00:00,2026-08-29 17:04:49.497952+00:00
124891_17,124891,777,2,substitution,,,,,107846,8658,81,81,False,2026-08-29 17:04:49.497952+00:00,2026-08-29 17:04:49.497952+00:00
124891_18,124891,777,2,goal,14456,5865,,,,,82,82,False,2026-08-29 17:04:49.497952+00:00,2026-08-29 17:04:49.497952+00:00
124891_19,124891,777,2,substitution,,,,,72265,23968,86,86,False,2026-08-29 17:04:49.497952+00:00,2026-08-29 17:04:49.497952+00:00
124892_0,124892,777,23,substitution,,,,,19888,20607,24,24,False,2026-08-29 17:04:49.497952+00:00,2026-08-29 17:04:49.497952+00:00
124892_1,124892,777,23,goal,14716,,,,,,27,27,False,2026-08-29 17:04:49.497952+00:00,2026-08-29 17:04:49.497952+00:00
124892_2,124892,777,23,yellow,,,,8707,,,49,49,False,2026-08-29 17:04:49.497952+00:00,2026-08-29 17:04:49.497952+00:00
124892_3,124892,777,130,goal,127594,,,,,,56,56,False,2026-08-29 17:04:49.497952+00:00,2026-08-29 17:04:49.497952+00:00
124892_4,124892,777,130,yellow,,,,133890,,,61,61,False,2026-08-29 17:04:49.497952+00:00,2026-08-29 17:04:49.497952+00:00
124892_5,124892,777,130,substitution,,,,,10947,115166,70,70,False,2026-08-29 17:04:49.497952+00:00,2026-08-29 17:04:49.497952+00:00
124892_6,124892,777,23,yellow,,,,8707,,,73,73,False,2026-08-29 17:04:49.497952+00:00,2026-08-29 17:04:49.497952+00:00
124892_7,124892,777,23,substitution,,,,,13703,10079,77,77,False,2026-08-29 17:04:49.497952+00:00,2026-08-29 17:04:49.497952+00:00
124892_8,124892,777,23,substitution,,,,,14446,71623,77,77,False,2026-08-29 17:04:49.497952+00:00,2026-08-29 17:04:49.497952+00:00
124892_9,124892,777,23,substitution,,,,,49259,9662,77,77,False,2026-08-29 17:04:49.497952+00:00,2026-08-29 17:04:49.497952+00:00
124892_10,124892,777,23,substitution,,,,,108922,14716,77,77,False,2026-08-29 17:04:49.497952+00:00,2026-08-29 17:04:49.497952+00:00
124892_11,124892,777,130,penalty goal,124052,,,,,,78,78,False,2026-08-29 17:04:49.497952+00:00,2026-08-29 17:04:49.497952+00:00
124892_12,124892,777,130,substitution,,,,,23194,128891,84,84,False,2026-08-29 17:04:49.497952+00:00,2026-08-29 17:04:49.497952+00:00
124892_13,124892,777,130,substitution,,,,,49726,49731,84,84,False,2026-08-29 17:04:49.497952+00:00,2026-08-29 17:04:49.497952+00:00
124892_14,124892,777,130,yellow,,,,133460,,,87,87,False,2026-08-29 17:04:49.497952+00:00,2026-08-29 17:04:49.497952+00:00
124892_15,124892,777,130,substitution,,,,,14450,133890,92,90+2',True,2026-08-29 17:04:49.497952+00:00,2026-08-29 17:04:49.497952+00:00
124892_16,124892,777,130,goal,124052,,,,,,95,90+5',True,2026-08-29 17:04:49.497952+00:00,2026-08-29 17:04:49.497952+00:00
124892_17,124892,777,23,substitution,,,,,117647,74761,96,90+6',True,2026-08-29 17:04:49.497952+00:00,2026-08-29 17:04:49.497952+00:00
124892_18,124892,777,23,yellow,,,,3905,,,97,90+7',True,2026-08-29 17:04:49.497952+00:00,2026-08-29 17:04:49.497952+00:00
124893_0,124893,777,38,yellow,,,,143214,,,49,49,False,2026-08-29 17:04:49.497952+00:00,2026-08-29 17:04:49.497952+00:00
124893_1,124893,777,4,goal,68827,68987,,,,,51,51,False,2026-08-29 17:04:49.497952+00:00,2026-08-29 17:04:49.497952+00:00
124893_2,124893,777,4,yellow,,,,112203,,,60,60,False,2026-08-29 17:04:49.497952+00:00,2026-08-29 17:04:49.497952+00:00
124893_3,124893,777,4,substitution,,,,,304474,51813,64,64,False,2026-08-29 17:04:49.497952+00:00,2026-08-29 17:04:49.497952+00:00
124893_4,124893,777,4,goal,72371,,,,,,65,65,False,2026-08-29 17:04:49.497952+00:00,2026-08-29 17:04:49.497952+00:00
124893_5,124893,777,38,substitution,,,,,76310,126108,70,70,False,2026-08-29 17:04:49.497952+00:00,2026-08-29 17:04:49.497952+00:00
124893_6,124893,777,38,substitution,,,,,145492,20337,70,70,False,2026-08-29 17:04:49.497952+00:00,2026-08-29 17:04:49.497952+00:00
124893_7,124893,777,4,goal,21998,68987,,,,,73,73,False,2026-08-29 17:04:49.497952+00:00,2026-08-29 17:04:49.497952+00:00
124893_8,124893,777,4,substitution,,,,,14571,68827,77,77,False,2026-08-29 17:04:49.497952+00:00,2026-08-29 17:04:49.497952+00:00
124893_9,124893,777,4,substitution,,,,,130068,21998,77,77,False,2026-08-29 17:04:49.497952+00:00,2026-08-29 17:04:49.497952+00:00
124893_10,124893,777,38,yellow,,,,76310,,,79,79,False,2026-08-29 17:04:49.497952+00:00,2026-08-29 17:04:49.497952+00:00
124893_11,124893,777,4,substitution,,,,,68583,72371,83,83,False,2026-08-29 17:04:49.497952+00:00,2026-08-29 17:04:49.497952+00:00
124893_12,124893,777,4,substitution,,,,,133245,63741,83,83,False,2026-08-29 17:04:49.497952+00:00,2026-08-29 17:04:49.497952+00:00
124894_0,124894,777,131,yellow,,,,124396,,,60,60,False,2026-08-29 17:04:49.497952+00:00,2026-08-29 17:04:49.497952+00:00
124894_1,124894,777,131,yellow,,,,51830,,,65,65,False,2026-08-29 17:04:49.497952+00:00,2026-08-29 17:04:49.497952+00:00
124894_2,124894,777,6,substitution,,,,,109117,69595,66,66,False,2026-08-29 17:04:49.497952+00:00,2026-08-29 17:04:49.497952+00:00
124894_3,124894,777,131,substitution,,,,,4874,124396,75,75,False,2026-08-29 17:04:49.497952+00:00,2026-08-29 17:04:49.497952+00:00
124894_4,124894,777,131,substitution,,,,,145043,51830,75,75,False,2026-08-29 17:04:49.497952+00:00,2026-08-29 17:04:49.497952+00:00
124894_5,124894,777,6,substitution,,,,,8589,49759,83,83,False,2026-08-29 17:04:49.497952+00:00,2026-08-29 17:04:49.497952+00:00
124894_6,124894,777,131,substitution,,,,,67928,143240,85,85,False,2026-08-29 17:04:49.497952+00:00,2026-08-29 17:04:49.497952+00:00
124894_7,124894,777,131,substitution,,,,,139930,3452,85,85,False,2026-08-29 17:04:49.497952+00:00,2026-08-29 17:04:49.497952+00:00
124894_8,124894,777,6,yellow,,,,37776,,,91,90+1',True,2026-08-29 17:04:49.497952+00:00,2026-08-29 17:04:49.497952+00:00
124894_9,124894,777,131,yellow,,,,76090,,,91,90+1',True,2026-08-29 17:04:49.497952+00:00,2026-08-29 17:04:49.497952+00:00
124894_10,124894,777,131,yellow,,,,4874,,,95,90+5',True,2026-08-29 17:04:49.497952+00:00,2026-08-29 17:04:49.497952+00:00
124895_0,124895,777,34,yellow,,,,16044,,,10,10,False,2026-08-29 17:04:49.497952+00:00,2026-08-29 17:04:49.497952+00:00
124895_1,124895,777,7,yellow,,,,8143,,,48,45+3',True,2026-08-29 17:04:49.497952+00:00,2026-08-29 17:04:49.497952+00:00
124895_2,124895,777,34,yellow,,,,23793,,,48,45+3',True,2026-08-29 17:04:49.497952+00:00,2026-08-29 17:04:49.497952+00:00
124895_3,124895,777,7,goal,12582,66538,,,,,49,45+4',True,2026-08-29 17:04:49.497952+00:00,2026-08-29 17:04:49.497952+00:00
124895_4,124895,777,34,substitution,,,,,128976,16044,46,46,False,2026-08-29 17:04:49.497952+00:00,2026-08-29 17:04:49.497952+00:00
124895_5,124895,777,34,substitution,,,,,117763,11071,58,58,False,2026-08-29 17:04:49.497952+00:00,2026-08-29 17:04:49.497952+00:00
124895_6,124895,777,34,substitution,,,,,53063,13961,59,59,False,2026-08-29 17:04:49.497952+00:00,2026-08-29 17:04:49.497952+00:00
124895_7,124895,777,7,yellow,,,,66538,,,63,63,False,2026-08-29 17:04:49.497952+00:00,2026-08-29 17:04:49.497952+00:00
124895_8,124895,777,7,substitution,,,,,128411,66538,67,67,False,2026-08-29 17:04:49.497952+00:00,2026-08-29 17:04:49.497952+00:00
124895_9,124895,777,34,substitution,,,,,4979,117763,75,75,False,2026-08-29 17:04:49.497952+00:00,2026-08-29 17:04:49.497952+00:00
124895_10,124895,777,7,substitution,,,,,126789,143922,79,79,False,2026-08-29 17:04:49.497952+00:00,2026-08-29 17:04:49.497952+00:00
124895_11,124895,777,7,goal,4333,14706,,,,,81,81,False,2026-08-29 17:04:49.497952+00:00,2026-08-29 17:04:49.497952+00:00
124895_12,124895,777,34,substitution,,,,,14445,121610,87,87,False,2026-08-29 17:04:49.497952+00:00,2026-08-29 17:04:49.497952+00:00
124895_13,124895,777,7,substitution,,,,,112589,14706,89,89,False,2026-08-29 17:04:49.497952+00:00,2026-08-29 17:04:49.497952+00:00
124896_0,124896,777,11,yellow,,,,67849,,,27,27,False,2026-08-29 17:04:49.497952+00:00,2026-08-29 17:04:49.497952+00:00
124896_1,124896,777,11,goal,65970,76204,,,,,29,29,False,2026-08-29 17:04:49.497952+00:00,2026-08-29 17:04:49.497952+00:00
124896_2,124896,777,10,yellow,,,,63633,,,36,36,False,2026-08-29 17:04:49.497952+00:00,2026-08-29 17:04:49.497952+00:00
124896_3,124896,777,11,yellow,,,,5067,,,41,41,False,2026-08-29 17:04:49.497952+00:00,2026-08-29 17:04:49.497952+00:00
124896_4,124896,777,11,goal,67849,5067,,,,,48,45+3',True,2026-08-29 17:04:49.497952+00:00,2026-08-29 17:04:49.497952+00:00
124896_5,124896,777,10,yellow,,,,68582,,,52,52,False,2026-08-29 17:04:49.497952+00:00,2026-08-29 17:04:49.497952+00:00
124896_6,124896,777,11,substitution,,,,,126943,68150,53,53,False,2026-08-29 17:04:49.497952+00:00,2026-08-29 17:04:49.497952+00:00
124896_7,124896,777,10,substitution,,,,,32894,81542,56,56,False,2026-08-29 17:04:49.497952+00:00,2026-08-29 17:04:49.497952+00:00
124896_8,124896,777,10,substitution,,,,,116665,10458,56,56,False,2026-08-29 17:04:49.497952+00:00,2026-08-29 17:04:49.497952+00:00
124896_9,124896,777,11,goal,54156,112948,,,,,63,63,False,2026-08-29 17:04:49.497952+00:00,2026-08-29 17:04:49.497952+00:00
124896_10,124896,777,10,substitution,,,,,23815,63633,74,74,False,2026-08-29 17:04:49.497952+00:00,2026-08-29 17:04:49.497952+00:00
124896_11,124896,777,11,substitution,,,,,76216,54156,74,74,False,2026-08-29 17:04:49.497952+00:00,2026-08-29 17:04:49.497952+00:00
124896_12,124896,777,10,substitution,,,,,10651,68582,83,83,False,2026-08-29 17:04:49.497952+00:00,2026-08-29 17:04:49.497952+00:00
124896_13,124896,777,10,substitution,,,,,15802,75382,83,83,False,2026-08-29 17:04:49.497952+00:00,2026-08-29 17:04:49.497952+00:00
124896_14,124896,777,10,yellow,,,,23815,,,89,89,False,2026-08-29 17:04:49.497952+00:00,2026-08-29 17:04:49.497952+00:00
124896_15,124896,777,10,yellow,,,,33231,,,91,90+1',True,2026-08-29 17:04:49.497952+00:00,2026-08-29 17:04:49.497952+00:00
124897_0,124897,777,9,goal,14807,63289,,,,,13,13,False,2026-08-29 17:04:49.497952+00:00,2026-08-29 17:04:49.497952+00:00
124897_1,124897,777,15,goal,108816,,,,,,15,15,False,2026-08-29 17:04:49.497952+00:00,2026-08-29 17:04:49.497952+00:00
124897_2,124897,777,15,yellow,,,,108816,,,33,33,False,2026-08-29 17:04:49.497952+00:00,2026-08-29 17:04:49.497952+00:00
124897_3,124897,777,15,yellow,,,,139648,,,41,41,False,2026-08-29 17:04:49.497952+00:00,2026-08-29 17:04:49.497952+00:00
124897_4,124897,777,15,substitution,,,,,14238,108816,59,59,False,2026-08-29 17:04:49.497952+00:00,2026-08-29 17:04:49.497952+00:00
124897_5,124897,777,15,substitution,,,,,15340,304123,59,59,False,2026-08-29 17:04:49.497952+00:00,2026-08-29 17:04:49.497952+00:00
124897_6,124897,777,15,substitution,,,,,98300,115172,59,59,False,2026-08-29 17:04:49.497952+00:00,2026-08-29 17:04:49.497952+00:00
124897_7,124897,777,15,goal,15259,98300,,,,,68,68,False,2026-08-29 17:04:49.497952+00:00,2026-08-29 17:04:49.497952+00:00
124897_8,124897,777,9,yellow,,,,14897,,,71,71,False,2026-08-29 17:04:49.497952+00:00,2026-08-29 17:04:49.497952+00:00
124897_9,124897,777,9,substitution,,,,,9576,14807,74,74,False,2026-08-29 17:04:49.497952+00:00,2026-08-29 17:04:49.497952+00:00
124897_10,124897,777,9,substitution,,,,,13797,63289,74,74,False,2026-08-29 17:04:49.497952+00:00,2026-08-29 17:04:49.497952+00:00
124897_11,124897,777,9,substitution,,,,,50643,14897,74,74,False,2026-08-29 17:04:49.497952+00:00,2026-08-29 17:04:49.497952+00:00
124897_12,124897,777,9,substitution,,,,,33124,50151,82,82,False,2026-08-29 17:04:49.497952+00:00,2026-08-29 17:04:49.497952+00:00
124897_13,124897,777,9,substitution,,,,,75543,,82,82,False,2026-08-29 17:04:49.497952+00:00,2026-08-29 17:04:49.497952+00:00
124897_14,124897,777,15,substitution,,,,,67510,15259,88,88,False,2026-08-29 17:04:49.497952+00:00,2026-08-29 17:04:49.497952+00:00
124897_15,124897,777,15,penalty goal,51593,,,,,,91,90+1',True,2026-08-29 17:04:49.497952+00:00,2026-08-29 17:04:49.497952+00:00
124898_0,124898,777,29,goal,19864,51199,,,,,36,36,False,2026-08-29 17:04:49.497952+00:00,2026-08-29 17:04:49.497952+00:00
124898_1,124898,777,1,yellow,,,,64523,,,36,36,False,2026-08-29 17:04:49.497952+00:00,2026-08-29 17:04:49.497952+00:00
124898_2,124898,777,29,yellow,,,,12136,,,46,45+1',True,2026-08-29 17:04:49.497952+00:00,2026-08-29 17:04:49.497952+00:00
124898_3,124898,777,1,goal,49481,19778,,,,,54,54,False,2026-08-29 17:04:49.497952+00:00,2026-08-29 17:04:49.497952+00:00
124898_4,124898,777,29,substitution,,,,,67784,52989,63,63,False,2026-08-29 17:04:49.497952+00:00,2026-08-29 17:04:49.497952+00:00
124898_5,124898,777,29,substitution,,,,,118633,10394,64,64,False,2026-08-29 17:04:49.497952+00:00,2026-08-29 17:04:49.497952+00:00
124898_6,124898,777,29,substitution,,,,,126317,138104,64,64,False,2026-08-29 17:04:49.497952+00:00,2026-08-29 17:04:49.497952+00:00
124898_7,124898,777,29,yellow,,,,63733,,,72,72,False,2026-08-29 17:04:49.497952+00:00,2026-08-29 17:04:49.497952+00:00
124898_8,124898,777,1,goal,20486,64523,,,,,74,74,False,2026-08-29 17:04:49.497952+00:00,2026-08-29 17:04:49.497952+00:00
124898_9,124898,777,29,substitution,,,,,126920,25408,87,87,False,2026-08-29 17:04:49.497952+00:00,2026-08-29 17:04:49.497952+00:00
124898_10,124898,777,1,substitution,,,,,119476,21584,88,88,False,2026-08-29 17:04:49.497952+00:00,2026-08-29 17:04:49.497952+00:00
124898_11,124898,777,29,goal,67784,,,,,,94,90+4',True,2026-08-29 17:04:49.497952+00:00,2026-08-29 17:04:49.497952+00:00
124899_0,124899,777,21,yellow,,,,49374,,,29,29,False,2026-08-29 17:04:49.497952+00:00,2026-08-29 17:04:49.497952+00:00
124899_1,124899,777,12,goal,66360,69176,,,,,32,32,False,2026-08-29 17:04:49.497952+00:00,2026-08-29 17:04:49.497952+00:00
124899_2,124899,777,21,yellow,,,,66635,,,34,34,False,2026-08-29 17:04:49.497952+00:00,2026-08-29 17:04:49.497952+00:00
124899_3,124899,777,21,substitution,,,,,118579,51185,46,46,False,2026-08-29 17:04:49.497952+00:00,2026-08-29 17:04:49.497952+00:00
124899_4,124899,777,12,substitution,,,,,66036,33245,58,58,False,2026-08-29 17:04:49.497952+00:00,2026-08-29 17:04:49.497952+00:00
124899_5,124899,777,21,substitution,,,,,126824,32229,67,67,False,2026-08-29 17:04:49.497952+00:00,2026-08-29 17:04:49.497952+00:00
124899_6,124899,777,12,substitution,,,,,14580,51202,72,72,False,2026-08-29 17:04:49.497952+00:00,2026-08-29 17:04:49.497952+00:00
124899_7,124899,777,12,substitution,,,,,118031,5793,72,72,False,2026-08-29 17:04:49.497952+00:00,2026-08-29 17:04:49.497952+00:00
124899_8,124899,777,12,substitution,,,,,118591,9566,72,72,False,2026-08-29 17:04:49.497952+00:00,2026-08-29 17:04:49.497952+00:00
124899_9,124899,777,21,yellow,,,,19858,,,75,75,False,2026-08-29 17:04:49.497952+00:00,2026-08-29 17:04:49.497952+00:00
124899_10,124899,777,12,yellow,,,,146567,,,78,78,False,2026-08-29 17:04:49.497952+00:00,2026-08-29 17:04:49.497952+00:00
124899_11,124899,777,21,substitution,,,,,22802,19858,79,79,False,2026-08-29 17:04:49.497952+00:00,2026-08-29 17:04:49.497952+00:00
124899_12,124899,777,21,substitution,,,,,76614,69274,79,79,False,2026-08-29 17:04:49.497952+00:00,2026-08-29 17:04:49.497952+00:00
124899_13,124899,777,12,substitution,,,,,24252,146567,80,80,False,2026-08-29 17:04:49.497952+00:00,2026-08-29 17:04:49.497952+00:00
124899_14,124899,777,21,goal,76614,126824,,,,,84,84,False,2026-08-29 17:04:49.497952+00:00,2026-08-29 17:04:49.497952+00:00
124899_15,124899,777,21,substitution,,,,,25892,66635,88,88,False,2026-08-29 17:04:49.497952+00:00,2026-08-29 17:04:49.497952+00:00
124899_16,124899,777,21,goal,24630,118579,,,,,91,90+1',True,2026-08-29 17:04:49.497952+00:00,2026-08-29 17:04:49.497952+00:00
124899_17,124899,777,21,yellow,,,,24630,,,92,90+2',True,2026-08-29 17:04:49.497952+00:00,2026-08-29 17:04:49.497952+00:00
124899_18,124899,777,12,goal,20226,23396,,,,,96,90+6',True,2026-08-29 17:04:49.497952+00:00,2026-08-29 17:04:49.497952+00:00
124899_19,124899,777,21,yellow,,,,25892,,,97,90+7',True,2026-08-29 17:04:49.497952+00:00,2026-08-29 17:04:49.497952+00:00
124900_0,124900,777,25,yellow,,,,55776,,,25,25,False,2026-08-29 17:04:49.497952+00:00,2026-08-29 17:04:49.497952+00:00
124900_1,124900,777,43,goal,75735,,,,,,35,35,False,2026-08-29 17:04:49.497952+00:00,2026-08-29 17:04:49.497952+00:00
124900_2,124900,777,25,goal,8454,,,,,,44,44,False,2026-08-29 17:04:49.497952+00:00,2026-08-29 17:04:49.497952+00:00
124900_3,124900,777,43,yellow,,,,75735,,,55,55,False,2026-08-29 17:04:49.497952+00:00,2026-08-29 17:04:49.497952+00:00
124900_4,124900,777,25,substitution,,,,,25183,66560,62,62,False,2026-08-29 17:04:49.497952+00:00,2026-08-29 17:04:49.497952+00:00
124900_5,124900,777,43,substitution,,,,,19831,74964,67,67,False,2026-08-29 17:04:49.497952+00:00,2026-08-29 17:04:49.497952+00:00
124900_6,124900,777,25,substitution,,,,,122005,8454,71,71,False,2026-08-29 17:04:49.497952+00:00,2026-08-29 17:04:49.497952+00:00
124900_7,124900,777,43,substitution,,,,,31442,75735,71,71,False,2026-08-29 17:04:49.497952+00:00,2026-08-29 17:04:49.497952+00:00
124900_8,124900,777,43,substitution,,,,,68593,74960,71,71,False,2026-08-29 17:04:49.497952+00:00,2026-08-29 17:04:49.497952+00:00
124900_9,124900,777,25,goal,25183,,,,,,77,77,False,2026-08-29 17:04:49.497952+00:00,2026-08-29 17:04:49.497952+00:00
124900_10,124900,777,43,substitution,,,,,15139,50460,81,81,False,2026-08-29 17:04:49.497952+00:00,2026-08-29 17:04:49.497952+00:00
124900_11,124900,777,43,substitution,,,,,137462,127393,81,81,False,2026-08-29 17:04:49.497952+00:00,2026-08-29 17:04:49.497952+00:00
124900_12,124900,777,25,substitution,,,,,13815,65961,83,83,False,2026-08-29 17:04:49.497952+00:00,2026-08-29 17:04:49.497952+00:00
124900_13,124900,777,25,substitution,,,,,21912,55776,83,83,False,2026-08-29 17:04:49.497952+00:00,2026-08-29 17:04:49.497952+00:00
124900_14,124900,777,43,yellow,,,,3955,,,86,86,False,2026-08-29 17:04:49.497952+00:00,2026-08-29 17:04:49.497952+00:00
124900_15,124900,777,25,goal,13815,,,,,,87,87,False,2026-08-29 17:04:49.497952+00:00,2026-08-29 17:04:49.497952+00:00
124900_16,124900,777,25,yellow,,,,119072,,,96,90+6',True,2026-08-29 17:04:49.497952+00:00,2026-08-29 17:04:49.497952+00:00
124900_17,124900,777,43,goal,10539,,,,,,97,90+7',True,2026-08-29 17:04:49.497952+00:00,2026-08-29 17:04:49.497952+00:00
124901_0,124901,777,21,yellow,,,,22802,,,32,32,False,2026-08-29 17:04:49.497952+00:00,2026-08-29 17:04:49.497952+00:00
124901_1,124901,777,1,goal,20486,19778,,,,,36,36,False,2026-08-29 17:04:49.497952+00:00,2026-08-29 17:04:49.497952+00:00
124901_2,124901,777,1,goal,21584,15202,,,,,41,41,False,2026-08-29 17:04:49.497952+00:00,2026-08-29 17:04:49.497952+00:00
124901_3,124901,777,1,goal,21584,67776,,,,,46,46,False,2026-08-29 17:04:49.497952+00:00,2026-08-29 17:04:49.497952+00:00
124901_4,124901,777,21,substitution,,,,,69274,25892,46,46,False,2026-08-29 17:04:49.497952+00:00,2026-08-29 17:04:49.497952+00:00
124901_5,124901,777,21,goal,24630,19858,,,,,55,55,False,2026-08-29 17:04:49.497952+00:00,2026-08-29 17:04:49.497952+00:00
124901_6,124901,777,21,substitution,,,,,51185,22802,66,66,False,2026-08-29 17:04:49.497952+00:00,2026-08-29 17:04:49.497952+00:00
124901_7,124901,777,21,substitution,,,,,117318,118579,66,66,False,2026-08-29 17:04:49.497952+00:00,2026-08-29 17:04:49.497952+00:00
124901_8,124901,777,21,yellow,,,,66635,,,70,70,False,2026-08-29 17:04:49.497952+00:00,2026-08-29 17:04:49.497952+00:00
124901_9,124901,777,1,goal,21584,20486,,,,,76,76,False,2026-08-29 17:04:49.497952+00:00,2026-08-29 17:04:49.497952+00:00
124901_10,124901,777,1,substitution,,,,,67407,20486,78,78,False,2026-08-29 17:04:49.497952+00:00,2026-08-29 17:04:49.497952+00:00
124901_11,124901,777,21,substitution,,,,,32229,23764,78,78,False,2026-08-29 17:04:49.497952+00:00,2026-08-29 17:04:49.497952+00:00
124901_12,124901,777,21,substitution,,,,,49374,51364,78,78,False,2026-08-29 17:04:49.497952+00:00,2026-08-29 17:04:49.497952+00:00
124901_13,124901,777,1,yellow,,,,15202,,,87,87,False,2026-08-29 17:04:49.497952+00:00,2026-08-29 17:04:49.497952+00:00
124901_14,124901,777,21,yellow,,,,32229,,,87,87,False,2026-08-29 17:04:49.497952+00:00,2026-08-29 17:04:49.497952+00:00
124901_15,124901,777,1,substitution,,,,,114566,19778,88,88,False,2026-08-29 17:04:49.497952+00:00,2026-08-29 17:04:49.497952+00:00
124901_16,124901,777,1,substitution,,,,,119476,118077,88,88,False,2026-08-29 17:04:49.497952+00:00,2026-08-29 17:04:49.497952+00:00
124901_17,124901,777,1,substitution,,,,,114564,69914,92,90+2',True,2026-08-29 17:04:49.497952+00:00,2026-08-29 17:04:49.497952+00:00
124902_0,124902,777,25,goal,8454,5748,,,,,12,12,False,2026-08-29 17:04:49.497952+00:00,2026-08-29 17:04:49.497952+00:00
124902_1,124902,777,25,yellow,,,,63656,,,34,34,False,2026-08-29 17:04:49.497952+00:00,2026-08-29 17:04:49.497952+00:00
124902_2,124902,777,127,yellow,,,,13706,,,34,34,False,2026-08-29 17:04:49.497952+00:00,2026-08-29 17:04:49.497952+00:00
124902_3,124902,777,25,goal,8454,63656,,,,,35,35,False,2026-08-29 17:04:49.497952+00:00,2026-08-29 17:04:49.497952+00:00
124902_4,124902,777,25,substitution,,,,,13815,146354,46,46,False,2026-08-29 17:04:49.497952+00:00,2026-08-29 17:04:49.497952+00:00
124902_5,124902,777,127,substitution,,,,,15572,74976,46,46,False,2026-08-29 17:04:49.497952+00:00,2026-08-29 17:04:49.497952+00:00
124902_6,124902,777,127,substitution,,,,,119381,132285,46,46,False,2026-08-29 17:04:49.497952+00:00,2026-08-29 17:04:49.497952+00:00
124902_7,124902,777,25,substitution,,,,,25183,8454,52,52,False,2026-08-29 17:04:49.497952+00:00,2026-08-29 17:04:49.497952+00:00
124902_8,124902,777,127,substitution,,,,,118080,13706,61,61,False,2026-08-29 17:04:49.497952+00:00,2026-08-29 17:04:49.497952+00:00
124902_9,124902,777,127,penalty goal,14846,,,,,,69,69,False,2026-08-29 17:04:49.497952+00:00,2026-08-29 17:04:49.497952+00:00
124902_10,124902,777,25,substitution,,,,,42569,119072,74,74,False,2026-08-29 17:04:49.497952+00:00,2026-08-29 17:04:49.497952+00:00
124902_11,124902,777,127,substitution,,,,,16582,42894,80,80,False,2026-08-29 17:04:49.497952+00:00,2026-08-29 17:04:49.497952+00:00
124902_12,124902,777,127,goal,16582,54989,,,,,81,81,False,2026-08-29 17:04:49.497952+00:00,2026-08-29 17:04:49.497952+00:00
124902_13,124902,777,25,yellow,,,,14164,,,83,83,False,2026-08-29 17:04:49.497952+00:00,2026-08-29 17:04:49.497952+00:00
124902_14,124902,777,127,yellow,,,,74965,,,83,83,False,2026-08-29 17:04:49.497952+00:00,2026-08-29 17:04:49.497952+00:00
124902_15,124902,777,127,substitution,,,,,3512,137832,86,86,False,2026-08-29 17:04:49.497952+00:00,2026-08-29 17:04:49.497952+00:00
124902_16,124902,777,127,yellow,,,,54989,,,96,90+6',True,2026-08-29 17:04:49.497952+00:00,2026-08-29 17:04:49.497952+00:00
124903_0,124903,777,131,yellow,,,,20505,,,15,15,False,2026-08-29 17:04:49.497952+00:00,2026-08-29 17:04:49.497952+00:00
124903_1,124903,777,130,penalty goal,124052,,,,,,29,29,False,2026-08-29 17:04:49.497952+00:00,2026-08-29 17:04:49.497952+00:00
124903_2,124903,777,130,yellow,,,,133890,,,36,36,False,2026-08-29 17:04:49.497952+00:00,2026-08-29 17:04:49.497952+00:00
124903_3,124903,777,131,substitution,,,,,8163,20505,46,46,False,2026-08-29 17:04:49.497952+00:00,2026-08-29 17:04:49.497952+00:00
124903_4,124903,777,131,substitution,,,,,67928,124396,46,46,False,2026-08-29 17:04:49.497952+00:00,2026-08-29 17:04:49.497952+00:00
124903_5,124903,777,131,yellow,,,,143240,,,64,64,False,2026-08-29 17:04:49.497952+00:00,2026-08-29 17:04:49.497952+00:00
124903_6,124903,777,130,substitution,,,,,24369,133890,65,65,False,2026-08-29 17:04:49.497952+00:00,2026-08-29 17:04:49.497952+00:00
124903_7,124903,777,131,substitution,,,,,112739,143240,70,70,False,2026-08-29 17:04:49.497952+00:00,2026-08-29 17:04:49.497952+00:00
124903_8,124903,777,131,goal,3452,136175,,,,,71,71,False,2026-08-29 17:04:49.497952+00:00,2026-08-29 17:04:49.497952+00:00
124903_9,124903,777,130,substitution,,,,,23194,49731,80,80,False,2026-08-29 17:04:49.497952+00:00,2026-08-29 17:04:49.497952+00:00
124903_10,124903,777,130,substitution,,,,,49726,128891,80,80,False,2026-08-29 17:04:49.497952+00:00,2026-08-29 17:04:49.497952+00:00
124903_11,124903,777,130,substitution,,,,,115166,20113,80,80,False,2026-08-29 17:04:49.497952+00:00,2026-08-29 17:04:49.497952+00:00
124903_12,124903,777,131,goal,112739,,,,,,84,84,False,2026-08-29 17:04:49.497952+00:00,2026-08-29 17:04:49.497952+00:00
124903_13,124903,777,131,substitution,,,,,4874,51830,89,89,False,2026-08-29 17:04:49.497952+00:00,2026-08-29 17:04:49.497952+00:00
124903_14,124903,777,131,substitution,,,,,134176,136175,89,89,False,2026-08-29 17:04:49.497952+00:00,2026-08-29 17:04:49.497952+00:00
124903_15,124903,777,131,yellow,,,,134176,,,91,90+1',True,2026-08-29 17:04:49.497952+00:00,2026-08-29 17:04:49.497952+00:00
124903_16,124903,777,131,yellow,,,,75709,,,94,90+4',True,2026-08-29 17:04:49.497952+00:00,2026-08-29 17:04:49.497952+00:00
124903_17,124903,777,130,yellow,,,,23194,,,95,90+5',True,2026-08-29 17:04:49.497952+00:00,2026-08-29 17:04:49.497952+00:00
124904_0,124904,777,4,goal,21998,68583,,,,,37,37,False,2026-08-29 17:04:49.497952+00:00,2026-08-29 17:04:49.497952+00:00
124904_1,124904,777,4,yellow,,,,21998,,,41,41,False,2026-08-29 17:04:49.497952+00:00,2026-08-29 17:04:49.497952+00:00
124904_2,124904,777,4,substitution,,,,,53612,14571,46,46,False,2026-08-29 17:04:49.497952+00:00,2026-08-29 17:04:49.497952+00:00
124904_3,124904,777,43,yellow,,,,3955,,,49,49,False,2026-08-29 17:04:49.497952+00:00,2026-08-29 17:04:49.497952+00:00
124904_4,124904,777,4,substitution,,,,,68827,51813,67,67,False,2026-08-29 17:04:49.497952+00:00,2026-08-29 17:04:49.497952+00:00
124904_5,124904,777,4,yellow,,,,72371,,,69,69,False,2026-08-29 17:04:49.497952+00:00,2026-08-29 17:04:49.497952+00:00
124904_6,124904,777,43,substitution,,,,,31442,75735,72,72,False,2026-08-29 17:04:49.497952+00:00,2026-08-29 17:04:49.497952+00:00
124904_7,124904,777,43,substitution,,,,,64282,50460,72,72,False,2026-08-29 17:04:49.497952+00:00,2026-08-29 17:04:49.497952+00:00
124904_8,124904,777,43,substitution,,,,,68593,74960,72,72,False,2026-08-29 17:04:49.497952+00:00,2026-08-29 17:04:49.497952+00:00
124904_9,124904,777,4,substitution,,,,,130068,72371,76,76,False,2026-08-29 17:04:49.497952+00:00,2026-08-29 17:04:49.497952+00:00
124904_10,124904,777,43,substitution,,,,,19831,74964,76,76,False,2026-08-29 17:04:49.497952+00:00,2026-08-29 17:04:49.497952+00:00
124904_11,124904,777,4,yellow,,,,53612,,,81,81,False,2026-08-29 17:04:49.497952+00:00,2026-08-29 17:04:49.497952+00:00
124904_12,124904,777,43,yellow,,,,68593,,,82,82,False,2026-08-29 17:04:49.497952+00:00,2026-08-29 17:04:49.497952+00:00
124904_13,124904,777,43,substitution,,,,,8127,63851,84,84,False,2026-08-29 17:04:49.497952+00:00,2026-08-29 17:04:49.497952+00:00
124904_14,124904,777,4,goal,63741,130068,,,,,88,88,False,2026-08-29 17:04:49.497952+00:00,2026-08-29 17:04:49.497952+00:00
124905_0,124905,777,29,yellow,,,,19864,,,32,32,False,2026-08-29 17:04:49.497952+00:00,2026-08-29 17:04:49.497952+00:00
124905_1,124905,777,29,substitution,,,,,67784,52989,64,64,False,2026-08-29 17:04:49.497952+00:00,2026-08-29 17:04:49.497952+00:00
124905_2,124905,777,29,substitution,,,,,118633,10394,64,64,False,2026-08-29 17:04:49.497952+00:00,2026-08-29 17:04:49.497952+00:00
124905_3,124905,777,34,substitution,,,,,14445,128976,64,64,False,2026-08-29 17:04:49.497952+00:00,2026-08-29 17:04:49.497952+00:00
124905_4,124905,777,34,substitution,,,,,53063,121610,64,64,False,2026-08-29 17:04:49.497952+00:00,2026-08-29 17:04:49.497952+00:00
124905_5,124905,777,29,yellow,,,,63733,,,79,79,False,2026-08-29 17:04:49.497952+00:00,2026-08-29 17:04:49.497952+00:00
124905_6,124905,777,34,goal,11071,53063,,,,,84,84,False,2026-08-29 17:04:49.497952+00:00,2026-08-29 17:04:49.497952+00:00
124905_7,124905,777,29,yellow,,,,122126,,,88,88,False,2026-08-29 17:04:49.497952+00:00,2026-08-29 17:04:49.497952+00:00
124905_8,124905,777,34,substitution,,,,,4818,4717,89,89,False,2026-08-29 17:04:49.497952+00:00,2026-08-29 17:04:49.497952+00:00
124905_9,124905,777,29,substitution,,,,,126317,138104,90,90,False,2026-08-29 17:04:49.497952+00:00,2026-08-29 17:04:49.497952+00:00
124905_10,124905,777,29,substitution,,,,,126920,122126,90,90,False,2026-08-29 17:04:49.497952+00:00,2026-08-29 17:04:49.497952+00:00
124905_11,124905,777,34,yellow,,,,4985,,,93,90+3',True,2026-08-29 17:04:49.497952+00:00,2026-08-29 17:04:49.497952+00:00
124905_12,124905,777,34,substitution,,,,,6712,13961,94,90+4',True,2026-08-29 17:04:49.497952+00:00,2026-08-29 17:04:49.497952+00:00
124905_13,124905,777,34,yellow,,,,13961,,,94,90+4',True,2026-08-29 17:04:49.497952+00:00,2026-08-29 17:04:49.497952+00:00
124905_14,124905,777,34,yellow,,,,11071,,,95,90+5',True,2026-08-29 17:04:49.497952+00:00,2026-08-29 17:04:49.497952+00:00
124906_0,124906,777,9,goal,14807,,,,,,8,8,False,2026-08-29 17:04:49.497952+00:00,2026-08-29 17:04:49.497952+00:00
124906_1,124906,777,9,substitution,,,,,126426,116888,23,23,False,2026-08-29 17:04:49.497952+00:00,2026-08-29 17:04:49.497952+00:00
124906_2,124906,777,9,yellow,,,,14608,,,41,41,False,2026-08-29 17:04:49.497952+00:00,2026-08-29 17:04:49.497952+00:00
124906_3,124906,777,9,yellow,,,,126426,,,48,45+3',True,2026-08-29 17:04:49.497952+00:00,2026-08-29 17:04:49.497952+00:00
124906_4,124906,777,2,substitution,,,,,14456,26408,46,46,False,2026-08-29 17:04:49.497952+00:00,2026-08-29 17:04:49.497952+00:00
124906_5,124906,777,2,substitution,,,,,51223,5758,46,46,False,2026-08-29 17:04:49.497952+00:00,2026-08-29 17:04:49.497952+00:00
124906_6,124906,777,2,goal,23968,14456,,,,,48,48,False,2026-08-29 17:04:49.497952+00:00,2026-08-29 17:04:49.497952+00:00
124906_7,124906,777,2,yellow,,,,51423,,,53,53,False,2026-08-29 17:04:49.497952+00:00,2026-08-29 17:04:49.497952+00:00
124906_8,124906,777,9,yellow,,,,19731,,,63,63,False,2026-08-29 17:04:49.497952+00:00,2026-08-29 17:04:49.497952+00:00
124906_9,124906,777,2,substitution,,,,,4115,51423,68,68,False,2026-08-29 17:04:49.497952+00:00,2026-08-29 17:04:49.497952+00:00
124906_10,124906,777,2,substitution,,,,,14801,8658,68,68,False,2026-08-29 17:04:49.497952+00:00,2026-08-29 17:04:49.497952+00:00
124906_11,124906,777,9,substitution,,,,,9576,126426,71,71,False,2026-08-29 17:04:49.497952+00:00,2026-08-29 17:04:49.497952+00:00
124906_12,124906,777,9,substitution,,,,,13797,14807,71,71,False,2026-08-29 17:04:49.497952+00:00,2026-08-29 17:04:49.497952+00:00
124906_13,124906,777,9,yellow,,,,33124,,,74,74,False,2026-08-29 17:04:49.497952+00:00,2026-08-29 17:04:49.497952+00:00
124906_14,124906,777,2,goal,23968,,,,,,75,75,False,2026-08-29 17:04:49.497952+00:00,2026-08-29 17:04:49.497952+00:00
124906_15,124906,777,9,substitution,,,,,50643,63289,80,80,False,2026-08-29 17:04:49.497952+00:00,2026-08-29 17:04:49.497952+00:00
124906_16,124906,777,9,substitution,,,,,68676,33162,80,80,False,2026-08-29 17:04:49.497952+00:00,2026-08-29 17:04:49.497952+00:00
124906_17,124906,777,2,substitution,,,,,107846,5865,84,84,False,2026-08-29 17:04:49.497952+00:00,2026-08-29 17:04:49.497952+00:00
124906_18,124906,777,9,yellow,,,,68676,,,89,89,False,2026-08-29 17:04:49.497952+00:00,2026-08-29 17:04:49.497952+00:00
124907_0,124907,777,15,goal,139648,,,,,,33,33,False,2026-08-29 17:04:49.497952+00:00,2026-08-29 17:04:49.497952+00:00
124907_1,124907,777,15,goal,70249,23811,,,,,46,46,False,2026-08-29 17:04:49.497952+00:00,2026-08-29 17:04:49.497952+00:00
124907_2,124907,777,10,substitution,,,,,81542,23593,55,55,False,2026-08-29 17:04:49.497952+00:00,2026-08-29 17:04:49.497952+00:00
124907_3,124907,777,15,substitution,,,,,98300,115172,61,61,False,2026-08-29 17:04:49.497952+00:00,2026-08-29 17:04:49.497952+00:00
124907_4,124907,777,10,yellow,,,,49909,,,67,67,False,2026-08-29 17:04:49.497952+00:00,2026-08-29 17:04:49.497952+00:00
124907_5,124907,777,10,substitution,,,,,10458,116665,68,68,False,2026-08-29 17:04:49.497952+00:00,2026-08-29 17:04:49.497952+00:00
124907_6,124907,777,10,substitution,,,,,15802,21737,68,68,False,2026-08-29 17:04:49.497952+00:00,2026-08-29 17:04:49.497952+00:00
124907_7,124907,777,15,goal,15259,,,,,,78,78,False,2026-08-29 17:04:49.497952+00:00,2026-08-29 17:04:49.497952+00:00
124907_8,124907,777,10,substitution,,,,,134796,23815,78,78,False,2026-08-29 17:04:49.497952+00:00,2026-08-29 17:04:49.497952+00:00
124907_9,124907,777,15,substitution,,,,,14238,304123,86,86,False,2026-08-29 17:04:49.497952+00:00,2026-08-29 17:04:49.497952+00:00
124907_10,124907,777,15,substitution,,,,,23702,50623,86,86,False,2026-08-29 17:04:49.497952+00:00,2026-08-29 17:04:49.497952+00:00
124907_11,124907,777,10,yellow,,,,15802,,,87,87,False,2026-08-29 17:04:49.497952+00:00,2026-08-29 17:04:49.497952+00:00
124908_0,124908,777,7,substitution,,,,,112589,3600,10,10,False,2026-08-29 17:04:49.497952+00:00,2026-08-29 17:04:49.497952+00:00
124908_1,124908,777,7,red,,,,12582,,,13,13,False,2026-08-29 17:04:49.497952+00:00,2026-08-29 17:04:49.497952+00:00
124908_2,124908,777,7,goal,14706,23841,,,,,29,29,False,2026-08-29 17:04:49.497952+00:00,2026-08-29 17:04:49.497952+00:00
124908_3,124908,777,12,yellow,,,,66360,,,47,45+2',True,2026-08-29 17:04:49.497952+00:00,2026-08-29 17:04:49.497952+00:00
124908_4,124908,777,12,substitution,,,,,14580,33245,46,46,False,2026-08-29 17:04:49.497952+00:00,2026-08-29 17:04:49.497952+00:00
124908_5,124908,777,12,yellow,,,,5793,,,49,49,False,2026-08-29 17:04:49.497952+00:00,2026-08-29 17:04:49.497952+00:00
124908_6,124908,777,12,substitution,,,,,24252,146567,58,58,False,2026-08-29 17:04:49.497952+00:00,2026-08-29 17:04:49.497952+00:00
124908_7,124908,777,12,substitution,,,,,108936,5793,58,58,False,2026-08-29 17:04:49.497952+00:00,2026-08-29 17:04:49.497952+00:00
124908_8,124908,777,7,substitution,,,,,66538,143922,81,81,False,2026-08-29 17:04:49.497952+00:00,2026-08-29 17:04:49.497952+00:00
124908_9,124908,777,7,substitution,,,,,126789,31936,81,81,False,2026-08-29 17:04:49.497952+00:00,2026-08-29 17:04:49.497952+00:00
124908_10,124908,777,7,substitution,,,,,24797,4260,88,88,False,2026-08-29 17:04:49.497952+00:00,2026-08-29 17:04:49.497952+00:00
124908_11,124908,777,7,substitution,,,,,133612,14706,88,88,False,2026-08-29 17:04:49.497952+00:00,2026-08-29 17:04:49.497952+00:00
124909_0,124909,777,23,goal,14716,74761,,,,,64,64,False,2026-08-29 17:04:49.497952+00:00,2026-08-29 17:04:49.497952+00:00
124909_1,124909,777,11,goal,16431,,,,,,68,68,False,2026-08-29 17:04:49.497952+00:00,2026-08-29 17:04:49.497952+00:00
124909_2,124909,777,23,goal,14716,,,,,,70,70,False,2026-08-29 17:04:49.497952+00:00,2026-08-29 17:04:49.497952+00:00
124909_3,124909,777,11,yellow,,,,22857,,,70,70,False,2026-08-29 17:04:49.497952+00:00,2026-08-29 17:04:49.497952+00:00
124909_4,124909,777,11,substitution,,,,,126943,54156,76,76,False,2026-08-29 17:04:49.497952+00:00,2026-08-29 17:04:49.497952+00:00
124909_5,124909,777,11,substitution,,,,,26335,5067,77,77,False,2026-08-29 17:04:49.497952+00:00,2026-08-29 17:04:49.497952+00:00
124909_6,124909,777,11,substitution,,,,,66657,68150,77,77,False,2026-08-29 17:04:49.497952+00:00,2026-08-29 17:04:49.497952+00:00
124909_7,124909,777,23,substitution,,,,,49908,108922,77,77,False,2026-08-29 17:04:49.497952+00:00,2026-08-29 17:04:49.497952+00:00
124909_8,124909,777,23,substitution,,,,,14446,115256,85,85,False,2026-08-29 17:04:49.497952+00:00,2026-08-29 17:04:49.497952+00:00
124909_9,124909,777,23,substitution,,,,,49259,14716,85,85,False,2026-08-29 17:04:49.497952+00:00,2026-08-29 17:04:49.497952+00:00
124909_10,124909,777,11,substitution,,,,,76216,14805,87,87,False,2026-08-29 17:04:49.497952+00:00,2026-08-29 17:04:49.497952+00:00
124909_11,124909,777,11,yellow,,,,66657,,,92,90+2',True,2026-08-29 17:04:49.497952+00:00,2026-08-29 17:04:49.497952+00:00
124909_12,124909,777,23,yellow,,,,20607,,,94,90+4',True,2026-08-29 17:04:49.497952+00:00,2026-08-29 17:04:49.497952+00:00
124909_13,124909,777,11,yellow,,,,5067,,,99,90+9',True,2026-08-29 17:04:49.497952+00:00,2026-08-29 17:04:49.497952+00:00
124910_0,124910,777,6,yellow,,,,14569,,,4,4,False,2026-08-29 17:04:49.497952+00:00,2026-08-29 17:04:49.497952+00:00
124910_1,124910,777,38,yellow,,,,115371,,,50,50,False,2026-08-29 17:04:49.497952+00:00,2026-08-29 17:04:49.497952+00:00
124910_2,124910,777,6,yellow,,,,109117,,,59,59,False,2026-08-29 17:04:49.497952+00:00,2026-08-29 17:04:49.497952+00:00
124910_3,124910,777,6,substitution,,,,,14451,20874,60,60,False,2026-08-29 17:04:49.497952+00:00,2026-08-29 17:04:49.497952+00:00
124910_4,124910,777,6,goal,76353,76104,,,,,63,63,False,2026-08-29 17:04:49.497952+00:00,2026-08-29 17:04:49.497952+00:00
124910_5,124910,777,38,substitution,,,,,20337,115371,66,66,False,2026-08-29 17:04:49.497952+00:00,2026-08-29 17:04:49.497952+00:00
124910_6,124910,777,38,substitution,,,,,126108,76310,66,66,False,2026-08-29 17:04:49.497952+00:00,2026-08-29 17:04:49.497952+00:00
124910_7,124910,777,6,yellow,,,,76353,,,66,66,False,2026-08-29 17:04:49.497952+00:00,2026-08-29 17:04:49.497952+00:00
124910_8,124910,777,6,goal,109117,69595,,,,,69,69,False,2026-08-29 17:04:49.497952+00:00,2026-08-29 17:04:49.497952+00:00
124910_9,124910,777,38,substitution,,,,,143218,108877,75,75,False,2026-08-29 17:04:49.497952+00:00,2026-08-29 17:04:49.497952+00:00
124910_10,124910,777,38,yellow,,,,133679,,,77,77,False,2026-08-29 17:04:49.497952+00:00,2026-08-29 17:04:49.497952+00:00
124910_11,124910,777,6,substitution,,,,,37776,49759,81,81,False,2026-08-29 17:04:49.497952+00:00,2026-08-29 17:04:49.497952+00:00
124910_12,124910,777,6,substitution,,,,,138981,109117,81,81,False,2026-08-29 17:04:49.497952+00:00,2026-08-29 17:04:49.497952+00:00
124910_13,124910,777,6,substitution,,,,,147312,50842,83,83,False,2026-08-29 17:04:49.497952+00:00,2026-08-29 17:04:49.497952+00:00
124910_14,124910,777,38,substitution,,,,,66692,136815,88,88,False,2026-08-29 17:04:49.497952+00:00,2026-08-29 17:04:49.497952+00:00
124910_15,124910,777,6,substitution,,,,,8589,69595,92,90+2',True,2026-08-29 17:04:49.497952+00:00,2026-08-29 17:04:49.497952+00:00
124911_0,124911,777,38,yellow,,,,143214,,,47,45+2',True,2026-08-29 17:04:49.497952+00:00,2026-08-29 17:04:49.497952+00:00
124911_1,124911,777,2,substitution,,,,,8658,26408,54,54,False,2026-08-29 17:04:49.497952+00:00,2026-08-29 17:04:49.497952+00:00
124911_2,124911,777,38,yellow,,,,136815,,,58,58,False,2026-08-29 17:04:49.497952+00:00,2026-08-29 17:04:49.497952+00:00
124911_3,124911,777,2,goal,25067,51423,,,,,67,67,False,2026-08-29 17:04:49.497952+00:00,2026-08-29 17:04:49.497952+00:00
124911_4,124911,777,38,substitution,,,,,69766,126108,69,69,False,2026-08-29 17:04:49.497952+00:00,2026-08-29 17:04:49.497952+00:00
124911_5,124911,777,2,substitution,,,,,4115,5865,75,75,False,2026-08-29 17:04:49.497952+00:00,2026-08-29 17:04:49.497952+00:00
124911_6,124911,777,2,substitution,,,,,108096,14456,75,75,False,2026-08-29 17:04:49.497952+00:00,2026-08-29 17:04:49.497952+00:00
124911_7,124911,777,38,yellow,,,,115114,,,76,76,False,2026-08-29 17:04:49.497952+00:00,2026-08-29 17:04:49.497952+00:00
124911_8,124911,777,38,substitution,,,,,66692,136815,77,77,False,2026-08-29 17:04:49.497952+00:00,2026-08-29 17:04:49.497952+00:00
124911_9,124911,777,38,substitution,,,,,145492,115114,77,77,False,2026-08-29 17:04:49.497952+00:00,2026-08-29 17:04:49.497952+00:00
124911_10,124911,777,38,yellow,,,,143218,,,80,80,False,2026-08-29 17:04:49.497952+00:00,2026-08-29 17:04:49.497952+00:00
124911_11,124911,777,38,substitution,,,,,115371,143218,87,87,False,2026-08-29 17:04:49.497952+00:00,2026-08-29 17:04:49.497952+00:00
124911_12,124911,777,2,substitution,,,,,14801,4115,88,88,False,2026-08-29 17:04:49.497952+00:00,2026-08-29 17:04:49.497952+00:00
124911_13,124911,777,2,substitution,,,,,107846,25067,88,88,False,2026-08-29 17:04:49.497952+00:00,2026-08-29 17:04:49.497952+00:00
124912_0,124912,777,43,yellow,,,,68593,,,16,16,False,2026-08-29 17:04:49.497952+00:00,2026-08-29 17:04:49.497952+00:00
124912_1,124912,777,43,substitution,,,,,74960,68593,60,60,False,2026-08-29 17:04:49.497952+00:00,2026-08-29 17:04:49.497952+00:00
124912_2,124912,777,130,substitution,,,,,10947,115166,74,74,False,2026-08-29 17:04:49.497952+00:00,2026-08-29 17:04:49.497952+00:00
124912_3,124912,777,43,substitution,,,,,8127,63851,75,75,False,2026-08-29 17:04:49.497952+00:00,2026-08-29 17:04:49.497952+00:00
124912_4,124912,777,43,substitution,,,,,19831,74964,75,75,False,2026-08-29 17:04:49.497952+00:00,2026-08-29 17:04:49.497952+00:00
124912_5,124912,777,43,substitution,,,,,50460,64282,75,75,False,2026-08-29 17:04:49.497952+00:00,2026-08-29 17:04:49.497952+00:00
124912_6,124912,777,130,substitution,,,,,14450,127594,75,75,False,2026-08-29 17:04:49.497952+00:00,2026-08-29 17:04:49.497952+00:00
124912_7,124912,777,43,yellow,,,,13559,,,77,77,False,2026-08-29 17:04:49.497952+00:00,2026-08-29 17:04:49.497952+00:00
124912_8,124912,777,130,penalty goal,124052,,,,,,81,81,False,2026-08-29 17:04:49.497952+00:00,2026-08-29 17:04:49.497952+00:00
124912_9,124912,777,43,substitution,,,,,31442,10539,81,81,False,2026-08-29 17:04:49.497952+00:00,2026-08-29 17:04:49.497952+00:00
124912_10,124912,777,43,penalty goal,75735,,,,,,85,85,False,2026-08-29 17:04:49.497952+00:00,2026-08-29 17:04:49.497952+00:00
124912_11,124912,777,130,substitution,,,,,128891,49726,85,85,False,2026-08-29 17:04:49.497952+00:00,2026-08-29 17:04:49.497952+00:00
124912_12,124912,777,130,goal,124052,,,,,,86,86,False,2026-08-29 17:04:49.497952+00:00,2026-08-29 17:04:49.497952+00:00
124912_13,124912,777,130,substitution,,,,,24369,124052,91,90+1',True,2026-08-29 17:04:49.497952+00:00,2026-08-29 17:04:49.497952+00:00
124912_14,124912,777,130,goal,133890,3712,,,,,92,90+2',True,2026-08-29 17:04:49.497952+00:00,2026-08-29 17:04:49.497952+00:00
124913_0,124913,777,1,yellow,,,,64523,,,5,5,False,2026-08-29 17:04:49.497952+00:00,2026-08-29 17:04:49.497952+00:00
124913_1,124913,777,4,yellow,,,,27277,,,11,11,False,2026-08-29 17:04:49.497952+00:00,2026-08-29 17:04:49.497952+00:00
124913_2,124913,777,1,yellow,,,,119476,,,13,13,False,2026-08-29 17:04:49.497952+00:00,2026-08-29 17:04:49.497952+00:00
124913_3,124913,777,1,yellow,,,,69914,,,27,27,False,2026-08-29 17:04:49.497952+00:00,2026-08-29 17:04:49.497952+00:00
124913_4,124913,777,4,red,,,,112203,,,38,38,False,2026-08-29 17:04:49.497952+00:00,2026-08-29 17:04:49.497952+00:00
124913_5,124913,777,1,yellow,,,,118077,,,41,41,False,2026-08-29 17:04:49.497952+00:00,2026-08-29 17:04:49.497952+00:00
124913_6,124913,777,1,substitution,,,,,114564,69914,46,46,False,2026-08-29 17:04:49.497952+00:00,2026-08-29 17:04:49.497952+00:00
124913_7,124913,777,4,substitution,,,,,68987,304474,46,46,False,2026-08-29 17:04:49.497952+00:00,2026-08-29 17:04:49.497952+00:00
124913_8,124913,777,4,goal,14575,14571,,,,,48,48,False,2026-08-29 17:04:49.497952+00:00,2026-08-29 17:04:49.497952+00:00
124913_9,124913,777,1,yellow,,,,114564,,,54,54,False,2026-08-29 17:04:49.497952+00:00,2026-08-29 17:04:49.497952+00:00
124913_10,124913,777,4,substitution,,,,,51813,72371,55,55,False,2026-08-29 17:04:49.497952+00:00,2026-08-29 17:04:49.497952+00:00
124913_11,124913,777,1,substitution,,,,,11419,64523,57,57,False,2026-08-29 17:04:49.497952+00:00,2026-08-29 17:04:49.497952+00:00
124913_12,124913,777,1,substitution,,,,,67407,66104,57,57,False,2026-08-29 17:04:49.497952+00:00,2026-08-29 17:04:49.497952+00:00
124913_13,124913,777,1,goal,19778,49481,,,,,59,59,False,2026-08-29 17:04:49.497952+00:00,2026-08-29 17:04:49.497952+00:00
124913_14,124913,777,1,substitution,,,,,32728,21584,72,72,False,2026-08-29 17:04:49.497952+00:00,2026-08-29 17:04:49.497952+00:00
124913_15,124913,777,1,yellow,,,,32728,,,88,88,False,2026-08-29 17:04:49.497952+00:00,2026-08-29 17:04:49.497952+00:00
124914_0,124914,777,12,yellow,,,,66360,,,17,17,False,2026-08-29 17:04:49.497952+00:00,2026-08-29 17:04:49.497952+00:00
124914_1,124914,777,6,penalty goal,20874,,,,,,36,36,False,2026-08-29 17:04:49.497952+00:00,2026-08-29 17:04:49.497952+00:00
124914_2,124914,777,6,substitution,,,,,14451,49796,38,38,False,2026-08-29 17:04:49.497952+00:00,2026-08-29 17:04:49.497952+00:00
124914_3,124914,777,6,yellow,,,,14451,,,53,53,False,2026-08-29 17:04:49.497952+00:00,2026-08-29 17:04:49.497952+00:00
124914_4,124914,777,12,goal,50848,23396,,,,,54,54,False,2026-08-29 17:04:49.497952+00:00,2026-08-29 17:04:49.497952+00:00
124914_5,124914,777,12,substitution,,,,,33245,118591,54,54,False,2026-08-29 17:04:49.497952+00:00,2026-08-29 17:04:49.497952+00:00
124914_6,124914,777,12,goal,14580,23396,,,,,63,63,False,2026-08-29 17:04:49.497952+00:00,2026-08-29 17:04:49.497952+00:00
124914_7,124914,777,12,yellow,,,,4608,,,72,72,False,2026-08-29 17:04:49.497952+00:00,2026-08-29 17:04:49.497952+00:00
124914_8,124914,777,6,yellow,,,,14569,,,75,75,False,2026-08-29 17:04:49.497952+00:00,2026-08-29 17:04:49.497952+00:00
124914_9,124914,777,6,substitution,,,,,8589,69595,78,78,False,2026-08-29 17:04:49.497952+00:00,2026-08-29 17:04:49.497952+00:00
124914_10,124914,777,6,substitution,,,,,146391,109117,78,78,False,2026-08-29 17:04:49.497952+00:00,2026-08-29 17:04:49.497952+00:00
124914_11,124914,777,12,substitution,,,,,67191,4608,82,82,False,2026-08-29 17:04:49.497952+00:00,2026-08-29 17:04:49.497952+00:00
124914_12,124914,777,6,substitution,,,,,37776,49759,85,85,False,2026-08-29 17:04:49.497952+00:00,2026-08-29 17:04:49.497952+00:00
124914_13,124914,777,6,substitution,,,,,138981,24334,85,85,False,2026-08-29 17:04:49.497952+00:00,2026-08-29 17:04:49.497952+00:00
124914_14,124914,777,12,substitution,,,,,108936,66360,91,90+1',True,2026-08-29 17:04:49.497952+00:00,2026-08-29 17:04:49.497952+00:00
124914_15,124914,777,12,substitution,,,,,146567,69176,91,90+1',True,2026-08-29 17:04:49.497952+00:00,2026-08-29 17:04:49.497952+00:00
124914_16,124914,777,6,yellow,,,,37776,,,93,90+3',True,2026-08-29 17:04:49.497952+00:00,2026-08-29 17:04:49.497952+00:00
124915_0,124915,777,23,goal,124462,117647,,,,,1,1,False,2026-08-29 17:04:49.497952+00:00,2026-08-29 17:04:49.497952+00:00
124915_1,124915,777,23,goal,117647,8707,,,,,25,25,False,2026-08-29 17:04:49.497952+00:00,2026-08-29 17:04:49.497952+00:00
124915_2,124915,777,23,goal,115256,49259,,,,,45,45,False,2026-08-29 17:04:49.497952+00:00,2026-08-29 17:04:49.497952+00:00
124915_3,124915,777,7,substitution,,,,,133612,66538,46,46,False,2026-08-29 17:04:49.497952+00:00,2026-08-29 17:04:49.497952+00:00
124915_4,124915,777,23,goal,124462,108922,,,,,58,58,False,2026-08-29 17:04:49.497952+00:00,2026-08-29 17:04:49.497952+00:00
124915_5,124915,777,7,goal,143922,24983,,,,,64,64,False,2026-08-29 17:04:49.497952+00:00,2026-08-29 17:04:49.497952+00:00
124915_6,124915,777,7,goal,14706,8143,,,,,70,70,False,2026-08-29 17:04:49.497952+00:00,2026-08-29 17:04:49.497952+00:00
124915_7,124915,777,23,substitution,,,,,14446,49259,71,71,False,2026-08-29 17:04:49.497952+00:00,2026-08-29 17:04:49.497952+00:00
124915_8,124915,777,23,substitution,,,,,19888,14716,71,71,False,2026-08-29 17:04:49.497952+00:00,2026-08-29 17:04:49.497952+00:00
124915_9,124915,777,7,substitution,,,,,24797,4260,80,80,False,2026-08-29 17:04:49.497952+00:00,2026-08-29 17:04:49.497952+00:00
124915_10,124915,777,7,substitution,,,,,112917,31936,80,80,False,2026-08-29 17:04:49.497952+00:00,2026-08-29 17:04:49.497952+00:00
124915_11,124915,777,7,substitution,,,,,126789,143922,87,87,False,2026-08-29 17:04:49.497952+00:00,2026-08-29 17:04:49.497952+00:00
124915_12,124915,777,23,substitution,,,,,5220,108922,90,90,False,2026-08-29 17:04:49.497952+00:00,2026-08-29 17:04:49.497952+00:00
124915_13,124915,777,23,substitution,,,,,23747,115256,90,90,False,2026-08-29 17:04:49.497952+00:00,2026-08-29 17:04:49.497952+00:00
124915_14,124915,777,23,substitution,,,,,71623,74761,90,90,False,2026-08-29 17:04:49.497952+00:00,2026-08-29 17:04:49.497952+00:00
124916_0,124916,777,11,goal,14805,76204,,,,,1,1,False,2026-08-29 17:04:49.497952+00:00,2026-08-29 17:04:49.497952+00:00
124916_1,124916,777,11,goal,67178,112948,,,,,25,25,False,2026-08-29 17:04:49.497952+00:00,2026-08-29 17:04:49.497952+00:00
124916_2,124916,777,9,substitution,,,,,9576,13797,46,46,False,2026-08-29 17:04:49.497952+00:00,2026-08-29 17:04:49.497952+00:00
124916_3,124916,777,9,substitution,,,,,50151,68676,46,46,False,2026-08-29 17:04:49.497952+00:00,2026-08-29 17:04:49.497952+00:00
124916_4,124916,777,9,goal,9576,,,,,,49,49,False,2026-08-29 17:04:49.497952+00:00,2026-08-29 17:04:49.497952+00:00
124916_5,124916,777,11,yellow,,,,76204,,,55,55,False,2026-08-29 17:04:49.497952+00:00,2026-08-29 17:04:49.497952+00:00
124916_6,124916,777,11,yellow,,,,5067,,,57,57,False,2026-08-29 17:04:49.497952+00:00,2026-08-29 17:04:49.497952+00:00
124916_7,124916,777,9,yellow,,,,13796,,,58,58,False,2026-08-29 17:04:49.497952+00:00,2026-08-29 17:04:49.497952+00:00
124916_8,124916,777,11,yellow,,,,67178,,,66,66,False,2026-08-29 17:04:49.497952+00:00,2026-08-29 17:04:49.497952+00:00
124916_9,124916,777,9,goal,14807,,,,,,68,68,False,2026-08-29 17:04:49.497952+00:00,2026-08-29 17:04:49.497952+00:00
124916_10,124916,777,9,substitution,,,,,75543,13515,69,69,False,2026-08-29 17:04:49.497952+00:00,2026-08-29 17:04:49.497952+00:00
124916_11,124916,777,11,substitution,,,,,68150,26335,75,75,False,2026-08-29 17:04:49.497952+00:00,2026-08-29 17:04:49.497952+00:00
124916_12,124916,777,9,substitution,,,,,33162,14807,82,82,False,2026-08-29 17:04:49.497952+00:00,2026-08-29 17:04:49.497952+00:00
124916_13,124916,777,11,yellow,,,,22857,,,87,87,False,2026-08-29 17:04:49.497952+00:00,2026-08-29 17:04:49.497952+00:00
124916_14,124916,777,11,substitution,,,,,76216,5067,89,89,False,2026-08-29 17:04:49.497952+00:00,2026-08-29 17:04:49.497952+00:00
124916_15,124916,777,11,goal,14805,68150,,,,,91,90+1',True,2026-08-29 17:04:49.497952+00:00,2026-08-29 17:04:49.497952+00:00
124916_16,124916,777,9,substitution,,,,,63289,126426,92,90+2',True,2026-08-29 17:04:49.497952+00:00,2026-08-29 17:04:49.497952+00:00
124916_17,124916,777,11,substitution,,,,,4505,54156,96,90+6',True,2026-08-29 17:04:49.497952+00:00,2026-08-29 17:04:49.497952+00:00
124917_0,124917,777,131,yellow,,,,72239,,,44,44,False,2026-08-29 17:04:49.497952+00:00,2026-08-29 17:04:49.497952+00:00
124917_1,124917,777,131,goal,67928,,,,,,46,45+1',True,2026-08-29 17:04:49.497952+00:00,2026-08-29 17:04:49.497952+00:00
124917_2,124917,777,15,substitution,,,,,23702,115172,46,46,False,2026-08-29 17:04:49.497952+00:00,2026-08-29 17:04:49.497952+00:00
124917_3,124917,777,15,substitution,,,,,98300,50623,46,46,False,2026-08-29 17:04:49.497952+00:00,2026-08-29 17:04:49.497952+00:00
124917_4,124917,777,131,substitution,,,,,112739,51830,56,56,False,2026-08-29 17:04:49.497952+00:00,2026-08-29 17:04:49.497952+00:00
124917_5,124917,777,131,substitution,,,,,139930,3452,65,65,False,2026-08-29 17:04:49.497952+00:00,2026-08-29 17:04:49.497952+00:00
124917_6,124917,777,15,substitution,,,,,14238,108816,74,74,False,2026-08-29 17:04:49.497952+00:00,2026-08-29 17:04:49.497952+00:00
124917_7,124917,777,15,substitution,,,,,68219,304123,75,75,False,2026-08-29 17:04:49.497952+00:00,2026-08-29 17:04:49.497952+00:00
124917_8,124917,777,131,substitution,,,,,4874,143240,84,84,False,2026-08-29 17:04:49.497952+00:00,2026-08-29 17:04:49.497952+00:00
124917_9,124917,777,131,substitution,,,,,124396,67928,84,84,False,2026-08-29 17:04:49.497952+00:00,2026-08-29 17:04:49.497952+00:00
124917_10,124917,777,131,substitution,,,,,134176,136175,84,84,False,2026-08-29 17:04:49.497952+00:00,2026-08-29 17:04:49.497952+00:00
124917_11,124917,777,15,substitution,,,,,49270,15259,85,85,False,2026-08-29 17:04:49.497952+00:00,2026-08-29 17:04:49.497952+00:00
124917_12,124917,777,131,goal,139930,,,,,,88,88,False,2026-08-29 17:04:49.497952+00:00,2026-08-29 17:04:49.497952+00:00
124918_0,124918,777,127,goal,118080,,,,,,7,7,False,2026-08-29 17:04:49.497952+00:00,2026-08-29 17:04:49.497952+00:00
124918_1,124918,777,127,goal,42894,,,,,,15,15,False,2026-08-29 17:04:49.497952+00:00,2026-08-29 17:04:49.497952+00:00
124918_2,124918,777,29,yellow,,,,66659,,,21,21,False,2026-08-29 17:04:49.497952+00:00,2026-08-29 17:04:49.497952+00:00
124918_3,124918,777,127,yellow,,,,74976,,,25,25,False,2026-08-29 17:04:49.497952+00:00,2026-08-29 17:04:49.497952+00:00
124918_4,124918,777,29,penalty goal,138104,,,,,,30,30,False,2026-08-29 17:04:49.497952+00:00,2026-08-29 17:04:49.497952+00:00
124918_5,124918,777,29,goal,10394,12136,,,,,46,46,False,2026-08-29 17:04:49.497952+00:00,2026-08-29 17:04:49.497952+00:00
124918_6,124918,777,127,substitution,,,,,10766,74976,46,46,False,2026-08-29 17:04:49.497952+00:00,2026-08-29 17:04:49.497952+00:00
124918_7,124918,777,29,substitution,,,,,51610,118633,63,63,False,2026-08-29 17:04:49.497952+00:00,2026-08-29 17:04:49.497952+00:00
124918_8,124918,777,29,substitution,,,,,67784,52989,63,63,False,2026-08-29 17:04:49.497952+00:00,2026-08-29 17:04:49.497952+00:00
124918_9,124918,777,29,substitution,,,,,122126,10394,63,63,False,2026-08-29 17:04:49.497952+00:00,2026-08-29 17:04:49.497952+00:00
124918_10,124918,777,29,yellow,,,,122126,,,65,65,False,2026-08-29 17:04:49.497952+00:00,2026-08-29 17:04:49.497952+00:00
124918_11,124918,777,29,goal,67784,138104,,,,,69,69,False,2026-08-29 17:04:49.497952+00:00,2026-08-29 17:04:49.497952+00:00
124918_12,124918,777,127,substitution,,,,,13706,118080,71,71,False,2026-08-29 17:04:49.497952+00:00,2026-08-29 17:04:49.497952+00:00
124918_13,124918,777,127,substitution,,,,,21519,42894,71,71,False,2026-08-29 17:04:49.497952+00:00,2026-08-29 17:04:49.497952+00:00
124918_14,124918,777,127,substitution,,,,,16582,3512,80,80,False,2026-08-29 17:04:49.497952+00:00,2026-08-29 17:04:49.497952+00:00
124918_15,124918,777,127,substitution,,,,,137832,33032,80,80,False,2026-08-29 17:04:49.497952+00:00,2026-08-29 17:04:49.497952+00:00
124918_16,124918,777,29,substitution,,,,,25408,138104,86,86,False,2026-08-29 17:04:49.497952+00:00,2026-08-29 17:04:49.497952+00:00
124918_17,124918,777,127,yellow,,,,25474,,,86,86,False,2026-08-29 17:04:49.497952+00:00,2026-08-29 17:04:49.497952+00:00
124918_18,124918,777,29,yellow,,,,75692,,,90,90,False,2026-08-29 17:04:49.497952+00:00,2026-08-29 17:04:49.497952+00:00
124918_19,124918,777,127,yellow,,,,54989,,,91,90+1',True,2026-08-29 17:04:49.497952+00:00,2026-08-29 17:04:49.497952+00:00
124918_20,124918,777,29,yellow,,,,51199,,,93,90+3',True,2026-08-29 17:04:49.497952+00:00,2026-08-29 17:04:49.497952+00:00
124918_21,124918,777,127,yellow,,,,13706,,,93,90+3',True,2026-08-29 17:04:49.497952+00:00,2026-08-29 17:04:49.497952+00:00
124918_22,124918,777,127,red,,,,10766,,,96,90+6',True,2026-08-29 17:04:49.497952+00:00,2026-08-29 17:04:49.497952+00:00
124918_23,124918,777,29,yellow,,,,51610,,,98,90+8',True,2026-08-29 17:04:49.497952+00:00,2026-08-29 17:04:49.497952+00:00
124918_24,124918,777,127,yellow,,,,14846,,,102,90+12',True,2026-08-29 17:04:49.497952+00:00,2026-08-29 17:04:49.497952+00:00
124919_0,124919,777,34,goal,4880,53063,,,,,4,4,False,2026-08-29 17:04:49.497952+00:00,2026-08-29 17:04:49.497952+00:00
124919_1,124919,777,34,goal,13961,128976,,,,,6,6,False,2026-08-29 17:04:49.497952+00:00,2026-08-29 17:04:49.497952+00:00
124919_2,124919,777,21,yellow,,,,75582,,,30,30,False,2026-08-29 17:04:49.497952+00:00,2026-08-29 17:04:49.497952+00:00
124919_3,124919,777,21,yellow,,,,126824,,,49,49,False,2026-08-29 17:04:49.497952+00:00,2026-08-29 17:04:49.497952+00:00
124919_4,124919,777,21,goal,51364,133603,,,,,59,59,False,2026-08-29 17:04:49.497952+00:00,2026-08-29 17:04:49.497952+00:00
124919_5,124919,777,21,substitution,,,,,22802,19858,60,60,False,2026-08-29 17:04:49.497952+00:00,2026-08-29 17:04:49.497952+00:00
124919_6,124919,777,21,substitution,,,,,69274,24630,60,60,False,2026-08-29 17:04:49.497952+00:00,2026-08-29 17:04:49.497952+00:00
124919_7,124919,777,21,substitution,,,,,118579,117596,60,60,False,2026-08-29 17:04:49.497952+00:00,2026-08-29 17:04:49.497952+00:00
124919_8,124919,777,34,substitution,,,,,14445,128976,68,68,False,2026-08-29 17:04:49.497952+00:00,2026-08-29 17:04:49.497952+00:00
124919_9,124919,777,34,substitution,,,,,16044,13961,68,68,False,2026-08-29 17:04:49.497952+00:00,2026-08-29 17:04:49.497952+00:00
124919_10,124919,777,21,substitution,,,,,117318,133603,77,77,False,2026-08-29 17:04:49.497952+00:00,2026-08-29 17:04:49.497952+00:00
124919_11,124919,777,34,yellow,,,,11071,,,78,78,False,2026-08-29 17:04:49.497952+00:00,2026-08-29 17:04:49.497952+00:00
124919_12,124919,777,34,substitution,,,,,121610,53063,81,81,False,2026-08-29 17:04:49.497952+00:00,2026-08-29 17:04:49.497952+00:00
124919_13,124919,777,21,substitution,,,,,76614,126824,85,85,False,2026-08-29 17:04:49.497952+00:00,2026-08-29 17:04:49.497952+00:00
124919_14,124919,777,34,substitution,,,,,6712,4717,87,87,False,2026-08-29 17:04:49.497952+00:00,2026-08-29 17:04:49.497952+00:00
124919_15,124919,777,34,yellow,,,,4985,,,91,90+1',True,2026-08-29 17:04:49.497952+00:00,2026-08-29 17:04:49.497952+00:00
124919_16,124919,777,21,yellow,,,,51185,,,94,90+4',True,2026-08-29 17:04:49.497952+00:00,2026-08-29 17:04:49.497952+00:00
124920_0,124920,777,10,goal,21737,32894,,,,,60,60,False,2026-08-29 17:04:49.497952+00:00,2026-08-29 17:04:49.497952+00:00
124920_1,124920,777,25,yellow,,,,122005,,,66,66,False,2026-08-29 17:04:49.497952+00:00,2026-08-29 17:04:49.497952+00:00
124920_2,124920,777,10,substitution,,,,,81542,21737,68,68,False,2026-08-29 17:04:49.497952+00:00,2026-08-29 17:04:49.497952+00:00
124920_3,124920,777,25,substitution,,,,,146354,122005,68,68,False,2026-08-29 17:04:49.497952+00:00,2026-08-29 17:04:49.497952+00:00
124920_4,124920,777,10,substitution,,,,,23815,75382,75,75,False,2026-08-29 17:04:49.497952+00:00,2026-08-29 17:04:49.497952+00:00
124920_5,124920,777,25,substitution,,,,,42569,8454,78,78,False,2026-08-29 17:04:49.497952+00:00,2026-08-29 17:04:49.497952+00:00
124920_6,124920,777,25,yellow,,,,55776,,,83,83,False,2026-08-29 17:04:49.497952+00:00,2026-08-29 17:04:49.497952+00:00
124920_7,124920,777,25,yellow,,,,55776,,,84,84,False,2026-08-29 17:04:49.497952+00:00,2026-08-29 17:04:49.497952+00:00
124920_8,124920,777,10,substitution,,,,,10458,116665,85,85,False,2026-08-29 17:04:49.497952+00:00,2026-08-29 17:04:49.497952+00:00
124920_9,124920,777,25,substitution,,,,,25183,66560,88,88,False,2026-08-29 17:04:49.497952+00:00,2026-08-29 17:04:49.497952+00:00
124920_10,124920,777,10,goal,32894,10651,,,,,92,90+2',True,2026-08-29 17:04:49.497952+00:00,2026-08-29 17:04:49.497952+00:00
124921_0,124921,777,1,goal,19778,14548,,,,,11,11,False,2026-08-29 17:04:49.497952+00:00,2026-08-29 17:04:49.497952+00:00
124921_1,124921,777,1,substitution,,,,,67776,119476,44,44,False,2026-08-29 17:04:49.497952+00:00,2026-08-29 17:04:49.497952+00:00
124921_2,124921,777,130,substitution,,,,,124052,127594,60,60,False,2026-08-29 17:04:49.497952+00:00,2026-08-29 17:04:49.497952+00:00
124921_3,124921,777,1,substitution,,,,,21584,66104,61,61,False,2026-08-29 17:04:49.497952+00:00,2026-08-29 17:04:49.497952+00:00
124921_4,124921,777,1,substitution,,,,,49481,67407,61,61,False,2026-08-29 17:04:49.497952+00:00,2026-08-29 17:04:49.497952+00:00
124921_5,124921,777,130,substitution,,,,,3712,23194,61,61,False,2026-08-29 17:04:49.497952+00:00,2026-08-29 17:04:49.497952+00:00
124921_6,124921,777,130,substitution,,,,,49731,49726,61,61,False,2026-08-29 17:04:49.497952+00:00,2026-08-29 17:04:49.497952+00:00
124921_7,124921,777,130,yellow,,,,128891,,,65,65,False,2026-08-29 17:04:49.497952+00:00,2026-08-29 17:04:49.497952+00:00
124921_8,124921,777,130,substitution,,,,,24369,10947,74,74,False,2026-08-29 17:04:49.497952+00:00,2026-08-29 17:04:49.497952+00:00
124921_9,124921,777,130,substitution,,,,,24659,22043,74,74,False,2026-08-29 17:04:49.497952+00:00,2026-08-29 17:04:49.497952+00:00
124921_10,124921,777,1,substitution,,,,,32728,15202,83,83,False,2026-08-29 17:04:49.497952+00:00,2026-08-29 17:04:49.497952+00:00
124921_11,124921,777,1,goal,49481,19778,,,,,91,90+1',True,2026-08-29 17:04:49.497952+00:00,2026-08-29 17:04:49.497952+00:00
124922_0,124922,777,7,yellow,,,,66538,,,22,22,False,2026-08-29 17:04:49.497952+00:00,2026-08-29 17:04:49.497952+00:00
124922_1,124922,777,127,yellow,,,,21519,,,45,45,False,2026-08-29 17:04:49.497952+00:00,2026-08-29 17:04:49.497952+00:00
124922_2,124922,777,7,yellow,,,,24983,,,49,49,False,2026-08-29 17:04:49.497952+00:00,2026-08-29 17:04:49.497952+00:00
124922_3,124922,777,127,yellow,,,,42894,,,53,53,False,2026-08-29 17:04:49.497952+00:00,2026-08-29 17:04:49.497952+00:00
124922_4,124922,777,127,substitution,,,,,14846,118080,60,60,False,2026-08-29 17:04:49.497952+00:00,2026-08-29 17:04:49.497952+00:00
124922_5,124922,777,127,substitution,,,,,33032,137832,61,61,False,2026-08-29 17:04:49.497952+00:00,2026-08-29 17:04:49.497952+00:00
124922_6,124922,777,127,substitution,,,,,302305,21519,70,70,False,2026-08-29 17:04:49.497952+00:00,2026-08-29 17:04:49.497952+00:00
124922_7,124922,777,7,goal,4260,133612,,,,,78,78,False,2026-08-29 17:04:49.497952+00:00,2026-08-29 17:04:49.497952+00:00
124922_8,124922,777,7,yellow,,,,133612,,,79,79,False,2026-08-29 17:04:49.497952+00:00,2026-08-29 17:04:49.497952+00:00
124922_9,124922,777,7,substitution,,,,,24797,133612,80,80,False,2026-08-29 17:04:49.497952+00:00,2026-08-29 17:04:49.497952+00:00
124922_10,124922,777,7,substitution,,,,,126789,143922,80,80,False,2026-08-29 17:04:49.497952+00:00,2026-08-29 17:04:49.497952+00:00
124922_11,124922,777,127,substitution,,,,,16582,74976,80,80,False,2026-08-29 17:04:49.497952+00:00,2026-08-29 17:04:49.497952+00:00
124922_12,124922,777,127,yellow,,,,16582,,,88,88,False,2026-08-29 17:04:49.497952+00:00,2026-08-29 17:04:49.497952+00:00
124923_0,124923,777,131,goal,76090,72239,,,,,9,9,False,2026-08-29 17:04:49.497952+00:00,2026-08-29 17:04:49.497952+00:00
124923_1,124923,777,131,substitution,,,,,112739,139930,24,24,False,2026-08-29 17:04:49.497952+00:00,2026-08-29 17:04:49.497952+00:00
124923_2,124923,777,131,own goal,,,21529,,,,29,29,False,2026-08-29 17:04:49.497952+00:00,2026-08-29 17:04:49.497952+00:00
124923_3,124923,777,2,goal,8658,72265,,,,,37,37,False,2026-08-29 17:04:49.497952+00:00,2026-08-29 17:04:49.497952+00:00
124923_4,124923,777,2,goal,8658,23968,,,,,52,45+7',True,2026-08-29 17:04:49.497952+00:00,2026-08-29 17:04:49.497952+00:00
124923_5,124923,777,131,yellow,,,,75709,,,53,45+8',True,2026-08-29 17:04:49.497952+00:00,2026-08-29 17:04:49.497952+00:00
124923_6,124923,777,2,goal,108096,13344,,,,,60,60,False,2026-08-29 17:04:49.497952+00:00,2026-08-29 17:04:49.497952+00:00
124923_7,124923,777,131,substitution,,,,,3452,50727,67,67,False,2026-08-29 17:04:49.497952+00:00,2026-08-29 17:04:49.497952+00:00
124923_8,124923,777,2,substitution,,,,,5758,51223,70,70,False,2026-08-29 17:04:49.497952+00:00,2026-08-29 17:04:49.497952+00:00
124923_9,124923,777,2,substitution,,,,,5865,25067,70,70,False,2026-08-29 17:04:49.497952+00:00,2026-08-29 17:04:49.497952+00:00
124923_10,124923,777,2,yellow,,,,51423,,,75,75,False,2026-08-29 17:04:49.497952+00:00,2026-08-29 17:04:49.497952+00:00
124923_11,124923,777,2,substitution,,,,,14456,51423,77,77,False,2026-08-29 17:04:49.497952+00:00,2026-08-29 17:04:49.497952+00:00
124923_12,124923,777,131,substitution,,,,,145043,134176,77,77,False,2026-08-29 17:04:49.497952+00:00,2026-08-29 17:04:49.497952+00:00
124923_13,124923,777,2,goal,14456,,,,,,78,78,False,2026-08-29 17:04:49.497952+00:00,2026-08-29 17:04:49.497952+00:00
124923_14,124923,777,131,substitution,,,,,4874,124396,78,78,False,2026-08-29 17:04:49.497952+00:00,2026-08-29 17:04:49.497952+00:00
124923_15,124923,777,131,goal,76090,112739,,,,,83,83,False,2026-08-29 17:04:49.497952+00:00,2026-08-29 17:04:49.497952+00:00
124923_16,124923,777,131,yellow,,,,143240,,,85,85,False,2026-08-29 17:04:49.497952+00:00,2026-08-29 17:04:49.497952+00:00
124923_17,124923,777,2,substitution,,,,,26408,8658,86,86,False,2026-08-29 17:04:49.497952+00:00,2026-08-29 17:04:49.497952+00:00
124923_18,124923,777,2,substitution,,,,,107846,72265,86,86,False,2026-08-29 17:04:49.497952+00:00,2026-08-29 17:04:49.497952+00:00
124923_19,124923,777,2,yellow,,,,20473,,,95,90+5',True,2026-08-29 17:04:49.497952+00:00,2026-08-29 17:04:49.497952+00:00
124924_0,124924,777,6,goal,76353,14569,,,,,44,44,False,2026-08-29 17:04:49.497952+00:00,2026-08-29 17:04:49.497952+00:00
124924_1,124924,777,43,substitution,,,,,19831,74964,46,46,False,2026-08-29 17:04:49.497952+00:00,2026-08-29 17:04:49.497952+00:00
124924_2,124924,777,43,substitution,,,,,15139,50460,58,58,False,2026-08-29 17:04:49.497952+00:00,2026-08-29 17:04:49.497952+00:00
124924_3,124924,777,43,substitution,,,,,68593,75735,59,59,False,2026-08-29 17:04:49.497952+00:00,2026-08-29 17:04:49.497952+00:00
124924_4,124924,777,6,substitution,,,,,14451,20874,64,64,False,2026-08-29 17:04:49.497952+00:00,2026-08-29 17:04:49.497952+00:00
124924_5,124924,777,6,substitution,,,,,138981,109117,64,64,False,2026-08-29 17:04:49.497952+00:00,2026-08-29 17:04:49.497952+00:00
124924_6,124924,777,43,substitution,,,,,74960,63851,71,71,False,2026-08-29 17:04:49.497952+00:00,2026-08-29 17:04:49.497952+00:00
124924_7,124924,777,6,substitution,,,,,8589,69595,76,76,False,2026-08-29 17:04:49.497952+00:00,2026-08-29 17:04:49.497952+00:00
124924_8,124924,777,43,substitution,,,,,31442,10539,81,81,False,2026-08-29 17:04:49.497952+00:00,2026-08-29 17:04:49.497952+00:00
124924_9,124924,777,6,substitution,,,,,147312,49759,89,89,False,2026-08-29 17:04:49.497952+00:00,2026-08-29 17:04:49.497952+00:00
124925_0,124925,777,11,goal,65970,54156,,,,,17,17,False,2026-08-29 17:04:49.497952+00:00,2026-08-29 17:04:49.497952+00:00
124925_1,124925,777,11,goal,26335,65970,,,,,37,37,False,2026-08-29 17:04:49.497952+00:00,2026-08-29 17:04:49.497952+00:00
124925_2,124925,777,11,goal,14805,,,,,,44,44,False,2026-08-29 17:04:49.497952+00:00,2026-08-29 17:04:49.497952+00:00
124925_3,124925,777,34,goal,14445,13961,,,,,47,45+2',True,2026-08-29 17:04:49.497952+00:00,2026-08-29 17:04:49.497952+00:00
124925_4,124925,777,34,substitution,,,,,6712,4880,46,46,False,2026-08-29 17:04:49.497952+00:00,2026-08-29 17:04:49.497952+00:00
124925_5,124925,777,34,substitution,,,,,53063,16044,46,46,False,2026-08-29 17:04:49.497952+00:00,2026-08-29 17:04:49.497952+00:00
124925_6,124925,777,11,goal,14805,65970,,,,,48,48,False,2026-08-29 17:04:49.497952+00:00,2026-08-29 17:04:49.497952+00:00
124925_7,124925,777,11,own goal,,,21614,,,,54,54,False,2026-08-29 17:04:49.497952+00:00,2026-08-29 17:04:49.497952+00:00
124925_8,124925,777,34,goal,4717,,,,,,57,57,False,2026-08-29 17:04:49.497952+00:00,2026-08-29 17:04:49.497952+00:00
124925_9,124925,777,11,substitution,,,,,4505,67849,64,64,False,2026-08-29 17:04:49.497952+00:00,2026-08-29 17:04:49.497952+00:00
124925_10,124925,777,11,substitution,,,,,126943,54156,64,64,False,2026-08-29 17:04:49.497952+00:00,2026-08-29 17:04:49.497952+00:00
124925_11,124925,777,34,goal,53063,,,,,,72,72,False,2026-08-29 17:04:49.497952+00:00,2026-08-29 17:04:49.497952+00:00
124925_12,124925,777,34,substitution,,,,,128976,14445,74,74,False,2026-08-29 17:04:49.497952+00:00,2026-08-29 17:04:49.497952+00:00
124925_13,124925,777,34,substitution,,,,,144894,11071,74,74,False,2026-08-29 17:04:49.497952+00:00,2026-08-29 17:04:49.497952+00:00
124925_14,124925,777,34,goal,53063,,,,,,78,78,False,2026-08-29 17:04:49.497952+00:00,2026-08-29 17:04:49.497952+00:00
124925_15,124925,777,11,substitution,,,,,68150,26335,82,82,False,2026-08-29 17:04:49.497952+00:00,2026-08-29 17:04:49.497952+00:00
124925_16,124925,777,34,substitution,,,,,121610,13961,82,82,False,2026-08-29 17:04:49.497952+00:00,2026-08-29 17:04:49.497952+00:00
124925_17,124925,777,11,yellow,,,,68150,,,95,90+5',True,2026-08-29 17:04:49.497952+00:00,2026-08-29 17:04:49.497952+00:00
124925_18,124925,777,11,substitution,,,,,4499,14805,97,90+7',True,2026-08-29 17:04:49.497952+00:00,2026-08-29 17:04:49.497952+00:00
124926_0,124926,777,9,goal,50151,116888,,,,,6,6,False,2026-08-29 17:04:49.497952+00:00,2026-08-29 17:04:49.497952+00:00
124926_1,124926,777,9,yellow,,,,116888,,,35,35,False,2026-08-29 17:04:49.497952+00:00,2026-08-29 17:04:49.497952+00:00
124926_2,124926,777,4,yellow,,,,304474,,,39,39,False,2026-08-29 17:04:49.497952+00:00,2026-08-29 17:04:49.497952+00:00
124926_3,124926,777,9,goal,126426,14608,,,,,43,43,False,2026-08-29 17:04:49.497952+00:00,2026-08-29 17:04:49.497952+00:00
124926_4,124926,777,4,substitution,,,,,21998,304474,46,46,False,2026-08-29 17:04:49.497952+00:00,2026-08-29 17:04:49.497952+00:00
124926_5,124926,777,4,substitution,,,,,68827,53612,46,46,False,2026-08-29 17:04:49.497952+00:00,2026-08-29 17:04:49.497952+00:00
124926_6,124926,777,4,goal,21998,68583,,,,,50,50,False,2026-08-29 17:04:49.497952+00:00,2026-08-29 17:04:49.497952+00:00
124926_7,124926,777,4,substitution,,,,,49293,51813,61,61,False,2026-08-29 17:04:49.497952+00:00,2026-08-29 17:04:49.497952+00:00
124926_8,124926,777,4,substitution,,,,,68987,68583,61,61,False,2026-08-29 17:04:49.497952+00:00,2026-08-29 17:04:49.497952+00:00
124926_9,124926,777,9,substitution,,,,,33162,14807,67,67,False,2026-08-29 17:04:49.497952+00:00,2026-08-29 17:04:49.497952+00:00
124926_10,124926,777,9,substitution,,,,,115255,126426,67,67,False,2026-08-29 17:04:49.497952+00:00,2026-08-29 17:04:49.497952+00:00
124926_11,124926,777,9,goal,9576,,,,,,72,72,False,2026-08-29 17:04:49.497952+00:00,2026-08-29 17:04:49.497952+00:00
124926_12,124926,777,4,substitution,,,,,130068,133245,77,77,False,2026-08-29 17:04:49.497952+00:00,2026-08-29 17:04:49.497952+00:00
124926_13,124926,777,9,substitution,,,,,50643,9576,86,86,False,2026-08-29 17:04:49.497952+00:00,2026-08-29 17:04:49.497952+00:00
124926_14,124926,777,9,substitution,,,,,13515,14608,87,87,False,2026-08-29 17:04:49.497952+00:00,2026-08-29 17:04:49.497952+00:00
124926_15,124926,777,9,substitution,,,,,35718,75543,94,90+4',True,2026-08-29 17:04:49.497952+00:00,2026-08-29 17:04:49.497952+00:00
124927_0,124927,777,10,substitution,,,,,5178,32894,46,46,False,2026-08-29 17:04:49.497952+00:00,2026-08-29 17:04:49.497952+00:00
124927_1,124927,777,29,yellow,,,,138104,,,54,54,False,2026-08-29 17:04:49.497952+00:00,2026-08-29 17:04:49.497952+00:00
124927_2,124927,777,10,yellow,,,,10651,,,55,55,False,2026-08-29 17:04:49.497952+00:00,2026-08-29 17:04:49.497952+00:00
124927_3,124927,777,29,substitution,,,,,52989,67784,62,62,False,2026-08-29 17:04:49.497952+00:00,2026-08-29 17:04:49.497952+00:00
124927_4,124927,777,10,substitution,,,,,23815,10651,65,65,False,2026-08-29 17:04:49.497952+00:00,2026-08-29 17:04:49.497952+00:00
124927_5,124927,777,29,goal,118633,138104,,,,,67,67,False,2026-08-29 17:04:49.497952+00:00,2026-08-29 17:04:49.497952+00:00
124927_6,124927,777,10,substitution,,,,,81542,63633,74,74,False,2026-08-29 17:04:49.497952+00:00,2026-08-29 17:04:49.497952+00:00
124927_7,124927,777,29,substitution,,,,,25408,138104,80,80,False,2026-08-29 17:04:49.497952+00:00,2026-08-29 17:04:49.497952+00:00
124927_8,124927,777,10,own goal,,,51199,,,,81,81,False,2026-08-29 17:04:49.497952+00:00,2026-08-29 17:04:49.497952+00:00
124927_9,124927,777,10,substitution,,,,,15802,21737,86,86,False,2026-08-29 17:04:49.497952+00:00,2026-08-29 17:04:49.497952+00:00
124927_10,124927,777,10,substitution,,,,,116665,10458,86,86,False,2026-08-29 17:04:49.497952+00:00,2026-08-29 17:04:49.497952+00:00
124927_11,124927,777,29,substitution,,,,,10361,118633,91,90+1',True,2026-08-29 17:04:49.497952+00:00,2026-08-29 17:04:49.497952+00:00
124928_0,124928,777,12,yellow,,,,133114,,,8,8,False,2026-08-29 17:04:49.497952+00:00,2026-08-29 17:04:49.497952+00:00
124928_1,124928,777,25,yellow,,,,145347,,,37,37,False,2026-08-29 17:04:49.497952+00:00,2026-08-29 17:04:49.497952+00:00
124928_2,124928,777,12,substitution,,,,,118591,133114,46,46,False,2026-08-29 17:04:49.497952+00:00,2026-08-29 17:04:49.497952+00:00
124928_3,124928,777,12,goal,24252,,,,,,58,58,False,2026-08-29 17:04:49.497952+00:00,2026-08-29 17:04:49.497952+00:00
124928_4,124928,777,12,substitution,,,,,146567,24252,68,68,False,2026-08-29 17:04:49.497952+00:00,2026-08-29 17:04:49.497952+00:00
124928_5,124928,777,12,substitution,,,,,118031,51202,77,77,False,2026-08-29 17:04:49.497952+00:00,2026-08-29 17:04:49.497952+00:00
124928_6,124928,777,12,substitution,,,,,14580,50848,78,78,False,2026-08-29 17:04:49.497952+00:00,2026-08-29 17:04:49.497952+00:00
124928_7,124928,777,25,yellow,,,,14164,,,78,78,False,2026-08-29 17:04:49.497952+00:00,2026-08-29 17:04:49.497952+00:00
124928_8,124928,777,25,goal,122005,,,,,,83,83,False,2026-08-29 17:04:49.497952+00:00,2026-08-29 17:04:49.497952+00:00
124928_9,124928,777,25,substitution,,,,,136505,66560,83,83,False,2026-08-29 17:04:49.497952+00:00,2026-08-29 17:04:49.497952+00:00
124928_10,124928,777,25,substitution,,,,,140223,25183,83,83,False,2026-08-29 17:04:49.497952+00:00,2026-08-29 17:04:49.497952+00:00
124928_11,124928,777,12,yellow,,,,4608,,,85,85,False,2026-08-29 17:04:49.497952+00:00,2026-08-29 17:04:49.497952+00:00
124928_12,124928,777,25,substitution,,,,,13522,8454,87,87,False,2026-08-29 17:04:49.497952+00:00,2026-08-29 17:04:49.497952+00:00
124928_13,124928,777,12,substitution,,,,,67191,4608,88,88,False,2026-08-29 17:04:49.497952+00:00,2026-08-29 17:04:49.497952+00:00
124929_0,124929,777,21,yellow,,,,66635,,,23,23,False,2026-08-29 17:04:49.497952+00:00,2026-08-29 17:04:49.497952+00:00
124929_1,124929,777,23,substitution,,,,,74761,71623,46,46,False,2026-08-29 17:04:49.497952+00:00,2026-08-29 17:04:49.497952+00:00
124929_2,124929,777,21,yellow,,,,22802,,,56,56,False,2026-08-29 17:04:49.497952+00:00,2026-08-29 17:04:49.497952+00:00
124929_3,124929,777,23,substitution,,,,,23747,14716,66,66,False,2026-08-29 17:04:49.497952+00:00,2026-08-29 17:04:49.497952+00:00
124929_4,124929,777,23,substitution,,,,,49259,9662,66,66,False,2026-08-29 17:04:49.497952+00:00,2026-08-29 17:04:49.497952+00:00
124929_5,124929,777,23,goal,74761,115256,,,,,71,71,False,2026-08-29 17:04:49.497952+00:00,2026-08-29 17:04:49.497952+00:00
124929_6,124929,777,21,substitution,,,,,24630,51185,77,77,False,2026-08-29 17:04:49.497952+00:00,2026-08-29 17:04:49.497952+00:00
124929_7,124929,777,21,substitution,,,,,69274,133603,77,77,False,2026-08-29 17:04:49.497952+00:00,2026-08-29 17:04:49.497952+00:00
124929_8,124929,777,21,substitution,,,,,76614,49374,77,77,False,2026-08-29 17:04:49.497952+00:00,2026-08-29 17:04:49.497952+00:00
124929_9,124929,777,21,goal,66635,51364,,,,,78,78,False,2026-08-29 17:04:49.497952+00:00,2026-08-29 17:04:49.497952+00:00
124929_10,124929,777,23,penalty goal,23747,,,,,,86,86,False,2026-08-29 17:04:49.497952+00:00,2026-08-29 17:04:49.497952+00:00
124929_11,124929,777,21,yellow,,,,24630,,,86,86,False,2026-08-29 17:04:49.497952+00:00,2026-08-29 17:04:49.497952+00:00
124929_12,124929,777,21,substitution,,,,,117596,117318,87,87,False,2026-08-29 17:04:49.497952+00:00,2026-08-29 17:04:49.497952+00:00
124929_13,124929,777,21,substitution,,,,,118579,51364,87,87,False,2026-08-29 17:04:49.497952+00:00,2026-08-29 17:04:49.497952+00:00
124929_14,124929,777,23,substitution,,,,,5220,117647,93,90+3',True,2026-08-29 17:04:49.497952+00:00,2026-08-29 17:04:49.497952+00:00
124929_15,124929,777,21,goal,66635,,,,,,95,90+5',True,2026-08-29 17:04:49.497952+00:00,2026-08-29 17:04:49.497952+00:00
124930_0,124930,777,15,yellow,,,,16035,,,19,19,False,2026-08-29 17:04:49.497952+00:00,2026-08-29 17:04:49.497952+00:00
124930_1,124930,777,15,goal,304123,98300,,,,,38,38,False,2026-08-29 17:04:49.497952+00:00,2026-08-29 17:04:49.497952+00:00
124930_2,124930,777,38,yellow,,,,133679,,,52,52,False,2026-08-29 17:04:49.497952+00:00,2026-08-29 17:04:49.497952+00:00
124930_3,124930,777,15,yellow,,,,51593,,,61,61,False,2026-08-29 17:04:49.497952+00:00,2026-08-29 17:04:49.497952+00:00
124930_4,124930,777,15,substitution,,,,,14238,108816,67,67,False,2026-08-29 17:04:49.497952+00:00,2026-08-29 17:04:49.497952+00:00
124930_5,124930,777,15,substitution,,,,,23702,50623,67,67,False,2026-08-29 17:04:49.497952+00:00,2026-08-29 17:04:49.497952+00:00
124930_6,124930,777,38,substitution,,,,,20337,126108,67,67,False,2026-08-29 17:04:49.497952+00:00,2026-08-29 17:04:49.497952+00:00
124930_7,124930,777,38,yellow,,,,115114,,,67,67,False,2026-08-29 17:04:49.497952+00:00,2026-08-29 17:04:49.497952+00:00
124930_8,124930,777,15,goal,304123,98300,,,,,72,72,False,2026-08-29 17:04:49.497952+00:00,2026-08-29 17:04:49.497952+00:00
124930_9,124930,777,38,substitution,,,,,52951,111988,81,81,False,2026-08-29 17:04:49.497952+00:00,2026-08-29 17:04:49.497952+00:00
124930_10,124930,777,38,substitution,,,,,115371,143218,81,81,False,2026-08-29 17:04:49.497952+00:00,2026-08-29 17:04:49.497952+00:00
124930_11,124930,777,38,substitution,,,,,145492,115114,81,81,False,2026-08-29 17:04:49.497952+00:00,2026-08-29 17:04:49.497952+00:00
124930_12,124930,777,38,substitution,,,,,76310,133679,85,85,False,2026-08-29 17:04:49.497952+00:00,2026-08-29 17:04:49.497952+00:00
124930_13,124930,777,15,substitution,,,,,115172,15259,93,90+3',True,2026-08-29 17:04:49.497952+00:00,2026-08-29 17:04:49.497952+00:00
124931_0,124931,777,2,goal,13344,,,,,,36,36,False,2026-08-29 17:04:49.497952+00:00,2026-08-29 17:04:49.497952+00:00
124931_1,124931,777,1,substitution,,,,,20486,21584,46,46,False,2026-08-29 17:04:49.497952+00:00,2026-08-29 17:04:49.497952+00:00
124931_2,124931,777,1,substitution,,,,,32728,19778,46,46,False,2026-08-29 17:04:49.497952+00:00,2026-08-29 17:04:49.497952+00:00
124931_3,124931,777,1,goal,20486,,,,,,52,52,False,2026-08-29 17:04:49.497952+00:00,2026-08-29 17:04:49.497952+00:00
124931_4,124931,777,2,substitution,,,,,14456,8658,66,66,False,2026-08-29 17:04:49.497952+00:00,2026-08-29 17:04:49.497952+00:00
124931_5,124931,777,1,yellow,,,,69914,,,72,72,False,2026-08-29 17:04:49.497952+00:00,2026-08-29 17:04:49.497952+00:00
124931_6,124931,777,1,yellow,,,,49481,,,74,74,False,2026-08-29 17:04:49.497952+00:00,2026-08-29 17:04:49.497952+00:00
124931_7,124931,777,2,substitution,,,,,14801,51423,75,75,False,2026-08-29 17:04:49.497952+00:00,2026-08-29 17:04:49.497952+00:00
124931_8,124931,777,2,substitution,,,,,107846,108096,75,75,False,2026-08-29 17:04:49.497952+00:00,2026-08-29 17:04:49.497952+00:00
124931_9,124931,777,1,substitution,,,,,67407,49481,79,79,False,2026-08-29 17:04:49.497952+00:00,2026-08-29 17:04:49.497952+00:00
124931_10,124931,777,1,substitution,,,,,66104,20486,86,86,False,2026-08-29 17:04:49.497952+00:00,2026-08-29 17:04:49.497952+00:00
124931_11,124931,777,1,substitution,,,,,114564,69914,86,86,False,2026-08-29 17:04:49.497952+00:00,2026-08-29 17:04:49.497952+00:00
124931_12,124931,777,2,substitution,,,,,5066,21529,86,86,False,2026-08-29 17:04:49.497952+00:00,2026-08-29 17:04:49.497952+00:00
124931_13,124931,777,2,substitution,,,,,26408,13344,87,87,False,2026-08-29 17:04:49.497952+00:00,2026-08-29 17:04:49.497952+00:00
124931_14,124931,777,2,goal,26408,25067,,,,,95,90+5',True,2026-08-29 17:04:49.497952+00:00,2026-08-29 17:04:49.497952+00:00
124932_0,124932,777,127,goal,25474,33032,,,,,4,4,False,2026-08-29 17:04:49.497952+00:00,2026-08-29 17:04:49.497952+00:00
124932_1,124932,777,4,substitution,,,,,130068,51813,32,32,False,2026-08-29 17:04:49.497952+00:00,2026-08-29 17:04:49.497952+00:00
124932_2,124932,777,4,substitution,,,,,72371,49293,58,58,False,2026-08-29 17:04:49.497952+00:00,2026-08-29 17:04:49.497952+00:00
124932_3,124932,777,127,substitution,,,,,51942,54989,62,62,False,2026-08-29 17:04:49.497952+00:00,2026-08-29 17:04:49.497952+00:00
124932_4,124932,777,127,substitution,,,,,13706,21519,74,74,False,2026-08-29 17:04:49.497952+00:00,2026-08-29 17:04:49.497952+00:00
124932_5,124932,777,127,substitution,,,,,118080,119381,74,74,False,2026-08-29 17:04:49.497952+00:00,2026-08-29 17:04:49.497952+00:00
124932_6,124932,777,4,substitution,,,,,304474,68987,77,77,False,2026-08-29 17:04:49.497952+00:00,2026-08-29 17:04:49.497952+00:00
124932_7,124932,777,4,yellow,,,,130068,,,85,85,False,2026-08-29 17:04:49.497952+00:00,2026-08-29 17:04:49.497952+00:00
124932_8,124932,777,127,substitution,,,,,16582,33032,87,87,False,2026-08-29 17:04:49.497952+00:00,2026-08-29 17:04:49.497952+00:00
124932_9,124932,777,4,yellow,,,,21998,,,91,90+1',True,2026-08-29 17:04:49.497952+00:00,2026-08-29 17:04:49.497952+00:00
124933_0,124933,777,131,yellow,,,,50727,,,10,10,False,2026-08-29 17:04:49.497952+00:00,2026-08-29 17:04:49.497952+00:00
124933_1,124933,777,131,yellow,,,,8163,,,52,52,False,2026-08-29 17:04:49.497952+00:00,2026-08-29 17:04:49.497952+00:00
124933_2,124933,777,131,substitution,,,,,112739,124396,60,60,False,2026-08-29 17:04:49.497952+00:00,2026-08-29 17:04:49.497952+00:00
124933_3,124933,777,25,yellow,,,,40159,,,60,60,False,2026-08-29 17:04:49.497952+00:00,2026-08-29 17:04:49.497952+00:00
124933_4,124933,777,25,substitution,,,,,66560,40159,64,64,False,2026-08-29 17:04:49.497952+00:00,2026-08-29 17:04:49.497952+00:00
124933_5,124933,777,25,substitution,,,,,8454,65961,72,72,False,2026-08-29 17:04:49.497952+00:00,2026-08-29 17:04:49.497952+00:00
124933_6,124933,777,131,substitution,,,,,134176,136175,72,72,False,2026-08-29 17:04:49.497952+00:00,2026-08-29 17:04:49.497952+00:00
124933_7,124933,777,131,substitution,,,,,145043,67928,72,72,False,2026-08-29 17:04:49.497952+00:00,2026-08-29 17:04:49.497952+00:00
124933_8,124933,777,25,goal,8868,8454,,,,,73,73,False,2026-08-29 17:04:49.497952+00:00,2026-08-29 17:04:49.497952+00:00
124933_9,124933,777,25,yellow,,,,66560,,,77,77,False,2026-08-29 17:04:49.497952+00:00,2026-08-29 17:04:49.497952+00:00
124933_10,124933,777,25,substitution,,,,,25183,55776,82,82,False,2026-08-29 17:04:49.497952+00:00,2026-08-29 17:04:49.497952+00:00
124933_11,124933,777,25,substitution,,,,,122005,119072,82,82,False,2026-08-29 17:04:49.497952+00:00,2026-08-29 17:04:49.497952+00:00
124933_12,124933,777,25,substitution,,,,,131312,145347,83,83,False,2026-08-29 17:04:49.497952+00:00,2026-08-29 17:04:49.497952+00:00
124933_13,124933,777,131,substitution,,,,,20505,50727,83,83,False,2026-08-29 17:04:49.497952+00:00,2026-08-29 17:04:49.497952+00:00
124933_14,124933,777,131,goal,51830,76090,,,,,91,90+1',True,2026-08-29 17:04:49.497952+00:00,2026-08-29 17:04:49.497952+00:00
124934_0,124934,777,15,yellow,,,,70249,,,1,1,False,2026-08-29 17:04:49.497952+00:00,2026-08-29 17:04:49.497952+00:00
124934_1,124934,777,7,own goal,,,16035,,,,2,2,False,2026-08-29 17:04:49.497952+00:00,2026-08-29 17:04:49.497952+00:00
124934_2,124934,777,7,goal,143922,31936,,,,,48,45+3',True,2026-08-29 17:04:49.497952+00:00,2026-08-29 17:04:49.497952+00:00
124934_3,124934,777,15,yellow,,,,67510,,,48,45+3',True,2026-08-29 17:04:49.497952+00:00,2026-08-29 17:04:49.497952+00:00
124934_4,124934,777,15,substitution,,,,,14238,108816,46,46,False,2026-08-29 17:04:49.497952+00:00,2026-08-29 17:04:49.497952+00:00
124934_5,124934,777,15,substitution,,,,,23702,50623,46,46,False,2026-08-29 17:04:49.497952+00:00,2026-08-29 17:04:49.497952+00:00
124934_6,124934,777,15,substitution,,,,,117754,70249,46,46,False,2026-08-29 17:04:49.497952+00:00,2026-08-29 17:04:49.497952+00:00
124934_7,124934,777,15,yellow,,,,16035,,,54,54,False,2026-08-29 17:04:49.497952+00:00,2026-08-29 17:04:49.497952+00:00
124934_8,124934,777,7,yellow,,,,143922,,,57,57,False,2026-08-29 17:04:49.497952+00:00,2026-08-29 17:04:49.497952+00:00
124934_9,124934,777,7,substitution,,,,,126789,143922,62,62,False,2026-08-29 17:04:49.497952+00:00,2026-08-29 17:04:49.497952+00:00
124934_10,124934,777,15,substitution,,,,,115172,14238,62,62,False,2026-08-29 17:04:49.497952+00:00,2026-08-29 17:04:49.497952+00:00
124934_11,124934,777,7,substitution,,,,,24797,133612,73,73,False,2026-08-29 17:04:49.497952+00:00,2026-08-29 17:04:49.497952+00:00
124934_12,124934,777,7,yellow,,,,8143,,,73,73,False,2026-08-29 17:04:49.497952+00:00,2026-08-29 17:04:49.497952+00:00
124934_13,124934,777,7,goal,14706,112589,,,,,81,81,False,2026-08-29 17:04:49.497952+00:00,2026-08-29 17:04:49.497952+00:00
124934_14,124934,777,7,yellow,,,,24983,,,84,84,False,2026-08-29 17:04:49.497952+00:00,2026-08-29 17:04:49.497952+00:00
124934_15,124934,777,7,substitution,,,,,112917,4260,86,86,False,2026-08-29 17:04:49.497952+00:00,2026-08-29 17:04:49.497952+00:00
124934_16,124934,777,7,yellow,,,,112589,,,93,90+3',True,2026-08-29 17:04:49.497952+00:00,2026-08-29 17:04:49.497952+00:00
124935_0,124935,777,6,goal,14451,69595,,,,,20,20,False,2026-08-29 17:04:49.497952+00:00,2026-08-29 17:04:49.497952+00:00
124935_1,124935,777,34,goal,13961,11071,,,,,38,38,False,2026-08-29 17:04:49.497952+00:00,2026-08-29 17:04:49.497952+00:00
124935_2,124935,777,34,goal,14445,,,,,,53,53,False,2026-08-29 17:04:49.497952+00:00,2026-08-29 17:04:49.497952+00:00
124935_3,124935,777,6,substitution,,,,,37776,14451,65,65,False,2026-08-29 17:04:49.497952+00:00,2026-08-29 17:04:49.497952+00:00
124935_4,124935,777,6,substitution,,,,,146391,20874,66,66,False,2026-08-29 17:04:49.497952+00:00,2026-08-29 17:04:49.497952+00:00
124935_5,124935,777,34,substitution,,,,,121610,14445,68,68,False,2026-08-29 17:04:49.497952+00:00,2026-08-29 17:04:49.497952+00:00
124935_6,124935,777,34,substitution,,,,,16044,21614,76,76,False,2026-08-29 17:04:49.497952+00:00,2026-08-29 17:04:49.497952+00:00
124935_7,124935,777,34,substitution,,,,,128976,53063,76,76,False,2026-08-29 17:04:49.497952+00:00,2026-08-29 17:04:49.497952+00:00
124935_8,124935,777,6,substitution,,,,,147312,4604,77,77,False,2026-08-29 17:04:49.497952+00:00,2026-08-29 17:04:49.497952+00:00
124935_9,124935,777,6,goal,14569,109117,,,,,87,87,False,2026-08-29 17:04:49.497952+00:00,2026-08-29 17:04:49.497952+00:00
124935_10,124935,777,34,substitution,,,,,3894,13961,89,89,False,2026-08-29 17:04:49.497952+00:00,2026-08-29 17:04:49.497952+00:00
124935_11,124935,777,34,substitution,,,,,4979,4717,89,89,False,2026-08-29 17:04:49.497952+00:00,2026-08-29 17:04:49.497952+00:00
124935_12,124935,777,6,substitution,,,,,138981,109117,92,90+2',True,2026-08-29 17:04:49.497952+00:00,2026-08-29 17:04:49.497952+00:00
124936_0,124936,777,9,yellow,,,,14608,,,20,20,False,2026-08-29 17:04:49.497952+00:00,2026-08-29 17:04:49.497952+00:00
124936_1,124936,777,9,yellow,,,,75543,,,26,26,False,2026-08-29 17:04:49.497952+00:00,2026-08-29 17:04:49.497952+00:00
124936_2,124936,777,10,yellow,,,,68582,,,48,45+3',True,2026-08-29 17:04:49.497952+00:00,2026-08-29 17:04:49.497952+00:00
124936_3,124936,777,10,goal,81542,,,,,,48,48,False,2026-08-29 17:04:49.497952+00:00,2026-08-29 17:04:49.497952+00:00
124936_4,124936,777,10,goal,81542,,,,,,50,50,False,2026-08-29 17:04:49.497952+00:00,2026-08-29 17:04:49.497952+00:00
124936_5,124936,777,9,substitution,,,,,63289,50151,65,65,False,2026-08-29 17:04:49.497952+00:00,2026-08-29 17:04:49.497952+00:00
124936_6,124936,777,9,substitution,,,,,68676,33162,65,65,False,2026-08-29 17:04:49.497952+00:00,2026-08-29 17:04:49.497952+00:00
124936_7,124936,777,9,substitution,,,,,126426,115255,65,65,False,2026-08-29 17:04:49.497952+00:00,2026-08-29 17:04:49.497952+00:00
124936_8,124936,777,10,substitution,,,,,10651,68582,68,68,False,2026-08-29 17:04:49.497952+00:00,2026-08-29 17:04:49.497952+00:00
124936_9,124936,777,10,substitution,,,,,63633,75382,68,68,False,2026-08-29 17:04:49.497952+00:00,2026-08-29 17:04:49.497952+00:00
124936_10,124936,777,9,penalty goal,9576,,,,,,73,73,False,2026-08-29 17:04:49.497952+00:00,2026-08-29 17:04:49.497952+00:00
124936_11,124936,777,9,goal,116888,63289,,,,,75,75,False,2026-08-29 17:04:49.497952+00:00,2026-08-29 17:04:49.497952+00:00
124936_12,124936,777,10,goal,33231,49909,,,,,80,80,False,2026-08-29 17:04:49.497952+00:00,2026-08-29 17:04:49.497952+00:00
124936_13,124936,777,10,yellow,,,,5140,,,80,80,False,2026-08-29 17:04:49.497952+00:00,2026-08-29 17:04:49.497952+00:00
124936_14,124936,777,10,substitution,,,,,43586,32894,83,83,False,2026-08-29 17:04:49.497952+00:00,2026-08-29 17:04:49.497952+00:00
124936_15,124936,777,10,substitution,,,,,21737,81542,84,84,False,2026-08-29 17:04:49.497952+00:00,2026-08-29 17:04:49.497952+00:00
124936_16,124936,777,9,substitution,,,,,50643,19731,87,87,False,2026-08-29 17:04:49.497952+00:00,2026-08-29 17:04:49.497952+00:00
124936_17,124936,777,9,yellow,,,,33124,,,89,89,False,2026-08-29 17:04:49.497952+00:00,2026-08-29 17:04:49.497952+00:00
124936_18,124936,777,10,yellow,,,,10651,,,91,90+1',True,2026-08-29 17:04:49.497952+00:00,2026-08-29 17:04:49.497952+00:00
124936_19,124936,777,9,substitution,,,,,35718,14608,93,90+3',True,2026-08-29 17:04:49.497952+00:00,2026-08-29 17:04:49.497952+00:00
124936_20,124936,777,9,goal,126426,,,,,,96,90+6',True,2026-08-29 17:04:49.497952+00:00,2026-08-29 17:04:49.497952+00:00
124937_0,124937,777,11,goal,16431,68150,,,,,31,31,False,2026-08-29 17:04:49.497952+00:00,2026-08-29 17:04:49.497952+00:00
124937_1,124937,777,11,goal,67178,14805,,,,,35,35,False,2026-08-29 17:04:49.497952+00:00,2026-08-29 17:04:49.497952+00:00
124937_2,124937,777,11,yellow,,,,67178,,,37,37,False,2026-08-29 17:04:49.497952+00:00,2026-08-29 17:04:49.497952+00:00
124937_3,124937,777,29,substitution,,,,,67784,52989,56,56,False,2026-08-29 17:04:49.497952+00:00,2026-08-29 17:04:49.497952+00:00
124937_4,124937,777,29,substitution,,,,,118633,10394,56,56,False,2026-08-29 17:04:49.497952+00:00,2026-08-29 17:04:49.497952+00:00
124937_5,124937,777,11,goal,14805,68150,,,,,65,65,False,2026-08-29 17:04:49.497952+00:00,2026-08-29 17:04:49.497952+00:00
124937_6,124937,777,11,substitution,,,,,26335,14805,69,69,False,2026-08-29 17:04:49.497952+00:00,2026-08-29 17:04:49.497952+00:00
124937_7,124937,777,11,substitution,,,,,76216,65970,69,69,False,2026-08-29 17:04:49.497952+00:00,2026-08-29 17:04:49.497952+00:00
124937_8,124937,777,11,substitution,,,,,4499,67178,70,70,False,2026-08-29 17:04:49.497952+00:00,2026-08-29 17:04:49.497952+00:00
124937_9,124937,777,29,substitution,,,,,126317,124944,72,72,False,2026-08-29 17:04:49.497952+00:00,2026-08-29 17:04:49.497952+00:00
124937_10,124937,777,29,substitution,,,,,51610,12136,73,73,False,2026-08-29 17:04:49.497952+00:00,2026-08-29 17:04:49.497952+00:00
124937_11,124937,777,11,substitution,,,,,99281,5067,82,82,False,2026-08-29 17:04:49.497952+00:00,2026-08-29 17:04:49.497952+00:00
124937_12,124937,777,11,substitution,,,,,126943,68150,82,82,False,2026-08-29 17:04:49.497952+00:00,2026-08-29 17:04:49.497952+00:00
124937_13,124937,777,29,substitution,,,,,10361,122126,88,88,False,2026-08-29 17:04:49.497952+00:00,2026-08-29 17:04:49.497952+00:00
124937_14,124937,777,29,red,,,,10361,,,95,90+5',True,2026-08-29 17:04:49.497952+00:00,2026-08-29 17:04:49.497952+00:00
124938_0,124938,777,23,goal,74761,,,,,,31,31,False,2026-08-29 17:04:49.497952+00:00,2026-08-29 17:04:49.497952+00:00
124938_1,124938,777,43,yellow,,,,3955,,,35,35,False,2026-08-29 17:04:49.497952+00:00,2026-08-29 17:04:49.497952+00:00
124938_2,124938,777,43,red,,,,137462,,,43,43,False,2026-08-29 17:04:49.497952+00:00,2026-08-29 17:04:49.497952+00:00
124938_3,124938,777,23,penalty goal,23747,,,,,,53,45+8',True,2026-08-29 17:04:49.497952+00:00,2026-08-29 17:04:49.497952+00:00
124938_4,124938,777,43,substitution,,,,,13622,64282,46,46,False,2026-08-29 17:04:49.497952+00:00,2026-08-29 17:04:49.497952+00:00
124938_5,124938,777,23,yellow,,,,49495,,,52,52,False,2026-08-29 17:04:49.497952+00:00,2026-08-29 17:04:49.497952+00:00
124938_6,124938,777,23,substitution,,,,,108922,8707,63,63,False,2026-08-29 17:04:49.497952+00:00,2026-08-29 17:04:49.497952+00:00
124938_7,124938,777,23,substitution,,,,,117647,14446,63,63,False,2026-08-29 17:04:49.497952+00:00,2026-08-29 17:04:49.497952+00:00
124938_8,124938,777,43,substitution,,,,,8127,63851,65,65,False,2026-08-29 17:04:49.497952+00:00,2026-08-29 17:04:49.497952+00:00
124938_9,124938,777,23,substitution,,,,,20607,23747,74,74,False,2026-08-29 17:04:49.497952+00:00,2026-08-29 17:04:49.497952+00:00
124938_10,124938,777,23,substitution,,,,,117497,115256,74,74,False,2026-08-29 17:04:49.497952+00:00,2026-08-29 17:04:49.497952+00:00
124938_11,124938,777,43,substitution,,,,,50460,19831,86,86,False,2026-08-29 17:04:49.497952+00:00,2026-08-29 17:04:49.497952+00:00
124938_12,124938,777,43,substitution,,,,,75735,31442,86,86,False,2026-08-29 17:04:49.497952+00:00,2026-08-29 17:04:49.497952+00:00
124938_13,124938,777,43,yellow,,,,8127,,,89,89,False,2026-08-29 17:04:49.497952+00:00,2026-08-29 17:04:49.497952+00:00
124938_14,124938,777,23,yellow,,,,19888,,,93,90+3',True,2026-08-29 17:04:49.497952+00:00,2026-08-29 17:04:49.497952+00:00
124938_15,124938,777,43,penalty goal,75735,,,,,,94,90+4',True,2026-08-29 17:04:49.497952+00:00,2026-08-29 17:04:49.497952+00:00
124938_16,124938,777,23,substitution,,,,,71623,19888,95,90+5',True,2026-08-29 17:04:49.497952+00:00,2026-08-29 17:04:49.497952+00:00
124938_17,124938,777,43,substitution,,,,,15139,128456,95,90+5',True,2026-08-29 17:04:49.497952+00:00,2026-08-29 17:04:49.497952+00:00
124939_0,124939,777,21,goal,24630,69274,,,,,25,25,False,2026-08-29 17:04:49.497952+00:00,2026-08-29 17:04:49.497952+00:00
124939_1,124939,777,130,yellow,,,,133460,,,29,29,False,2026-08-29 17:04:49.497952+00:00,2026-08-29 17:04:49.497952+00:00
124939_2,124939,777,21,yellow,,,,66635,,,31,31,False,2026-08-29 17:04:49.497952+00:00,2026-08-29 17:04:49.497952+00:00
124939_3,124939,777,21,goal,69274,,,,,,43,43,False,2026-08-29 17:04:49.497952+00:00,2026-08-29 17:04:49.497952+00:00
124939_4,124939,777,130,yellow,,,,20113,,,45,45,False,2026-08-29 17:04:49.497952+00:00,2026-08-29 17:04:49.497952+00:00
124939_5,124939,777,130,substitution,,,,,10947,20113,46,46,False,2026-08-29 17:04:49.497952+00:00,2026-08-29 17:04:49.497952+00:00
124939_6,124939,777,21,yellow,,,,32229,,,47,47,False,2026-08-29 17:04:49.497952+00:00,2026-08-29 17:04:49.497952+00:00
124939_7,124939,777,130,yellow,,,,127594,,,60,60,False,2026-08-29 17:04:49.497952+00:00,2026-08-29 17:04:49.497952+00:00
124939_8,124939,777,130,substitution,,,,,49726,49731,61,61,False,2026-08-29 17:04:49.497952+00:00,2026-08-29 17:04:49.497952+00:00
124939_9,124939,777,21,substitution,,,,,19858,22802,65,65,False,2026-08-29 17:04:49.497952+00:00,2026-08-29 17:04:49.497952+00:00
124939_10,124939,777,130,yellow,,,,128891,,,72,72,False,2026-08-29 17:04:49.497952+00:00,2026-08-29 17:04:49.497952+00:00
124939_11,124939,777,21,substitution,,,,,118579,51185,74,74,False,2026-08-29 17:04:49.497952+00:00,2026-08-29 17:04:49.497952+00:00
124939_12,124939,777,130,substitution,,,,,23194,128891,76,76,False,2026-08-29 17:04:49.497952+00:00,2026-08-29 17:04:49.497952+00:00
124939_13,124939,777,130,substitution,,,,,115166,133460,76,76,False,2026-08-29 17:04:49.497952+00:00,2026-08-29 17:04:49.497952+00:00
124939_14,124939,777,21,yellow,,,,117596,,,77,77,False,2026-08-29 17:04:49.497952+00:00,2026-08-29 17:04:49.497952+00:00
124939_15,124939,777,21,substitution,,,,,117318,51364,80,80,False,2026-08-29 17:04:49.497952+00:00,2026-08-29 17:04:49.497952+00:00
124939_16,124939,777,21,substitution,,,,,25892,66635,81,81,False,2026-08-29 17:04:49.497952+00:00,2026-08-29 17:04:49.497952+00:00
124939_17,124939,777,130,substitution,,,,,24369,133890,88,88,False,2026-08-29 17:04:49.497952+00:00,2026-08-29 17:04:49.497952+00:00
124940_0,124940,777,12,goal,23396,51202,,,,,25,25,False,2026-08-29 17:04:49.497952+00:00,2026-08-29 17:04:49.497952+00:00
124940_1,124940,777,12,yellow,,,,66360,,,38,38,False,2026-08-29 17:04:49.497952+00:00,2026-08-29 17:04:49.497952+00:00
124940_2,124940,777,38,yellow,,,,35670,,,44,44,False,2026-08-29 17:04:49.497952+00:00,2026-08-29 17:04:49.497952+00:00
124940_3,124940,777,38,goal,126108,136815,,,,,47,45+2',True,2026-08-29 17:04:49.497952+00:00,2026-08-29 17:04:49.497952+00:00
124940_4,124940,777,38,yellow,,,,108877,,,46,46,False,2026-08-29 17:04:49.497952+00:00,2026-08-29 17:04:49.497952+00:00
124940_5,124940,777,12,goal,66360,24252,,,,,51,51,False,2026-08-29 17:04:49.497952+00:00,2026-08-29 17:04:49.497952+00:00
124940_6,124940,777,38,substitution,,,,,303861,126108,54,54,False,2026-08-29 17:04:49.497952+00:00,2026-08-29 17:04:49.497952+00:00
124940_7,124940,777,12,goal,14580,23396,,,,,62,62,False,2026-08-29 17:04:49.497952+00:00,2026-08-29 17:04:49.497952+00:00
124940_8,124940,777,12,substitution,,,,,67191,33245,69,69,False,2026-08-29 17:04:49.497952+00:00,2026-08-29 17:04:49.497952+00:00
124940_9,124940,777,12,substitution,,,,,118591,133114,69,69,False,2026-08-29 17:04:49.497952+00:00,2026-08-29 17:04:49.497952+00:00
124940_10,124940,777,38,substitution,,,,,115371,35670,69,69,False,2026-08-29 17:04:49.497952+00:00,2026-08-29 17:04:49.497952+00:00
124940_11,124940,777,38,substitution,,,,,66692,92635,70,70,False,2026-08-29 17:04:49.497952+00:00,2026-08-29 17:04:49.497952+00:00
124940_12,124940,777,38,substitution,,,,,145492,143218,70,70,False,2026-08-29 17:04:49.497952+00:00,2026-08-29 17:04:49.497952+00:00
124940_13,124940,777,12,substitution,,,,,108936,5793,78,78,False,2026-08-29 17:04:49.497952+00:00,2026-08-29 17:04:49.497952+00:00
124940_14,124940,777,38,yellow,,,,115114,,,81,81,False,2026-08-29 17:04:49.497952+00:00,2026-08-29 17:04:49.497952+00:00
124940_15,124940,777,12,penalty goal,23396,,,,,,82,82,False,2026-08-29 17:04:49.497952+00:00,2026-08-29 17:04:49.497952+00:00
124940_16,124940,777,12,substitution,,,,,146567,24252,84,84,False,2026-08-29 17:04:49.497952+00:00,2026-08-29 17:04:49.497952+00:00
124940_17,124940,777,12,substitution,,,,,50848,14580,85,85,False,2026-08-29 17:04:49.497952+00:00,2026-08-29 17:04:49.497952+00:00
124940_18,124940,777,38,substitution,,,,,111988,52951,86,86,False,2026-08-29 17:04:49.497952+00:00,2026-08-29 17:04:49.497952+00:00
124940_19,124940,777,12,yellow,,,,50848,,,96,90+6',True,2026-08-29 17:04:49.497952+00:00,2026-08-29 17:04:49.497952+00:00
124941_0,124941,777,1,substitution,,,,,114564,14548,31,31,False,2026-08-29 17:04:49.497952+00:00,2026-08-29 17:04:49.497952+00:00
124941_1,124941,777,1,substitution,,,,,11419,21584,57,57,False,2026-08-29 17:04:49.497952+00:00,2026-08-29 17:04:49.497952+00:00
124941_2,124941,777,1,substitution,,,,,20486,66104,57,57,False,2026-08-29 17:04:49.497952+00:00,2026-08-29 17:04:49.497952+00:00
124941_3,124941,777,1,substitution,,,,,19778,64523,58,58,False,2026-08-29 17:04:49.497952+00:00,2026-08-29 17:04:49.497952+00:00
124941_4,124941,777,38,yellow,,,,20337,,,60,60,False,2026-08-29 17:04:49.497952+00:00,2026-08-29 17:04:49.497952+00:00
124941_5,124941,777,38,yellow,,,,4229,,,65,65,False,2026-08-29 17:04:49.497952+00:00,2026-08-29 17:04:49.497952+00:00
124941_6,124941,777,38,substitution,,,,,111988,4229,69,69,False,2026-08-29 17:04:49.497952+00:00,2026-08-29 17:04:49.497952+00:00
124941_7,124941,777,38,substitution,,,,,115371,35670,69,69,False,2026-08-29 17:04:49.497952+00:00,2026-08-29 17:04:49.497952+00:00
124941_8,124941,777,1,own goal,,,4331,,,,70,70,False,2026-08-29 17:04:49.497952+00:00,2026-08-29 17:04:49.497952+00:00
124941_9,124941,777,38,substitution,,,,,143218,20337,80,80,False,2026-08-29 17:04:49.497952+00:00,2026-08-29 17:04:49.497952+00:00
124941_10,124941,777,38,substitution,,,,,303861,108877,80,80,False,2026-08-29 17:04:49.497952+00:00,2026-08-29 17:04:49.497952+00:00
124941_11,124941,777,1,substitution,,,,,19680,32728,81,81,False,2026-08-29 17:04:49.497952+00:00,2026-08-29 17:04:49.497952+00:00
124941_12,124941,777,38,substitution,,,,,145492,92635,86,86,False,2026-08-29 17:04:49.497952+00:00,2026-08-29 17:04:49.497952+00:00
124941_13,124941,777,38,goal,115371,145492,,,,,90,90,False,2026-08-29 17:04:49.497952+00:00,2026-08-29 17:04:49.497952+00:00
124941_14,124941,777,1,own goal,,,115114,,,,94,90+4',True,2026-08-29 17:04:49.497952+00:00,2026-08-29 17:04:49.497952+00:00
124941_15,124941,777,38,yellow,,,,115114,,,96,90+6',True,2026-08-29 17:04:49.497952+00:00,2026-08-29 17:04:49.497952+00:00
124941_16,124941,777,38,yellow,,,,110203,,,98,90+8',True,2026-08-29 17:04:49.497952+00:00,2026-08-29 17:04:49.497952+00:00
124942_0,124942,777,130,substitution,,,,,10947,115166,61,61,False,2026-08-29 17:04:49.497952+00:00,2026-08-29 17:04:49.497952+00:00
124942_1,124942,777,130,substitution,,,,,49731,24369,61,61,False,2026-08-29 17:04:49.497952+00:00,2026-08-29 17:04:49.497952+00:00
124942_2,124942,777,130,goal,3712,,,,,,70,70,False,2026-08-29 17:04:49.497952+00:00,2026-08-29 17:04:49.497952+00:00
124942_3,124942,777,9,substitution,,,,,63289,126426,73,73,False,2026-08-29 17:04:49.497952+00:00,2026-08-29 17:04:49.497952+00:00
124942_4,124942,777,9,substitution,,,,,68676,50151,73,73,False,2026-08-29 17:04:49.497952+00:00,2026-08-29 17:04:49.497952+00:00
124942_5,124942,777,130,substitution,,,,,128891,23194,80,80,False,2026-08-29 17:04:49.497952+00:00,2026-08-29 17:04:49.497952+00:00
124942_6,124942,777,130,substitution,,,,,20113,49726,81,81,False,2026-08-29 17:04:49.497952+00:00,2026-08-29 17:04:49.497952+00:00
124942_7,124942,777,9,goal,9576,68676,,,,,82,82,False,2026-08-29 17:04:49.497952+00:00,2026-08-29 17:04:49.497952+00:00
124942_8,124942,777,9,substitution,,,,,13515,75543,89,89,False,2026-08-29 17:04:49.497952+00:00,2026-08-29 17:04:49.497952+00:00
124942_9,124942,777,9,substitution,,,,,33162,,92,90+2',True,2026-08-29 17:04:49.497952+00:00,2026-08-29 17:04:49.497952+00:00
124943_0,124943,777,34,goal,14445,13961,,,,,9,9,False,2026-08-29 17:04:49.497952+00:00,2026-08-29 17:04:49.497952+00:00
124943_1,124943,777,43,goal,74960,10539,,,,,21,21,False,2026-08-29 17:04:49.497952+00:00,2026-08-29 17:04:49.497952+00:00
124943_2,124943,777,34,goal,23793,13961,,,,,31,31,False,2026-08-29 17:04:49.497952+00:00,2026-08-29 17:04:49.497952+00:00
124943_3,124943,777,34,yellow,,,,26151,,,38,38,False,2026-08-29 17:04:49.497952+00:00,2026-08-29 17:04:49.497952+00:00
124943_4,124943,777,34,goal,13961,53063,,,,,58,58,False,2026-08-29 17:04:49.497952+00:00,2026-08-29 17:04:49.497952+00:00
124943_5,124943,777,43,substitution,,,,,15139,63851,62,62,False,2026-08-29 17:04:49.497952+00:00,2026-08-29 17:04:49.497952+00:00
124943_6,124943,777,43,substitution,,,,,75735,64282,62,62,False,2026-08-29 17:04:49.497952+00:00,2026-08-29 17:04:49.497952+00:00
124943_7,124943,777,43,yellow,,,,10539,,,66,66,False,2026-08-29 17:04:49.497952+00:00,2026-08-29 17:04:49.497952+00:00
124943_8,124943,777,43,substitution,,,,,50460,19831,77,77,False,2026-08-29 17:04:49.497952+00:00,2026-08-29 17:04:49.497952+00:00
124943_9,124943,777,43,substitution,,,,,128643,13559,77,77,False,2026-08-29 17:04:49.497952+00:00,2026-08-29 17:04:49.497952+00:00
124943_10,124943,777,34,substitution,,,,,16044,4717,79,79,False,2026-08-29 17:04:49.497952+00:00,2026-08-29 17:04:49.497952+00:00
124943_11,124943,777,34,substitution,,,,,128976,11071,79,79,False,2026-08-29 17:04:49.497952+00:00,2026-08-29 17:04:49.497952+00:00
124943_12,124943,777,34,yellow,,,,4880,,,82,82,False,2026-08-29 17:04:49.497952+00:00,2026-08-29 17:04:49.497952+00:00
124943_13,124943,777,43,substitution,,,,,75883,74960,83,83,False,2026-08-29 17:04:49.497952+00:00,2026-08-29 17:04:49.497952+00:00
124943_14,124943,777,43,goal,128643,,,,,,86,86,False,2026-08-29 17:04:49.497952+00:00,2026-08-29 17:04:49.497952+00:00
124943_15,124943,777,34,substitution,,,,,4979,13961,89,89,False,2026-08-29 17:04:49.497952+00:00,2026-08-29 17:04:49.497952+00:00
124943_16,124943,777,34,substitution,,,,,6712,14445,89,89,False,2026-08-29 17:04:49.497952+00:00,2026-08-29 17:04:49.497952+00:00
124944_0,124944,777,7,substitution,,,,,133612,14706,16,16,False,2026-08-29 17:04:49.497952+00:00,2026-08-29 17:04:49.497952+00:00
124944_1,124944,777,4,goal,49293,68827,,,,,21,21,False,2026-08-29 17:04:49.497952+00:00,2026-08-29 17:04:49.497952+00:00
124944_2,124944,777,4,goal,68827,21998,,,,,45,45,False,2026-08-29 17:04:49.497952+00:00,2026-08-29 17:04:49.497952+00:00
124944_3,124944,777,4,substitution,,,,,133245,49293,58,58,False,2026-08-29 17:04:49.497952+00:00,2026-08-29 17:04:49.497952+00:00
124944_4,124944,777,4,substitution,,,,,68583,68987,65,65,False,2026-08-29 17:04:49.497952+00:00,2026-08-29 17:04:49.497952+00:00
124944_5,124944,777,7,substitution,,,,,126789,143922,68,68,False,2026-08-29 17:04:49.497952+00:00,2026-08-29 17:04:49.497952+00:00
124944_6,124944,777,4,yellow,,,,66284,,,76,76,False,2026-08-29 17:04:49.497952+00:00,2026-08-29 17:04:49.497952+00:00
124944_7,124944,777,4,substitution,,,,,304474,72371,81,81,False,2026-08-29 17:04:49.497952+00:00,2026-08-29 17:04:49.497952+00:00
124944_8,124944,777,7,substitution,,,,,66538,23841,84,84,False,2026-08-29 17:04:49.497952+00:00,2026-08-29 17:04:49.497952+00:00
124944_9,124944,777,7,substitution,,,,,112917,4260,84,84,False,2026-08-29 17:04:49.497952+00:00,2026-08-29 17:04:49.497952+00:00
124945_0,124945,777,11,goal,65970,76204,,,,,41,41,False,2026-08-29 17:04:49.497952+00:00,2026-08-29 17:04:49.497952+00:00
124945_1,124945,777,6,yellow,,,,49759,,,62,62,False,2026-08-29 17:04:49.497952+00:00,2026-08-29 17:04:49.497952+00:00
124945_2,124945,777,6,substitution,,,,,14451,20874,63,63,False,2026-08-29 17:04:49.497952+00:00,2026-08-29 17:04:49.497952+00:00
124945_3,124945,777,6,substitution,,,,,8589,49759,67,67,False,2026-08-29 17:04:49.497952+00:00,2026-08-29 17:04:49.497952+00:00
124945_4,124945,777,11,goal,14805,68150,,,,,69,69,False,2026-08-29 17:04:49.497952+00:00,2026-08-29 17:04:49.497952+00:00
124945_5,124945,777,6,substitution,,,,,146391,4604,77,77,False,2026-08-29 17:04:49.497952+00:00,2026-08-29 17:04:49.497952+00:00
124945_6,124945,777,11,substitution,,,,,126943,26335,85,85,False,2026-08-29 17:04:49.497952+00:00,2026-08-29 17:04:49.497952+00:00
124945_7,124945,777,6,yellow,,,,13988,,,88,88,False,2026-08-29 17:04:49.497952+00:00,2026-08-29 17:04:49.497952+00:00
124945_8,124945,777,11,penalty goal,65970,,,,,,89,89,False,2026-08-29 17:04:49.497952+00:00,2026-08-29 17:04:49.497952+00:00
124945_9,124945,777,11,substitution,,,,,71432,112948,91,90+1',True,2026-08-29 17:04:49.497952+00:00,2026-08-29 17:04:49.497952+00:00
124945_10,124945,777,11,substitution,,,,,76216,65970,91,90+1',True,2026-08-29 17:04:49.497952+00:00,2026-08-29 17:04:49.497952+00:00
124945_11,124945,777,11,substitution,,,,,99281,5067,91,90+1',True,2026-08-29 17:04:49.497952+00:00,2026-08-29 17:04:49.497952+00:00
124946_0,124946,777,10,goal,81542,10651,,,,,1,1,False,2026-08-29 17:04:49.497952+00:00,2026-08-29 17:04:49.497952+00:00
124946_1,124946,777,10,substitution,,,,,5178,10651,26,26,False,2026-08-29 17:04:49.497952+00:00,2026-08-29 17:04:49.497952+00:00
124946_2,124946,777,131,yellow,,,,143240,,,48,45+3',True,2026-08-29 17:04:49.497952+00:00,2026-08-29 17:04:49.497952+00:00
124946_3,124946,777,131,yellow,,,,8163,,,59,59,False,2026-08-29 17:04:49.497952+00:00,2026-08-29 17:04:49.497952+00:00
124946_4,124946,777,10,goal,81542,5178,,,,,60,60,False,2026-08-29 17:04:49.497952+00:00,2026-08-29 17:04:49.497952+00:00
124946_5,124946,777,131,substitution,,,,,117732,134176,64,64,False,2026-08-29 17:04:49.497952+00:00,2026-08-29 17:04:49.497952+00:00
124946_6,124946,777,131,substitution,,,,,134333,124396,64,64,False,2026-08-29 17:04:49.497952+00:00,2026-08-29 17:04:49.497952+00:00
124946_7,124946,777,10,yellow,,,,23593,,,64,64,False,2026-08-29 17:04:49.497952+00:00,2026-08-29 17:04:49.497952+00:00
124946_8,124946,777,10,substitution,,,,,10458,75382,78,78,False,2026-08-29 17:04:49.497952+00:00,2026-08-29 17:04:49.497952+00:00
124946_9,124946,777,10,substitution,,,,,21737,81542,78,78,False,2026-08-29 17:04:49.497952+00:00,2026-08-29 17:04:49.497952+00:00
124946_10,124946,777,131,substitution,,,,,3452,112739,82,82,False,2026-08-29 17:04:49.497952+00:00,2026-08-29 17:04:49.497952+00:00
124946_11,124946,777,131,substitution,,,,,145043,51830,82,82,False,2026-08-29 17:04:49.497952+00:00,2026-08-29 17:04:49.497952+00:00
124946_12,124946,777,10,substitution,,,,,15802,33231,83,83,False,2026-08-29 17:04:49.497952+00:00,2026-08-29 17:04:49.497952+00:00
124946_13,124946,777,131,substitution,,,,,2100,143240,87,87,False,2026-08-29 17:04:49.497952+00:00,2026-08-29 17:04:49.497952+00:00
124947_0,124947,777,127,substitution,,,,,74976,42894,5,5,False,2026-08-29 17:04:49.497952+00:00,2026-08-29 17:04:49.497952+00:00
124947_1,124947,777,12,goal,69176,,,,,,13,13,False,2026-08-29 17:04:49.497952+00:00,2026-08-29 17:04:49.497952+00:00
124947_2,124947,777,127,goal,25474,3512,,,,,40,40,False,2026-08-29 17:04:49.497952+00:00,2026-08-29 17:04:49.497952+00:00
124947_3,124947,777,12,yellow,,,,24252,,,43,43,False,2026-08-29 17:04:49.497952+00:00,2026-08-29 17:04:49.497952+00:00
124947_4,124947,777,127,yellow,,,,25474,,,43,43,False,2026-08-29 17:04:49.497952+00:00,2026-08-29 17:04:49.497952+00:00
124947_5,124947,777,12,goal,5793,23396,,,,,49,45+4',True,2026-08-29 17:04:49.497952+00:00,2026-08-29 17:04:49.497952+00:00
124947_6,124947,777,127,goal,33032,14846,,,,,46,46,False,2026-08-29 17:04:49.497952+00:00,2026-08-29 17:04:49.497952+00:00
124947_7,124947,777,12,yellow,,,,5793,,,50,50,False,2026-08-29 17:04:49.497952+00:00,2026-08-29 17:04:49.497952+00:00
124947_8,124947,777,127,goal,14846,,,,,,52,52,False,2026-08-29 17:04:49.497952+00:00,2026-08-29 17:04:49.497952+00:00
124947_9,124947,777,12,substitution,,,,,108936,5793,61,61,False,2026-08-29 17:04:49.497952+00:00,2026-08-29 17:04:49.497952+00:00
124947_10,124947,777,12,substitution,,,,,66036,14580,69,69,False,2026-08-29 17:04:49.497952+00:00,2026-08-29 17:04:49.497952+00:00
124947_11,124947,777,12,substitution,,,,,67191,118591,69,69,False,2026-08-29 17:04:49.497952+00:00,2026-08-29 17:04:49.497952+00:00
124947_12,124947,777,12,goal,23396,,,,,,77,77,False,2026-08-29 17:04:49.497952+00:00,2026-08-29 17:04:49.497952+00:00
124947_13,124947,777,127,yellow,,,,54989,,,77,77,False,2026-08-29 17:04:49.497952+00:00,2026-08-29 17:04:49.497952+00:00
124947_14,124947,777,127,substitution,,,,,137832,33032,78,78,False,2026-08-29 17:04:49.497952+00:00,2026-08-29 17:04:49.497952+00:00
124947_15,124947,777,127,yellow,,,,3512,,,78,78,False,2026-08-29 17:04:49.497952+00:00,2026-08-29 17:04:49.497952+00:00
124947_16,124947,777,12,goal,51202,,,,,,79,79,False,2026-08-29 17:04:49.497952+00:00,2026-08-29 17:04:49.497952+00:00
124947_17,124947,777,127,goal,137832,,,,,,84,84,False,2026-08-29 17:04:49.497952+00:00,2026-08-29 17:04:49.497952+00:00
124947_18,124947,777,127,substitution,,,,,13706,14846,91,90+1',True,2026-08-29 17:04:49.497952+00:00,2026-08-29 17:04:49.497952+00:00
124947_19,124947,777,127,substitution,,,,,51942,21519,91,90+1',True,2026-08-29 17:04:49.497952+00:00,2026-08-29 17:04:49.497952+00:00
124947_20,124947,777,12,substitution,,,,,50848,66360,93,90+3',True,2026-08-29 17:04:49.497952+00:00,2026-08-29 17:04:49.497952+00:00
124947_21,124947,777,12,substitution,,,,,146567,4608,93,90+3',True,2026-08-29 17:04:49.497952+00:00,2026-08-29 17:04:49.497952+00:00
124948_0,124948,777,15,goal,23702,108816,,,,,28,28,False,2026-08-29 17:04:49.497952+00:00,2026-08-29 17:04:49.497952+00:00
124948_1,124948,777,15,yellow,,,,70249,,,31,31,False,2026-08-29 17:04:49.497952+00:00,2026-08-29 17:04:49.497952+00:00
124948_2,124948,777,21,yellow,,,,117596,,,40,40,False,2026-08-29 17:04:49.497952+00:00,2026-08-29 17:04:49.497952+00:00
124948_3,124948,777,15,goal,23702,108816,,,,,50,50,False,2026-08-29 17:04:49.497952+00:00,2026-08-29 17:04:49.497952+00:00
124948_4,124948,777,21,substitution,,,,,4408,23764,59,59,False,2026-08-29 17:04:49.497952+00:00,2026-08-29 17:04:49.497952+00:00
124948_5,124948,777,21,substitution,,,,,19858,117596,59,59,False,2026-08-29 17:04:49.497952+00:00,2026-08-29 17:04:49.497952+00:00
124948_6,124948,777,21,substitution,,,,,133603,22802,59,59,False,2026-08-29 17:04:49.497952+00:00,2026-08-29 17:04:49.497952+00:00
124948_7,124948,777,21,yellow,,,,133603,,,70,70,False,2026-08-29 17:04:49.497952+00:00,2026-08-29 17:04:49.497952+00:00
124948_8,124948,777,15,goal,108816,23702,,,,,79,79,False,2026-08-29 17:04:49.497952+00:00,2026-08-29 17:04:49.497952+00:00
124948_9,124948,777,21,substitution,,,,,49374,51364,80,80,False,2026-08-29 17:04:49.497952+00:00,2026-08-29 17:04:49.497952+00:00
124948_10,124948,777,21,substitution,,,,,76614,51185,80,80,False,2026-08-29 17:04:49.497952+00:00,2026-08-29 17:04:49.497952+00:00
124948_11,124948,777,21,yellow,,,,32229,,,84,84,False,2026-08-29 17:04:49.497952+00:00,2026-08-29 17:04:49.497952+00:00
124948_12,124948,777,15,substitution,,,,,24626,304123,85,85,False,2026-08-29 17:04:49.497952+00:00,2026-08-29 17:04:49.497952+00:00
124948_13,124948,777,15,substitution,,,,,50623,23702,92,90+2',True,2026-08-29 17:04:49.497952+00:00,2026-08-29 17:04:49.497952+00:00
124949_0,124949,777,29,yellow,,,,67784,,,27,27,False,2026-08-29 17:04:49.497952+00:00,2026-08-29 17:04:49.497952+00:00
124949_1,124949,777,29,yellow,,,,51199,,,34,34,False,2026-08-29 17:04:49.497952+00:00,2026-08-29 17:04:49.497952+00:00
124949_2,124949,777,23,substitution,,,,,5220,8707,42,42,False,2026-08-29 17:04:49.497952+00:00,2026-08-29 17:04:49.497952+00:00
124949_3,124949,777,29,own goal,,,115256,,,,46,46,False,2026-08-29 17:04:49.497952+00:00,2026-08-29 17:04:49.497952+00:00
124949_4,124949,777,23,yellow,,,,71623,,,57,57,False,2026-08-29 17:04:49.497952+00:00,2026-08-29 17:04:49.497952+00:00
124949_5,124949,777,29,yellow,,,,63733,,,58,58,False,2026-08-29 17:04:49.497952+00:00,2026-08-29 17:04:49.497952+00:00
124949_6,124949,777,23,substitution,,,,,9662,49259,59,59,False,2026-08-29 17:04:49.497952+00:00,2026-08-29 17:04:49.497952+00:00
124949_7,124949,777,23,substitution,,,,,14446,71623,59,59,False,2026-08-29 17:04:49.497952+00:00,2026-08-29 17:04:49.497952+00:00
124949_8,124949,777,23,substitution,,,,,14716,23747,59,59,False,2026-08-29 17:04:49.497952+00:00,2026-08-29 17:04:49.497952+00:00
124949_9,124949,777,29,substitution,,,,,52989,67784,70,70,False,2026-08-29 17:04:49.497952+00:00,2026-08-29 17:04:49.497952+00:00
124949_10,124949,777,29,substitution,,,,,122126,10394,70,70,False,2026-08-29 17:04:49.497952+00:00,2026-08-29 17:04:49.497952+00:00
124949_11,124949,777,23,substitution,,,,,117497,115256,75,75,False,2026-08-29 17:04:49.497952+00:00,2026-08-29 17:04:49.497952+00:00
124949_12,124949,777,29,substitution,,,,,51610,118633,83,83,False,2026-08-29 17:04:49.497952+00:00,2026-08-29 17:04:49.497952+00:00
124949_13,124949,777,29,yellow,,,,138104,,,86,86,False,2026-08-29 17:04:49.497952+00:00,2026-08-29 17:04:49.497952+00:00
124949_14,124949,777,23,yellow,,,,14446,,,94,90+4',True,2026-08-29 17:04:49.497952+00:00,2026-08-29 17:04:49.497952+00:00
124949_15,124949,777,23,yellow,,,,74761,,,94,90+4',True,2026-08-29 17:04:49.497952+00:00,2026-08-29 17:04:49.497952+00:00
124949_16,124949,777,29,yellow,,,,52989,,,94,90+4',True,2026-08-29 17:04:49.497952+00:00,2026-08-29 17:04:49.497952+00:00
124949_17,124949,777,23,yellow,,,,124462,,,95,90+5',True,2026-08-29 17:04:49.497952+00:00,2026-08-29 17:04:49.497952+00:00
124950_0,124950,777,25,goal,119072,,,,,,1,1,False,2026-08-29 17:04:49.497952+00:00,2026-08-29 17:04:49.497952+00:00
124950_1,124950,777,2,own goal,,,32638,,,,9,9,False,2026-08-29 17:04:49.497952+00:00,2026-08-29 17:04:49.497952+00:00
124950_2,124950,777,25,goal,8868,66560,,,,,24,24,False,2026-08-29 17:04:49.497952+00:00,2026-08-29 17:04:49.497952+00:00
124950_3,124950,777,2,yellow,,,,25067,,,38,38,False,2026-08-29 17:04:49.497952+00:00,2026-08-29 17:04:49.497952+00:00
124950_4,124950,777,2,yellow,,,,13344,,,42,42,False,2026-08-29 17:04:49.497952+00:00,2026-08-29 17:04:49.497952+00:00
124950_5,124950,777,2,goal,23968,5865,,,,,50,50,False,2026-08-29 17:04:49.497952+00:00,2026-08-29 17:04:49.497952+00:00
124950_6,124950,777,2,substitution,,,,,14456,108096,64,64,False,2026-08-29 17:04:49.497952+00:00,2026-08-29 17:04:49.497952+00:00
124950_7,124950,777,2,substitution,,,,,5758,51223,75,75,False,2026-08-29 17:04:49.497952+00:00,2026-08-29 17:04:49.497952+00:00
124950_8,124950,777,2,substitution,,,,,26408,8658,75,75,False,2026-08-29 17:04:49.497952+00:00,2026-08-29 17:04:49.497952+00:00
124950_9,124950,777,2,goal,23968,5066,,,,,79,79,False,2026-08-29 17:04:49.497952+00:00,2026-08-29 17:04:49.497952+00:00
124950_10,124950,777,25,substitution,,,,,8454,122005,81,81,False,2026-08-29 17:04:49.497952+00:00,2026-08-29 17:04:49.497952+00:00
124950_11,124950,777,25,substitution,,,,,25183,66560,88,88,False,2026-08-29 17:04:49.497952+00:00,2026-08-29 17:04:49.497952+00:00
124950_12,124950,777,25,substitution,,,,,140223,65961,88,88,False,2026-08-29 17:04:49.497952+00:00,2026-08-29 17:04:49.497952+00:00
124950_13,124950,777,25,substitution,,,,,40159,55776,89,89,False,2026-08-29 17:04:49.497952+00:00,2026-08-29 17:04:49.497952+00:00
124950_14,124950,777,25,yellow,,,,145347,,,92,90+2',True,2026-08-29 17:04:49.497952+00:00,2026-08-29 17:04:49.497952+00:00
124951_0,124951,777,2,goal,23968,51423,,,,,45,45,False,2026-08-29 17:04:49.497952+00:00,2026-08-29 17:04:49.497952+00:00
124951_1,124951,777,12,goal,51202,146567,,,,,48,45+3',True,2026-08-29 17:04:49.497952+00:00,2026-08-29 17:04:49.497952+00:00
124951_2,124951,777,12,substitution,,,,,67191,23396,46,46,False,2026-08-29 17:04:49.497952+00:00,2026-08-29 17:04:49.497952+00:00
124951_3,124951,777,2,goal,23968,8658,,,,,57,57,False,2026-08-29 17:04:49.497952+00:00,2026-08-29 17:04:49.497952+00:00
124951_4,124951,777,12,yellow,,,,118031,,,68,68,False,2026-08-29 17:04:49.497952+00:00,2026-08-29 17:04:49.497952+00:00
124951_5,124951,777,12,yellow,,,,24252,,,72,72,False,2026-08-29 17:04:49.497952+00:00,2026-08-29 17:04:49.497952+00:00
124951_6,124951,777,12,substitution,,,,,50848,118031,73,73,False,2026-08-29 17:04:49.497952+00:00,2026-08-29 17:04:49.497952+00:00
124951_7,124951,777,12,substitution,,,,,128366,66036,73,73,False,2026-08-29 17:04:49.497952+00:00,2026-08-29 17:04:49.497952+00:00
124951_8,124951,777,2,substitution,,,,,5758,51223,75,75,False,2026-08-29 17:04:49.497952+00:00,2026-08-29 17:04:49.497952+00:00
124951_9,124951,777,2,substitution,,,,,14456,8658,75,75,False,2026-08-29 17:04:49.497952+00:00,2026-08-29 17:04:49.497952+00:00
124951_10,124951,777,2,substitution,,,,,26408,108096,84,84,False,2026-08-29 17:04:49.497952+00:00,2026-08-29 17:04:49.497952+00:00
124951_11,124951,777,2,substitution,,,,,72265,51423,84,84,False,2026-08-29 17:04:49.497952+00:00,2026-08-29 17:04:49.497952+00:00
124951_12,124951,777,12,substitution,,,,,130151,118591,84,84,False,2026-08-29 17:04:49.497952+00:00,2026-08-29 17:04:49.497952+00:00
124951_13,124951,777,2,substitution,,,,,107846,25067,88,88,False,2026-08-29 17:04:49.497952+00:00,2026-08-29 17:04:49.497952+00:00
124951_14,124951,777,2,yellow,,,,107846,,,92,90+2',True,2026-08-29 17:04:49.497952+00:00,2026-08-29 17:04:49.497952+00:00
124952_0,124952,777,43,yellow,,,,75735,,,38,38,False,2026-08-29 17:04:49.497952+00:00,2026-08-29 17:04:49.497952+00:00
124952_1,124952,777,127,substitution,,,,,16582,33032,63,63,False,2026-08-29 17:04:49.497952+00:00,2026-08-29 17:04:49.497952+00:00
124952_2,124952,777,127,substitution,,,,,137832,21519,64,64,False,2026-08-29 17:04:49.497952+00:00,2026-08-29 17:04:49.497952+00:00
124952_3,124952,777,43,substitution,,,,,31442,75735,65,65,False,2026-08-29 17:04:49.497952+00:00,2026-08-29 17:04:49.497952+00:00
124952_4,124952,777,43,substitution,,,,,74964,19831,66,66,False,2026-08-29 17:04:49.497952+00:00,2026-08-29 17:04:49.497952+00:00
124952_5,124952,777,127,goal,25474,,,,,,67,67,False,2026-08-29 17:04:49.497952+00:00,2026-08-29 17:04:49.497952+00:00
124952_6,124952,777,127,substitution,,,,,15572,13706,74,74,False,2026-08-29 17:04:49.497952+00:00,2026-08-29 17:04:49.497952+00:00
124952_7,124952,777,127,yellow,,,,13706,,,74,74,False,2026-08-29 17:04:49.497952+00:00,2026-08-29 17:04:49.497952+00:00
124952_8,124952,777,43,substitution,,,,,15139,50460,77,77,False,2026-08-29 17:04:49.497952+00:00,2026-08-29 17:04:49.497952+00:00
124952_9,124952,777,43,substitution,,,,,128643,3955,77,77,False,2026-08-29 17:04:49.497952+00:00,2026-08-29 17:04:49.497952+00:00
124952_10,124952,777,43,substitution,,,,,75883,74960,82,82,False,2026-08-29 17:04:49.497952+00:00,2026-08-29 17:04:49.497952+00:00
124952_11,124952,777,43,goal,31442,15139,,,,,90,90,False,2026-08-29 17:04:49.497952+00:00,2026-08-29 17:04:49.497952+00:00
124952_12,124952,777,127,substitution,,,,,74976,14846,92,90+2',True,2026-08-29 17:04:49.497952+00:00,2026-08-29 17:04:49.497952+00:00
124952_13,124952,777,127,substitution,,,,,118080,119381,92,90+2',True,2026-08-29 17:04:49.497952+00:00,2026-08-29 17:04:49.497952+00:00
124953_0,124953,777,131,yellow,,,,134176,,,19,19,False,2026-08-29 17:04:49.497952+00:00,2026-08-29 17:04:49.497952+00:00
124953_1,124953,777,131,yellow,,,,303860,,,34,34,False,2026-08-29 17:04:49.497952+00:00,2026-08-29 17:04:49.497952+00:00
124953_2,124953,777,131,substitution,,,,,4874,72239,46,46,False,2026-08-29 17:04:49.497952+00:00,2026-08-29 17:04:49.497952+00:00
124953_3,124953,777,29,substitution,,,,,51610,126317,63,63,False,2026-08-29 17:04:49.497952+00:00,2026-08-29 17:04:49.497952+00:00
124953_4,124953,777,29,substitution,,,,,126110,119614,64,64,False,2026-08-29 17:04:49.497952+00:00,2026-08-29 17:04:49.497952+00:00
124953_5,124953,777,131,substitution,,,,,117732,67928,64,64,False,2026-08-29 17:04:49.497952+00:00,2026-08-29 17:04:49.497952+00:00
124953_6,124953,777,131,substitution,,,,,2100,112739,71,71,False,2026-08-29 17:04:49.497952+00:00,2026-08-29 17:04:49.497952+00:00
124953_7,124953,777,131,substitution,,,,,145043,136175,71,71,False,2026-08-29 17:04:49.497952+00:00,2026-08-29 17:04:49.497952+00:00
124953_8,124953,777,29,substitution,,,,,52989,67784,72,72,False,2026-08-29 17:04:49.497952+00:00,2026-08-29 17:04:49.497952+00:00
124953_9,124953,777,29,yellow,,,,19864,,,79,79,False,2026-08-29 17:04:49.497952+00:00,2026-08-29 17:04:49.497952+00:00
124953_10,124953,777,131,substitution,,,,,117758,134176,86,86,False,2026-08-29 17:04:49.497952+00:00,2026-08-29 17:04:49.497952+00:00
124953_11,124953,777,29,yellow,,,,138104,,,86,86,False,2026-08-29 17:04:49.497952+00:00,2026-08-29 17:04:49.497952+00:00
124954_0,124954,777,7,yellow,,,,24983,,,26,26,False,2026-08-29 17:04:49.497952+00:00,2026-08-29 17:04:49.497952+00:00
124954_1,124954,777,1,penalty goal,32728,,,,,,27,27,False,2026-08-29 17:04:49.497952+00:00,2026-08-29 17:04:49.497952+00:00
124954_2,124954,777,7,yellow,,,,8143,,,39,39,False,2026-08-29 17:04:49.497952+00:00,2026-08-29 17:04:49.497952+00:00
124954_3,124954,777,1,yellow,,,,32728,,,56,56,False,2026-08-29 17:04:49.497952+00:00,2026-08-29 17:04:49.497952+00:00
124954_4,124954,777,1,substitution,,,,,19680,32728,65,65,False,2026-08-29 17:04:49.497952+00:00,2026-08-29 17:04:49.497952+00:00
124954_5,124954,777,7,substitution,,,,,126789,143922,66,66,False,2026-08-29 17:04:49.497952+00:00,2026-08-29 17:04:49.497952+00:00
124954_6,124954,777,7,substitution,,,,,112917,24797,75,75,False,2026-08-29 17:04:49.497952+00:00,2026-08-29 17:04:49.497952+00:00
124954_7,124954,777,7,substitution,,,,,128411,133612,75,75,False,2026-08-29 17:04:49.497952+00:00,2026-08-29 17:04:49.497952+00:00
124954_8,124954,777,1,substitution,,,,,66104,20486,80,80,False,2026-08-29 17:04:49.497952+00:00,2026-08-29 17:04:49.497952+00:00
124954_9,124954,777,1,substitution,,,,,19778,11419,88,88,False,2026-08-29 17:04:49.497952+00:00,2026-08-29 17:04:49.497952+00:00
124954_10,124954,777,1,yellow,,,,66104,,,89,89,False,2026-08-29 17:04:49.497952+00:00,2026-08-29 17:04:49.497952+00:00
124955_0,124955,777,34,penalty goal,11071,,,,,,50,45+5',True,2026-08-29 17:04:49.497952+00:00,2026-08-29 17:04:49.497952+00:00
124955_1,124955,777,15,yellow,,,,141639,,,50,45+5',True,2026-08-29 17:04:49.497952+00:00,2026-08-29 17:04:49.497952+00:00
124955_2,124955,777,34,yellow,,,,11071,,,52,45+7',True,2026-08-29 17:04:49.497952+00:00,2026-08-29 17:04:49.497952+00:00
124955_3,124955,777,34,yellow,,,,21614,,,57,57,False,2026-08-29 17:04:49.497952+00:00,2026-08-29 17:04:49.497952+00:00
124955_4,124955,777,34,substitution,,,,,3894,21614,66,66,False,2026-08-29 17:04:49.497952+00:00,2026-08-29 17:04:49.497952+00:00
124955_5,124955,777,15,yellow,,,,139648,,,70,70,False,2026-08-29 17:04:49.497952+00:00,2026-08-29 17:04:49.497952+00:00
124955_6,124955,777,15,substitution,,,,,15340,304123,72,72,False,2026-08-29 17:04:49.497952+00:00,2026-08-29 17:04:49.497952+00:00
124955_7,124955,777,15,substitution,,,,,49270,15259,73,73,False,2026-08-29 17:04:49.497952+00:00,2026-08-29 17:04:49.497952+00:00
124955_8,124955,777,15,substitution,,,,,115172,24626,73,73,False,2026-08-29 17:04:49.497952+00:00,2026-08-29 17:04:49.497952+00:00
124955_9,124955,777,34,yellow,,,,13961,,,77,77,False,2026-08-29 17:04:49.497952+00:00,2026-08-29 17:04:49.497952+00:00
124955_10,124955,777,34,substitution,,,,,128976,121610,78,78,False,2026-08-29 17:04:49.497952+00:00,2026-08-29 17:04:49.497952+00:00
124955_11,124955,777,15,substitution,,,,,19620,70249,81,81,False,2026-08-29 17:04:49.497952+00:00,2026-08-29 17:04:49.497952+00:00
124955_12,124955,777,34,yellow,,,,35752,,,82,82,False,2026-08-29 17:04:49.497952+00:00,2026-08-29 17:04:49.497952+00:00
124955_13,124955,777,15,yellow,,,,16035,,,83,83,False,2026-08-29 17:04:49.497952+00:00,2026-08-29 17:04:49.497952+00:00
124955_14,124955,777,34,substitution,,,,,4979,13961,84,84,False,2026-08-29 17:04:49.497952+00:00,2026-08-29 17:04:49.497952+00:00
124955_15,124955,777,34,substitution,,,,,49884,14445,85,85,False,2026-08-29 17:04:49.497952+00:00,2026-08-29 17:04:49.497952+00:00
124955_16,124955,777,34,substitution,,,,,144894,11071,85,85,False,2026-08-29 17:04:49.497952+00:00,2026-08-29 17:04:49.497952+00:00
124955_17,124955,777,15,substitution,,,,,68219,23702,92,90+2',True,2026-08-29 17:04:49.497952+00:00,2026-08-29 17:04:49.497952+00:00
124955_18,124955,777,34,yellow,,,,26151,,,94,90+4',True,2026-08-29 17:04:49.497952+00:00,2026-08-29 17:04:49.497952+00:00
124955_19,124955,777,15,yellow,,,,115172,,,96,90+6',True,2026-08-29 17:04:49.497952+00:00,2026-08-29 17:04:49.497952+00:00
124956_0,124956,777,9,goal,9576,,,,,,38,38,False,2026-08-29 17:04:49.497952+00:00,2026-08-29 17:04:49.497952+00:00
124956_1,124956,777,6,yellow,,,,76104,,,42,42,False,2026-08-29 17:04:49.497952+00:00,2026-08-29 17:04:49.497952+00:00
124956_2,124956,777,6,yellow,,,,14569,,,47,45+2',True,2026-08-29 17:04:49.497952+00:00,2026-08-29 17:04:49.497952+00:00
124956_3,124956,777,9,goal,9576,50151,,,,,49,45+4',True,2026-08-29 17:04:49.497952+00:00,2026-08-29 17:04:49.497952+00:00
124956_4,124956,777,6,substitution,,,,,37776,8589,46,46,False,2026-08-29 17:04:49.497952+00:00,2026-08-29 17:04:49.497952+00:00
124956_5,124956,777,9,goal,19731,,,,,,60,60,False,2026-08-29 17:04:49.497952+00:00,2026-08-29 17:04:49.497952+00:00
124956_6,124956,777,6,substitution,,,,,20118,4604,65,65,False,2026-08-29 17:04:49.497952+00:00,2026-08-29 17:04:49.497952+00:00
124956_7,124956,777,6,substitution,,,,,138981,14451,77,77,False,2026-08-29 17:04:49.497952+00:00,2026-08-29 17:04:49.497952+00:00
124956_8,124956,777,6,substitution,,,,,146391,20874,77,77,False,2026-08-29 17:04:49.497952+00:00,2026-08-29 17:04:49.497952+00:00
124956_9,124956,777,9,substitution,,,,,68676,33162,77,77,False,2026-08-29 17:04:49.497952+00:00,2026-08-29 17:04:49.497952+00:00
124956_10,124956,777,9,substitution,,,,,126426,63289,77,77,False,2026-08-29 17:04:49.497952+00:00,2026-08-29 17:04:49.497952+00:00
124956_11,124956,777,9,substitution,,,,,13515,14608,80,80,False,2026-08-29 17:04:49.497952+00:00,2026-08-29 17:04:49.497952+00:00
124956_12,124956,777,6,substitution,,,,,151538,109117,86,86,False,2026-08-29 17:04:49.497952+00:00,2026-08-29 17:04:49.497952+00:00
124956_13,124956,777,9,substitution,,,,,50643,9576,87,87,False,2026-08-29 17:04:49.497952+00:00,2026-08-29 17:04:49.497952+00:00
124956_14,124956,777,9,substitution,,,,,115255,19731,87,87,False,2026-08-29 17:04:49.497952+00:00,2026-08-29 17:04:49.497952+00:00
124956_15,124956,777,9,yellow,,,,63634,,,91,90+1',True,2026-08-29 17:04:49.497952+00:00,2026-08-29 17:04:49.497952+00:00
124956_16,124956,777,6,penalty goal,138981,,,,,,92,90+2',True,2026-08-29 17:04:49.497952+00:00,2026-08-29 17:04:49.497952+00:00
124956_17,124956,777,6,yellow,,,,69595,,,97,90+7',True,2026-08-29 17:04:49.497952+00:00,2026-08-29 17:04:49.497952+00:00
124956_18,124956,777,9,goal,116888,,,,,,101,90+11',True,2026-08-29 17:04:49.497952+00:00,2026-08-29 17:04:49.497952+00:00
124957_0,124957,777,11,goal,65970,,,,,,5,5,False,2026-08-29 17:04:49.497952+00:00,2026-08-29 17:04:49.497952+00:00
124957_1,124957,777,11,yellow,,,,67849,,,28,28,False,2026-08-29 17:04:49.497952+00:00,2026-08-29 17:04:49.497952+00:00
124957_2,124957,777,11,goal,26335,65970,,,,,38,38,False,2026-08-29 17:04:49.497952+00:00,2026-08-29 17:04:49.497952+00:00
124957_3,124957,777,25,yellow,,,,8868,,,41,41,False,2026-08-29 17:04:49.497952+00:00,2026-08-29 17:04:49.497952+00:00
124957_4,124957,777,25,substitution,,,,,131312,117579,64,64,False,2026-08-29 17:04:49.497952+00:00,2026-08-29 17:04:49.497952+00:00
124957_5,124957,777,11,substitution,,,,,99281,26335,67,67,False,2026-08-29 17:04:49.497952+00:00,2026-08-29 17:04:49.497952+00:00
124957_6,124957,777,11,substitution,,,,,126943,68150,67,67,False,2026-08-29 17:04:49.497952+00:00,2026-08-29 17:04:49.497952+00:00
124957_7,124957,777,11,substitution,,,,,137371,67849,67,67,False,2026-08-29 17:04:49.497952+00:00,2026-08-29 17:04:49.497952+00:00
124957_8,124957,777,11,goal,65970,,,,,,69,69,False,2026-08-29 17:04:49.497952+00:00,2026-08-29 17:04:49.497952+00:00
124957_9,124957,777,11,substitution,,,,,127852,5067,75,75,False,2026-08-29 17:04:49.497952+00:00,2026-08-29 17:04:49.497952+00:00
124957_10,124957,777,25,substitution,,,,,25183,55776,78,78,False,2026-08-29 17:04:49.497952+00:00,2026-08-29 17:04:49.497952+00:00
124957_11,124957,777,25,substitution,,,,,8454,66560,79,79,False,2026-08-29 17:04:49.497952+00:00,2026-08-29 17:04:49.497952+00:00
124957_12,124957,777,25,substitution,,,,,32638,65961,79,79,False,2026-08-29 17:04:49.497952+00:00,2026-08-29 17:04:49.497952+00:00
124957_13,124957,777,25,substitution,,,,,40159,119072,79,79,False,2026-08-29 17:04:49.497952+00:00,2026-08-29 17:04:49.497952+00:00
124958_0,124958,777,23,goal,115256,,,,,,4,4,False,2026-08-29 17:04:49.497952+00:00,2026-08-29 17:04:49.497952+00:00
124958_1,124958,777,4,yellow,,,,14538,,,7,7,False,2026-08-29 17:04:49.497952+00:00,2026-08-29 17:04:49.497952+00:00
124958_2,124958,777,23,goal,115256,23747,,,,,20,20,False,2026-08-29 17:04:49.497952+00:00,2026-08-29 17:04:49.497952+00:00
124958_3,124958,777,4,yellow,,,,68987,,,27,27,False,2026-08-29 17:04:49.497952+00:00,2026-08-29 17:04:49.497952+00:00
124958_4,124958,777,4,yellow,,,,68827,,,45,45,False,2026-08-29 17:04:49.497952+00:00,2026-08-29 17:04:49.497952+00:00
124958_5,124958,777,4,goal,14571,,,,,,49,49,False,2026-08-29 17:04:49.497952+00:00,2026-08-29 17:04:49.497952+00:00
124958_6,124958,777,4,substitution,,,,,63741,68827,54,54,False,2026-08-29 17:04:49.497952+00:00,2026-08-29 17:04:49.497952+00:00
124958_7,124958,777,23,yellow,,,,5220,,,61,61,False,2026-08-29 17:04:49.497952+00:00,2026-08-29 17:04:49.497952+00:00
124958_8,124958,777,4,goal,72371,14538,,,,,66,66,False,2026-08-29 17:04:49.497952+00:00,2026-08-29 17:04:49.497952+00:00
124958_9,124958,777,4,yellow,,,,112203,,,70,70,False,2026-08-29 17:04:49.497952+00:00,2026-08-29 17:04:49.497952+00:00
124958_10,124958,777,23,substitution,,,,,14716,23747,72,72,False,2026-08-29 17:04:49.497952+00:00,2026-08-29 17:04:49.497952+00:00
124958_11,124958,777,23,substitution,,,,,49259,9662,73,73,False,2026-08-29 17:04:49.497952+00:00,2026-08-29 17:04:49.497952+00:00
124958_12,124958,777,23,substitution,,,,,117497,115256,73,73,False,2026-08-29 17:04:49.497952+00:00,2026-08-29 17:04:49.497952+00:00
124958_13,124958,777,23,yellow,,,,117497,,,77,77,False,2026-08-29 17:04:49.497952+00:00,2026-08-29 17:04:49.497952+00:00
124958_14,124958,777,4,substitution,,,,,133245,49293,80,80,False,2026-08-29 17:04:49.497952+00:00,2026-08-29 17:04:49.497952+00:00
124958_15,124958,777,4,yellow,,,,133245,,,82,82,False,2026-08-29 17:04:49.497952+00:00,2026-08-29 17:04:49.497952+00:00
124958_16,124958,777,4,yellow,,,,72371,,,83,83,False,2026-08-29 17:04:49.497952+00:00,2026-08-29 17:04:49.497952+00:00
124958_17,124958,777,23,yellow,,,,108922,,,86,86,False,2026-08-29 17:04:49.497952+00:00,2026-08-29 17:04:49.497952+00:00
124958_18,124958,777,23,substitution,,,,,14446,19888,89,89,False,2026-08-29 17:04:49.497952+00:00,2026-08-29 17:04:49.497952+00:00
124959_0,124959,777,21,red,,,,69274,,,33,33,False,2026-08-29 17:04:49.497952+00:00,2026-08-29 17:04:49.497952+00:00
124959_1,124959,777,10,substitution,,,,,21737,68582,46,46,False,2026-08-29 17:04:49.497952+00:00,2026-08-29 17:04:49.497952+00:00
124959_2,124959,777,10,goal,21737,75382,,,,,56,56,False,2026-08-29 17:04:49.497952+00:00,2026-08-29 17:04:49.497952+00:00
124959_3,124959,777,21,substitution,,,,,49374,51364,58,58,False,2026-08-29 17:04:49.497952+00:00,2026-08-29 17:04:49.497952+00:00
124959_4,124959,777,10,substitution,,,,,19919,21737,60,60,False,2026-08-29 17:04:49.497952+00:00,2026-08-29 17:04:49.497952+00:00
124959_5,124959,777,10,goal,81542,,,,,,66,66,False,2026-08-29 17:04:49.497952+00:00,2026-08-29 17:04:49.497952+00:00
124959_6,124959,777,21,yellow,,,,66635,,,66,66,False,2026-08-29 17:04:49.497952+00:00,2026-08-29 17:04:49.497952+00:00
124959_7,124959,777,21,substitution,,,,,19858,117596,71,71,False,2026-08-29 17:04:49.497952+00:00,2026-08-29 17:04:49.497952+00:00
124959_8,124959,777,21,substitution,,,,,118579,133603,71,71,False,2026-08-29 17:04:49.497952+00:00,2026-08-29 17:04:49.497952+00:00
124959_9,124959,777,10,yellow,,,,23593,,,76,76,False,2026-08-29 17:04:49.497952+00:00,2026-08-29 17:04:49.497952+00:00
124959_10,124959,777,21,substitution,,,,,24630,51185,80,80,False,2026-08-29 17:04:49.497952+00:00,2026-08-29 17:04:49.497952+00:00
124959_11,124959,777,21,goal,24630,,,,,,83,83,False,2026-08-29 17:04:49.497952+00:00,2026-08-29 17:04:49.497952+00:00
124959_12,124959,777,10,yellow,,,,33231,,,83,83,False,2026-08-29 17:04:49.497952+00:00,2026-08-29 17:04:49.497952+00:00
124959_13,124959,777,21,yellow,,,,75582,,,85,85,False,2026-08-29 17:04:49.497952+00:00,2026-08-29 17:04:49.497952+00:00
124959_14,124959,777,10,substitution,,,,,15802,19919,90,90,False,2026-08-29 17:04:49.497952+00:00,2026-08-29 17:04:49.497952+00:00
124959_15,124959,777,21,yellow,,,,66635,,,93,90+3',True,2026-08-29 17:04:49.497952+00:00,2026-08-29 17:04:49.497952+00:00
124959_16,124959,777,21,yellow,,,,22802,,,95,90+5',True,2026-08-29 17:04:49.497952+00:00,2026-08-29 17:04:49.497952+00:00
124959_17,124959,777,10,yellow,,,,63633,,,97,90+7',True,2026-08-29 17:04:49.497952+00:00,2026-08-29 17:04:49.497952+00:00
124959_18,124959,777,10,substitution,,,,,10458,81542,99,90+9',True,2026-08-29 17:04:49.497952+00:00,2026-08-29 17:04:49.497952+00:00
124959_19,124959,777,10,substitution,,,,,130665,75382,100,90+10',True,2026-08-29 17:04:49.497952+00:00,2026-08-29 17:04:49.497952+00:00
124959_20,124959,777,21,yellow,,,,24630,,,101,90+11',True,2026-08-29 17:04:49.497952+00:00,2026-08-29 17:04:49.497952+00:00
124960_0,124960,777,130,yellow,,,,65987,,,19,19,False,2026-08-29 17:04:49.497952+00:00,2026-08-29 17:04:49.497952+00:00
124960_1,124960,777,38,yellow,,,,133679,,,24,24,False,2026-08-29 17:04:49.497952+00:00,2026-08-29 17:04:49.497952+00:00
124960_2,124960,777,38,yellow,,,,20337,,,44,44,False,2026-08-29 17:04:49.497952+00:00,2026-08-29 17:04:49.497952+00:00
124960_3,124960,777,130,yellow,,,,133460,,,44,44,False,2026-08-29 17:04:49.497952+00:00,2026-08-29 17:04:49.497952+00:00
124960_4,124960,777,130,goal,24369,23194,,,,,63,63,False,2026-08-29 17:04:49.497952+00:00,2026-08-29 17:04:49.497952+00:00
124960_5,124960,777,130,substitution,,,,,49731,49726,64,64,False,2026-08-29 17:04:49.497952+00:00,2026-08-29 17:04:49.497952+00:00
124960_6,124960,777,38,substitution,,,,,145492,303861,65,65,False,2026-08-29 17:04:49.497952+00:00,2026-08-29 17:04:49.497952+00:00
124960_7,124960,777,130,yellow,,,,10947,,,72,72,False,2026-08-29 17:04:49.497952+00:00,2026-08-29 17:04:49.497952+00:00
124960_8,124960,777,38,substitution,,,,,115371,52951,81,81,False,2026-08-29 17:04:49.497952+00:00,2026-08-29 17:04:49.497952+00:00
124960_9,124960,777,130,goal,24369,49731,,,,,83,83,False,2026-08-29 17:04:49.497952+00:00,2026-08-29 17:04:49.497952+00:00
124960_10,124960,777,38,substitution,,,,,111988,4229,90,90,False,2026-08-29 17:04:49.497952+00:00,2026-08-29 17:04:49.497952+00:00
124960_11,124960,777,38,substitution,,,,,143218,20337,90,90,False,2026-08-29 17:04:49.497952+00:00,2026-08-29 17:04:49.497952+00:00
124960_12,124960,777,130,yellow,,,,23194,,,90,90,False,2026-08-29 17:04:49.497952+00:00,2026-08-29 17:04:49.497952+00:00
124961_0,124961,777,1,goal,11419,49481,,,,,14,14,False,2026-08-29 17:04:49.497952+00:00,2026-08-29 17:04:49.497952+00:00
124961_1,124961,777,131,yellow,,,,75709,,,46,45+1',True,2026-08-29 17:04:49.497952+00:00,2026-08-29 17:04:49.497952+00:00
124961_2,124961,777,131,substitution,,,,,72239,67928,46,46,False,2026-08-29 17:04:49.497952+00:00,2026-08-29 17:04:49.497952+00:00
124961_3,124961,777,131,substitution,,,,,136175,134176,46,46,False,2026-08-29 17:04:49.497952+00:00,2026-08-29 17:04:49.497952+00:00
124961_4,124961,777,131,yellow,,,,8163,,,50,50,False,2026-08-29 17:04:49.497952+00:00,2026-08-29 17:04:49.497952+00:00
124961_5,124961,777,1,own goal,,,51830,,,,52,52,False,2026-08-29 17:04:49.497952+00:00,2026-08-29 17:04:49.497952+00:00
124961_6,124961,777,131,yellow,,,,303860,,,56,56,False,2026-08-29 17:04:49.497952+00:00,2026-08-29 17:04:49.497952+00:00
124961_7,124961,777,131,goal,143240,,,,,,64,64,False,2026-08-29 17:04:49.497952+00:00,2026-08-29 17:04:49.497952+00:00
124961_8,124961,777,1,yellow,,,,114564,,,69,69,False,2026-08-29 17:04:49.497952+00:00,2026-08-29 17:04:49.497952+00:00
124961_9,124961,777,1,substitution,,,,,19680,32728,71,71,False,2026-08-29 17:04:49.497952+00:00,2026-08-29 17:04:49.497952+00:00
124961_10,124961,777,1,substitution,,,,,50234,114564,71,71,False,2026-08-29 17:04:49.497952+00:00,2026-08-29 17:04:49.497952+00:00
124961_11,124961,777,131,substitution,,,,,3452,112739,75,75,False,2026-08-29 17:04:49.497952+00:00,2026-08-29 17:04:49.497952+00:00
124961_12,124961,777,1,substitution,,,,,66104,20486,82,82,False,2026-08-29 17:04:49.497952+00:00,2026-08-29 17:04:49.497952+00:00
124961_13,124961,777,131,substitution,,,,,117758,303860,87,87,False,2026-08-29 17:04:49.497952+00:00,2026-08-29 17:04:49.497952+00:00
124961_14,124961,777,131,substitution,,,,,145043,143240,87,87,False,2026-08-29 17:04:49.497952+00:00,2026-08-29 17:04:49.497952+00:00
124961_15,124961,777,1,yellow,,,,118077,,,90,90,False,2026-08-29 17:04:49.497952+00:00,2026-08-29 17:04:49.497952+00:00
124962_0,124962,777,130,goal,127594,124052,,,,,7,7,False,2026-08-29 17:04:49.497952+00:00,2026-08-29 17:04:49.497952+00:00
124962_1,124962,777,130,own goal,,,134403,,,,39,39,False,2026-08-29 17:04:49.497952+00:00,2026-08-29 17:04:49.497952+00:00
124962_2,124962,777,127,substitution,,,,,13706,132285,46,46,False,2026-08-29 17:04:49.497952+00:00,2026-08-29 17:04:49.497952+00:00
124962_3,124962,777,127,substitution,,,,,21519,137832,46,46,False,2026-08-29 17:04:49.497952+00:00,2026-08-29 17:04:49.497952+00:00
124962_4,124962,777,127,substitution,,,,,33032,3512,46,46,False,2026-08-29 17:04:49.497952+00:00,2026-08-29 17:04:49.497952+00:00
124962_5,124962,777,130,goal,127594,128891,,,,,51,51,False,2026-08-29 17:04:49.497952+00:00,2026-08-29 17:04:49.497952+00:00
124962_6,124962,777,127,goal,25474,,,,,,75,75,False,2026-08-29 17:04:49.497952+00:00,2026-08-29 17:04:49.497952+00:00
124962_7,124962,777,130,yellow,,,,49726,,,75,75,False,2026-08-29 17:04:49.497952+00:00,2026-08-29 17:04:49.497952+00:00
124962_8,124962,777,127,substitution,,,,,302305,74965,77,77,False,2026-08-29 17:04:49.497952+00:00,2026-08-29 17:04:49.497952+00:00
124962_9,124962,777,130,substitution,,,,,49731,49726,77,77,False,2026-08-29 17:04:49.497952+00:00,2026-08-29 17:04:49.497952+00:00
124962_10,124962,777,130,substitution,,,,,115166,10947,77,77,False,2026-08-29 17:04:49.497952+00:00,2026-08-29 17:04:49.497952+00:00
124962_11,124962,777,127,yellow,,,,21519,,,82,82,False,2026-08-29 17:04:49.497952+00:00,2026-08-29 17:04:49.497952+00:00
124962_12,124962,777,130,yellow,,,,133460,,,82,82,False,2026-08-29 17:04:49.497952+00:00,2026-08-29 17:04:49.497952+00:00
124962_13,124962,777,127,substitution,,,,,118080,74976,84,84,False,2026-08-29 17:04:49.497952+00:00,2026-08-29 17:04:49.497952+00:00
124962_14,124962,777,130,substitution,,,,,3712,24369,89,89,False,2026-08-29 17:04:49.497952+00:00,2026-08-29 17:04:49.497952+00:00
124962_15,124962,777,130,substitution,,,,,14450,128891,89,89,False,2026-08-29 17:04:49.497952+00:00,2026-08-29 17:04:49.497952+00:00
124962_16,124962,777,127,yellow,,,,14846,,,92,90+2',True,2026-08-29 17:04:49.497952+00:00,2026-08-29 17:04:49.497952+00:00
124962_17,124962,777,130,goal,127594,49731,,,,,96,90+6',True,2026-08-29 17:04:49.497952+00:00,2026-08-29 17:04:49.497952+00:00
124963_0,124963,777,43,substitution,,,,,63851,10539,53,53,False,2026-08-29 17:04:49.497952+00:00,2026-08-29 17:04:49.497952+00:00
124963_1,124963,777,7,substitution,,,,,128411,133612,69,69,False,2026-08-29 17:04:49.497952+00:00,2026-08-29 17:04:49.497952+00:00
124963_2,124963,777,7,substitution,,,,,143922,126789,70,70,False,2026-08-29 17:04:49.497952+00:00,2026-08-29 17:04:49.497952+00:00
124963_3,124963,777,43,substitution,,,,,50460,19831,73,73,False,2026-08-29 17:04:49.497952+00:00,2026-08-29 17:04:49.497952+00:00
124963_4,124963,777,7,yellow,,,,66538,,,80,80,False,2026-08-29 17:04:49.497952+00:00,2026-08-29 17:04:49.497952+00:00
124963_5,124963,777,7,yellow,,,,112917,,,86,86,False,2026-08-29 17:04:49.497952+00:00,2026-08-29 17:04:49.497952+00:00
124963_6,124963,777,7,substitution,,,,,74585,112917,88,88,False,2026-08-29 17:04:49.497952+00:00,2026-08-29 17:04:49.497952+00:00
124963_7,124963,777,43,substitution,,,,,75735,31442,88,88,False,2026-08-29 17:04:49.497952+00:00,2026-08-29 17:04:49.497952+00:00
124963_8,124963,777,43,substitution,,,,,75883,15139,88,88,False,2026-08-29 17:04:49.497952+00:00,2026-08-29 17:04:49.497952+00:00
124964_0,124964,777,2,yellow,,,,13344,,,30,30,False,2026-08-29 17:04:49.497952+00:00,2026-08-29 17:04:49.497952+00:00
124964_1,124964,777,4,goal,72371,14571,,,,,37,37,False,2026-08-29 17:04:49.497952+00:00,2026-08-29 17:04:49.497952+00:00
124964_2,124964,777,2,yellow,,,,23968,,,57,57,False,2026-08-29 17:04:49.497952+00:00,2026-08-29 17:04:49.497952+00:00
124964_3,124964,777,4,yellow,,,,14571,,,57,57,False,2026-08-29 17:04:49.497952+00:00,2026-08-29 17:04:49.497952+00:00
124964_4,124964,777,2,substitution,,,,,8658,26408,59,59,False,2026-08-29 17:04:49.497952+00:00,2026-08-29 17:04:49.497952+00:00
124964_5,124964,777,2,substitution,,,,,14801,14456,59,59,False,2026-08-29 17:04:49.497952+00:00,2026-08-29 17:04:49.497952+00:00
124964_6,124964,777,2,substitution,,,,,108096,51423,59,59,False,2026-08-29 17:04:49.497952+00:00,2026-08-29 17:04:49.497952+00:00
124964_7,124964,777,2,goal,8658,,,,,,63,63,False,2026-08-29 17:04:49.497952+00:00,2026-08-29 17:04:49.497952+00:00
124964_8,124964,777,4,yellow,,,,14575,,,68,68,False,2026-08-29 17:04:49.497952+00:00,2026-08-29 17:04:49.497952+00:00
124964_9,124964,777,4,substitution,,,,,51813,72371,69,69,False,2026-08-29 17:04:49.497952+00:00,2026-08-29 17:04:49.497952+00:00
124964_10,124964,777,4,substitution,,,,,68583,68987,69,69,False,2026-08-29 17:04:49.497952+00:00,2026-08-29 17:04:49.497952+00:00
124964_11,124964,777,4,substitution,,,,,68827,27277,69,69,False,2026-08-29 17:04:49.497952+00:00,2026-08-29 17:04:49.497952+00:00
124964_12,124964,777,4,yellow,,,,51813,,,71,71,False,2026-08-29 17:04:49.497952+00:00,2026-08-29 17:04:49.497952+00:00
124964_13,124964,777,4,yellow,,,,112203,,,71,71,False,2026-08-29 17:04:49.497952+00:00,2026-08-29 17:04:49.497952+00:00
124964_14,124964,777,4,substitution,,,,,304474,49293,72,72,False,2026-08-29 17:04:49.497952+00:00,2026-08-29 17:04:49.497952+00:00
124964_15,124964,777,2,yellow,,,,25067,,,78,78,False,2026-08-29 17:04:49.497952+00:00,2026-08-29 17:04:49.497952+00:00
124964_16,124964,777,2,substitution,,,,,5758,51223,83,83,False,2026-08-29 17:04:49.497952+00:00,2026-08-29 17:04:49.497952+00:00
124964_17,124964,777,2,substitution,,,,,107846,25067,83,83,False,2026-08-29 17:04:49.497952+00:00,2026-08-29 17:04:49.497952+00:00
124964_18,124964,777,2,goal,8658,5865,,,,,84,84,False,2026-08-29 17:04:49.497952+00:00,2026-08-29 17:04:49.497952+00:00
124964_19,124964,777,4,yellow,,,,63741,,,94,90+4',True,2026-08-29 17:04:49.497952+00:00,2026-08-29 17:04:49.497952+00:00
124965_0,124965,777,21,yellow,,,,25892,,,5,5,False,2026-08-29 17:04:49.497952+00:00,2026-08-29 17:04:49.497952+00:00
124965_1,124965,777,21,goal,24630,32229,,,,,17,17,False,2026-08-29 17:04:49.497952+00:00,2026-08-29 17:04:49.497952+00:00
124965_2,124965,777,21,yellow,,,,117596,,,22,22,False,2026-08-29 17:04:49.497952+00:00,2026-08-29 17:04:49.497952+00:00
124965_3,124965,777,21,goal,117596,24630,,,,,42,42,False,2026-08-29 17:04:49.497952+00:00,2026-08-29 17:04:49.497952+00:00
124965_4,124965,777,6,yellow,,,,8589,,,48,45+3',True,2026-08-29 17:04:49.497952+00:00,2026-08-29 17:04:49.497952+00:00
124965_5,124965,777,6,yellow,,,,76104,,,46,46,False,2026-08-29 17:04:49.497952+00:00,2026-08-29 17:04:49.497952+00:00
124965_6,124965,777,6,substitution,,,,,14451,4604,58,58,False,2026-08-29 17:04:49.497952+00:00,2026-08-29 17:04:49.497952+00:00
124965_7,124965,777,21,substitution,,,,,19858,133603,63,63,False,2026-08-29 17:04:49.497952+00:00,2026-08-29 17:04:49.497952+00:00
124965_8,124965,777,21,substitution,,,,,118579,51185,63,63,False,2026-08-29 17:04:49.497952+00:00,2026-08-29 17:04:49.497952+00:00
124965_9,124965,777,21,goal,24630,51364,,,,,75,75,False,2026-08-29 17:04:49.497952+00:00,2026-08-29 17:04:49.497952+00:00
124965_10,124965,777,6,substitution,,,,,146391,109117,77,77,False,2026-08-29 17:04:49.497952+00:00,2026-08-29 17:04:49.497952+00:00
124965_11,124965,777,6,substitution,,,,,133297,138981,85,85,False,2026-08-29 17:04:49.497952+00:00,2026-08-29 17:04:49.497952+00:00
124965_12,124965,777,21,substitution,,,,,49374,51364,85,85,False,2026-08-29 17:04:49.497952+00:00,2026-08-29 17:04:49.497952+00:00
124965_13,124965,777,21,substitution,,,,,69070,117596,85,85,False,2026-08-29 17:04:49.497952+00:00,2026-08-29 17:04:49.497952+00:00
124965_14,124965,777,6,yellow,,,,37776,,,85,85,False,2026-08-29 17:04:49.497952+00:00,2026-08-29 17:04:49.497952+00:00
124966_0,124966,777,10,goal,49909,19919,,,,,41,41,False,2026-08-29 17:04:49.497952+00:00,2026-08-29 17:04:49.497952+00:00
124966_1,124966,777,10,goal,75382,81542,,,,,42,42,False,2026-08-29 17:04:49.497952+00:00,2026-08-29 17:04:49.497952+00:00
124966_2,124966,777,38,goal,43010,,,,,,52,52,False,2026-08-29 17:04:49.497952+00:00,2026-08-29 17:04:49.497952+00:00
124966_3,124966,777,38,yellow,,,,143214,,,56,56,False,2026-08-29 17:04:49.497952+00:00,2026-08-29 17:04:49.497952+00:00
124966_4,124966,777,10,substitution,,,,,68582,15802,61,61,False,2026-08-29 17:04:49.497952+00:00,2026-08-29 17:04:49.497952+00:00
124966_5,124966,777,38,substitution,,,,,35670,20337,62,62,False,2026-08-29 17:04:49.497952+00:00,2026-08-29 17:04:49.497952+00:00
124966_6,124966,777,38,substitution,,,,,111988,4229,62,62,False,2026-08-29 17:04:49.497952+00:00,2026-08-29 17:04:49.497952+00:00
124966_7,124966,777,38,substitution,,,,,136815,66692,62,62,False,2026-08-29 17:04:49.497952+00:00,2026-08-29 17:04:49.497952+00:00
124966_8,124966,777,38,substitution,,,,,143218,115114,79,79,False,2026-08-29 17:04:49.497952+00:00,2026-08-29 17:04:49.497952+00:00
124966_9,124966,777,10,substitution,,,,,32894,81542,86,86,False,2026-08-29 17:04:49.497952+00:00,2026-08-29 17:04:49.497952+00:00
124966_10,124966,777,10,substitution,,,,,130665,75382,93,90+3',True,2026-08-29 17:04:49.497952+00:00,2026-08-29 17:04:49.497952+00:00
124967_0,124967,777,12,goal,146567,,,,,,24,24,False,2026-08-29 17:04:49.497952+00:00,2026-08-29 17:04:49.497952+00:00
124967_1,124967,777,12,substitution,,,,,128366,14580,46,46,False,2026-08-29 17:04:49.497952+00:00,2026-08-29 17:04:49.497952+00:00
124967_2,124967,777,12,substitution,,,,,50848,66036,60,60,False,2026-08-29 17:04:49.497952+00:00,2026-08-29 17:04:49.497952+00:00
124967_3,124967,777,12,substitution,,,,,118591,5793,61,61,False,2026-08-29 17:04:49.497952+00:00,2026-08-29 17:04:49.497952+00:00
124967_4,124967,777,23,substitution,,,,,14716,9662,68,68,False,2026-08-29 17:04:49.497952+00:00,2026-08-29 17:04:49.497952+00:00
124967_5,124967,777,23,substitution,,,,,20607,19888,68,68,False,2026-08-29 17:04:49.497952+00:00,2026-08-29 17:04:49.497952+00:00
124967_6,124967,777,23,substitution,,,,,117497,115256,68,68,False,2026-08-29 17:04:49.497952+00:00,2026-08-29 17:04:49.497952+00:00
124967_7,124967,777,12,yellow,,,,4608,,,69,69,False,2026-08-29 17:04:49.497952+00:00,2026-08-29 17:04:49.497952+00:00
124967_8,124967,777,23,yellow,,,,71623,,,73,73,False,2026-08-29 17:04:49.497952+00:00,2026-08-29 17:04:49.497952+00:00
124967_9,124967,777,23,substitution,,,,,14446,71623,77,77,False,2026-08-29 17:04:49.497952+00:00,2026-08-29 17:04:49.497952+00:00
124967_10,124967,777,12,substitution,,,,,23581,4608,88,88,False,2026-08-29 17:04:49.497952+00:00,2026-08-29 17:04:49.497952+00:00
124967_11,124967,777,12,substitution,,,,,117564,67191,88,88,False,2026-08-29 17:04:49.497952+00:00,2026-08-29 17:04:49.497952+00:00
124967_12,124967,777,12,yellow,,,,51202,,,92,90+2',True,2026-08-29 17:04:49.497952+00:00,2026-08-29 17:04:49.497952+00:00
124968_0,124968,777,11,yellow,,,,16431,,,36,36,False,2026-08-29 17:04:49.497952+00:00,2026-08-29 17:04:49.497952+00:00
124968_1,124968,777,15,yellow,,,,51593,,,43,43,False,2026-08-29 17:04:49.497952+00:00,2026-08-29 17:04:49.497952+00:00
124968_2,124968,777,11,goal,26335,68150,,,,,48,48,False,2026-08-29 17:04:49.497952+00:00,2026-08-29 17:04:49.497952+00:00
124968_3,124968,777,15,goal,98300,304123,,,,,54,54,False,2026-08-29 17:04:49.497952+00:00,2026-08-29 17:04:49.497952+00:00
124968_4,124968,777,11,yellow,,,,112948,,,59,59,False,2026-08-29 17:04:49.497952+00:00,2026-08-29 17:04:49.497952+00:00
124968_5,124968,777,11,substitution,,,,,126943,26335,73,73,False,2026-08-29 17:04:49.497952+00:00,2026-08-29 17:04:49.497952+00:00
124968_6,124968,777,11,goal,68150,67178,,,,,83,83,False,2026-08-29 17:04:49.497952+00:00,2026-08-29 17:04:49.497952+00:00
124968_7,124968,777,15,substitution,,,,,15340,115172,87,87,False,2026-08-29 17:04:49.497952+00:00,2026-08-29 17:04:49.497952+00:00
124968_8,124968,777,11,substitution,,,,,4499,68150,89,89,False,2026-08-29 17:04:49.497952+00:00,2026-08-29 17:04:49.497952+00:00
124968_9,124968,777,15,substitution,,,,,138137,23702,92,90+2',True,2026-08-29 17:04:49.497952+00:00,2026-08-29 17:04:49.497952+00:00
124969_0,124969,777,29,goal,126317,12136,,,,,28,28,False,2026-08-29 17:04:49.497952+00:00,2026-08-29 17:04:49.497952+00:00
124969_1,124969,777,9,substitution,,,,,126426,13796,31,31,False,2026-08-29 17:04:49.497952+00:00,2026-08-29 17:04:49.497952+00:00
124969_2,124969,777,9,goal,9576,63289,,,,,47,47,False,2026-08-29 17:04:49.497952+00:00,2026-08-29 17:04:49.497952+00:00
124969_3,124969,777,29,yellow,,,,122126,,,61,61,False,2026-08-29 17:04:49.497952+00:00,2026-08-29 17:04:49.497952+00:00
124969_4,124969,777,29,substitution,,,,,52989,67784,68,68,False,2026-08-29 17:04:49.497952+00:00,2026-08-29 17:04:49.497952+00:00
124969_5,124969,777,29,substitution,,,,,126920,119614,68,68,False,2026-08-29 17:04:49.497952+00:00,2026-08-29 17:04:49.497952+00:00
124969_6,124969,777,9,substitution,,,,,14807,33162,73,73,False,2026-08-29 17:04:49.497952+00:00,2026-08-29 17:04:49.497952+00:00
124969_7,124969,777,9,substitution,,,,,68676,9576,85,85,False,2026-08-29 17:04:49.497952+00:00,2026-08-29 17:04:49.497952+00:00
124969_8,124969,777,29,substitution,,,,,51610,126317,85,85,False,2026-08-29 17:04:49.497952+00:00,2026-08-29 17:04:49.497952+00:00
124970_0,124970,777,25,yellow,,,,63656,,,44,44,False,2026-08-29 17:04:49.497952+00:00,2026-08-29 17:04:49.497952+00:00
124970_1,124970,777,34,yellow,,,,26151,,,51,51,False,2026-08-29 17:04:49.497952+00:00,2026-08-29 17:04:49.497952+00:00
124970_2,124970,777,34,yellow,,,,13961,,,54,54,False,2026-08-29 17:04:49.497952+00:00,2026-08-29 17:04:49.497952+00:00
124970_3,124970,777,25,substitution,,,,,8454,65961,56,56,False,2026-08-29 17:04:49.497952+00:00,2026-08-29 17:04:49.497952+00:00
124970_4,124970,777,34,substitution,,,,,128976,121610,69,69,False,2026-08-29 17:04:49.497952+00:00,2026-08-29 17:04:49.497952+00:00
124970_5,124970,777,25,substitution,,,,,110117,55776,82,82,False,2026-08-29 17:04:49.497952+00:00,2026-08-29 17:04:49.497952+00:00
124970_6,124970,777,34,substitution,,,,,3894,14445,82,82,False,2026-08-29 17:04:49.497952+00:00,2026-08-29 17:04:49.497952+00:00
124970_7,124970,777,34,substitution,,,,,6712,4880,82,82,False,2026-08-29 17:04:49.497952+00:00,2026-08-29 17:04:49.497952+00:00
124970_8,124970,777,25,substitution,,,,,25183,122005,83,83,False,2026-08-29 17:04:49.497952+00:00,2026-08-29 17:04:49.497952+00:00
124970_9,124970,777,34,goal,11071,13961,,,,,85,85,False,2026-08-29 17:04:49.497952+00:00,2026-08-29 17:04:49.497952+00:00
124970_10,124970,777,34,substitution,,,,,49884,16044,88,88,False,2026-08-29 17:04:49.497952+00:00,2026-08-29 17:04:49.497952+00:00
124970_11,124970,777,34,yellow,,,,128976,,,93,90+3',True,2026-08-29 17:04:49.497952+00:00,2026-08-29 17:04:49.497952+00:00
124971_0,124971,777,1,yellow,,,,19778,,,46,45+1',True,2026-08-29 17:04:49.497952+00:00,2026-08-29 17:04:49.497952+00:00
124971_1,124971,777,2,yellow,,,,23968,,,47,45+2',True,2026-08-29 17:04:49.497952+00:00,2026-08-29 17:04:49.497952+00:00
124971_2,124971,777,2,substitution,,,,,51423,108096,46,46,False,2026-08-29 17:04:49.497952+00:00,2026-08-29 17:04:49.497952+00:00
124971_3,124971,777,1,goal,50234,,,,,,48,48,False,2026-08-29 17:04:49.497952+00:00,2026-08-29 17:04:49.497952+00:00
124971_4,124971,777,1,goal,64523,11419,,,,,52,52,False,2026-08-29 17:04:49.497952+00:00,2026-08-29 17:04:49.497952+00:00
124971_5,124971,777,2,substitution,,,,,14456,14801,61,61,False,2026-08-29 17:04:49.497952+00:00,2026-08-29 17:04:49.497952+00:00
124971_6,124971,777,2,substitution,,,,,133169,26408,61,61,False,2026-08-29 17:04:49.497952+00:00,2026-08-29 17:04:49.497952+00:00
124971_7,124971,777,1,goal,20486,67776,,,,,69,69,False,2026-08-29 17:04:49.497952+00:00,2026-08-29 17:04:49.497952+00:00
124971_8,124971,777,1,substitution,,,,,42331,19778,73,73,False,2026-08-29 17:04:49.497952+00:00,2026-08-29 17:04:49.497952+00:00
124971_9,124971,777,1,substitution,,,,,19680,32728,77,77,False,2026-08-29 17:04:49.497952+00:00,2026-08-29 17:04:49.497952+00:00
124971_10,124971,777,1,substitution,,,,,114564,50234,77,77,False,2026-08-29 17:04:49.497952+00:00,2026-08-29 17:04:49.497952+00:00
124971_11,124971,777,1,goal,19680,20486,,,,,78,78,False,2026-08-29 17:04:49.497952+00:00,2026-08-29 17:04:49.497952+00:00
124971_12,124971,777,1,yellow,,,,19680,,,79,79,False,2026-08-29 17:04:49.497952+00:00,2026-08-29 17:04:49.497952+00:00
124971_13,124971,777,2,substitution,,,,,124181,23968,82,82,False,2026-08-29 17:04:49.497952+00:00,2026-08-29 17:04:49.497952+00:00
124971_14,124971,777,2,substitution,,,,,124907,5865,82,82,False,2026-08-29 17:04:49.497952+00:00,2026-08-29 17:04:49.497952+00:00
124971_15,124971,777,2,yellow,,,,107846,,,82,82,False,2026-08-29 17:04:49.497952+00:00,2026-08-29 17:04:49.497952+00:00
124971_16,124971,777,1,substitution,,,,,14548,67776,83,83,False,2026-08-29 17:04:49.497952+00:00,2026-08-29 17:04:49.497952+00:00
124971_17,124971,777,1,substitution,,,,,67407,49481,83,83,False,2026-08-29 17:04:49.497952+00:00,2026-08-29 17:04:49.497952+00:00
124971_18,124971,777,2,goal,8658,,,,,,94,90+4',True,2026-08-29 17:04:49.497952+00:00,2026-08-29 17:04:49.497952+00:00
124971_19,124971,777,2,yellow,,,,8658,,,97,90+7',True,2026-08-29 17:04:49.497952+00:00,2026-08-29 17:04:49.497952+00:00
124972_0,124972,777,130,yellow,,,,3712,,,58,58,False,2026-08-29 17:04:49.497952+00:00,2026-08-29 17:04:49.497952+00:00
124972_1,124972,777,21,yellow,,,,19858,,,60,60,False,2026-08-29 17:04:49.497952+00:00,2026-08-29 17:04:49.497952+00:00
124972_2,124972,777,21,substitution,,,,,51185,118579,67,67,False,2026-08-29 17:04:49.497952+00:00,2026-08-29 17:04:49.497952+00:00
124972_3,124972,777,21,yellow,,,,71923,,,69,69,False,2026-08-29 17:04:49.497952+00:00,2026-08-29 17:04:49.497952+00:00
124972_4,124972,777,21,substitution,,,,,76614,19858,80,80,False,2026-08-29 17:04:49.497952+00:00,2026-08-29 17:04:49.497952+00:00
124972_5,124972,777,130,substitution,,,,,14450,127594,80,80,False,2026-08-29 17:04:49.497952+00:00,2026-08-29 17:04:49.497952+00:00
124972_6,124972,777,130,substitution,,,,,49726,128891,80,80,False,2026-08-29 17:04:49.497952+00:00,2026-08-29 17:04:49.497952+00:00
124973_0,124973,777,23,goal,20607,,,,,,2,2,False,2026-08-29 17:04:49.497952+00:00,2026-08-29 17:04:49.497952+00:00
124973_1,124973,777,23,goal,117497,,,,,,7,7,False,2026-08-29 17:04:49.497952+00:00,2026-08-29 17:04:49.497952+00:00
124973_2,124973,777,43,substitution,,,,,51498,124531,15,15,False,2026-08-29 17:04:49.497952+00:00,2026-08-29 17:04:49.497952+00:00
124973_3,124973,777,43,goal,8127,31442,,,,,23,23,False,2026-08-29 17:04:49.497952+00:00,2026-08-29 17:04:49.497952+00:00
124973_4,124973,777,23,yellow,,,,20607,,,28,28,False,2026-08-29 17:04:49.497952+00:00,2026-08-29 17:04:49.497952+00:00
124973_5,124973,777,43,yellow,,,,3955,,,28,28,False,2026-08-29 17:04:49.497952+00:00,2026-08-29 17:04:49.497952+00:00
124973_6,124973,777,43,yellow,,,,63851,,,32,32,False,2026-08-29 17:04:49.497952+00:00,2026-08-29 17:04:49.497952+00:00
124973_7,124973,777,23,substitution,,,,,9662,14716,72,72,False,2026-08-29 17:04:49.497952+00:00,2026-08-29 17:04:49.497952+00:00
124973_8,124973,777,43,substitution,,,,,19831,74964,74,74,False,2026-08-29 17:04:49.497952+00:00,2026-08-29 17:04:49.497952+00:00
124973_9,124973,777,23,substitution,,,,,19888,23747,80,80,False,2026-08-29 17:04:49.497952+00:00,2026-08-29 17:04:49.497952+00:00
124973_10,124973,777,23,substitution,,,,,115256,117497,80,80,False,2026-08-29 17:04:49.497952+00:00,2026-08-29 17:04:49.497952+00:00
124973_11,124973,777,43,substitution,,,,,8246,74960,88,88,False,2026-08-29 17:04:49.497952+00:00,2026-08-29 17:04:49.497952+00:00
124973_12,124973,777,43,substitution,,,,,75883,63851,88,88,False,2026-08-29 17:04:49.497952+00:00,2026-08-29 17:04:49.497952+00:00
124973_13,124973,777,23,goal,74761,,,,,,93,90+3',True,2026-08-29 17:04:49.497952+00:00,2026-08-29 17:04:49.497952+00:00
124973_14,124973,777,23,substitution,,,,,14446,20607,94,90+4',True,2026-08-29 17:04:49.497952+00:00,2026-08-29 17:04:49.497952+00:00
124974_0,124974,777,4,yellow,,,,112203,,,4,4,False,2026-08-29 17:04:49.497952+00:00,2026-08-29 17:04:49.497952+00:00
124974_1,124974,777,127,goal,13706,,,,,,6,6,False,2026-08-29 17:04:49.497952+00:00,2026-08-29 17:04:49.497952+00:00
124974_2,124974,777,4,penalty goal,49293,,,,,,15,15,False,2026-08-29 17:04:49.497952+00:00,2026-08-29 17:04:49.497952+00:00
124974_3,124974,777,4,goal,63741,68987,,,,,23,23,False,2026-08-29 17:04:49.497952+00:00,2026-08-29 17:04:49.497952+00:00
124974_4,124974,777,127,goal,21519,,,,,,27,27,False,2026-08-29 17:04:49.497952+00:00,2026-08-29 17:04:49.497952+00:00
124974_5,124974,777,4,substitution,,,,,14571,125075,46,46,False,2026-08-29 17:04:49.497952+00:00,2026-08-29 17:04:49.497952+00:00
124974_6,124974,777,4,substitution,,,,,21998,68987,46,46,False,2026-08-29 17:04:49.497952+00:00,2026-08-29 17:04:49.497952+00:00
124974_7,124974,777,4,substitution,,,,,72371,49293,63,63,False,2026-08-29 17:04:49.497952+00:00,2026-08-29 17:04:49.497952+00:00
124974_8,124974,777,127,substitution,,,,,118080,13706,78,78,False,2026-08-29 17:04:49.497952+00:00,2026-08-29 17:04:49.497952+00:00
124974_9,124974,777,127,substitution,,,,,16582,33032,82,82,False,2026-08-29 17:04:49.497952+00:00,2026-08-29 17:04:49.497952+00:00
124974_10,124974,777,127,yellow,,,,14846,,,84,84,False,2026-08-29 17:04:49.497952+00:00,2026-08-29 17:04:49.497952+00:00
124974_11,124974,777,4,substitution,,,,,133245,51813,87,87,False,2026-08-29 17:04:49.497952+00:00,2026-08-29 17:04:49.497952+00:00
124974_12,124974,777,4,substitution,,,,,68583,304474,92,90+2',True,2026-08-29 17:04:49.497952+00:00,2026-08-29 17:04:49.497952+00:00
124974_13,124974,777,127,substitution,,,,,3512,21519,92,90+2',True,2026-08-29 17:04:49.497952+00:00,2026-08-29 17:04:49.497952+00:00
124975_0,124975,777,34,yellow,,,,35752,,,19,19,False,2026-08-29 17:04:49.497952+00:00,2026-08-29 17:04:49.497952+00:00
124975_1,124975,777,6,goal,20874,4604,,,,,39,39,False,2026-08-29 17:04:49.497952+00:00,2026-08-29 17:04:49.497952+00:00
124975_2,124975,777,34,yellow,,,,26151,,,46,46,False,2026-08-29 17:04:49.497952+00:00,2026-08-29 17:04:49.497952+00:00
124975_3,124975,777,34,substitution,,,,,6712,4880,51,51,False,2026-08-29 17:04:49.497952+00:00,2026-08-29 17:04:49.497952+00:00
124975_4,124975,777,6,substitution,,,,,147312,8589,57,57,False,2026-08-29 17:04:49.497952+00:00,2026-08-29 17:04:49.497952+00:00
124975_5,124975,777,34,yellow,,,,14445,,,60,60,False,2026-08-29 17:04:49.497952+00:00,2026-08-29 17:04:49.497952+00:00
124975_6,124975,777,34,substitution,,,,,3894,21614,67,67,False,2026-08-29 17:04:49.497952+00:00,2026-08-29 17:04:49.497952+00:00
124975_7,124975,777,34,goal,3894,16044,,,,,80,80,False,2026-08-29 17:04:49.497952+00:00,2026-08-29 17:04:49.497952+00:00
124975_8,124975,777,34,yellow,,,,3894,,,81,81,False,2026-08-29 17:04:49.497952+00:00,2026-08-29 17:04:49.497952+00:00
124975_9,124975,777,6,substitution,,,,,133297,138981,82,82,False,2026-08-29 17:04:49.497952+00:00,2026-08-29 17:04:49.497952+00:00
124975_10,124975,777,6,substitution,,,,,146391,109117,82,82,False,2026-08-29 17:04:49.497952+00:00,2026-08-29 17:04:49.497952+00:00
124975_11,124975,777,34,substitution,,,,,4818,121610,85,85,False,2026-08-29 17:04:49.497952+00:00,2026-08-29 17:04:49.497952+00:00
124975_12,124975,777,34,substitution,,,,,4979,13961,85,85,False,2026-08-29 17:04:49.497952+00:00,2026-08-29 17:04:49.497952+00:00
124975_13,124975,777,34,yellow,,,,6712,,,88,88,False,2026-08-29 17:04:49.497952+00:00,2026-08-29 17:04:49.497952+00:00
124975_14,124975,777,6,substitution,,,,,20118,4604,92,90+2',True,2026-08-29 17:04:49.497952+00:00,2026-08-29 17:04:49.497952+00:00
124976_0,124976,777,9,yellow,,,,19731,,,61,61,False,2026-08-29 17:04:49.497952+00:00,2026-08-29 17:04:49.497952+00:00
124976_1,124976,777,9,yellow,,,,50151,,,62,62,False,2026-08-29 17:04:49.497952+00:00,2026-08-29 17:04:49.497952+00:00
124976_2,124976,777,10,substitution,,,,,32894,75382,66,66,False,2026-08-29 17:04:49.497952+00:00,2026-08-29 17:04:49.497952+00:00
124976_3,124976,777,10,substitution,,,,,63633,23815,66,66,False,2026-08-29 17:04:49.497952+00:00,2026-08-29 17:04:49.497952+00:00
124976_4,124976,777,10,substitution,,,,,116665,10458,66,66,False,2026-08-29 17:04:49.497952+00:00,2026-08-29 17:04:49.497952+00:00
124976_5,124976,777,9,substitution,,,,,9576,14807,70,70,False,2026-08-29 17:04:49.497952+00:00,2026-08-29 17:04:49.497952+00:00
124976_6,124976,777,9,substitution,,,,,33162,63289,70,70,False,2026-08-29 17:04:49.497952+00:00,2026-08-29 17:04:49.497952+00:00
124976_7,124976,777,10,substitution,,,,,15802,68582,79,79,False,2026-08-29 17:04:49.497952+00:00,2026-08-29 17:04:49.497952+00:00
124976_8,124976,777,9,substitution,,,,,14608,35718,83,83,False,2026-08-29 17:04:49.497952+00:00,2026-08-29 17:04:49.497952+00:00
124976_9,124976,777,10,substitution,,,,,134796,19919,84,84,False,2026-08-29 17:04:49.497952+00:00,2026-08-29 17:04:49.497952+00:00
124976_10,124976,777,9,substitution,,,,,126426,115255,92,90+2',True,2026-08-29 17:04:49.497952+00:00,2026-08-29 17:04:49.497952+00:00
124977_0,124977,777,12,goal,50848,,,,,,27,27,False,2026-08-29 17:04:49.497952+00:00,2026-08-29 17:04:49.497952+00:00
124977_1,124977,777,38,goal,108877,,,,,,45,45,False,2026-08-29 17:04:49.497952+00:00,2026-08-29 17:04:49.497952+00:00
124977_2,124977,777,12,substitution,,,,,128366,50848,46,46,False,2026-08-29 17:04:49.497952+00:00,2026-08-29 17:04:49.497952+00:00
124977_3,124977,777,38,yellow,,,,111988,,,63,63,False,2026-08-29 17:04:49.497952+00:00,2026-08-29 17:04:49.497952+00:00
124977_4,124977,777,38,substitution,,,,,35670,115371,64,64,False,2026-08-29 17:04:49.497952+00:00,2026-08-29 17:04:49.497952+00:00
124977_5,124977,777,12,substitution,,,,,118591,133114,75,75,False,2026-08-29 17:04:49.497952+00:00,2026-08-29 17:04:49.497952+00:00
124977_6,124977,777,12,substitution,,,,,130150,118031,75,75,False,2026-08-29 17:04:49.497952+00:00,2026-08-29 17:04:49.497952+00:00
124977_7,124977,777,38,substitution,,,,,303861,20337,88,88,False,2026-08-29 17:04:49.497952+00:00,2026-08-29 17:04:49.497952+00:00
124977_8,124977,777,38,substitution,,,,,136815,143218,95,90+5',True,2026-08-29 17:04:49.497952+00:00,2026-08-29 17:04:49.497952+00:00
124977_9,124977,777,38,yellow,,,,35670,,,95,90+5',True,2026-08-29 17:04:49.497952+00:00,2026-08-29 17:04:49.497952+00:00
124978_0,124978,777,7,goal,23841,24797,,,,,19,19,False,2026-08-29 17:04:49.497952+00:00,2026-08-29 17:04:49.497952+00:00
124978_1,124978,777,15,substitution,,,,,24626,115172,46,46,False,2026-08-29 17:04:49.497952+00:00,2026-08-29 17:04:49.497952+00:00
124978_2,124978,777,15,yellow,,,,24626,,,61,61,False,2026-08-29 17:04:49.497952+00:00,2026-08-29 17:04:49.497952+00:00
124978_3,124978,777,15,substitution,,,,,15340,304123,62,62,False,2026-08-29 17:04:49.497952+00:00,2026-08-29 17:04:49.497952+00:00
124978_4,124978,777,7,substitution,,,,,4260,74585,72,72,False,2026-08-29 17:04:49.497952+00:00,2026-08-29 17:04:49.497952+00:00
124978_5,124978,777,15,substitution,,,,,138137,23702,75,75,False,2026-08-29 17:04:49.497952+00:00,2026-08-29 17:04:49.497952+00:00
124978_6,124978,777,7,goal,143922,23841,,,,,79,79,False,2026-08-29 17:04:49.497952+00:00,2026-08-29 17:04:49.497952+00:00
124978_7,124978,777,7,substitution,,,,,126789,143922,85,85,False,2026-08-29 17:04:49.497952+00:00,2026-08-29 17:04:49.497952+00:00
124979_0,124979,777,29,yellow,,,,126317,,,50,45+5',True,2026-08-29 17:04:49.497952+00:00,2026-08-29 17:04:49.497952+00:00
124979_1,124979,777,11,substitution,,,,,16286,67849,46,46,False,2026-08-29 17:04:49.497952+00:00,2026-08-29 17:04:49.497952+00:00
124979_2,124979,777,11,substitution,,,,,54156,126943,51,51,False,2026-08-29 17:04:49.497952+00:00,2026-08-29 17:04:49.497952+00:00
124979_3,124979,777,11,substitution,,,,,67178,112948,57,57,False,2026-08-29 17:04:49.497952+00:00,2026-08-29 17:04:49.497952+00:00
124979_4,124979,777,29,substitution,,,,,52989,67784,58,58,False,2026-08-29 17:04:49.497952+00:00,2026-08-29 17:04:49.497952+00:00
124979_5,124979,777,29,substitution,,,,,51610,126317,72,72,False,2026-08-29 17:04:49.497952+00:00,2026-08-29 17:04:49.497952+00:00
124979_6,124979,777,11,yellow,,,,4499,,,77,77,False,2026-08-29 17:04:49.497952+00:00,2026-08-29 17:04:49.497952+00:00
124979_7,124979,777,11,substitution,,,,,26335,5067,85,85,False,2026-08-29 17:04:49.497952+00:00,2026-08-29 17:04:49.497952+00:00
124980_0,124980,777,25,goal,8868,55776,,,,,10,10,False,2026-08-29 17:04:49.497952+00:00,2026-08-29 17:04:49.497952+00:00
124980_1,124980,777,25,yellow,,,,8868,,,13,13,False,2026-08-29 17:04:49.497952+00:00,2026-08-29 17:04:49.497952+00:00
124980_2,124980,777,131,penalty goal,3452,,,,,,32,32,False,2026-08-29 17:04:49.497952+00:00,2026-08-29 17:04:49.497952+00:00
124980_3,124980,777,25,yellow,,,,119072,,,37,37,False,2026-08-29 17:04:49.497952+00:00,2026-08-29 17:04:49.497952+00:00
124980_4,124980,777,131,yellow,,,,3452,,,37,37,False,2026-08-29 17:04:49.497952+00:00,2026-08-29 17:04:49.497952+00:00
124980_5,124980,777,131,yellow,,,,2100,,,42,42,False,2026-08-29 17:04:49.497952+00:00,2026-08-29 17:04:49.497952+00:00
124980_6,124980,777,25,yellow,,,,13522,,,45,45,False,2026-08-29 17:04:49.497952+00:00,2026-08-29 17:04:49.497952+00:00
124980_7,124980,777,131,yellow,,,,8163,,,47,45+2',True,2026-08-29 17:04:49.497952+00:00,2026-08-29 17:04:49.497952+00:00
124980_8,124980,777,25,substitution,,,,,32638,63656,48,45+3',True,2026-08-29 17:04:49.497952+00:00,2026-08-29 17:04:49.497952+00:00
124980_9,124980,777,25,penalty goal,55776,,,,,,49,45+4',True,2026-08-29 17:04:49.497952+00:00,2026-08-29 17:04:49.497952+00:00
124980_10,124980,777,131,substitution,,,,,117732,67928,58,58,False,2026-08-29 17:04:49.497952+00:00,2026-08-29 17:04:49.497952+00:00
124980_11,124980,777,131,substitution,,,,,134176,136175,58,58,False,2026-08-29 17:04:49.497952+00:00,2026-08-29 17:04:49.497952+00:00
124980_12,124980,777,131,goal,4874,,,,,,61,61,False,2026-08-29 17:04:49.497952+00:00,2026-08-29 17:04:49.497952+00:00
124980_13,124980,777,25,substitution,,,,,65961,8454,63,63,False,2026-08-29 17:04:49.497952+00:00,2026-08-29 17:04:49.497952+00:00
124980_14,124980,777,131,substitution,,,,,51830,143240,72,72,False,2026-08-29 17:04:49.497952+00:00,2026-08-29 17:04:49.497952+00:00
124980_15,124980,777,131,substitution,,,,,112739,2100,72,72,False,2026-08-29 17:04:49.497952+00:00,2026-08-29 17:04:49.497952+00:00
124980_16,124980,777,25,substitution,,,,,25183,122005,82,82,False,2026-08-29 17:04:49.497952+00:00,2026-08-29 17:04:49.497952+00:00
124980_17,124980,777,25,substitution,,,,,131312,13815,83,83,False,2026-08-29 17:04:49.497952+00:00,2026-08-29 17:04:49.497952+00:00
124980_18,124980,777,25,substitution,,,,,140223,55776,83,83,False,2026-08-29 17:04:49.497952+00:00,2026-08-29 17:04:49.497952+00:00
124980_19,124980,777,131,substitution,,,,,145043,3452,83,83,False,2026-08-29 17:04:49.497952+00:00,2026-08-29 17:04:49.497952+00:00
124980_20,124980,777,131,yellow,,,,145043,,,84,84,False,2026-08-29 17:04:49.497952+00:00,2026-08-29 17:04:49.497952+00:00
124980_21,124980,777,131,yellow,,,,76090,,,93,90+3',True,2026-08-29 17:04:49.497952+00:00,2026-08-29 17:04:49.497952+00:00
124981_0,124981,777,2,goal,8658,23968,,,,,46,45+1',True,2026-08-29 17:04:49.497952+00:00,2026-08-29 17:04:49.497952+00:00
124981_1,124981,777,2,goal,51423,13344,,,,,49,49,False,2026-08-29 17:04:49.497952+00:00,2026-08-29 17:04:49.497952+00:00
124981_2,124981,777,15,goal,15259,138137,,,,,61,61,False,2026-08-29 17:04:49.497952+00:00,2026-08-29 17:04:49.497952+00:00
124981_3,124981,777,15,yellow,,,,138137,,,65,65,False,2026-08-29 17:04:49.497952+00:00,2026-08-29 17:04:49.497952+00:00
124981_4,124981,777,2,substitution,,,,,5758,51223,69,69,False,2026-08-29 17:04:49.497952+00:00,2026-08-29 17:04:49.497952+00:00
124981_5,124981,777,2,substitution,,,,,14801,26408,69,69,False,2026-08-29 17:04:49.497952+00:00,2026-08-29 17:04:49.497952+00:00
124981_6,124981,777,15,substitution,,,,,49270,138137,69,69,False,2026-08-29 17:04:49.497952+00:00,2026-08-29 17:04:49.497952+00:00
124981_7,124981,777,15,substitution,,,,,70249,10439,69,69,False,2026-08-29 17:04:49.497952+00:00,2026-08-29 17:04:49.497952+00:00
124981_8,124981,777,2,goal,51423,5865,,,,,73,73,False,2026-08-29 17:04:49.497952+00:00,2026-08-29 17:04:49.497952+00:00
124981_9,124981,777,15,substitution,,,,,16723,141639,78,78,False,2026-08-29 17:04:49.497952+00:00,2026-08-29 17:04:49.497952+00:00
124981_10,124981,777,2,substitution,,,,,14456,8658,83,83,False,2026-08-29 17:04:49.497952+00:00,2026-08-29 17:04:49.497952+00:00
124981_11,124981,777,2,substitution,,,,,107846,51423,83,83,False,2026-08-29 17:04:49.497952+00:00,2026-08-29 17:04:49.497952+00:00
124981_12,124981,777,15,substitution,,,,,24626,115172,83,83,False,2026-08-29 17:04:49.497952+00:00,2026-08-29 17:04:49.497952+00:00
124981_13,124981,777,15,substitution,,,,,68219,304123,83,83,False,2026-08-29 17:04:49.497952+00:00,2026-08-29 17:04:49.497952+00:00
124981_14,124981,777,15,yellow,,,,49270,,,89,89,False,2026-08-29 17:04:49.497952+00:00,2026-08-29 17:04:49.497952+00:00
124981_15,124981,777,2,substitution,,,,,133169,13344,90,90,False,2026-08-29 17:04:49.497952+00:00,2026-08-29 17:04:49.497952+00:00
124981_16,124981,777,2,yellow,,,,107846,,,94,90+4',True,2026-08-29 17:04:49.497952+00:00,2026-08-29 17:04:49.497952+00:00
124982_0,124982,777,127,goal,33032,,,,,,10,10,False,2026-08-29 17:04:49.497952+00:00,2026-08-29 17:04:49.497952+00:00
124982_1,124982,777,1,goal,50234,,,,,,16,16,False,2026-08-29 17:04:49.497952+00:00,2026-08-29 17:04:49.497952+00:00
124982_2,124982,777,127,yellow,,,,25474,,,26,26,False,2026-08-29 17:04:49.497952+00:00,2026-08-29 17:04:49.497952+00:00
124982_3,124982,777,1,goal,15202,11419,,,,,54,54,False,2026-08-29 17:04:49.497952+00:00,2026-08-29 17:04:49.497952+00:00
124982_4,124982,777,1,substitution,,,,,19680,32728,66,66,False,2026-08-29 17:04:49.497952+00:00,2026-08-29 17:04:49.497952+00:00
124982_5,124982,777,1,substitution,,,,,20486,66104,67,67,False,2026-08-29 17:04:49.497952+00:00,2026-08-29 17:04:49.497952+00:00
124982_6,124982,777,1,substitution,,,,,49481,67407,67,67,False,2026-08-29 17:04:49.497952+00:00,2026-08-29 17:04:49.497952+00:00
124982_7,124982,777,127,substitution,,,,,118080,13706,67,67,False,2026-08-29 17:04:49.497952+00:00,2026-08-29 17:04:49.497952+00:00
124982_8,124982,777,1,yellow,,,,64523,,,70,70,False,2026-08-29 17:04:49.497952+00:00,2026-08-29 17:04:49.497952+00:00
124982_9,124982,777,1,goal,15202,49481,,,,,71,71,False,2026-08-29 17:04:49.497952+00:00,2026-08-29 17:04:49.497952+00:00
124982_10,124982,777,127,substitution,,,,,10766,21519,74,74,False,2026-08-29 17:04:49.497952+00:00,2026-08-29 17:04:49.497952+00:00
124982_11,124982,777,127,substitution,,,,,16582,33032,74,74,False,2026-08-29 17:04:49.497952+00:00,2026-08-29 17:04:49.497952+00:00
124982_12,124982,777,127,substitution,,,,,137832,74976,74,74,False,2026-08-29 17:04:49.497952+00:00,2026-08-29 17:04:49.497952+00:00
124982_13,124982,777,127,goal,137832,10766,,,,,76,76,False,2026-08-29 17:04:49.497952+00:00,2026-08-29 17:04:49.497952+00:00
124982_14,124982,777,1,substitution,,,,,19778,11419,80,80,False,2026-08-29 17:04:49.497952+00:00,2026-08-29 17:04:49.497952+00:00
124982_15,124982,777,127,yellow,,,,137832,,,80,80,False,2026-08-29 17:04:49.497952+00:00,2026-08-29 17:04:49.497952+00:00
124982_16,124982,777,127,yellow,,,,118080,,,91,90+1',True,2026-08-29 17:04:49.497952+00:00,2026-08-29 17:04:49.497952+00:00
124983_0,124983,777,43,yellow,,,,8127,,,23,23,False,2026-08-29 17:04:49.497952+00:00,2026-08-29 17:04:49.497952+00:00
124983_1,124983,777,131,goal,51830,145043,,,,,29,29,False,2026-08-29 17:04:49.497952+00:00,2026-08-29 17:04:49.497952+00:00
124983_2,124983,777,43,yellow,,,,63851,,,39,39,False,2026-08-29 17:04:49.497952+00:00,2026-08-29 17:04:49.497952+00:00
124983_3,124983,777,43,yellow,,,,51498,,,44,44,False,2026-08-29 17:04:49.497952+00:00,2026-08-29 17:04:49.497952+00:00
124983_4,124983,777,131,goal,134333,,,,,,47,47,False,2026-08-29 17:04:49.497952+00:00,2026-08-29 17:04:49.497952+00:00
124983_5,124983,777,43,substitution,,,,,15139,19831,55,55,False,2026-08-29 17:04:49.497952+00:00,2026-08-29 17:04:49.497952+00:00
124983_6,124983,777,43,substitution,,,,,128643,74960,55,55,False,2026-08-29 17:04:49.497952+00:00,2026-08-29 17:04:49.497952+00:00
124983_7,124983,777,43,substitution,,,,,74964,31442,64,64,False,2026-08-29 17:04:49.497952+00:00,2026-08-29 17:04:49.497952+00:00
124983_8,124983,777,131,substitution,,,,,67928,117732,70,70,False,2026-08-29 17:04:49.497952+00:00,2026-08-29 17:04:49.497952+00:00
124983_9,124983,777,131,substitution,,,,,3452,51830,71,71,False,2026-08-29 17:04:49.497952+00:00,2026-08-29 17:04:49.497952+00:00
124983_10,124983,777,131,substitution,,,,,22542,145043,71,71,False,2026-08-29 17:04:49.497952+00:00,2026-08-29 17:04:49.497952+00:00
124983_11,124983,777,131,substitution,,,,,2100,143240,80,80,False,2026-08-29 17:04:49.497952+00:00,2026-08-29 17:04:49.497952+00:00
124983_12,124983,777,43,substitution,,,,,119059,50460,81,81,False,2026-08-29 17:04:49.497952+00:00,2026-08-29 17:04:49.497952+00:00
124983_13,124983,777,131,substitution,,,,,117758,134176,87,87,False,2026-08-29 17:04:49.497952+00:00,2026-08-29 17:04:49.497952+00:00
124983_14,124983,777,43,yellow,,,,3955,,,93,90+3',True,2026-08-29 17:04:49.497952+00:00,2026-08-29 17:04:49.497952+00:00
124984_0,124984,777,130,goal,124052,23194,,,,,11,11,False,2026-08-29 17:04:49.497952+00:00,2026-08-29 17:04:49.497952+00:00
124984_1,124984,777,130,yellow,,,,128891,,,31,31,False,2026-08-29 17:04:49.497952+00:00,2026-08-29 17:04:49.497952+00:00
124984_2,124984,777,130,yellow,,,,133460,,,39,39,False,2026-08-29 17:04:49.497952+00:00,2026-08-29 17:04:49.497952+00:00
124984_3,124984,777,7,substitution,,,,,126789,112917,46,46,False,2026-08-29 17:04:49.497952+00:00,2026-08-29 17:04:49.497952+00:00
124984_4,124984,777,7,substitution,,,,,128411,24797,46,46,False,2026-08-29 17:04:49.497952+00:00,2026-08-29 17:04:49.497952+00:00
124984_5,124984,777,130,goal,24659,23194,,,,,50,50,False,2026-08-29 17:04:49.497952+00:00,2026-08-29 17:04:49.497952+00:00
124984_6,124984,777,130,goal,124052,127594,,,,,51,51,False,2026-08-29 17:04:49.497952+00:00,2026-08-29 17:04:49.497952+00:00
124984_7,124984,777,130,substitution,,,,,3712,49726,64,64,False,2026-08-29 17:04:49.497952+00:00,2026-08-29 17:04:49.497952+00:00
124984_8,124984,777,130,substitution,,,,,24369,127594,64,64,False,2026-08-29 17:04:49.497952+00:00,2026-08-29 17:04:49.497952+00:00
124984_9,124984,777,7,goal,126789,4260,,,,,66,66,False,2026-08-29 17:04:49.497952+00:00,2026-08-29 17:04:49.497952+00:00
124984_10,124984,777,130,substitution,,,,,10947,115166,76,76,False,2026-08-29 17:04:49.497952+00:00,2026-08-29 17:04:49.497952+00:00
124984_11,124984,777,7,substitution,,,,,134286,66538,77,77,False,2026-08-29 17:04:49.497952+00:00,2026-08-29 17:04:49.497952+00:00
124984_12,124984,777,130,goal,124052,24659,,,,,88,88,False,2026-08-29 17:04:49.497952+00:00,2026-08-29 17:04:49.497952+00:00
124984_13,124984,777,7,goal,143922,4260,,,,,91,90+1',True,2026-08-29 17:04:49.497952+00:00,2026-08-29 17:04:49.497952+00:00
124984_14,124984,777,130,substitution,,,,,49494,124052,92,90+2',True,2026-08-29 17:04:49.497952+00:00,2026-08-29 17:04:49.497952+00:00
124985_0,124985,777,34,goal,13961,11071,,,,,17,17,False,2026-08-29 17:04:49.497952+00:00,2026-08-29 17:04:49.497952+00:00
124985_1,124985,777,10,goal,75382,68582,,,,,57,57,False,2026-08-29 17:04:49.497952+00:00,2026-08-29 17:04:49.497952+00:00
124985_2,124985,777,34,yellow,,,,13961,,,71,71,False,2026-08-29 17:04:49.497952+00:00,2026-08-29 17:04:49.497952+00:00
124985_3,124985,777,34,substitution,,,,,21614,3894,74,74,False,2026-08-29 17:04:49.497952+00:00,2026-08-29 17:04:49.497952+00:00
124985_4,124985,777,34,substitution,,,,,121610,14445,74,74,False,2026-08-29 17:04:49.497952+00:00,2026-08-29 17:04:49.497952+00:00
124985_5,124985,777,10,substitution,,,,,19919,75382,76,76,False,2026-08-29 17:04:49.497952+00:00,2026-08-29 17:04:49.497952+00:00
124985_6,124985,777,10,substitution,,,,,15802,23815,85,85,False,2026-08-29 17:04:49.497952+00:00,2026-08-29 17:04:49.497952+00:00
124985_7,124985,777,34,substitution,,,,,4979,13961,85,85,False,2026-08-29 17:04:49.497952+00:00,2026-08-29 17:04:49.497952+00:00
124985_8,124985,777,34,substitution,,,,,144894,11071,85,85,False,2026-08-29 17:04:49.497952+00:00,2026-08-29 17:04:49.497952+00:00
124985_9,124985,777,34,substitution,,,,,4818,16044,92,90+2',True,2026-08-29 17:04:49.497952+00:00,2026-08-29 17:04:49.497952+00:00
124985_10,124985,777,10,goal,32894,,,,,,94,90+4',True,2026-08-29 17:04:49.497952+00:00,2026-08-29 17:04:49.497952+00:00
124985_11,124985,777,10,yellow,,,,32894,,,95,90+5',True,2026-08-29 17:04:49.497952+00:00,2026-08-29 17:04:49.497952+00:00
124985_12,124985,777,10,substitution,,,,,10651,32894,96,90+6',True,2026-08-29 17:04:49.497952+00:00,2026-08-29 17:04:49.497952+00:00
124985_13,124985,777,34,goal,4818,121610,,,,,97,90+7',True,2026-08-29 17:04:49.497952+00:00,2026-08-29 17:04:49.497952+00:00
124986_0,124986,777,12,yellow,,,,146567,,,34,34,False,2026-08-29 17:04:49.497952+00:00,2026-08-29 17:04:49.497952+00:00
124986_1,124986,777,9,goal,63289,33124,,,,,62,62,False,2026-08-29 17:04:49.497952+00:00,2026-08-29 17:04:49.497952+00:00
124986_2,124986,777,12,substitution,,,,,50848,118591,63,63,False,2026-08-29 17:04:49.497952+00:00,2026-08-29 17:04:49.497952+00:00
124986_3,124986,777,12,goal,51202,50848,,,,,65,65,False,2026-08-29 17:04:49.497952+00:00,2026-08-29 17:04:49.497952+00:00
124986_4,124986,777,9,substitution,,,,,14807,33162,75,75,False,2026-08-29 17:04:49.497952+00:00,2026-08-29 17:04:49.497952+00:00
124986_5,124986,777,9,substitution,,,,,68676,35718,80,80,False,2026-08-29 17:04:49.497952+00:00,2026-08-29 17:04:49.497952+00:00
124986_6,124986,777,9,substitution,,,,,126426,115255,80,80,False,2026-08-29 17:04:49.497952+00:00,2026-08-29 17:04:49.497952+00:00
124986_7,124986,777,9,substitution,,,,,50643,63289,87,87,False,2026-08-29 17:04:49.497952+00:00,2026-08-29 17:04:49.497952+00:00
124987_0,124987,777,11,goal,26335,,,,,,42,42,False,2026-08-29 17:04:49.497952+00:00,2026-08-29 17:04:49.497952+00:00
124987_1,124987,777,4,substitution,,,,,133245,304474,46,46,False,2026-08-29 17:04:49.497952+00:00,2026-08-29 17:04:49.497952+00:00
124987_2,124987,777,11,substitution,,,,,137371,67178,51,51,False,2026-08-29 17:04:49.497952+00:00,2026-08-29 17:04:49.497952+00:00
124987_3,124987,777,4,yellow,,,,14571,,,52,52,False,2026-08-29 17:04:49.497952+00:00,2026-08-29 17:04:49.497952+00:00
124987_4,124987,777,11,yellow,,,,16431,,,54,54,False,2026-08-29 17:04:49.497952+00:00,2026-08-29 17:04:49.497952+00:00
124987_5,124987,777,4,substitution,,,,,51813,72371,62,62,False,2026-08-29 17:04:49.497952+00:00,2026-08-29 17:04:49.497952+00:00
124987_6,124987,777,4,substitution,,,,,119041,125075,62,62,False,2026-08-29 17:04:49.497952+00:00,2026-08-29 17:04:49.497952+00:00
124987_7,124987,777,11,substitution,,,,,54156,26335,70,70,False,2026-08-29 17:04:49.497952+00:00,2026-08-29 17:04:49.497952+00:00
124987_8,124987,777,4,yellow,,,,51813,,,79,79,False,2026-08-29 17:04:49.497952+00:00,2026-08-29 17:04:49.497952+00:00
124987_9,124987,777,11,yellow,,,,76204,,,79,79,False,2026-08-29 17:04:49.497952+00:00,2026-08-29 17:04:49.497952+00:00
124987_10,124987,777,11,substitution,,,,,4499,16431,81,81,False,2026-08-29 17:04:49.497952+00:00,2026-08-29 17:04:49.497952+00:00
124987_11,124987,777,11,yellow,,,,5067,,,93,90+3',True,2026-08-29 17:04:49.497952+00:00,2026-08-29 17:04:49.497952+00:00
124987_12,124987,777,4,goal,63741,,,,,,94,90+4',True,2026-08-29 17:04:49.497952+00:00,2026-08-29 17:04:49.497952+00:00
124987_13,124987,777,4,yellow,,,,63741,,,95,90+5',True,2026-08-29 17:04:49.497952+00:00,2026-08-29 17:04:49.497952+00:00
124988_0,124988,777,23,goal,23747,117497,,,,,19,19,False,2026-08-29 17:04:49.497952+00:00,2026-08-29 17:04:49.497952+00:00
124988_1,124988,777,6,yellow,,,,49374,,,33,33,False,2026-08-29 17:04:49.497952+00:00,2026-08-29 17:04:49.497952+00:00
124988_2,124988,777,6,substitution,,,,,147312,37776,38,38,False,2026-08-29 17:04:49.497952+00:00,2026-08-29 17:04:49.497952+00:00
124988_3,124988,777,6,yellow,,,,24334,,,49,49,False,2026-08-29 17:04:49.497952+00:00,2026-08-29 17:04:49.497952+00:00
124988_4,124988,777,6,substitution,,,,,138981,4604,52,52,False,2026-08-29 17:04:49.497952+00:00,2026-08-29 17:04:49.497952+00:00
124988_5,124988,777,6,yellow,,,,14569,,,55,55,False,2026-08-29 17:04:49.497952+00:00,2026-08-29 17:04:49.497952+00:00
124988_6,124988,777,23,yellow,,,,23747,,,62,62,False,2026-08-29 17:04:49.497952+00:00,2026-08-29 17:04:49.497952+00:00
124988_7,124988,777,23,substitution,,,,,14716,23747,63,63,False,2026-08-29 17:04:49.497952+00:00,2026-08-29 17:04:49.497952+00:00
124988_8,124988,777,23,substitution,,,,,19888,71623,63,63,False,2026-08-29 17:04:49.497952+00:00,2026-08-29 17:04:49.497952+00:00
124988_9,124988,777,23,substitution,,,,,49495,108922,63,63,False,2026-08-29 17:04:49.497952+00:00,2026-08-29 17:04:49.497952+00:00
124988_10,124988,777,23,goal,74761,117647,,,,,71,71,False,2026-08-29 17:04:49.497952+00:00,2026-08-29 17:04:49.497952+00:00
124988_11,124988,777,6,substitution,,,,,146391,49374,72,72,False,2026-08-29 17:04:49.497952+00:00,2026-08-29 17:04:49.497952+00:00
124988_12,124988,777,23,goal,124462,,,,,,78,78,False,2026-08-29 17:04:49.497952+00:00,2026-08-29 17:04:49.497952+00:00
124988_13,124988,777,23,substitution,,,,,115256,117497,78,78,False,2026-08-29 17:04:49.497952+00:00,2026-08-29 17:04:49.497952+00:00
124988_14,124988,777,6,substitution,,,,,112449,69595,87,87,False,2026-08-29 17:04:49.497952+00:00,2026-08-29 17:04:49.497952+00:00
124988_15,124988,777,6,substitution,,,,,133297,109117,87,87,False,2026-08-29 17:04:49.497952+00:00,2026-08-29 17:04:49.497952+00:00
124988_16,124988,777,6,substitution,,,,,151538,20874,87,87,False,2026-08-29 17:04:49.497952+00:00,2026-08-29 17:04:49.497952+00:00
124988_17,124988,777,23,substitution,,,,,14446,9662,88,88,False,2026-08-29 17:04:49.497952+00:00,2026-08-29 17:04:49.497952+00:00
124989_0,124989,777,21,substitution,,,,,51185,51364,19,19,False,2026-08-29 17:04:49.497952+00:00,2026-08-29 17:04:49.497952+00:00
124989_1,124989,777,21,goal,4408,75582,,,,,30,30,False,2026-08-29 17:04:49.497952+00:00,2026-08-29 17:04:49.497952+00:00
124989_2,124989,777,29,yellow,,,,51609,,,47,47,False,2026-08-29 17:04:49.497952+00:00,2026-08-29 17:04:49.497952+00:00
124989_3,124989,777,29,yellow,,,,66659,,,50,50,False,2026-08-29 17:04:49.497952+00:00,2026-08-29 17:04:49.497952+00:00
124989_4,124989,777,29,substitution,,,,,51610,51609,59,59,False,2026-08-29 17:04:49.497952+00:00,2026-08-29 17:04:49.497952+00:00
124989_5,124989,777,29,yellow,,,,138104,,,61,61,False,2026-08-29 17:04:49.497952+00:00,2026-08-29 17:04:49.497952+00:00
124989_6,124989,777,29,substitution,,,,,19864,126317,66,66,False,2026-08-29 17:04:49.497952+00:00,2026-08-29 17:04:49.497952+00:00
124989_7,124989,777,21,substitution,,,,,19858,117596,72,72,False,2026-08-29 17:04:49.497952+00:00,2026-08-29 17:04:49.497952+00:00
124989_8,124989,777,21,substitution,,,,,133603,118579,72,72,False,2026-08-29 17:04:49.497952+00:00,2026-08-29 17:04:49.497952+00:00
124989_9,124989,777,29,goal,67784,138104,,,,,80,80,False,2026-08-29 17:04:49.497952+00:00,2026-08-29 17:04:49.497952+00:00
124989_10,124989,777,29,substitution,,,,,119614,126920,82,82,False,2026-08-29 17:04:49.497952+00:00,2026-08-29 17:04:49.497952+00:00
124989_11,124989,777,21,yellow,,,,22802,,,83,83,False,2026-08-29 17:04:49.497952+00:00,2026-08-29 17:04:49.497952+00:00
124989_12,124989,777,21,substitution,,,,,23764,4408,88,88,False,2026-08-29 17:04:49.497952+00:00,2026-08-29 17:04:49.497952+00:00
124989_13,124989,777,21,substitution,,,,,66570,76614,88,88,False,2026-08-29 17:04:49.497952+00:00,2026-08-29 17:04:49.497952+00:00
124989_14,124989,777,21,yellow,,,,19858,,,96,90+6',True,2026-08-29 17:04:49.497952+00:00,2026-08-29 17:04:49.497952+00:00
124990_0,124990,777,38,goal,143218,20337,,,,,4,4,False,2026-08-29 17:04:49.497952+00:00,2026-08-29 17:04:49.497952+00:00
124990_1,124990,777,38,penalty goal,20337,,,,,,31,31,False,2026-08-29 17:04:49.497952+00:00,2026-08-29 17:04:49.497952+00:00
124990_2,124990,777,38,goal,145492,66692,,,,,41,41,False,2026-08-29 17:04:49.497952+00:00,2026-08-29 17:04:49.497952+00:00
124990_3,124990,777,25,substitution,,,,,25183,66560,46,46,False,2026-08-29 17:04:49.497952+00:00,2026-08-29 17:04:49.497952+00:00
124990_4,124990,777,25,substitution,,,,,131312,122005,46,46,False,2026-08-29 17:04:49.497952+00:00,2026-08-29 17:04:49.497952+00:00
124990_5,124990,777,38,substitution,,,,,143214,133679,46,46,False,2026-08-29 17:04:49.497952+00:00,2026-08-29 17:04:49.497952+00:00
124990_6,124990,777,38,substitution,,,,,35670,20337,61,61,False,2026-08-29 17:04:49.497952+00:00,2026-08-29 17:04:49.497952+00:00
124990_7,124990,777,38,yellow,,,,111988,,,85,85,False,2026-08-29 17:04:49.497952+00:00,2026-08-29 17:04:49.497952+00:00
124990_8,124990,777,38,substitution,,,,,69766,145492,86,86,False,2026-08-29 17:04:49.497952+00:00,2026-08-29 17:04:49.497952+00:00
124990_9,124990,777,38,substitution,,,,,136815,115371,88,88,False,2026-08-29 17:04:49.497952+00:00,2026-08-29 17:04:49.497952+00:00
124991_0,124991,777,1,yellow,,,,20486,,,12,12,False,2026-08-29 17:04:49.497952+00:00,2026-08-29 17:04:49.497952+00:00
124991_1,124991,777,1,substitution,,,,,114564,118077,57,57,False,2026-08-29 17:04:49.497952+00:00,2026-08-29 17:04:49.497952+00:00
124991_2,124991,777,1,substitution,,,,,19680,32728,64,64,False,2026-08-29 17:04:49.497952+00:00,2026-08-29 17:04:49.497952+00:00
124991_3,124991,777,1,substitution,,,,,66104,20486,64,64,False,2026-08-29 17:04:49.497952+00:00,2026-08-29 17:04:49.497952+00:00
124991_4,124991,777,1,substitution,,,,,21584,11419,78,78,False,2026-08-29 17:04:49.497952+00:00,2026-08-29 17:04:49.497952+00:00
124991_5,124991,777,1,substitution,,,,,67407,49481,78,78,False,2026-08-29 17:04:49.497952+00:00,2026-08-29 17:04:49.497952+00:00
124991_6,124991,777,10,yellow,,,,63633,,,90,90,False,2026-08-29 17:04:49.497952+00:00,2026-08-29 17:04:49.497952+00:00
124991_7,124991,777,1,yellow,,,,66104,,,93,90+3',True,2026-08-29 17:04:49.497952+00:00,2026-08-29 17:04:49.497952+00:00
124991_8,124991,777,10,yellow,,,,23593,,,93,90+3',True,2026-08-29 17:04:49.497952+00:00,2026-08-29 17:04:49.497952+00:00
124991_9,124991,777,10,substitution,,,,,10651,68582,95,90+5',True,2026-08-29 17:04:49.497952+00:00,2026-08-29 17:04:49.497952+00:00
124992_0,124992,777,21,goal,76614,69274,,,,,5,5,False,2026-08-29 17:04:49.497952+00:00,2026-08-29 17:04:49.497952+00:00
124992_1,124992,777,127,goal,33032,14846,,,,,22,22,False,2026-08-29 17:04:49.497952+00:00,2026-08-29 17:04:49.497952+00:00
124992_2,124992,777,127,goal,137832,54989,,,,,36,36,False,2026-08-29 17:04:49.497952+00:00,2026-08-29 17:04:49.497952+00:00
124992_3,124992,777,127,yellow,,,,25474,,,43,43,False,2026-08-29 17:04:49.497952+00:00,2026-08-29 17:04:49.497952+00:00
124992_4,124992,777,127,yellow,,,,10766,,,51,51,False,2026-08-29 17:04:49.497952+00:00,2026-08-29 17:04:49.497952+00:00
124992_5,124992,777,21,substitution,,,,,118579,133603,57,57,False,2026-08-29 17:04:49.497952+00:00,2026-08-29 17:04:49.497952+00:00
124992_6,124992,777,21,yellow,,,,32229,,,60,60,False,2026-08-29 17:04:49.497952+00:00,2026-08-29 17:04:49.497952+00:00
124992_7,124992,777,21,yellow,,,,51185,,,61,61,False,2026-08-29 17:04:49.497952+00:00,2026-08-29 17:04:49.497952+00:00
124992_8,124992,777,127,substitution,,,,,13706,137832,64,64,False,2026-08-29 17:04:49.497952+00:00,2026-08-29 17:04:49.497952+00:00
124992_9,124992,777,127,substitution,,,,,16582,33032,64,64,False,2026-08-29 17:04:49.497952+00:00,2026-08-29 17:04:49.497952+00:00
124992_10,124992,777,21,substitution,,,,,24630,51185,67,67,False,2026-08-29 17:04:49.497952+00:00,2026-08-29 17:04:49.497952+00:00
124992_11,124992,777,21,yellow,,,,75582,,,75,75,False,2026-08-29 17:04:49.497952+00:00,2026-08-29 17:04:49.497952+00:00
124992_12,124992,777,127,yellow,,,,119381,,,77,77,False,2026-08-29 17:04:49.497952+00:00,2026-08-29 17:04:49.497952+00:00
124992_13,124992,777,21,goal,19858,,,,,,78,78,False,2026-08-29 17:04:49.497952+00:00,2026-08-29 17:04:49.497952+00:00
124992_14,124992,777,21,substitution,,,,,117596,22802,86,86,False,2026-08-29 17:04:49.497952+00:00,2026-08-29 17:04:49.497952+00:00
124992_15,124992,777,127,substitution,,,,,118080,119381,87,87,False,2026-08-29 17:04:49.497952+00:00,2026-08-29 17:04:49.497952+00:00
124992_16,124992,777,127,substitution,,,,,132285,14846,87,87,False,2026-08-29 17:04:49.497952+00:00,2026-08-29 17:04:49.497952+00:00
124992_17,124992,777,127,goal,25474,13706,,,,,95,90+5',True,2026-08-29 17:04:49.497952+00:00,2026-08-29 17:04:49.497952+00:00
124992_18,124992,777,127,substitution,,,,,140546,25474,100,90+10',True,2026-08-29 17:04:49.497952+00:00,2026-08-29 17:04:49.497952+00:00
124993_0,124993,777,130,goal,124052,23194,,,,,30,30,False,2026-08-29 17:04:49.497952+00:00,2026-08-29 17:04:49.497952+00:00
124993_1,124993,777,130,yellow,,,,124052,,,43,43,False,2026-08-29 17:04:49.497952+00:00,2026-08-29 17:04:49.497952+00:00
124993_2,124993,777,29,yellow,,,,122126,,,45,45,False,2026-08-29 17:04:49.497952+00:00,2026-08-29 17:04:49.497952+00:00
124993_3,124993,777,29,substitution,,,,,51610,126317,52,52,False,2026-08-29 17:04:49.497952+00:00,2026-08-29 17:04:49.497952+00:00
124993_4,124993,777,29,substitution,,,,,126920,119614,52,52,False,2026-08-29 17:04:49.497952+00:00,2026-08-29 17:04:49.497952+00:00
124993_5,124993,777,130,substitution,,,,,49731,24369,61,61,False,2026-08-29 17:04:49.497952+00:00,2026-08-29 17:04:49.497952+00:00
124993_6,124993,777,130,yellow,,,,23194,,,63,63,False,2026-08-29 17:04:49.497952+00:00,2026-08-29 17:04:49.497952+00:00
124993_7,124993,777,130,goal,124052,127594,,,,,65,65,False,2026-08-29 17:04:49.497952+00:00,2026-08-29 17:04:49.497952+00:00
124993_8,124993,777,130,goal,128891,24659,,,,,73,73,False,2026-08-29 17:04:49.497952+00:00,2026-08-29 17:04:49.497952+00:00
124993_9,124993,777,130,substitution,,,,,3712,49726,76,76,False,2026-08-29 17:04:49.497952+00:00,2026-08-29 17:04:49.497952+00:00
124993_10,124993,777,29,substitution,,,,,35731,25408,79,79,False,2026-08-29 17:04:49.497952+00:00,2026-08-29 17:04:49.497952+00:00
124993_11,124993,777,29,substitution,,,,,51609,19864,79,79,False,2026-08-29 17:04:49.497952+00:00,2026-08-29 17:04:49.497952+00:00
124993_12,124993,777,130,substitution,,,,,14450,124052,82,82,False,2026-08-29 17:04:49.497952+00:00,2026-08-29 17:04:49.497952+00:00
124993_13,124993,777,130,substitution,,,,,115166,133460,82,82,False,2026-08-29 17:04:49.497952+00:00,2026-08-29 17:04:49.497952+00:00
124993_14,124993,777,29,substitution,,,,,10361,66659,83,83,False,2026-08-29 17:04:49.497952+00:00,2026-08-29 17:04:49.497952+00:00
124994_0,124994,777,43,own goal,,,133114,,,,13,13,False,2026-08-29 17:04:49.497952+00:00,2026-08-29 17:04:49.497952+00:00
124994_1,124994,777,43,yellow,,,,68593,,,41,41,False,2026-08-29 17:04:49.497952+00:00,2026-08-29 17:04:49.497952+00:00
124994_2,124994,777,12,goal,66036,23396,,,,,50,50,False,2026-08-29 17:04:49.497952+00:00,2026-08-29 17:04:49.497952+00:00
124994_3,124994,777,43,substitution,,,,,50460,68593,58,58,False,2026-08-29 17:04:49.497952+00:00,2026-08-29 17:04:49.497952+00:00
124994_4,124994,777,12,goal,66036,146567,,,,,60,60,False,2026-08-29 17:04:49.497952+00:00,2026-08-29 17:04:49.497952+00:00
124994_5,124994,777,12,substitution,,,,,14580,23396,61,61,False,2026-08-29 17:04:49.497952+00:00,2026-08-29 17:04:49.497952+00:00
124994_6,124994,777,12,substitution,,,,,118591,133114,61,61,False,2026-08-29 17:04:49.497952+00:00,2026-08-29 17:04:49.497952+00:00
124994_7,124994,777,43,goal,50460,15139,,,,,66,66,False,2026-08-29 17:04:49.497952+00:00,2026-08-29 17:04:49.497952+00:00
124994_8,124994,777,12,substitution,,,,,50848,51202,74,74,False,2026-08-29 17:04:49.497952+00:00,2026-08-29 17:04:49.497952+00:00
124994_9,124994,777,12,substitution,,,,,108936,5793,74,74,False,2026-08-29 17:04:49.497952+00:00,2026-08-29 17:04:49.497952+00:00
124994_10,124994,777,43,substitution,,,,,64282,31442,76,76,False,2026-08-29 17:04:49.497952+00:00,2026-08-29 17:04:49.497952+00:00
124994_11,124994,777,12,substitution,,,,,130151,118031,84,84,False,2026-08-29 17:04:49.497952+00:00,2026-08-29 17:04:49.497952+00:00
124994_12,124994,777,43,substitution,,,,,128643,15139,92,90+2',True,2026-08-29 17:04:49.497952+00:00,2026-08-29 17:04:49.497952+00:00
124994_13,124994,777,43,yellow,,,,64282,,,95,90+5',True,2026-08-29 17:04:49.497952+00:00,2026-08-29 17:04:49.497952+00:00
124995_0,124995,777,2,substitution,,,,,20473,4245,46,46,False,2026-08-29 17:04:49.497952+00:00,2026-08-29 17:04:49.497952+00:00
124995_1,124995,777,2,substitution,,,,,26408,14801,65,65,False,2026-08-29 17:04:49.497952+00:00,2026-08-29 17:04:49.497952+00:00
124995_2,124995,777,6,yellow,,,,49374,,,67,67,False,2026-08-29 17:04:49.497952+00:00,2026-08-29 17:04:49.497952+00:00
124995_3,124995,777,2,substitution,,,,,14456,51423,73,73,False,2026-08-29 17:04:49.497952+00:00,2026-08-29 17:04:49.497952+00:00
124995_4,124995,777,2,substitution,,,,,51223,5758,73,73,False,2026-08-29 17:04:49.497952+00:00,2026-08-29 17:04:49.497952+00:00
124995_5,124995,777,2,substitution,,,,,107846,25067,82,82,False,2026-08-29 17:04:49.497952+00:00,2026-08-29 17:04:49.497952+00:00
124995_6,124995,777,6,yellow,,,,24334,,,83,83,False,2026-08-29 17:04:49.497952+00:00,2026-08-29 17:04:49.497952+00:00
124995_7,124995,777,6,substitution,,,,,20118,138981,90,90,False,2026-08-29 17:04:49.497952+00:00,2026-08-29 17:04:49.497952+00:00
124996_0,124996,777,7,goal,4333,66538,,,,,17,17,False,2026-08-29 17:04:49.497952+00:00,2026-08-29 17:04:49.497952+00:00
124996_1,124996,777,38,yellow,,,,15715,,,43,43,False,2026-08-29 17:04:49.497952+00:00,2026-08-29 17:04:49.497952+00:00
124996_2,124996,777,38,substitution,,,,,143214,143218,46,46,False,2026-08-29 17:04:49.497952+00:00,2026-08-29 17:04:49.497952+00:00
124996_3,124996,777,38,yellow,,,,115114,,,57,57,False,2026-08-29 17:04:49.497952+00:00,2026-08-29 17:04:49.497952+00:00
124996_4,124996,777,38,substitution,,,,,35670,108877,68,68,False,2026-08-29 17:04:49.497952+00:00,2026-08-29 17:04:49.497952+00:00
124996_5,124996,777,38,goal,145492,35670,,,,,69,69,False,2026-08-29 17:04:49.497952+00:00,2026-08-29 17:04:49.497952+00:00
124996_6,124996,777,7,yellow,,,,66538,,,77,77,False,2026-08-29 17:04:49.497952+00:00,2026-08-29 17:04:49.497952+00:00
124996_7,124996,777,38,yellow,,,,20337,,,77,77,False,2026-08-29 17:04:49.497952+00:00,2026-08-29 17:04:49.497952+00:00
124996_8,124996,777,7,red,,,,4333,,,83,83,False,2026-08-29 17:04:49.497952+00:00,2026-08-29 17:04:49.497952+00:00
124996_9,124996,777,7,substitution,,,,,74585,134286,87,87,False,2026-08-29 17:04:49.497952+00:00,2026-08-29 17:04:49.497952+00:00
124996_10,124996,777,7,substitution,,,,,126789,143922,87,87,False,2026-08-29 17:04:49.497952+00:00,2026-08-29 17:04:49.497952+00:00
124996_11,124996,777,7,yellow,,,,4260,,,87,87,False,2026-08-29 17:04:49.497952+00:00,2026-08-29 17:04:49.497952+00:00
124996_12,124996,777,7,yellow,,,,4260,,,90,90,False,2026-08-29 17:04:49.497952+00:00,2026-08-29 17:04:49.497952+00:00
124996_13,124996,777,7,substitution,,,,,128411,24797,91,90+1',True,2026-08-29 17:04:49.497952+00:00,2026-08-29 17:04:49.497952+00:00
124996_14,124996,777,38,substitution,,,,,147032,20337,95,90+5',True,2026-08-29 17:04:49.497952+00:00,2026-08-29 17:04:49.497952+00:00
124997_0,124997,777,4,red,,,,27277,,,22,22,False,2026-08-29 17:04:49.497952+00:00,2026-08-29 17:04:49.497952+00:00
124997_1,124997,777,4,yellow,,,,63741,,,24,24,False,2026-08-29 17:04:49.497952+00:00,2026-08-29 17:04:49.497952+00:00
124997_2,124997,777,4,yellow,,,,13549,,,25,25,False,2026-08-29 17:04:49.497952+00:00,2026-08-29 17:04:49.497952+00:00
124997_3,124997,777,4,yellow,,,,49293,,,25,25,False,2026-08-29 17:04:49.497952+00:00,2026-08-29 17:04:49.497952+00:00
124997_4,124997,777,4,substitution,,,,,119041,133245,28,28,False,2026-08-29 17:04:49.497952+00:00,2026-08-29 17:04:49.497952+00:00
124997_5,124997,777,34,goal,13961,21614,,,,,49,45+4',True,2026-08-29 17:04:49.497952+00:00,2026-08-29 17:04:49.497952+00:00
124997_6,124997,777,34,yellow,,,,35752,,,52,45+7',True,2026-08-29 17:04:49.497952+00:00,2026-08-29 17:04:49.497952+00:00
124997_7,124997,777,34,substitution,,,,,121610,35752,46,46,False,2026-08-29 17:04:49.497952+00:00,2026-08-29 17:04:49.497952+00:00
124997_8,124997,777,34,goal,11071,21614,,,,,55,55,False,2026-08-29 17:04:49.497952+00:00,2026-08-29 17:04:49.497952+00:00
124997_9,124997,777,4,substitution,,,,,14571,63741,65,65,False,2026-08-29 17:04:49.497952+00:00,2026-08-29 17:04:49.497952+00:00
124997_10,124997,777,4,goal,51813,,,,,,72,72,False,2026-08-29 17:04:49.497952+00:00,2026-08-29 17:04:49.497952+00:00
124997_11,124997,777,34,substitution,,,,,14656,14624,73,73,False,2026-08-29 17:04:49.497952+00:00,2026-08-29 17:04:49.497952+00:00
124997_12,124997,777,34,substitution,,,,,16044,3894,73,73,False,2026-08-29 17:04:49.497952+00:00,2026-08-29 17:04:49.497952+00:00
124997_13,124997,777,4,substitution,,,,,72371,49293,75,75,False,2026-08-29 17:04:49.497952+00:00,2026-08-29 17:04:49.497952+00:00
124997_14,124997,777,4,substitution,,,,,125075,68827,76,76,False,2026-08-29 17:04:49.497952+00:00,2026-08-29 17:04:49.497952+00:00
124997_15,124997,777,34,yellow,,,,6712,,,78,78,False,2026-08-29 17:04:49.497952+00:00,2026-08-29 17:04:49.497952+00:00
124997_16,124997,777,34,goal,13961,,,,,,81,81,False,2026-08-29 17:04:49.497952+00:00,2026-08-29 17:04:49.497952+00:00
124997_17,124997,777,34,substitution,,,,,4818,14445,83,83,False,2026-08-29 17:04:49.497952+00:00,2026-08-29 17:04:49.497952+00:00
124997_18,124997,777,34,yellow,,,,11071,,,90,90,False,2026-08-29 17:04:49.497952+00:00,2026-08-29 17:04:49.497952+00:00
124997_19,124997,777,34,substitution,,,,,4979,13961,91,90+1',True,2026-08-29 17:04:49.497952+00:00,2026-08-29 17:04:49.497952+00:00
124998_0,124998,777,131,yellow,,,,8163,,,29,29,False,2026-08-29 17:04:49.497952+00:00,2026-08-29 17:04:49.497952+00:00
124998_1,124998,777,11,penalty goal,65970,,,,,,41,41,False,2026-08-29 17:04:49.497952+00:00,2026-08-29 17:04:49.497952+00:00
124998_2,124998,777,131,yellow,,,,22542,,,41,41,False,2026-08-29 17:04:49.497952+00:00,2026-08-29 17:04:49.497952+00:00
124998_3,124998,777,131,yellow,,,,76090,,,53,53,False,2026-08-29 17:04:49.497952+00:00,2026-08-29 17:04:49.497952+00:00
124998_4,124998,777,131,goal,117732,134333,,,,,60,60,False,2026-08-29 17:04:49.497952+00:00,2026-08-29 17:04:49.497952+00:00
124998_5,124998,777,11,yellow,,,,22857,,,60,60,False,2026-08-29 17:04:49.497952+00:00,2026-08-29 17:04:49.497952+00:00
124998_6,124998,777,131,yellow,,,,67928,,,61,61,False,2026-08-29 17:04:49.497952+00:00,2026-08-29 17:04:49.497952+00:00
124998_7,124998,777,11,substitution,,,,,16286,67849,64,64,False,2026-08-29 17:04:49.497952+00:00,2026-08-29 17:04:49.497952+00:00
124998_8,124998,777,131,yellow,,,,117732,,,69,69,False,2026-08-29 17:04:49.497952+00:00,2026-08-29 17:04:49.497952+00:00
124998_9,124998,777,11,substitution,,,,,68150,14805,73,73,False,2026-08-29 17:04:49.497952+00:00,2026-08-29 17:04:49.497952+00:00
124998_10,124998,777,11,substitution,,,,,99281,76204,73,73,False,2026-08-29 17:04:49.497952+00:00,2026-08-29 17:04:49.497952+00:00
124998_11,124998,777,11,substitution,,,,,112948,4499,73,73,False,2026-08-29 17:04:49.497952+00:00,2026-08-29 17:04:49.497952+00:00
124998_12,124998,777,131,substitution,,,,,3452,51830,77,77,False,2026-08-29 17:04:49.497952+00:00,2026-08-29 17:04:49.497952+00:00
124998_13,124998,777,131,substitution,,,,,134176,143240,77,77,False,2026-08-29 17:04:49.497952+00:00,2026-08-29 17:04:49.497952+00:00
124998_14,124998,777,131,substitution,,,,,2100,134333,83,83,False,2026-08-29 17:04:49.497952+00:00,2026-08-29 17:04:49.497952+00:00
124998_15,124998,777,131,substitution,,,,,117758,117732,83,83,False,2026-08-29 17:04:49.497952+00:00,2026-08-29 17:04:49.497952+00:00
124998_16,124998,777,131,yellow,,,,117758,,,89,89,False,2026-08-29 17:04:49.497952+00:00,2026-08-29 17:04:49.497952+00:00
124999_0,124999,777,23,yellow,,,,124462,,,7,7,False,2026-08-29 17:04:49.497952+00:00,2026-08-29 17:04:49.497952+00:00
124999_1,124999,777,9,yellow,,,,9576,,,22,22,False,2026-08-29 17:04:49.497952+00:00,2026-08-29 17:04:49.497952+00:00
124999_2,124999,777,9,goal,63289,9576,,,,,32,32,False,2026-08-29 17:04:49.497952+00:00,2026-08-29 17:04:49.497952+00:00
124999_3,124999,777,23,goal,14716,115256,,,,,36,36,False,2026-08-29 17:04:49.497952+00:00,2026-08-29 17:04:49.497952+00:00
124999_4,124999,777,23,yellow,,,,23747,,,48,45+3',True,2026-08-29 17:04:49.497952+00:00,2026-08-29 17:04:49.497952+00:00
124999_5,124999,777,9,penalty goal,9576,,,,,,50,45+5',True,2026-08-29 17:04:49.497952+00:00,2026-08-29 17:04:49.497952+00:00
124999_6,124999,777,23,yellow,,,,20607,,,51,45+6',True,2026-08-29 17:04:49.497952+00:00,2026-08-29 17:04:49.497952+00:00
124999_7,124999,777,23,substitution,,,,,49495,71623,46,46,False,2026-08-29 17:04:49.497952+00:00,2026-08-29 17:04:49.497952+00:00
124999_8,124999,777,23,substitution,,,,,49908,124462,46,46,False,2026-08-29 17:04:49.497952+00:00,2026-08-29 17:04:49.497952+00:00
124999_9,124999,777,23,goal,20607,74761,,,,,54,54,False,2026-08-29 17:04:49.497952+00:00,2026-08-29 17:04:49.497952+00:00
124999_10,124999,777,23,substitution,,,,,117497,115256,75,75,False,2026-08-29 17:04:49.497952+00:00,2026-08-29 17:04:49.497952+00:00
124999_11,124999,777,23,substitution,,,,,19888,5220,76,76,False,2026-08-29 17:04:49.497952+00:00,2026-08-29 17:04:49.497952+00:00
124999_12,124999,777,9,goal,63289,115255,,,,,79,79,False,2026-08-29 17:04:49.497952+00:00,2026-08-29 17:04:49.497952+00:00
124999_13,124999,777,9,substitution,,,,,33162,116888,80,80,False,2026-08-29 17:04:49.497952+00:00,2026-08-29 17:04:49.497952+00:00
124999_14,124999,777,23,substitution,,,,,9662,23747,81,81,False,2026-08-29 17:04:49.497952+00:00,2026-08-29 17:04:49.497952+00:00
124999_15,124999,777,9,substitution,,,,,14807,9576,87,87,False,2026-08-29 17:04:49.497952+00:00,2026-08-29 17:04:49.497952+00:00
124999_16,124999,777,23,penalty goal,74761,,,,,,91,90+1',True,2026-08-29 17:04:49.497952+00:00,2026-08-29 17:04:49.497952+00:00
124999_17,124999,777,9,substitution,,,,,35718,13796,97,90+7',True,2026-08-29 17:04:49.497952+00:00,2026-08-29 17:04:49.497952+00:00
124999_18,124999,777,9,substitution,,,,,68676,63289,97,90+7',True,2026-08-29 17:04:49.497952+00:00,2026-08-29 17:04:49.497952+00:00
124999_19,124999,777,9,substitution,,,,,126426,115255,97,90+7',True,2026-08-29 17:04:49.497952+00:00,2026-08-29 17:04:49.497952+00:00
124999_20,124999,777,9,yellow,,,,19731,,,101,90+11',True,2026-08-29 17:04:49.497952+00:00,2026-08-29 17:04:49.497952+00:00
124999_21,124999,777,23,goal,14716,49908,,,,,102,90+12',True,2026-08-29 17:04:49.497952+00:00,2026-08-29 17:04:49.497952+00:00
125000_0,125000,777,25,own goal,,,139648,,,,13,13,False,2026-08-29 17:04:49.497952+00:00,2026-08-29 17:04:49.497952+00:00
125000_1,125000,777,15,substitution,,,,,138137,98300,46,46,False,2026-08-29 17:04:49.497952+00:00,2026-08-29 17:04:49.497952+00:00
125000_2,125000,777,25,goal,65961,,,,,,51,51,False,2026-08-29 17:04:49.497952+00:00,2026-08-29 17:04:49.497952+00:00
125000_3,125000,777,15,goal,115172,51593,,,,,55,55,False,2026-08-29 17:04:49.497952+00:00,2026-08-29 17:04:49.497952+00:00
125000_4,125000,777,25,yellow,,,,63656,,,61,61,False,2026-08-29 17:04:49.497952+00:00,2026-08-29 17:04:49.497952+00:00
125000_5,125000,777,25,substitution,,,,,131312,117579,63,63,False,2026-08-29 17:04:49.497952+00:00,2026-08-29 17:04:49.497952+00:00
125000_6,125000,777,25,substitution,,,,,304595,55776,63,63,False,2026-08-29 17:04:49.497952+00:00,2026-08-29 17:04:49.497952+00:00
125000_7,125000,777,25,substitution,,,,,66560,119072,80,80,False,2026-08-29 17:04:49.497952+00:00,2026-08-29 17:04:49.497952+00:00
125000_8,125000,777,15,penalty goal,15259,,,,,,89,89,False,2026-08-29 17:04:49.497952+00:00,2026-08-29 17:04:49.497952+00:00
125000_9,125000,777,15,substitution,,,,,67510,138137,92,90+2',True,2026-08-29 17:04:49.497952+00:00,2026-08-29 17:04:49.497952+00:00
125000_10,125000,777,25,yellow,,,,13815,,,94,90+4',True,2026-08-29 17:04:49.497952+00:00,2026-08-29 17:04:49.497952+00:00
125000_11,125000,777,25,yellow,,,,32638,,,96,90+6',True,2026-08-29 17:04:49.497952+00:00,2026-08-29 17:04:49.497952+00:00
125001_0,125001,777,2,substitution,,,,,72265,51423,18,18,False,2026-08-29 17:04:49.497952+00:00,2026-08-29 17:04:49.497952+00:00
125001_1,125001,777,7,yellow,,,,24797,,,23,23,False,2026-08-29 17:04:49.497952+00:00,2026-08-29 17:04:49.497952+00:00
125001_2,125001,777,7,yellow,,,,23841,,,47,47,False,2026-08-29 17:04:49.497952+00:00,2026-08-29 17:04:49.497952+00:00
125001_3,125001,777,2,yellow,,,,107846,,,56,56,False,2026-08-29 17:04:49.497952+00:00,2026-08-29 17:04:49.497952+00:00
125001_4,125001,777,7,goal,143922,,,,,,59,59,False,2026-08-29 17:04:49.497952+00:00,2026-08-29 17:04:49.497952+00:00
125001_5,125001,777,2,substitution,,,,,5758,51223,73,73,False,2026-08-29 17:04:49.497952+00:00,2026-08-29 17:04:49.497952+00:00
125001_6,125001,777,2,substitution,,,,,124907,107846,73,73,False,2026-08-29 17:04:49.497952+00:00,2026-08-29 17:04:49.497952+00:00
125001_7,125001,777,7,substitution,,,,,126789,143922,84,84,False,2026-08-29 17:04:49.497952+00:00,2026-08-29 17:04:49.497952+00:00
125002_0,125002,777,127,penalty goal,14846,,,,,,32,32,False,2026-08-29 17:04:49.497952+00:00,2026-08-29 17:04:49.497952+00:00
125002_1,125002,777,131,yellow,,,,3452,,,58,58,False,2026-08-29 17:04:49.497952+00:00,2026-08-29 17:04:49.497952+00:00
125002_2,125002,777,127,yellow,,,,54989,,,60,60,False,2026-08-29 17:04:49.497952+00:00,2026-08-29 17:04:49.497952+00:00
125002_3,125002,777,131,substitution,,,,,51830,143240,66,66,False,2026-08-29 17:04:49.497952+00:00,2026-08-29 17:04:49.497952+00:00
125002_4,125002,777,131,substitution,,,,,124396,112739,66,66,False,2026-08-29 17:04:49.497952+00:00,2026-08-29 17:04:49.497952+00:00
125002_5,125002,777,131,substitution,,,,,136175,134176,66,66,False,2026-08-29 17:04:49.497952+00:00,2026-08-29 17:04:49.497952+00:00
125002_6,125002,777,127,substitution,,,,,3512,14846,71,71,False,2026-08-29 17:04:49.497952+00:00,2026-08-29 17:04:49.497952+00:00
125002_7,125002,777,127,substitution,,,,,15572,137832,72,72,False,2026-08-29 17:04:49.497952+00:00,2026-08-29 17:04:49.497952+00:00
125002_8,125002,777,131,substitution,,,,,145043,3452,77,77,False,2026-08-29 17:04:49.497952+00:00,2026-08-29 17:04:49.497952+00:00
125002_9,125002,777,131,yellow,,,,76090,,,77,77,False,2026-08-29 17:04:49.497952+00:00,2026-08-29 17:04:49.497952+00:00
125002_10,125002,777,127,substitution,,,,,132285,118080,79,79,False,2026-08-29 17:04:49.497952+00:00,2026-08-29 17:04:49.497952+00:00
125002_11,125002,777,127,yellow,,,,3512,,,83,83,False,2026-08-29 17:04:49.497952+00:00,2026-08-29 17:04:49.497952+00:00
125002_12,125002,777,127,yellow,,,,134403,,,85,85,False,2026-08-29 17:04:49.497952+00:00,2026-08-29 17:04:49.497952+00:00
125002_13,125002,777,131,substitution,,,,,20505,50727,89,89,False,2026-08-29 17:04:49.497952+00:00,2026-08-29 17:04:49.497952+00:00
125002_14,125002,777,131,goal,145043,76090,,,,,91,90+1',True,2026-08-29 17:04:49.497952+00:00,2026-08-29 17:04:49.497952+00:00
125002_15,125002,777,127,substitution,,,,,140546,119381,99,90+9',True,2026-08-29 17:04:49.497952+00:00,2026-08-29 17:04:49.497952+00:00
125003_0,125003,777,4,goal,72371,63741,,,,,26,26,False,2026-08-29 17:04:49.497952+00:00,2026-08-29 17:04:49.497952+00:00
125003_1,125003,777,130,yellow,,,,127594,,,36,36,False,2026-08-29 17:04:49.497952+00:00,2026-08-29 17:04:49.497952+00:00
125003_2,125003,777,130,yellow,,,,23194,,,48,45+3',True,2026-08-29 17:04:49.497952+00:00,2026-08-29 17:04:49.497952+00:00
125003_3,125003,777,4,substitution,,,,,133245,68987,57,57,False,2026-08-29 17:04:49.497952+00:00,2026-08-29 17:04:49.497952+00:00
125003_4,125003,777,4,substitution,,,,,66284,13549,58,58,False,2026-08-29 17:04:49.497952+00:00,2026-08-29 17:04:49.497952+00:00
125003_5,125003,777,4,yellow,,,,27277,,,67,67,False,2026-08-29 17:04:49.497952+00:00,2026-08-29 17:04:49.497952+00:00
125003_6,125003,777,4,substitution,,,,,51813,72371,74,74,False,2026-08-29 17:04:49.497952+00:00,2026-08-29 17:04:49.497952+00:00
125003_7,125003,777,4,penalty goal,49293,,,,,,76,76,False,2026-08-29 17:04:49.497952+00:00,2026-08-29 17:04:49.497952+00:00
125003_8,125003,777,130,substitution,,,,,133890,49731,77,77,False,2026-08-29 17:04:49.497952+00:00,2026-08-29 17:04:49.497952+00:00
125003_9,125003,777,130,substitution,,,,,24369,127594,82,82,False,2026-08-29 17:04:49.497952+00:00,2026-08-29 17:04:49.497952+00:00
125003_10,125003,777,130,substitution,,,,,115166,10947,82,82,False,2026-08-29 17:04:49.497952+00:00,2026-08-29 17:04:49.497952+00:00
125003_11,125003,777,4,yellow,,,,66284,,,83,83,False,2026-08-29 17:04:49.497952+00:00,2026-08-29 17:04:49.497952+00:00
125003_12,125003,777,4,substitution,,,,,119041,63741,85,85,False,2026-08-29 17:04:49.497952+00:00,2026-08-29 17:04:49.497952+00:00
125003_13,125003,777,4,substitution,,,,,125075,14571,85,85,False,2026-08-29 17:04:49.497952+00:00,2026-08-29 17:04:49.497952+00:00
125003_14,125003,777,4,yellow,,,,49293,,,91,90+1',True,2026-08-29 17:04:49.497952+00:00,2026-08-29 17:04:49.497952+00:00
125003_15,125003,777,130,substitution,,,,,133097,128891,94,90+4',True,2026-08-29 17:04:49.497952+00:00,2026-08-29 17:04:49.497952+00:00
125004_0,125004,777,34,yellow,,,,6712,,,27,27,False,2026-08-29 17:04:49.497952+00:00,2026-08-29 17:04:49.497952+00:00
125004_1,125004,777,34,yellow,,,,16044,,,28,28,False,2026-08-29 17:04:49.497952+00:00,2026-08-29 17:04:49.497952+00:00
125004_2,125004,777,9,yellow,,,,19731,,,41,41,False,2026-08-29 17:04:49.497952+00:00,2026-08-29 17:04:49.497952+00:00
125004_3,125004,777,34,yellow,,,,13961,,,56,56,False,2026-08-29 17:04:49.497952+00:00,2026-08-29 17:04:49.497952+00:00
125004_4,125004,777,34,substitution,,,,,121610,14656,65,65,False,2026-08-29 17:04:49.497952+00:00,2026-08-29 17:04:49.497952+00:00
125004_5,125004,777,34,substitution,,,,,3894,16044,66,66,False,2026-08-29 17:04:49.497952+00:00,2026-08-29 17:04:49.497952+00:00
125004_6,125004,777,9,substitution,,,,,68676,33162,70,70,False,2026-08-29 17:04:49.497952+00:00,2026-08-29 17:04:49.497952+00:00
125004_7,125004,777,34,substitution,,,,,128976,14445,77,77,False,2026-08-29 17:04:49.497952+00:00,2026-08-29 17:04:49.497952+00:00
125004_8,125004,777,9,substitution,,,,,14807,14608,81,81,False,2026-08-29 17:04:49.497952+00:00,2026-08-29 17:04:49.497952+00:00
125004_9,125004,777,9,substitution,,,,,126426,115255,81,81,False,2026-08-29 17:04:49.497952+00:00,2026-08-29 17:04:49.497952+00:00
125004_10,125004,777,34,yellow,,,,35752,,,87,87,False,2026-08-29 17:04:49.497952+00:00,2026-08-29 17:04:49.497952+00:00
125004_11,125004,777,34,substitution,,,,,49884,13961,88,88,False,2026-08-29 17:04:49.497952+00:00,2026-08-29 17:04:49.497952+00:00
125004_12,125004,777,34,substitution,,,,,144894,11071,88,88,False,2026-08-29 17:04:49.497952+00:00,2026-08-29 17:04:49.497952+00:00
125004_13,125004,777,9,goal,14807,19731,,,,,91,90+1',True,2026-08-29 17:04:49.497952+00:00,2026-08-29 17:04:49.497952+00:00
125004_14,125004,777,9,substitution,,,,,35718,63289,94,90+4',True,2026-08-29 17:04:49.497952+00:00,2026-08-29 17:04:49.497952+00:00
125004_15,125004,777,34,yellow,,,,144894,,,95,90+5',True,2026-08-29 17:04:49.497952+00:00,2026-08-29 17:04:49.497952+00:00
125005_0,125005,777,10,yellow,,,,116665,,,40,40,False,2026-08-29 17:04:49.497952+00:00,2026-08-29 17:04:49.497952+00:00
125005_1,125005,777,10,goal,75382,23815,,,,,42,42,False,2026-08-29 17:04:49.497952+00:00,2026-08-29 17:04:49.497952+00:00
125005_2,125005,777,43,goal,15139,63851,,,,,65,65,False,2026-08-29 17:04:49.497952+00:00,2026-08-29 17:04:49.497952+00:00
125005_3,125005,777,43,substitution,,,,,64282,31442,74,74,False,2026-08-29 17:04:49.497952+00:00,2026-08-29 17:04:49.497952+00:00
125005_4,125005,777,43,substitution,,,,,128456,124531,74,74,False,2026-08-29 17:04:49.497952+00:00,2026-08-29 17:04:49.497952+00:00
125005_5,125005,777,10,substitution,,,,,10458,116665,78,78,False,2026-08-29 17:04:49.497952+00:00,2026-08-29 17:04:49.497952+00:00
125005_6,125005,777,10,substitution,,,,,63633,49909,78,78,False,2026-08-29 17:04:49.497952+00:00,2026-08-29 17:04:49.497952+00:00
125005_7,125005,777,10,substitution,,,,,134796,32894,78,78,False,2026-08-29 17:04:49.497952+00:00,2026-08-29 17:04:49.497952+00:00
125005_8,125005,777,43,substitution,,,,,8127,74960,85,85,False,2026-08-29 17:04:49.497952+00:00,2026-08-29 17:04:49.497952+00:00
125005_9,125005,777,10,substitution,,,,,15802,23815,87,87,False,2026-08-29 17:04:49.497952+00:00,2026-08-29 17:04:49.497952+00:00
125005_10,125005,777,43,substitution,,,,,68593,15139,90,90,False,2026-08-29 17:04:49.497952+00:00,2026-08-29 17:04:49.497952+00:00
125005_11,125005,777,43,substitution,,,,,74964,63851,90,90,False,2026-08-29 17:04:49.497952+00:00,2026-08-29 17:04:49.497952+00:00
125005_12,125005,777,43,yellow,,,,8246,,,91,90+1',True,2026-08-29 17:04:49.497952+00:00,2026-08-29 17:04:49.497952+00:00
125005_13,125005,777,43,yellow,,,,51498,,,92,90+2',True,2026-08-29 17:04:49.497952+00:00,2026-08-29 17:04:49.497952+00:00
125006_0,125006,777,12,yellow,,,,24252,,,11,11,False,2026-08-29 17:04:49.497952+00:00,2026-08-29 17:04:49.497952+00:00
125006_1,125006,777,12,yellow,,,,4608,,,17,17,False,2026-08-29 17:04:49.497952+00:00,2026-08-29 17:04:49.497952+00:00
125006_2,125006,777,11,yellow,,,,16286,,,47,45+2',True,2026-08-29 17:04:49.497952+00:00,2026-08-29 17:04:49.497952+00:00
125006_3,125006,777,11,substitution,,,,,68150,14805,46,46,False,2026-08-29 17:04:49.497952+00:00,2026-08-29 17:04:49.497952+00:00
125006_4,125006,777,11,substitution,,,,,112948,111022,46,46,False,2026-08-29 17:04:49.497952+00:00,2026-08-29 17:04:49.497952+00:00
125006_5,125006,777,11,yellow,,,,112948,,,48,48,False,2026-08-29 17:04:49.497952+00:00,2026-08-29 17:04:49.497952+00:00
125006_6,125006,777,12,goal,66360,23396,,,,,65,65,False,2026-08-29 17:04:49.497952+00:00,2026-08-29 17:04:49.497952+00:00
125006_7,125006,777,12,substitution,,,,,51202,66360,71,71,False,2026-08-29 17:04:49.497952+00:00,2026-08-29 17:04:49.497952+00:00
125006_8,125006,777,11,yellow,,,,99281,,,75,75,False,2026-08-29 17:04:49.497952+00:00,2026-08-29 17:04:49.497952+00:00
125006_9,125006,777,12,goal,146567,51202,,,,,76,76,False,2026-08-29 17:04:49.497952+00:00,2026-08-29 17:04:49.497952+00:00
125006_10,125006,777,11,substitution,,,,,26335,5067,80,80,False,2026-08-29 17:04:49.497952+00:00,2026-08-29 17:04:49.497952+00:00
125006_11,125006,777,11,substitution,,,,,71432,54156,80,80,False,2026-08-29 17:04:49.497952+00:00,2026-08-29 17:04:49.497952+00:00
125006_12,125006,777,11,substitution,,,,,127852,65970,80,80,False,2026-08-29 17:04:49.497952+00:00,2026-08-29 17:04:49.497952+00:00
125006_13,125006,777,12,substitution,,,,,118031,5793,81,81,False,2026-08-29 17:04:49.497952+00:00,2026-08-29 17:04:49.497952+00:00
125006_14,125006,777,12,substitution,,,,,14580,23396,91,90+1',True,2026-08-29 17:04:49.497952+00:00,2026-08-29 17:04:49.497952+00:00
125006_15,125006,777,12,substitution,,,,,133114,4608,91,90+1',True,2026-08-29 17:04:49.497952+00:00,2026-08-29 17:04:49.497952+00:00
125006_16,125006,777,12,goal,14580,51202,,,,,92,90+2',True,2026-08-29 17:04:49.497952+00:00,2026-08-29 17:04:49.497952+00:00
125007_0,125007,777,1,yellow,,,,67776,,,37,37,False,2026-08-29 17:04:49.497952+00:00,2026-08-29 17:04:49.497952+00:00
125007_1,125007,777,1,substitution,,,,,20486,66104,46,46,False,2026-08-29 17:04:49.497952+00:00,2026-08-29 17:04:49.497952+00:00
125007_2,125007,777,1,substitution,,,,,19680,32728,57,57,False,2026-08-29 17:04:49.497952+00:00,2026-08-29 17:04:49.497952+00:00
125007_3,125007,777,1,substitution,,,,,19778,11419,57,57,False,2026-08-29 17:04:49.497952+00:00,2026-08-29 17:04:49.497952+00:00
125007_4,125007,777,1,substitution,,,,,49481,67407,57,57,False,2026-08-29 17:04:49.497952+00:00,2026-08-29 17:04:49.497952+00:00
125007_5,125007,777,15,substitution,,,,,50623,304123,76,76,False,2026-08-29 17:04:49.497952+00:00,2026-08-29 17:04:49.497952+00:00
125007_6,125007,777,1,substitution,,,,,21584,64523,79,79,False,2026-08-29 17:04:49.497952+00:00,2026-08-29 17:04:49.497952+00:00
125007_7,125007,777,15,substitution,,,,,98300,115172,89,89,False,2026-08-29 17:04:49.497952+00:00,2026-08-29 17:04:49.497952+00:00
125007_8,125007,777,15,yellow,,,,10439,,,90,90,False,2026-08-29 17:04:49.497952+00:00,2026-08-29 17:04:49.497952+00:00
125008_0,125008,777,6,yellow,,,,50842,,,17,17,False,2026-08-29 17:04:49.497952+00:00,2026-08-29 17:04:49.497952+00:00
125008_1,125008,777,6,goal,109117,,,,,,30,30,False,2026-08-29 17:04:49.497952+00:00,2026-08-29 17:04:49.497952+00:00
125008_2,125008,777,29,goal,138104,51199,,,,,33,33,False,2026-08-29 17:04:49.497952+00:00,2026-08-29 17:04:49.497952+00:00
125008_3,125008,777,6,yellow,,,,69595,,,36,36,False,2026-08-29 17:04:49.497952+00:00,2026-08-29 17:04:49.497952+00:00
125008_4,125008,777,29,yellow,,,,122126,,,48,48,False,2026-08-29 17:04:49.497952+00:00,2026-08-29 17:04:49.497952+00:00
125008_5,125008,777,6,yellow,,,,24334,,,63,63,False,2026-08-29 17:04:49.497952+00:00,2026-08-29 17:04:49.497952+00:00
125008_6,125008,777,29,yellow,,,,51199,,,63,63,False,2026-08-29 17:04:49.497952+00:00,2026-08-29 17:04:49.497952+00:00
125008_7,125008,777,29,yellow,,,,66659,,,66,66,False,2026-08-29 17:04:49.497952+00:00,2026-08-29 17:04:49.497952+00:00
125008_8,125008,777,29,goal,67784,,,,,,71,71,False,2026-08-29 17:04:49.497952+00:00,2026-08-29 17:04:49.497952+00:00
125008_9,125008,777,29,substitution,,,,,126920,67784,84,84,False,2026-08-29 17:04:49.497952+00:00,2026-08-29 17:04:49.497952+00:00
125008_10,125008,777,29,substitution,,,,,51609,51610,88,88,False,2026-08-29 17:04:49.497952+00:00,2026-08-29 17:04:49.497952+00:00
125009_0,125009,777,25,yellow,,,,63257,,,1,1,False,2026-08-29 17:04:49.497952+00:00,2026-08-29 17:04:49.497952+00:00
125009_1,125009,777,25,goal,65961,119072,,,,,15,15,False,2026-08-29 17:04:49.497952+00:00,2026-08-29 17:04:49.497952+00:00
125009_2,125009,777,21,substitution,,,,,23764,4408,19,19,False,2026-08-29 17:04:49.497952+00:00,2026-08-29 17:04:49.497952+00:00
125009_3,125009,777,21,yellow,,,,4408,,,19,19,False,2026-08-29 17:04:49.497952+00:00,2026-08-29 17:04:49.497952+00:00
125009_4,125009,777,21,yellow,,,,117596,,,39,39,False,2026-08-29 17:04:49.497952+00:00,2026-08-29 17:04:49.497952+00:00
125009_5,125009,777,21,yellow,,,,66635,,,46,45+1',True,2026-08-29 17:04:49.497952+00:00,2026-08-29 17:04:49.497952+00:00
125009_6,125009,777,21,substitution,,,,,50245,117596,46,46,False,2026-08-29 17:04:49.497952+00:00,2026-08-29 17:04:49.497952+00:00
125009_7,125009,777,25,yellow,,,,8868,,,52,52,False,2026-08-29 17:04:49.497952+00:00,2026-08-29 17:04:49.497952+00:00
125009_8,125009,777,21,yellow,,,,75582,,,57,57,False,2026-08-29 17:04:49.497952+00:00,2026-08-29 17:04:49.497952+00:00
125009_9,125009,777,21,substitution,,,,,10443,76614,62,62,False,2026-08-29 17:04:49.497952+00:00,2026-08-29 17:04:49.497952+00:00
125009_10,125009,777,21,goal,66635,32229,,,,,64,64,False,2026-08-29 17:04:49.497952+00:00,2026-08-29 17:04:49.497952+00:00
125009_11,125009,777,25,yellow,,,,25183,,,72,72,False,2026-08-29 17:04:49.497952+00:00,2026-08-29 17:04:49.497952+00:00
125009_12,125009,777,21,yellow,,,,23764,,,78,78,False,2026-08-29 17:04:49.497952+00:00,2026-08-29 17:04:49.497952+00:00
125009_13,125009,777,25,substitution,,,,,40159,304595,79,79,False,2026-08-29 17:04:49.497952+00:00,2026-08-29 17:04:49.497952+00:00
125009_14,125009,777,21,substitution,,,,,133603,118579,90,90,False,2026-08-29 17:04:49.497952+00:00,2026-08-29 17:04:49.497952+00:00
125009_15,125009,777,25,substitution,,,,,8454,63257,91,90+1',True,2026-08-29 17:04:49.497952+00:00,2026-08-29 17:04:49.497952+00:00
125009_16,125009,777,25,goal,8454,,,,,,93,90+3',True,2026-08-29 17:04:49.497952+00:00,2026-08-29 17:04:49.497952+00:00
125009_17,125009,777,25,substitution,,,,,13522,119072,96,90+6',True,2026-08-29 17:04:49.497952+00:00,2026-08-29 17:04:49.497952+00:00
125010_0,125010,777,23,yellow,,,,71623,,,58,58,False,2026-08-29 17:04:49.497952+00:00,2026-08-29 17:04:49.497952+00:00
125010_1,125010,777,38,substitution,,,,,35670,115371,65,65,False,2026-08-29 17:04:49.497952+00:00,2026-08-29 17:04:49.497952+00:00
125010_2,125010,777,23,substitution,,,,,49259,23747,67,67,False,2026-08-29 17:04:49.497952+00:00,2026-08-29 17:04:49.497952+00:00
125010_3,125010,777,23,substitution,,,,,117497,115256,67,67,False,2026-08-29 17:04:49.497952+00:00,2026-08-29 17:04:49.497952+00:00
125010_4,125010,777,23,substitution,,,,,117647,71623,67,67,False,2026-08-29 17:04:49.497952+00:00,2026-08-29 17:04:49.497952+00:00
125010_5,125010,777,38,substitution,,,,,143218,133679,71,71,False,2026-08-29 17:04:49.497952+00:00,2026-08-29 17:04:49.497952+00:00
125010_6,125010,777,38,yellow,,,,115114,,,78,78,False,2026-08-29 17:04:49.497952+00:00,2026-08-29 17:04:49.497952+00:00
125010_7,125010,777,38,substitution,,,,,108947,20337,85,85,False,2026-08-29 17:04:49.497952+00:00,2026-08-29 17:04:49.497952+00:00
125010_8,125010,777,23,yellow,,,,49908,,,89,89,False,2026-08-29 17:04:49.497952+00:00,2026-08-29 17:04:49.497952+00:00
125010_9,125010,777,38,yellow,,,,143214,,,95,90+5',True,2026-08-29 17:04:49.497952+00:00,2026-08-29 17:04:49.497952+00:00
125011_0,125011,777,1,own goal,,,67191,,,,29,29,False,2026-08-29 17:04:49.497952+00:00,2026-08-29 17:04:49.497952+00:00
125011_1,125011,777,12,goal,66360,,,,,,37,37,False,2026-08-29 17:04:49.497952+00:00,2026-08-29 17:04:49.497952+00:00
125011_2,125011,777,12,goal,146567,23396,,,,,50,50,False,2026-08-29 17:04:49.497952+00:00,2026-08-29 17:04:49.497952+00:00
125011_3,125011,777,1,substitution,,,,,14548,118077,58,58,False,2026-08-29 17:04:49.497952+00:00,2026-08-29 17:04:49.497952+00:00
125011_4,125011,777,1,substitution,,,,,19778,11419,58,58,False,2026-08-29 17:04:49.497952+00:00,2026-08-29 17:04:49.497952+00:00
125011_5,125011,777,1,substitution,,,,,21584,64523,58,58,False,2026-08-29 17:04:49.497952+00:00,2026-08-29 17:04:49.497952+00:00
125011_6,125011,777,1,substitution,,,,,32728,19680,58,58,False,2026-08-29 17:04:49.497952+00:00,2026-08-29 17:04:49.497952+00:00
125011_7,125011,777,1,yellow,,,,15202,,,64,64,False,2026-08-29 17:04:49.497952+00:00,2026-08-29 17:04:49.497952+00:00
125011_8,125011,777,12,substitution,,,,,51202,66360,69,69,False,2026-08-29 17:04:49.497952+00:00,2026-08-29 17:04:49.497952+00:00
125011_9,125011,777,1,substitution,,,,,67407,20486,75,75,False,2026-08-29 17:04:49.497952+00:00,2026-08-29 17:04:49.497952+00:00
125011_10,125011,777,12,substitution,,,,,66036,146567,81,81,False,2026-08-29 17:04:49.497952+00:00,2026-08-29 17:04:49.497952+00:00
125011_11,125011,777,1,goal,19778,,,,,,84,84,False,2026-08-29 17:04:49.497952+00:00,2026-08-29 17:04:49.497952+00:00
125011_12,125011,777,12,goal,51202,108936,,,,,87,87,False,2026-08-29 17:04:49.497952+00:00,2026-08-29 17:04:49.497952+00:00
125011_13,125011,777,12,substitution,,,,,33245,69176,88,88,False,2026-08-29 17:04:49.497952+00:00,2026-08-29 17:04:49.497952+00:00
125011_14,125011,777,1,yellow,,,,21584,,,91,90+1',True,2026-08-29 17:04:49.497952+00:00,2026-08-29 17:04:49.497952+00:00
125012_0,125012,777,127,goal,33032,74976,,,,,26,26,False,2026-08-29 17:04:49.497952+00:00,2026-08-29 17:04:49.497952+00:00
125012_1,125012,777,127,goal,119381,51942,,,,,33,33,False,2026-08-29 17:04:49.497952+00:00,2026-08-29 17:04:49.497952+00:00
125012_2,125012,777,10,substitution,,,,,43586,10651,34,34,False,2026-08-29 17:04:49.497952+00:00,2026-08-29 17:04:49.497952+00:00
125012_3,125012,777,10,goal,5140,33231,,,,,45,45,False,2026-08-29 17:04:49.497952+00:00,2026-08-29 17:04:49.497952+00:00
125012_4,125012,777,127,yellow,,,,137832,,,48,45+3',True,2026-08-29 17:04:49.497952+00:00,2026-08-29 17:04:49.497952+00:00
125012_5,125012,777,10,substitution,,,,,10458,116665,46,46,False,2026-08-29 17:04:49.497952+00:00,2026-08-29 17:04:49.497952+00:00
125012_6,125012,777,10,substitution,,,,,23815,19919,59,59,False,2026-08-29 17:04:49.497952+00:00,2026-08-29 17:04:49.497952+00:00
125012_7,125012,777,10,substitution,,,,,81542,63633,59,59,False,2026-08-29 17:04:49.497952+00:00,2026-08-29 17:04:49.497952+00:00
125012_8,125012,777,127,substitution,,,,,15572,137832,67,67,False,2026-08-29 17:04:49.497952+00:00,2026-08-29 17:04:49.497952+00:00
125012_9,125012,777,10,substitution,,,,,134796,32894,74,74,False,2026-08-29 17:04:49.497952+00:00,2026-08-29 17:04:49.497952+00:00
125012_10,125012,777,10,goal,33231,5178,,,,,80,80,False,2026-08-29 17:04:49.497952+00:00,2026-08-29 17:04:49.497952+00:00
125012_11,125012,777,127,substitution,,,,,135304,119381,85,85,False,2026-08-29 17:04:49.497952+00:00,2026-08-29 17:04:49.497952+00:00
125012_12,125012,777,127,substitution,,,,,16582,33032,93,90+3',True,2026-08-29 17:04:49.497952+00:00,2026-08-29 17:04:49.497952+00:00
125012_13,125012,777,10,yellow,,,,49909,,,93,90+3',True,2026-08-29 17:04:49.497952+00:00,2026-08-29 17:04:49.497952+00:00
125012_14,125012,777,127,goal,118080,,,,,,95,90+5',True,2026-08-29 17:04:49.497952+00:00,2026-08-29 17:04:49.497952+00:00
125013_0,125013,777,15,goal,304123,,,,,,12,12,False,2026-08-29 17:04:49.497952+00:00,2026-08-29 17:04:49.497952+00:00
125013_1,125013,777,130,substitution,,,,,65987,20113,37,37,False,2026-08-29 17:04:49.497952+00:00,2026-08-29 17:04:49.497952+00:00
125013_2,125013,777,130,substitution,,,,,133890,49731,37,37,False,2026-08-29 17:04:49.497952+00:00,2026-08-29 17:04:49.497952+00:00
125013_3,125013,777,15,substitution,,,,,98300,115172,61,61,False,2026-08-29 17:04:49.497952+00:00,2026-08-29 17:04:49.497952+00:00
125013_4,125013,777,130,yellow,,,,128891,,,66,66,False,2026-08-29 17:04:49.497952+00:00,2026-08-29 17:04:49.497952+00:00
125013_5,125013,777,130,substitution,,,,,115166,10947,67,67,False,2026-08-29 17:04:49.497952+00:00,2026-08-29 17:04:49.497952+00:00
125013_6,125013,777,15,substitution,,,,,15340,304123,68,68,False,2026-08-29 17:04:49.497952+00:00,2026-08-29 17:04:49.497952+00:00
125013_7,125013,777,15,goal,15340,15259,,,,,80,80,False,2026-08-29 17:04:49.497952+00:00,2026-08-29 17:04:49.497952+00:00
125013_8,125013,777,130,substitution,,,,,3712,128891,81,81,False,2026-08-29 17:04:49.497952+00:00,2026-08-29 17:04:49.497952+00:00
125013_9,125013,777,130,substitution,,,,,24369,133460,81,81,False,2026-08-29 17:04:49.497952+00:00,2026-08-29 17:04:49.497952+00:00
125013_10,125013,777,15,substitution,,,,,67510,23702,87,87,False,2026-08-29 17:04:49.497952+00:00,2026-08-29 17:04:49.497952+00:00
125014_0,125014,777,21,goal,75582,,,,,,38,38,False,2026-08-29 17:04:49.497952+00:00,2026-08-29 17:04:49.497952+00:00
125014_1,125014,777,43,goal,13559,3955,,,,,45,45,False,2026-08-29 17:04:49.497952+00:00,2026-08-29 17:04:49.497952+00:00
125014_2,125014,777,21,substitution,,,,,126824,32229,46,46,False,2026-08-29 17:04:49.497952+00:00,2026-08-29 17:04:49.497952+00:00
125014_3,125014,777,43,substitution,,,,,8127,63851,69,69,False,2026-08-29 17:04:49.497952+00:00,2026-08-29 17:04:49.497952+00:00
125014_4,125014,777,43,substitution,,,,,64282,31442,69,69,False,2026-08-29 17:04:49.497952+00:00,2026-08-29 17:04:49.497952+00:00
125014_5,125014,777,43,goal,64282,,,,,,76,76,False,2026-08-29 17:04:49.497952+00:00,2026-08-29 17:04:49.497952+00:00
125014_6,125014,777,21,substitution,,,,,76614,25892,78,78,False,2026-08-29 17:04:49.497952+00:00,2026-08-29 17:04:49.497952+00:00
125014_7,125014,777,21,substitution,,,,,117596,50245,78,78,False,2026-08-29 17:04:49.497952+00:00,2026-08-29 17:04:49.497952+00:00
125014_8,125014,777,43,yellow,,,,8127,,,79,79,False,2026-08-29 17:04:49.497952+00:00,2026-08-29 17:04:49.497952+00:00
125014_9,125014,777,21,substitution,,,,,66570,21887,85,85,False,2026-08-29 17:04:49.497952+00:00,2026-08-29 17:04:49.497952+00:00
125014_10,125014,777,43,substitution,,,,,68593,15139,85,85,False,2026-08-29 17:04:49.497952+00:00,2026-08-29 17:04:49.497952+00:00
125014_11,125014,777,21,goal,66635,118579,,,,,90,90,False,2026-08-29 17:04:49.497952+00:00,2026-08-29 17:04:49.497952+00:00
125014_12,125014,777,21,substitution,,,,,69070,66635,95,90+5',True,2026-08-29 17:04:49.497952+00:00,2026-08-29 17:04:49.497952+00:00
125015_0,125015,777,4,yellow,,,,112203,,,20,20,False,2026-08-29 17:04:49.497952+00:00,2026-08-29 17:04:49.497952+00:00
125015_1,125015,777,4,goal,304474,,,,,,34,34,False,2026-08-29 17:04:49.497952+00:00,2026-08-29 17:04:49.497952+00:00
125015_2,125015,777,4,goal,72371,304474,,,,,50,50,False,2026-08-29 17:04:49.497952+00:00,2026-08-29 17:04:49.497952+00:00
125015_3,125015,777,6,yellow,,,,147312,,,63,63,False,2026-08-29 17:04:49.497952+00:00,2026-08-29 17:04:49.497952+00:00
125015_4,125015,777,4,penalty goal,63741,,,,,,64,64,False,2026-08-29 17:04:49.497952+00:00,2026-08-29 17:04:49.497952+00:00
125015_5,125015,777,6,substitution,,,,,20118,24334,65,65,False,2026-08-29 17:04:49.497952+00:00,2026-08-29 17:04:49.497952+00:00
125015_6,125015,777,6,substitution,,,,,109117,147312,65,65,False,2026-08-29 17:04:49.497952+00:00,2026-08-29 17:04:49.497952+00:00
125015_7,125015,777,6,yellow,,,,69595,,,67,67,False,2026-08-29 17:04:49.497952+00:00,2026-08-29 17:04:49.497952+00:00
125015_8,125015,777,4,substitution,,,,,66284,112203,73,73,False,2026-08-29 17:04:49.497952+00:00,2026-08-29 17:04:49.497952+00:00
125015_9,125015,777,6,yellow,,,,69595,,,73,73,False,2026-08-29 17:04:49.497952+00:00,2026-08-29 17:04:49.497952+00:00
125015_10,125015,777,4,substitution,,,,,68583,304474,74,74,False,2026-08-29 17:04:49.497952+00:00,2026-08-29 17:04:49.497952+00:00
125015_11,125015,777,4,substitution,,,,,68827,21998,74,74,False,2026-08-29 17:04:49.497952+00:00,2026-08-29 17:04:49.497952+00:00
125015_12,125015,777,6,substitution,,,,,8589,49374,76,76,False,2026-08-29 17:04:49.497952+00:00,2026-08-29 17:04:49.497952+00:00
125015_13,125015,777,6,substitution,,,,,110549,76353,76,76,False,2026-08-29 17:04:49.497952+00:00,2026-08-29 17:04:49.497952+00:00
125015_14,125015,777,4,substitution,,,,,119041,14571,81,81,False,2026-08-29 17:04:49.497952+00:00,2026-08-29 17:04:49.497952+00:00
125015_15,125015,777,4,substitution,,,,,51813,72371,85,85,False,2026-08-29 17:04:49.497952+00:00,2026-08-29 17:04:49.497952+00:00
125015_16,125015,777,6,substitution,,,,,146391,20874,85,85,False,2026-08-29 17:04:49.497952+00:00,2026-08-29 17:04:49.497952+00:00
125015_17,125015,777,6,goal,50842,110549,,,,,88,88,False,2026-08-29 17:04:49.497952+00:00,2026-08-29 17:04:49.497952+00:00
125015_18,125015,777,4,yellow,,,,133245,,,90,90,False,2026-08-29 17:04:49.497952+00:00,2026-08-29 17:04:49.497952+00:00
125015_19,125015,777,6,yellow,,,,37776,,,90,90,False,2026-08-29 17:04:49.497952+00:00,2026-08-29 17:04:49.497952+00:00
125016_0,125016,777,9,goal,13515,116888,,,,,28,28,False,2026-08-29 17:04:49.497952+00:00,2026-08-29 17:04:49.497952+00:00
125016_1,125016,777,7,substitution,,,,,14706,24797,46,46,False,2026-08-29 17:04:49.497952+00:00,2026-08-29 17:04:49.497952+00:00
125016_2,125016,777,7,substitution,,,,,66318,134286,46,46,False,2026-08-29 17:04:49.497952+00:00,2026-08-29 17:04:49.497952+00:00
125016_3,125016,777,9,yellow,,,,116888,,,54,54,False,2026-08-29 17:04:49.497952+00:00,2026-08-29 17:04:49.497952+00:00
125016_4,125016,777,9,yellow,,,,115255,,,56,56,False,2026-08-29 17:04:49.497952+00:00,2026-08-29 17:04:49.497952+00:00
125016_5,125016,777,9,substitution,,,,,126426,115255,66,66,False,2026-08-29 17:04:49.497952+00:00,2026-08-29 17:04:49.497952+00:00
125016_6,125016,777,7,substitution,,,,,112917,74585,71,71,False,2026-08-29 17:04:49.497952+00:00,2026-08-29 17:04:49.497952+00:00
125016_7,125016,777,7,goal,143922,12582,,,,,76,76,False,2026-08-29 17:04:49.497952+00:00,2026-08-29 17:04:49.497952+00:00
125016_8,125016,777,9,substitution,,,,,14897,116888,85,85,False,2026-08-29 17:04:49.497952+00:00,2026-08-29 17:04:49.497952+00:00
125016_9,125016,777,9,substitution,,,,,33162,63289,85,85,False,2026-08-29 17:04:49.497952+00:00,2026-08-29 17:04:49.497952+00:00
125016_10,125016,777,9,substitution,,,,,133430,35718,85,85,False,2026-08-29 17:04:49.497952+00:00,2026-08-29 17:04:49.497952+00:00
125016_11,125016,777,7,substitution,,,,,126789,143922,89,89,False,2026-08-29 17:04:49.497952+00:00,2026-08-29 17:04:49.497952+00:00
125016_12,125016,777,9,yellow,,,,133430,,,90,90,False,2026-08-29 17:04:49.497952+00:00,2026-08-29 17:04:49.497952+00:00
125017_0,125017,777,131,goal,134333,20505,,,,,28,28,False,2026-08-29 17:04:49.497952+00:00,2026-08-29 17:04:49.497952+00:00
125017_1,125017,777,34,substitution,,,,,14656,14624,59,59,False,2026-08-29 17:04:49.497952+00:00,2026-08-29 17:04:49.497952+00:00
125017_2,125017,777,34,substitution,,,,,53063,121610,59,59,False,2026-08-29 17:04:49.497952+00:00,2026-08-29 17:04:49.497952+00:00
125017_3,125017,777,34,yellow,,,,21614,,,66,66,False,2026-08-29 17:04:49.497952+00:00,2026-08-29 17:04:49.497952+00:00
125017_4,125017,777,34,substitution,,,,,3894,14445,69,69,False,2026-08-29 17:04:49.497952+00:00,2026-08-29 17:04:49.497952+00:00
125017_5,125017,777,34,goal,53063,26151,,,,,72,72,False,2026-08-29 17:04:49.497952+00:00,2026-08-29 17:04:49.497952+00:00
125017_6,125017,777,131,goal,3452,117732,,,,,74,74,False,2026-08-29 17:04:49.497952+00:00,2026-08-29 17:04:49.497952+00:00
125017_7,125017,777,131,substitution,,,,,2100,124396,81,81,False,2026-08-29 17:04:49.497952+00:00,2026-08-29 17:04:49.497952+00:00
125017_8,125017,777,131,substitution,,,,,136175,143240,81,81,False,2026-08-29 17:04:49.497952+00:00,2026-08-29 17:04:49.497952+00:00
125017_9,125017,777,34,substitution,,,,,128976,4717,88,88,False,2026-08-29 17:04:49.497952+00:00,2026-08-29 17:04:49.497952+00:00
125017_10,125017,777,131,substitution,,,,,51830,22542,88,88,False,2026-08-29 17:04:49.497952+00:00,2026-08-29 17:04:49.497952+00:00
125017_11,125017,777,131,substitution,,,,,67928,20505,88,88,False,2026-08-29 17:04:49.497952+00:00,2026-08-29 17:04:49.497952+00:00
125017_12,125017,777,131,substitution,,,,,145043,3452,88,88,False,2026-08-29 17:04:49.497952+00:00,2026-08-29 17:04:49.497952+00:00
125017_13,125017,777,131,yellow,,,,145043,,,91,90+1',True,2026-08-29 17:04:49.497952+00:00,2026-08-29 17:04:49.497952+00:00
125017_14,125017,777,34,goal,13961,,,,,,92,90+2',True,2026-08-29 17:04:49.497952+00:00,2026-08-29 17:04:49.497952+00:00
125018_0,125018,777,11,goal,76216,76204,,,,,6,6,False,2026-08-29 17:04:49.497952+00:00,2026-08-29 17:04:49.497952+00:00
125018_1,125018,777,11,goal,25474,5067,,,,,47,45+2',True,2026-08-29 17:04:49.497952+00:00,2026-08-29 17:04:49.497952+00:00
125018_2,125018,777,38,substitution,,,,,35670,143218,46,46,False,2026-08-29 17:04:49.497952+00:00,2026-08-29 17:04:49.497952+00:00
125018_3,125018,777,38,substitution,,,,,108947,111988,46,46,False,2026-08-29 17:04:49.497952+00:00,2026-08-29 17:04:49.497952+00:00
125018_4,125018,777,38,yellow,,,,143214,,,57,57,False,2026-08-29 17:04:49.497952+00:00,2026-08-29 17:04:49.497952+00:00
125018_5,125018,777,11,substitution,,,,,14805,26335,61,61,False,2026-08-29 17:04:49.497952+00:00,2026-08-29 17:04:49.497952+00:00
125018_6,125018,777,38,yellow,,,,133679,,,67,67,False,2026-08-29 17:04:49.497952+00:00,2026-08-29 17:04:49.497952+00:00
125018_7,125018,777,38,substitution,,,,,115371,20337,71,71,False,2026-08-29 17:04:49.497952+00:00,2026-08-29 17:04:49.497952+00:00
125018_8,125018,777,11,yellow,,,,76204,,,71,71,False,2026-08-29 17:04:49.497952+00:00,2026-08-29 17:04:49.497952+00:00
125018_9,125018,777,11,substitution,,,,,65970,68150,73,73,False,2026-08-29 17:04:49.497952+00:00,2026-08-29 17:04:49.497952+00:00
125018_10,125018,777,11,substitution,,,,,54156,76216,74,74,False,2026-08-29 17:04:49.497952+00:00,2026-08-29 17:04:49.497952+00:00
125018_11,125018,777,38,yellow,,,,115114,,,88,88,False,2026-08-29 17:04:49.497952+00:00,2026-08-29 17:04:49.497952+00:00
125019_0,125019,777,2,goal,26408,23968,,,,,19,19,False,2026-08-29 17:04:49.497952+00:00,2026-08-29 17:04:49.497952+00:00
125019_1,125019,777,23,yellow,,,,20607,,,27,27,False,2026-08-29 17:04:49.497952+00:00,2026-08-29 17:04:49.497952+00:00
125019_2,125019,777,23,substitution,,,,,19888,20607,48,48,False,2026-08-29 17:04:49.497952+00:00,2026-08-29 17:04:49.497952+00:00
125019_3,125019,777,2,substitution,,,,,20489,14801,59,59,False,2026-08-29 17:04:49.497952+00:00,2026-08-29 17:04:49.497952+00:00
125019_4,125019,777,23,substitution,,,,,115256,117497,62,62,False,2026-08-29 17:04:49.497952+00:00,2026-08-29 17:04:49.497952+00:00
125019_5,125019,777,23,substitution,,,,,49259,23747,63,63,False,2026-08-29 17:04:49.497952+00:00,2026-08-29 17:04:49.497952+00:00
125019_6,125019,777,2,substitution,,,,,107846,5865,74,74,False,2026-08-29 17:04:49.497952+00:00,2026-08-29 17:04:49.497952+00:00
125019_7,125019,777,2,substitution,,,,,5758,26408,75,75,False,2026-08-29 17:04:49.497952+00:00,2026-08-29 17:04:49.497952+00:00
125019_8,125019,777,2,substitution,,,,,8900,21529,75,75,False,2026-08-29 17:04:49.497952+00:00,2026-08-29 17:04:49.497952+00:00
125019_9,125019,777,2,yellow,,,,5758,,,79,79,False,2026-08-29 17:04:49.497952+00:00,2026-08-29 17:04:49.497952+00:00
125019_10,125019,777,23,substitution,,,,,14446,71623,84,84,False,2026-08-29 17:04:49.497952+00:00,2026-08-29 17:04:49.497952+00:00
125019_11,125019,777,2,goal,8658,5758,,,,,88,88,False,2026-08-29 17:04:49.497952+00:00,2026-08-29 17:04:49.497952+00:00
125019_12,125019,777,2,substitution,,,,,5066,108096,89,89,False,2026-08-29 17:04:49.497952+00:00,2026-08-29 17:04:49.497952+00:00
125019_13,125019,777,2,yellow,,,,51223,,,92,90+2',True,2026-08-29 17:04:49.497952+00:00,2026-08-29 17:04:49.497952+00:00
125020_0,125020,777,25,goal,65961,8868,,,,,14,14,False,2026-08-29 17:04:49.497952+00:00,2026-08-29 17:04:49.497952+00:00
125020_1,125020,777,25,penalty goal,8868,,,,,,28,28,False,2026-08-29 17:04:49.497952+00:00,2026-08-29 17:04:49.497952+00:00
125020_2,125020,777,29,yellow,,,,19864,,,30,30,False,2026-08-29 17:04:49.497952+00:00,2026-08-29 17:04:49.497952+00:00
125020_3,125020,777,29,yellow,,,,63733,,,35,35,False,2026-08-29 17:04:49.497952+00:00,2026-08-29 17:04:49.497952+00:00
125020_4,125020,777,25,goal,119072,,,,,,43,43,False,2026-08-29 17:04:49.497952+00:00,2026-08-29 17:04:49.497952+00:00
125020_5,125020,777,29,substitution,,,,,51609,63733,46,46,False,2026-08-29 17:04:49.497952+00:00,2026-08-29 17:04:49.497952+00:00
125020_6,125020,777,29,substitution,,,,,118633,51610,46,46,False,2026-08-29 17:04:49.497952+00:00,2026-08-29 17:04:49.497952+00:00
125020_7,125020,777,29,substitution,,,,,126110,122126,46,46,False,2026-08-29 17:04:49.497952+00:00,2026-08-29 17:04:49.497952+00:00
125020_8,125020,777,29,goal,67784,51199,,,,,66,66,False,2026-08-29 17:04:49.497952+00:00,2026-08-29 17:04:49.497952+00:00
125020_9,125020,777,25,substitution,,,,,8454,304595,70,70,False,2026-08-29 17:04:49.497952+00:00,2026-08-29 17:04:49.497952+00:00
125020_10,125020,777,25,substitution,,,,,145347,117579,71,71,False,2026-08-29 17:04:49.497952+00:00,2026-08-29 17:04:49.497952+00:00
125020_11,125020,777,25,yellow,,,,63257,,,71,71,False,2026-08-29 17:04:49.497952+00:00,2026-08-29 17:04:49.497952+00:00
125020_12,125020,777,25,substitution,,,,,66560,63257,75,75,False,2026-08-29 17:04:49.497952+00:00,2026-08-29 17:04:49.497952+00:00
125020_13,125020,777,29,substitution,,,,,52989,126920,75,75,False,2026-08-29 17:04:49.497952+00:00,2026-08-29 17:04:49.497952+00:00
125020_14,125020,777,29,yellow,,,,124944,,,80,80,False,2026-08-29 17:04:49.497952+00:00,2026-08-29 17:04:49.497952+00:00
125020_15,125020,777,29,substitution,,,,,10361,51199,83,83,False,2026-08-29 17:04:49.497952+00:00,2026-08-29 17:04:49.497952+00:00
125020_16,125020,777,29,yellow,,,,126110,,,88,88,False,2026-08-29 17:04:49.497952+00:00,2026-08-29 17:04:49.497952+00:00
125020_17,125020,777,25,yellow,,,,119072,,,91,90+1',True,2026-08-29 17:04:49.497952+00:00,2026-08-29 17:04:49.497952+00:00
125020_18,125020,777,25,substitution,,,,,13522,65961,93,90+3',True,2026-08-29 17:04:49.497952+00:00,2026-08-29 17:04:49.497952+00:00
125021_0,125021,777,130,yellow,,,,20113,,,35,35,False,2026-08-29 17:04:49.497952+00:00,2026-08-29 17:04:49.497952+00:00
125021_1,125021,777,130,red,,,,127594,,,42,42,False,2026-08-29 17:04:49.497952+00:00,2026-08-29 17:04:49.497952+00:00
125021_2,125021,777,130,goal,133890,,,,,,47,45+2',True,2026-08-29 17:04:49.497952+00:00,2026-08-29 17:04:49.497952+00:00
125021_3,125021,777,130,yellow,,,,133460,,,50,45+5',True,2026-08-29 17:04:49.497952+00:00,2026-08-29 17:04:49.497952+00:00
125021_4,125021,777,2,substitution,,,,,20489,107846,46,46,False,2026-08-29 17:04:49.497952+00:00,2026-08-29 17:04:49.497952+00:00
125021_5,125021,777,2,goal,13286,,,,,,49,49,False,2026-08-29 17:04:49.497952+00:00,2026-08-29 17:04:49.497952+00:00
125021_6,125021,777,130,substitution,,,,,24659,3712,60,60,False,2026-08-29 17:04:49.497952+00:00,2026-08-29 17:04:49.497952+00:00
125021_7,125021,777,130,substitution,,,,,128891,133890,60,60,False,2026-08-29 17:04:49.497952+00:00,2026-08-29 17:04:49.497952+00:00
125021_8,125021,777,130,substitution,,,,,24369,49726,76,76,False,2026-08-29 17:04:49.497952+00:00,2026-08-29 17:04:49.497952+00:00
125021_9,125021,777,2,substitution,,,,,33185,14801,77,77,False,2026-08-29 17:04:49.497952+00:00,2026-08-29 17:04:49.497952+00:00
125021_10,125021,777,130,substitution,,,,,115166,10947,84,84,False,2026-08-29 17:04:49.497952+00:00,2026-08-29 17:04:49.497952+00:00
125021_11,125021,777,130,yellow,,,,23194,,,91,90+1',True,2026-08-29 17:04:49.497952+00:00,2026-08-29 17:04:49.497952+00:00
125022_0,125022,777,131,yellow,,,,22542,,,53,53,False,2026-08-29 17:04:49.497952+00:00,2026-08-29 17:04:49.497952+00:00
125022_1,125022,777,7,yellow,,,,66318,,,57,57,False,2026-08-29 17:04:49.497952+00:00,2026-08-29 17:04:49.497952+00:00
125022_2,125022,777,131,substitution,,,,,136175,51830,60,60,False,2026-08-29 17:04:49.497952+00:00,2026-08-29 17:04:49.497952+00:00
125022_3,125022,777,131,substitution,,,,,4874,67928,70,70,False,2026-08-29 17:04:49.497952+00:00,2026-08-29 17:04:49.497952+00:00
125022_4,125022,777,131,substitution,,,,,145043,3452,70,70,False,2026-08-29 17:04:49.497952+00:00,2026-08-29 17:04:49.497952+00:00
125022_5,125022,777,131,goal,22542,134333,,,,,73,73,False,2026-08-29 17:04:49.497952+00:00,2026-08-29 17:04:49.497952+00:00
125022_6,125022,777,7,substitution,,,,,133612,14706,79,79,False,2026-08-29 17:04:49.497952+00:00,2026-08-29 17:04:49.497952+00:00
125022_7,125022,777,7,substitution,,,,,66538,12582,80,80,False,2026-08-29 17:04:49.497952+00:00,2026-08-29 17:04:49.497952+00:00
125022_8,125022,777,7,substitution,,,,,112917,134286,80,80,False,2026-08-29 17:04:49.497952+00:00,2026-08-29 17:04:49.497952+00:00
125022_9,125022,777,7,substitution,,,,,74585,66318,89,89,False,2026-08-29 17:04:49.497952+00:00,2026-08-29 17:04:49.497952+00:00
125022_10,125022,777,7,substitution,,,,,126789,143922,89,89,False,2026-08-29 17:04:49.497952+00:00,2026-08-29 17:04:49.497952+00:00
125022_11,125022,777,7,yellow,,,,66538,,,92,90+2',True,2026-08-29 17:04:49.497952+00:00,2026-08-29 17:04:49.497952+00:00
125022_12,125022,777,131,substitution,,,,,2100,22542,96,90+6',True,2026-08-29 17:04:49.497952+00:00,2026-08-29 17:04:49.497952+00:00
125022_13,125022,777,7,goal,126789,,,,,,97,90+7',True,2026-08-29 17:04:49.497952+00:00,2026-08-29 17:04:49.497952+00:00
125023_0,125023,777,25,goal,8868,14164,,,,,7,7,False,2026-08-29 17:04:49.497952+00:00,2026-08-29 17:04:49.497952+00:00
125023_1,125023,777,4,substitution,,,,,21998,68583,26,26,False,2026-08-29 17:04:49.497952+00:00,2026-08-29 17:04:49.497952+00:00
125023_2,125023,777,25,goal,65961,14164,,,,,36,36,False,2026-08-29 17:04:49.497952+00:00,2026-08-29 17:04:49.497952+00:00
125023_3,125023,777,4,substitution,,,,,27277,119041,46,46,False,2026-08-29 17:04:49.497952+00:00,2026-08-29 17:04:49.497952+00:00
125023_4,125023,777,4,substitution,,,,,66284,53612,46,46,False,2026-08-29 17:04:49.497952+00:00,2026-08-29 17:04:49.497952+00:00
125023_5,125023,777,4,substitution,,,,,72371,68987,46,46,False,2026-08-29 17:04:49.497952+00:00,2026-08-29 17:04:49.497952+00:00
125023_6,125023,777,4,goal,72371,66284,,,,,57,57,False,2026-08-29 17:04:49.497952+00:00,2026-08-29 17:04:49.497952+00:00
125023_7,125023,777,25,substitution,,,,,13522,304595,66,66,False,2026-08-29 17:04:49.497952+00:00,2026-08-29 17:04:49.497952+00:00
125023_8,125023,777,4,goal,27277,,,,,,70,70,False,2026-08-29 17:04:49.497952+00:00,2026-08-29 17:04:49.497952+00:00
125023_9,125023,777,25,substitution,,,,,8454,63257,76,76,False,2026-08-29 17:04:49.497952+00:00,2026-08-29 17:04:49.497952+00:00
125023_10,125023,777,4,substitution,,,,,14571,68827,81,81,False,2026-08-29 17:04:49.497952+00:00,2026-08-29 17:04:49.497952+00:00
125023_11,125023,777,25,substitution,,,,,4979,8868,81,81,False,2026-08-29 17:04:49.497952+00:00,2026-08-29 17:04:49.497952+00:00
125023_12,125023,777,25,substitution,,,,,117579,145347,81,81,False,2026-08-29 17:04:49.497952+00:00,2026-08-29 17:04:49.497952+00:00
125023_13,125023,777,4,yellow,,,,112203,,,85,85,False,2026-08-29 17:04:49.497952+00:00,2026-08-29 17:04:49.497952+00:00
125023_14,125023,777,4,goal,63741,72371,,,,,92,90+2',True,2026-08-29 17:04:49.497952+00:00,2026-08-29 17:04:49.497952+00:00
125023_15,125023,777,4,yellow,,,,63741,,,93,90+3',True,2026-08-29 17:04:49.497952+00:00,2026-08-29 17:04:49.497952+00:00
125023_16,125023,777,25,yellow,,,,117579,,,94,90+4',True,2026-08-29 17:04:49.497952+00:00,2026-08-29 17:04:49.497952+00:00
125023_17,125023,777,4,yellow,,,,72371,,,97,90+7',True,2026-08-29 17:04:49.497952+00:00,2026-08-29 17:04:49.497952+00:00
125023_18,125023,777,25,yellow,,,,4979,,,97,90+7',True,2026-08-29 17:04:49.497952+00:00,2026-08-29 17:04:49.497952+00:00
125023_19,125023,777,25,red,,,,63656,,,101,90+11',True,2026-08-29 17:04:49.497952+00:00,2026-08-29 17:04:49.497952+00:00
125024_0,125024,777,1,goal,64523,67407,,,,,27,27,False,2026-08-29 17:04:49.497952+00:00,2026-08-29 17:04:49.497952+00:00
125024_1,125024,777,9,yellow,,,,75543,,,37,37,False,2026-08-29 17:04:49.497952+00:00,2026-08-29 17:04:49.497952+00:00
125024_2,125024,777,1,goal,67407,,,,,,38,38,False,2026-08-29 17:04:49.497952+00:00,2026-08-29 17:04:49.497952+00:00
125024_3,125024,777,9,substitution,,,,,14897,13515,46,46,False,2026-08-29 17:04:49.497952+00:00,2026-08-29 17:04:49.497952+00:00
125024_4,125024,777,9,substitution,,,,,33162,115255,46,46,False,2026-08-29 17:04:49.497952+00:00,2026-08-29 17:04:49.497952+00:00
125024_5,125024,777,1,yellow,,,,67776,,,59,59,False,2026-08-29 17:04:49.497952+00:00,2026-08-29 17:04:49.497952+00:00
125024_6,125024,777,1,substitution,,,,,11419,20810,61,61,False,2026-08-29 17:04:49.497952+00:00,2026-08-29 17:04:49.497952+00:00
125024_7,125024,777,1,substitution,,,,,66104,67407,61,61,False,2026-08-29 17:04:49.497952+00:00,2026-08-29 17:04:49.497952+00:00
125024_8,125024,777,1,goal,32728,66104,,,,,69,69,False,2026-08-29 17:04:49.497952+00:00,2026-08-29 17:04:49.497952+00:00
125024_9,125024,777,9,substitution,,,,,133430,63289,71,71,False,2026-08-29 17:04:49.497952+00:00,2026-08-29 17:04:49.497952+00:00
125024_10,125024,777,1,substitution,,,,,69914,118077,75,75,False,2026-08-29 17:04:49.497952+00:00,2026-08-29 17:04:49.497952+00:00
125024_11,125024,777,1,substitution,,,,,19680,32728,76,76,False,2026-08-29 17:04:49.497952+00:00,2026-08-29 17:04:49.497952+00:00
125024_12,125024,777,1,substitution,,,,,21584,20486,81,81,False,2026-08-29 17:04:49.497952+00:00,2026-08-29 17:04:49.497952+00:00
125024_13,125024,777,9,substitution,,,,,68676,116888,81,81,False,2026-08-29 17:04:49.497952+00:00,2026-08-29 17:04:49.497952+00:00
125024_14,125024,777,9,substitution,,,,,50643,9576,85,85,False,2026-08-29 17:04:49.497952+00:00,2026-08-29 17:04:49.497952+00:00
125024_15,125024,777,1,goal,19680,11419,,,,,86,86,False,2026-08-29 17:04:49.497952+00:00,2026-08-29 17:04:49.497952+00:00
125025_0,125025,777,23,yellow,,,,23747,,,11,11,False,2026-08-29 17:04:49.497952+00:00,2026-08-29 17:04:49.497952+00:00
125025_1,125025,777,23,goal,23747,,,,,,36,36,False,2026-08-29 17:04:49.497952+00:00,2026-08-29 17:04:49.497952+00:00
125025_2,125025,777,10,goal,81542,75382,,,,,41,41,False,2026-08-29 17:04:49.497952+00:00,2026-08-29 17:04:49.497952+00:00
125025_3,125025,777,10,goal,81542,116665,,,,,43,43,False,2026-08-29 17:04:49.497952+00:00,2026-08-29 17:04:49.497952+00:00
125025_4,125025,777,23,yellow,,,,19888,,,48,45+3',True,2026-08-29 17:04:49.497952+00:00,2026-08-29 17:04:49.497952+00:00
125025_5,125025,777,10,yellow,,,,63633,,,59,59,False,2026-08-29 17:04:49.497952+00:00,2026-08-29 17:04:49.497952+00:00
125025_6,125025,777,10,goal,75382,5178,,,,,67,67,False,2026-08-29 17:04:49.497952+00:00,2026-08-29 17:04:49.497952+00:00
125025_7,125025,777,23,substitution,,,,,9662,49259,73,73,False,2026-08-29 17:04:49.497952+00:00,2026-08-29 17:04:49.497952+00:00
125025_8,125025,777,23,substitution,,,,,115256,14446,73,73,False,2026-08-29 17:04:49.497952+00:00,2026-08-29 17:04:49.497952+00:00
125025_9,125025,777,23,substitution,,,,,117497,14716,73,73,False,2026-08-29 17:04:49.497952+00:00,2026-08-29 17:04:49.497952+00:00
125025_10,125025,777,10,substitution,,,,,15802,5178,84,84,False,2026-08-29 17:04:49.497952+00:00,2026-08-29 17:04:49.497952+00:00
125025_11,125025,777,10,substitution,,,,,23815,81542,84,84,False,2026-08-29 17:04:49.497952+00:00,2026-08-29 17:04:49.497952+00:00
125025_12,125025,777,23,substitution,,,,,114590,3905,84,84,False,2026-08-29 17:04:49.497952+00:00,2026-08-29 17:04:49.497952+00:00
125025_13,125025,777,23,yellow,,,,8707,,,86,86,False,2026-08-29 17:04:49.497952+00:00,2026-08-29 17:04:49.497952+00:00
125025_14,125025,777,10,substitution,,,,,43586,75382,87,87,False,2026-08-29 17:04:49.497952+00:00,2026-08-29 17:04:49.497952+00:00
125025_15,125025,777,23,substitution,,,,,127659,108922,89,89,False,2026-08-29 17:04:49.497952+00:00,2026-08-29 17:04:49.497952+00:00
125025_16,125025,777,10,goal,23593,,,,,,93,90+3',True,2026-08-29 17:04:49.497952+00:00,2026-08-29 17:04:49.497952+00:00
125026_0,125026,777,12,goal,5793,23396,,,,,19,19,False,2026-08-29 17:04:49.497952+00:00,2026-08-29 17:04:49.497952+00:00
125026_1,125026,777,34,yellow,,,,26151,,,42,42,False,2026-08-29 17:04:49.497952+00:00,2026-08-29 17:04:49.497952+00:00
125026_2,125026,777,12,goal,51202,5793,,,,,56,56,False,2026-08-29 17:04:49.497952+00:00,2026-08-29 17:04:49.497952+00:00
125026_3,125026,777,12,yellow,,,,5793,,,64,64,False,2026-08-29 17:04:49.497952+00:00,2026-08-29 17:04:49.497952+00:00
125026_4,125026,777,34,goal,35752,,,,,,65,65,False,2026-08-29 17:04:49.497952+00:00,2026-08-29 17:04:49.497952+00:00
125026_5,125026,777,34,substitution,,,,,14656,14624,71,71,False,2026-08-29 17:04:49.497952+00:00,2026-08-29 17:04:49.497952+00:00
125026_6,125026,777,34,substitution,,,,,121610,14445,71,71,False,2026-08-29 17:04:49.497952+00:00,2026-08-29 17:04:49.497952+00:00
125026_7,125026,777,12,substitution,,,,,66036,51202,74,74,False,2026-08-29 17:04:49.497952+00:00,2026-08-29 17:04:49.497952+00:00
125026_8,125026,777,12,substitution,,,,,118031,5793,75,75,False,2026-08-29 17:04:49.497952+00:00,2026-08-29 17:04:49.497952+00:00
125026_9,125026,777,34,substitution,,,,,3894,53063,79,79,False,2026-08-29 17:04:49.497952+00:00,2026-08-29 17:04:49.497952+00:00
125026_10,125026,777,12,yellow,,,,9566,,,83,83,False,2026-08-29 17:04:49.497952+00:00,2026-08-29 17:04:49.497952+00:00
125026_11,125026,777,34,penalty goal,11071,,,,,,85,85,False,2026-08-29 17:04:49.497952+00:00,2026-08-29 17:04:49.497952+00:00
125026_12,125026,777,12,substitution,,,,,33245,24252,86,86,False,2026-08-29 17:04:49.497952+00:00,2026-08-29 17:04:49.497952+00:00
125026_13,125026,777,34,substitution,,,,,23793,35752,86,86,False,2026-08-29 17:04:49.497952+00:00,2026-08-29 17:04:49.497952+00:00
125026_14,125026,777,34,goal,121610,14656,,,,,91,90+1',True,2026-08-29 17:04:49.497952+00:00,2026-08-29 17:04:49.497952+00:00
125026_15,125026,777,12,goal,66036,23396,,,,,94,90+4',True,2026-08-29 17:04:49.497952+00:00,2026-08-29 17:04:49.497952+00:00
125026_16,125026,777,12,substitution,,,,,118591,66360,96,90+6',True,2026-08-29 17:04:49.497952+00:00,2026-08-29 17:04:49.497952+00:00
125027_0,125027,777,15,goal,15259,,,,,,5,5,False,2026-08-29 17:04:49.497952+00:00,2026-08-29 17:04:49.497952+00:00
125027_1,125027,777,6,yellow,,,,50842,,,31,31,False,2026-08-29 17:04:49.497952+00:00,2026-08-29 17:04:49.497952+00:00
125027_2,125027,777,6,yellow,,,,110549,,,32,32,False,2026-08-29 17:04:49.497952+00:00,2026-08-29 17:04:49.497952+00:00
125027_3,125027,777,15,red,,,,23811,,,45,45,False,2026-08-29 17:04:49.497952+00:00,2026-08-29 17:04:49.497952+00:00
125027_4,125027,777,6,penalty goal,49796,,,,,,47,45+2',True,2026-08-29 17:04:49.497952+00:00,2026-08-29 17:04:49.497952+00:00
125027_5,125027,777,15,substitution,,,,,67510,115172,49,45+4',True,2026-08-29 17:04:49.497952+00:00,2026-08-29 17:04:49.497952+00:00
125027_6,125027,777,15,substitution,,,,,14238,23702,46,46,False,2026-08-29 17:04:49.497952+00:00,2026-08-29 17:04:49.497952+00:00
125027_7,125027,777,15,substitution,,,,,15269,16723,46,46,False,2026-08-29 17:04:49.497952+00:00,2026-08-29 17:04:49.497952+00:00
125027_8,125027,777,6,yellow,,,,109117,,,54,54,False,2026-08-29 17:04:49.497952+00:00,2026-08-29 17:04:49.497952+00:00
125027_9,125027,777,6,substitution,,,,,146391,110549,61,61,False,2026-08-29 17:04:49.497952+00:00,2026-08-29 17:04:49.497952+00:00
125027_10,125027,777,15,substitution,,,,,50623,304123,70,70,False,2026-08-29 17:04:49.497952+00:00,2026-08-29 17:04:49.497952+00:00
125027_11,125027,777,15,yellow,,,,16035,,,75,75,False,2026-08-29 17:04:49.497952+00:00,2026-08-29 17:04:49.497952+00:00
125028_0,125028,777,29,own goal,,,13559,,,,9,9,False,2026-08-29 17:04:49.497952+00:00,2026-08-29 17:04:49.497952+00:00
125028_1,125028,777,29,goal,126110,51199,,,,,32,32,False,2026-08-29 17:04:49.497952+00:00,2026-08-29 17:04:49.497952+00:00
125028_2,125028,777,43,yellow,,,,74960,,,45,45,False,2026-08-29 17:04:49.497952+00:00,2026-08-29 17:04:49.497952+00:00
125028_3,125028,777,43,substitution,,,,,8127,13559,46,46,False,2026-08-29 17:04:49.497952+00:00,2026-08-29 17:04:49.497952+00:00
125028_4,125028,777,43,substitution,,,,,31442,64282,63,63,False,2026-08-29 17:04:49.497952+00:00,2026-08-29 17:04:49.497952+00:00
125028_5,125028,777,43,substitution,,,,,75735,63851,63,63,False,2026-08-29 17:04:49.497952+00:00,2026-08-29 17:04:49.497952+00:00
125028_6,125028,777,29,yellow,,,,122126,,,67,67,False,2026-08-29 17:04:49.497952+00:00,2026-08-29 17:04:49.497952+00:00
125028_7,125028,777,43,yellow,,,,6451,,,67,67,False,2026-08-29 17:04:49.497952+00:00,2026-08-29 17:04:49.497952+00:00
125028_8,125028,777,43,substitution,,,,,74964,15139,69,69,False,2026-08-29 17:04:49.497952+00:00,2026-08-29 17:04:49.497952+00:00
125028_9,125028,777,43,yellow,,,,50460,,,70,70,False,2026-08-29 17:04:49.497952+00:00,2026-08-29 17:04:49.497952+00:00
125028_10,125028,777,29,goal,118633,63733,,,,,72,72,False,2026-08-29 17:04:49.497952+00:00,2026-08-29 17:04:49.497952+00:00
125028_11,125028,777,29,substitution,,,,,25408,126110,79,79,False,2026-08-29 17:04:49.497952+00:00,2026-08-29 17:04:49.497952+00:00
125028_12,125028,777,29,substitution,,,,,51610,118633,80,80,False,2026-08-29 17:04:49.497952+00:00,2026-08-29 17:04:49.497952+00:00
125028_13,125028,777,29,substitution,,,,,52989,67784,80,80,False,2026-08-29 17:04:49.497952+00:00,2026-08-29 17:04:49.497952+00:00
125028_14,125028,777,43,substitution,,,,,19831,50460,80,80,False,2026-08-29 17:04:49.497952+00:00,2026-08-29 17:04:49.497952+00:00
125028_15,125028,777,29,substitution,,,,,10361,66659,86,86,False,2026-08-29 17:04:49.497952+00:00,2026-08-29 17:04:49.497952+00:00
125028_16,125028,777,43,yellow,,,,3955,,,91,90+1',True,2026-08-29 17:04:49.497952+00:00,2026-08-29 17:04:49.497952+00:00
125029_0,125029,777,11,goal,68150,65970,,,,,11,11,False,2026-08-29 17:04:49.497952+00:00,2026-08-29 17:04:49.497952+00:00
125029_1,125029,777,21,yellow,,,,50245,,,11,11,False,2026-08-29 17:04:49.497952+00:00,2026-08-29 17:04:49.497952+00:00
125029_2,125029,777,11,yellow,,,,137371,,,21,21,False,2026-08-29 17:04:49.497952+00:00,2026-08-29 17:04:49.497952+00:00
125029_3,125029,777,21,yellow,,,,69274,,,38,38,False,2026-08-29 17:04:49.497952+00:00,2026-08-29 17:04:49.497952+00:00
125029_4,125029,777,11,goal,25474,5067,,,,,44,44,False,2026-08-29 17:04:49.497952+00:00,2026-08-29 17:04:49.497952+00:00
125029_5,125029,777,11,yellow,,,,16286,,,48,45+3',True,2026-08-29 17:04:49.497952+00:00,2026-08-29 17:04:49.497952+00:00
125029_6,125029,777,21,substitution,,,,,117318,66635,46,46,False,2026-08-29 17:04:49.497952+00:00,2026-08-29 17:04:49.497952+00:00
125029_7,125029,777,21,yellow,,,,10443,,,48,48,False,2026-08-29 17:04:49.497952+00:00,2026-08-29 17:04:49.497952+00:00
125029_8,125029,777,21,goal,10443,69274,,,,,53,53,False,2026-08-29 17:04:49.497952+00:00,2026-08-29 17:04:49.497952+00:00
125029_9,125029,777,21,substitution,,,,,76614,51185,68,68,False,2026-08-29 17:04:49.497952+00:00,2026-08-29 17:04:49.497952+00:00
125029_10,125029,777,21,substitution,,,,,118579,50245,68,68,False,2026-08-29 17:04:49.497952+00:00,2026-08-29 17:04:49.497952+00:00
125029_11,125029,777,11,substitution,,,,,26335,68150,69,69,False,2026-08-29 17:04:49.497952+00:00,2026-08-29 17:04:49.497952+00:00
125029_12,125029,777,21,goal,10443,21887,,,,,70,70,False,2026-08-29 17:04:49.497952+00:00,2026-08-29 17:04:49.497952+00:00
125029_13,125029,777,11,substitution,,,,,67849,71432,70,70,False,2026-08-29 17:04:49.497952+00:00,2026-08-29 17:04:49.497952+00:00
125029_14,125029,777,11,substitution,,,,,14805,5067,88,88,False,2026-08-29 17:04:49.497952+00:00,2026-08-29 17:04:49.497952+00:00
125029_15,125029,777,21,substitution,,,,,146050,10443,90,90,False,2026-08-29 17:04:49.497952+00:00,2026-08-29 17:04:49.497952+00:00
125029_16,125029,777,11,substitution,,,,,76216,16286,94,90+4',True,2026-08-29 17:04:49.497952+00:00,2026-08-29 17:04:49.497952+00:00
125029_17,125029,777,11,yellow,,,,67849,,,98,90+8',True,2026-08-29 17:04:49.497952+00:00,2026-08-29 17:04:49.497952+00:00
125030_0,125030,777,127,goal,137832,118080,,,,,33,33,False,2026-08-29 17:04:49.497952+00:00,2026-08-29 17:04:49.497952+00:00
125030_1,125030,777,38,yellow,,,,143214,,,46,45+1',True,2026-08-29 17:04:49.497952+00:00,2026-08-29 17:04:49.497952+00:00
125030_2,125030,777,127,yellow,,,,119381,,,58,58,False,2026-08-29 17:04:49.497952+00:00,2026-08-29 17:04:49.497952+00:00
125030_3,125030,777,127,yellow,,,,118080,,,60,60,False,2026-08-29 17:04:49.497952+00:00,2026-08-29 17:04:49.497952+00:00
125030_4,125030,777,127,substitution,,,,,15572,137832,68,68,False,2026-08-29 17:04:49.497952+00:00,2026-08-29 17:04:49.497952+00:00
125030_5,125030,777,127,substitution,,,,,134234,118080,68,68,False,2026-08-29 17:04:49.497952+00:00,2026-08-29 17:04:49.497952+00:00
125030_6,125030,777,38,substitution,,,,,35670,20337,70,70,False,2026-08-29 17:04:49.497952+00:00,2026-08-29 17:04:49.497952+00:00
125030_7,125030,777,38,substitution,,,,,126108,108947,71,71,False,2026-08-29 17:04:49.497952+00:00,2026-08-29 17:04:49.497952+00:00
125030_8,125030,777,38,yellow,,,,133679,,,75,75,False,2026-08-29 17:04:49.497952+00:00,2026-08-29 17:04:49.497952+00:00
125030_9,125030,777,38,substitution,,,,,143218,143214,80,80,False,2026-08-29 17:04:49.497952+00:00,2026-08-29 17:04:49.497952+00:00
125030_10,125030,777,127,substitution,,,,,16582,33032,85,85,False,2026-08-29 17:04:49.497952+00:00,2026-08-29 17:04:49.497952+00:00
125030_11,125030,777,127,substitution,,,,,135304,119381,86,86,False,2026-08-29 17:04:49.497952+00:00,2026-08-29 17:04:49.497952+00:00
125030_12,125030,777,127,yellow,,,,51942,,,88,88,False,2026-08-29 17:04:49.497952+00:00,2026-08-29 17:04:49.497952+00:00
125030_13,125030,777,38,substitution,,,,,136815,66692,89,89,False,2026-08-29 17:04:49.497952+00:00,2026-08-29 17:04:49.497952+00:00
125030_14,125030,777,38,substitution,,,,,147032,43010,89,89,False,2026-08-29 17:04:49.497952+00:00,2026-08-29 17:04:49.497952+00:00
125030_15,125030,777,127,goal,74976,134234,,,,,91,90+1',True,2026-08-29 17:04:49.497952+00:00,2026-08-29 17:04:49.497952+00:00
125030_16,125030,777,127,substitution,,,,,132285,3512,94,90+4',True,2026-08-29 17:04:49.497952+00:00,2026-08-29 17:04:49.497952+00:00
125031_0,125031,777,1,yellow,,,,66204,,,26,26,False,2026-08-29 17:04:49.497952+00:00,2026-08-29 17:04:49.497952+00:00
125031_1,125031,777,29,yellow,,,,126110,,,39,39,False,2026-08-29 17:04:49.497952+00:00,2026-08-29 17:04:49.497952+00:00
125031_2,125031,777,29,yellow,,,,67784,,,40,40,False,2026-08-29 17:04:49.497952+00:00,2026-08-29 17:04:49.497952+00:00
125031_3,125031,777,1,goal,64523,20486,,,,,42,42,False,2026-08-29 17:04:49.497952+00:00,2026-08-29 17:04:49.497952+00:00
125031_4,125031,777,1,substitution,,,,,32728,19680,60,60,False,2026-08-29 17:04:49.497952+00:00,2026-08-29 17:04:49.497952+00:00
125031_5,125031,777,1,substitution,,,,,66104,67407,60,60,False,2026-08-29 17:04:49.497952+00:00,2026-08-29 17:04:49.497952+00:00
125031_6,125031,777,29,substitution,,,,,51610,118633,64,64,False,2026-08-29 17:04:49.497952+00:00,2026-08-29 17:04:49.497952+00:00
125031_7,125031,777,1,goal,32728,20810,,,,,66,66,False,2026-08-29 17:04:49.497952+00:00,2026-08-29 17:04:49.497952+00:00
125031_8,125031,777,1,substitution,,,,,21584,20810,67,67,False,2026-08-29 17:04:49.497952+00:00,2026-08-29 17:04:49.497952+00:00
125031_9,125031,777,1,substitution,,,,,118077,69914,67,67,False,2026-08-29 17:04:49.497952+00:00,2026-08-29 17:04:49.497952+00:00
125031_10,125031,777,29,substitution,,,,,25408,124944,71,71,False,2026-08-29 17:04:49.497952+00:00,2026-08-29 17:04:49.497952+00:00
125031_11,125031,777,29,substitution,,,,,52989,67784,85,85,False,2026-08-29 17:04:49.497952+00:00,2026-08-29 17:04:49.497952+00:00
125031_12,125031,777,29,substitution,,,,,115105,122126,85,85,False,2026-08-29 17:04:49.497952+00:00,2026-08-29 17:04:49.497952+00:00
125031_13,125031,777,1,substitution,,,,,42331,20486,89,89,False,2026-08-29 17:04:49.497952+00:00,2026-08-29 17:04:49.497952+00:00
125031_14,125031,777,1,goal,32728,66104,,,,,93,90+3',True,2026-08-29 17:04:49.497952+00:00,2026-08-29 17:04:49.497952+00:00
125032_0,125032,777,2,goal,23968,14801,,,,,22,22,False,2026-08-29 17:04:49.497952+00:00,2026-08-29 17:04:49.497952+00:00
125032_1,125032,777,2,yellow,,,,26408,,,35,35,False,2026-08-29 17:04:49.497952+00:00,2026-08-29 17:04:49.497952+00:00
125032_2,125032,777,127,yellow,,,,119381,,,35,35,False,2026-08-29 17:04:49.497952+00:00,2026-08-29 17:04:49.497952+00:00
125032_3,125032,777,127,goal,134234,51942,,,,,55,55,False,2026-08-29 17:04:49.497952+00:00,2026-08-29 17:04:49.497952+00:00
125032_4,125032,777,127,substitution,,,,,15572,137832,65,65,False,2026-08-29 17:04:49.497952+00:00,2026-08-29 17:04:49.497952+00:00
125032_5,125032,777,2,substitution,,,,,20489,26408,66,66,False,2026-08-29 17:04:49.497952+00:00,2026-08-29 17:04:49.497952+00:00
125032_6,125032,777,2,substitution,,,,,4115,24626,77,77,False,2026-08-29 17:04:49.497952+00:00,2026-08-29 17:04:49.497952+00:00
125032_7,125032,777,2,substitution,,,,,51223,14801,77,77,False,2026-08-29 17:04:49.497952+00:00,2026-08-29 17:04:49.497952+00:00
125032_8,125032,777,2,substitution,,,,,13286,8658,86,86,False,2026-08-29 17:04:49.497952+00:00,2026-08-29 17:04:49.497952+00:00
125032_9,125032,777,2,substitution,,,,,107846,5758,86,86,False,2026-08-29 17:04:49.497952+00:00,2026-08-29 17:04:49.497952+00:00
125032_10,125032,777,127,substitution,,,,,3512,119381,86,86,False,2026-08-29 17:04:49.497952+00:00,2026-08-29 17:04:49.497952+00:00
125032_11,125032,777,127,substitution,,,,,13706,134234,87,87,False,2026-08-29 17:04:49.497952+00:00,2026-08-29 17:04:49.497952+00:00
125032_12,125032,777,127,substitution,,,,,16582,33032,90,90,False,2026-08-29 17:04:49.497952+00:00,2026-08-29 17:04:49.497952+00:00
125033_0,125033,777,6,yellow,,,,8589,,,17,17,False,2026-08-29 17:04:49.497952+00:00,2026-08-29 17:04:49.497952+00:00
125033_1,125033,777,6,substitution,,,,,72265,109117,56,56,False,2026-08-29 17:04:49.497952+00:00,2026-08-29 17:04:49.497952+00:00
125033_2,125033,777,6,goal,49796,72265,,,,,61,61,False,2026-08-29 17:04:49.497952+00:00,2026-08-29 17:04:49.497952+00:00
125033_3,125033,777,131,substitution,,,,,3452,67928,71,71,False,2026-08-29 17:04:49.497952+00:00,2026-08-29 17:04:49.497952+00:00
125033_4,125033,777,131,substitution,,,,,136175,129952,71,71,False,2026-08-29 17:04:49.497952+00:00,2026-08-29 17:04:49.497952+00:00
125033_5,125033,777,131,substitution,,,,,143240,124396,71,71,False,2026-08-29 17:04:49.497952+00:00,2026-08-29 17:04:49.497952+00:00
125033_6,125033,777,6,substitution,,,,,49759,8589,77,77,False,2026-08-29 17:04:49.497952+00:00,2026-08-29 17:04:49.497952+00:00
125033_7,125033,777,6,yellow,,,,76353,,,80,80,False,2026-08-29 17:04:49.497952+00:00,2026-08-29 17:04:49.497952+00:00
125033_8,125033,777,131,substitution,,,,,14671,51830,82,82,False,2026-08-29 17:04:49.497952+00:00,2026-08-29 17:04:49.497952+00:00
125033_9,125033,777,131,substitution,,,,,112739,145043,82,82,False,2026-08-29 17:04:49.497952+00:00,2026-08-29 17:04:49.497952+00:00
125033_10,125033,777,6,yellow,,,,35670,,,85,85,False,2026-08-29 17:04:49.497952+00:00,2026-08-29 17:04:49.497952+00:00
125033_11,125033,777,131,yellow,,,,143240,,,85,85,False,2026-08-29 17:04:49.497952+00:00,2026-08-29 17:04:49.497952+00:00
125033_12,125033,777,6,substitution,,,,,49374,49796,88,88,False,2026-08-29 17:04:49.497952+00:00,2026-08-29 17:04:49.497952+00:00
125034_0,125034,777,25,goal,65961,119072,,,,,13,13,False,2026-08-29 17:04:49.497952+00:00,2026-08-29 17:04:49.497952+00:00
125034_1,125034,777,43,yellow,,,,63851,,,24,24,False,2026-08-29 17:04:49.497952+00:00,2026-08-29 17:04:49.497952+00:00
125034_2,125034,777,25,goal,63257,145347,,,,,26,26,False,2026-08-29 17:04:49.497952+00:00,2026-08-29 17:04:49.497952+00:00
125034_3,125034,777,25,yellow,,,,145347,,,41,41,False,2026-08-29 17:04:49.497952+00:00,2026-08-29 17:04:49.497952+00:00
125034_4,125034,777,43,substitution,,,,,8127,63851,46,46,False,2026-08-29 17:04:49.497952+00:00,2026-08-29 17:04:49.497952+00:00
125034_5,125034,777,25,substitution,,,,,66560,8454,57,57,False,2026-08-29 17:04:49.497952+00:00,2026-08-29 17:04:49.497952+00:00
125034_6,125034,777,43,substitution,,,,,19831,50460,66,66,False,2026-08-29 17:04:49.497952+00:00,2026-08-29 17:04:49.497952+00:00
125034_7,125034,777,43,substitution,,,,,64282,75735,67,67,False,2026-08-29 17:04:49.497952+00:00,2026-08-29 17:04:49.497952+00:00
125034_8,125034,777,43,substitution,,,,,74964,15139,67,67,False,2026-08-29 17:04:49.497952+00:00,2026-08-29 17:04:49.497952+00:00
125034_9,125034,777,43,yellow,,,,51498,,,76,76,False,2026-08-29 17:04:49.497952+00:00,2026-08-29 17:04:49.497952+00:00
125034_10,125034,777,25,substitution,,,,,117579,145347,79,79,False,2026-08-29 17:04:49.497952+00:00,2026-08-29 17:04:49.497952+00:00
125034_11,125034,777,25,substitution,,,,,304595,63257,79,79,False,2026-08-29 17:04:49.497952+00:00,2026-08-29 17:04:49.497952+00:00
125034_12,125034,777,43,substitution,,,,,31442,74960,79,79,False,2026-08-29 17:04:49.497952+00:00,2026-08-29 17:04:49.497952+00:00
125034_13,125034,777,43,yellow,,,,8127,,,84,84,False,2026-08-29 17:04:49.497952+00:00,2026-08-29 17:04:49.497952+00:00
125034_14,125034,777,25,substitution,,,,,4979,65961,92,90+2',True,2026-08-29 17:04:49.497952+00:00,2026-08-29 17:04:49.497952+00:00
125034_15,125034,777,25,substitution,,,,,13815,8868,92,90+2',True,2026-08-29 17:04:49.497952+00:00,2026-08-29 17:04:49.497952+00:00
125035_0,125035,777,34,own goal,,,24983,,,,18,18,False,2026-08-29 17:04:49.497952+00:00,2026-08-29 17:04:49.497952+00:00
125035_1,125035,777,7,yellow,,,,12582,,,18,18,False,2026-08-29 17:04:49.497952+00:00,2026-08-29 17:04:49.497952+00:00
125035_2,125035,777,7,yellow,,,,23841,,,56,56,False,2026-08-29 17:04:49.497952+00:00,2026-08-29 17:04:49.497952+00:00
125035_3,125035,777,7,yellow,,,,24983,,,65,65,False,2026-08-29 17:04:49.497952+00:00,2026-08-29 17:04:49.497952+00:00
125035_4,125035,777,34,yellow,,,,35752,,,66,66,False,2026-08-29 17:04:49.497952+00:00,2026-08-29 17:04:49.497952+00:00
125035_5,125035,777,7,substitution,,,,,118442,134286,69,69,False,2026-08-29 17:04:49.497952+00:00,2026-08-29 17:04:49.497952+00:00
125035_6,125035,777,7,substitution,,,,,126789,143922,69,69,False,2026-08-29 17:04:49.497952+00:00,2026-08-29 17:04:49.497952+00:00
125035_7,125035,777,7,goal,14706,24983,,,,,75,75,False,2026-08-29 17:04:49.497952+00:00,2026-08-29 17:04:49.497952+00:00
125035_8,125035,777,34,substitution,,,,,117763,11071,75,75,False,2026-08-29 17:04:49.497952+00:00,2026-08-29 17:04:49.497952+00:00
125035_9,125035,777,34,substitution,,,,,121610,53063,75,75,False,2026-08-29 17:04:49.497952+00:00,2026-08-29 17:04:49.497952+00:00
125035_10,125035,777,7,own goal,,,4985,,,,83,83,False,2026-08-29 17:04:49.497952+00:00,2026-08-29 17:04:49.497952+00:00
125035_11,125035,777,34,substitution,,,,,4880,6712,83,83,False,2026-08-29 17:04:49.497952+00:00,2026-08-29 17:04:49.497952+00:00
125035_12,125035,777,34,substitution,,,,,66657,14445,83,83,False,2026-08-29 17:04:49.497952+00:00,2026-08-29 17:04:49.497952+00:00
125035_13,125035,777,7,substitution,,,,,66318,24983,85,85,False,2026-08-29 17:04:49.497952+00:00,2026-08-29 17:04:49.497952+00:00
125035_14,125035,777,7,yellow,,,,112589,,,88,88,False,2026-08-29 17:04:49.497952+00:00,2026-08-29 17:04:49.497952+00:00
125035_15,125035,777,7,substitution,,,,,66538,14706,95,90+5',True,2026-08-29 17:04:49.497952+00:00,2026-08-29 17:04:49.497952+00:00
125035_16,125035,777,7,yellow,,,,4640,,,97,90+7',True,2026-08-29 17:04:49.497952+00:00,2026-08-29 17:04:49.497952+00:00
125036_0,125036,777,9,goal,14608,115255,,,,,26,26,False,2026-08-29 17:04:49.497952+00:00,2026-08-29 17:04:49.497952+00:00
125036_1,125036,777,9,goal,33162,13515,,,,,30,30,False,2026-08-29 17:04:49.497952+00:00,2026-08-29 17:04:49.497952+00:00
125036_2,125036,777,9,goal,9576,115255,,,,,49,49,False,2026-08-29 17:04:49.497952+00:00,2026-08-29 17:04:49.497952+00:00
125036_3,125036,777,15,substitution,,,,,98300,115172,54,54,False,2026-08-29 17:04:49.497952+00:00,2026-08-29 17:04:49.497952+00:00
125036_4,125036,777,15,substitution,,,,,127668,304123,54,54,False,2026-08-29 17:04:49.497952+00:00,2026-08-29 17:04:49.497952+00:00
125036_5,125036,777,9,yellow,,,,33162,,,61,61,False,2026-08-29 17:04:49.497952+00:00,2026-08-29 17:04:49.497952+00:00
125036_6,125036,777,15,yellow,,,,108816,,,62,62,False,2026-08-29 17:04:49.497952+00:00,2026-08-29 17:04:49.497952+00:00
125036_7,125036,777,15,substitution,,,,,14238,15259,67,67,False,2026-08-29 17:04:49.497952+00:00,2026-08-29 17:04:49.497952+00:00
125036_8,125036,777,15,substitution,,,,,50623,23702,67,67,False,2026-08-29 17:04:49.497952+00:00,2026-08-29 17:04:49.497952+00:00
125036_9,125036,777,15,substitution,,,,,76426,117754,76,76,False,2026-08-29 17:04:49.497952+00:00,2026-08-29 17:04:49.497952+00:00
125036_10,125036,777,9,substitution,,,,,13797,63289,78,78,False,2026-08-29 17:04:49.497952+00:00,2026-08-29 17:04:49.497952+00:00
125036_11,125036,777,9,substitution,,,,,14897,33162,82,82,False,2026-08-29 17:04:49.497952+00:00,2026-08-29 17:04:49.497952+00:00
125036_12,125036,777,15,goal,127668,98300,,,,,86,86,False,2026-08-29 17:04:49.497952+00:00,2026-08-29 17:04:49.497952+00:00
125036_13,125036,777,9,substitution,,,,,35718,14608,96,90+6',True,2026-08-29 17:04:49.497952+00:00,2026-08-29 17:04:49.497952+00:00
125037_0,125037,777,11,yellow,,,,76216,,,42,42,False,2026-08-29 17:04:49.497952+00:00,2026-08-29 17:04:49.497952+00:00
125037_1,125037,777,10,yellow,,,,5140,,,47,47,False,2026-08-29 17:04:49.497952+00:00,2026-08-29 17:04:49.497952+00:00
125037_2,125037,777,11,substitution,,,,,16431,137371,61,61,False,2026-08-29 17:04:49.497952+00:00,2026-08-29 17:04:49.497952+00:00
125037_3,125037,777,11,substitution,,,,,68150,76216,61,61,False,2026-08-29 17:04:49.497952+00:00,2026-08-29 17:04:49.497952+00:00
125037_4,125037,777,11,yellow,,,,14569,,,69,69,False,2026-08-29 17:04:49.497952+00:00,2026-08-29 17:04:49.497952+00:00
125037_5,125037,777,10,goal,33231,,,,,,74,74,False,2026-08-29 17:04:49.497952+00:00,2026-08-29 17:04:49.497952+00:00
125037_6,125037,777,11,goal,5067,65970,,,,,84,84,False,2026-08-29 17:04:49.497952+00:00,2026-08-29 17:04:49.497952+00:00
125037_7,125037,777,10,substitution,,,,,23815,32894,85,85,False,2026-08-29 17:04:49.497952+00:00,2026-08-29 17:04:49.497952+00:00
125037_8,125037,777,10,yellow,,,,20559,,,92,90+2',True,2026-08-29 17:04:49.497952+00:00,2026-08-29 17:04:49.497952+00:00
125037_9,125037,777,11,penalty goal,65970,,,,,,93,90+3',True,2026-08-29 17:04:49.497952+00:00,2026-08-29 17:04:49.497952+00:00
125037_10,125037,777,10,substitution,,,,,15802,116665,94,90+4',True,2026-08-29 17:04:49.497952+00:00,2026-08-29 17:04:49.497952+00:00
125037_11,125037,777,11,yellow,,,,65970,,,94,90+4',True,2026-08-29 17:04:49.497952+00:00,2026-08-29 17:04:49.497952+00:00
125037_12,125037,777,11,substitution,,,,,4499,25474,96,90+6',True,2026-08-29 17:04:49.497952+00:00,2026-08-29 17:04:49.497952+00:00
125037_13,125037,777,11,yellow,,,,5067,,,97,90+7',True,2026-08-29 17:04:49.497952+00:00,2026-08-29 17:04:49.497952+00:00
125037_14,125037,777,11,goal,68150,5067,,,,,100,90+10',True,2026-08-29 17:04:49.497952+00:00,2026-08-29 17:04:49.497952+00:00
125037_15,125037,777,10,red,,,,33231,,,103,90+13',True,2026-08-29 17:04:49.497952+00:00,2026-08-29 17:04:49.497952+00:00
125038_0,125038,777,21,yellow,,,,126824,,,27,27,False,2026-08-29 17:04:49.497952+00:00,2026-08-29 17:04:49.497952+00:00
125038_1,125038,777,21,red,,,,66635,,,29,29,False,2026-08-29 17:04:49.497952+00:00,2026-08-29 17:04:49.497952+00:00
125038_2,125038,777,21,substitution,,,,,69070,118579,32,32,False,2026-08-29 17:04:49.497952+00:00,2026-08-29 17:04:49.497952+00:00
125038_3,125038,777,12,goal,66360,108936,,,,,38,38,False,2026-08-29 17:04:49.497952+00:00,2026-08-29 17:04:49.497952+00:00
125038_4,125038,777,12,yellow,,,,69176,,,45,45,False,2026-08-29 17:04:49.497952+00:00,2026-08-29 17:04:49.497952+00:00
125038_5,125038,777,21,substitution,,,,,327705,126824,55,55,False,2026-08-29 17:04:49.497952+00:00,2026-08-29 17:04:49.497952+00:00
125038_6,125038,777,21,yellow,,,,19858,,,70,70,False,2026-08-29 17:04:49.497952+00:00,2026-08-29 17:04:49.497952+00:00
125038_7,125038,777,12,substitution,,,,,66036,51202,75,75,False,2026-08-29 17:04:49.497952+00:00,2026-08-29 17:04:49.497952+00:00
125038_8,125038,777,21,substitution,,,,,50245,21887,80,80,False,2026-08-29 17:04:49.497952+00:00,2026-08-29 17:04:49.497952+00:00
125038_9,125038,777,21,substitution,,,,,51185,10443,80,80,False,2026-08-29 17:04:49.497952+00:00,2026-08-29 17:04:49.497952+00:00
125038_10,125038,777,21,substitution,,,,,76614,19858,80,80,False,2026-08-29 17:04:49.497952+00:00,2026-08-29 17:04:49.497952+00:00
125038_11,125038,777,12,goal,23396,24252,,,,,81,81,False,2026-08-29 17:04:49.497952+00:00,2026-08-29 17:04:49.497952+00:00
125038_12,125038,777,12,substitution,,,,,33245,4608,87,87,False,2026-08-29 17:04:49.497952+00:00,2026-08-29 17:04:49.497952+00:00
125038_13,125038,777,12,substitution,,,,,50848,66360,87,87,False,2026-08-29 17:04:49.497952+00:00,2026-08-29 17:04:49.497952+00:00
125038_14,125038,777,12,substitution,,,,,118031,5793,87,87,False,2026-08-29 17:04:49.497952+00:00,2026-08-29 17:04:49.497952+00:00
125038_15,125038,777,12,substitution,,,,,133650,108936,92,90+2',True,2026-08-29 17:04:49.497952+00:00,2026-08-29 17:04:49.497952+00:00
125039_0,125039,777,23,goal,49908,74761,,,,,24,24,False,2026-08-29 17:04:49.497952+00:00,2026-08-29 17:04:49.497952+00:00
125039_1,125039,777,130,goal,23194,133890,,,,,37,37,False,2026-08-29 17:04:49.497952+00:00,2026-08-29 17:04:49.497952+00:00
125039_2,125039,777,23,yellow,,,,9662,,,44,44,False,2026-08-29 17:04:49.497952+00:00,2026-08-29 17:04:49.497952+00:00
125039_3,125039,777,130,penalty goal,124052,,,,,,47,45+2',True,2026-08-29 17:04:49.497952+00:00,2026-08-29 17:04:49.497952+00:00
125039_4,125039,777,23,substitution,,,,,49259,14446,46,46,False,2026-08-29 17:04:49.497952+00:00,2026-08-29 17:04:49.497952+00:00
125039_5,125039,777,23,substitution,,,,,115256,9662,46,46,False,2026-08-29 17:04:49.497952+00:00,2026-08-29 17:04:49.497952+00:00
125039_6,125039,777,130,substitution,,,,,128891,3712,56,56,False,2026-08-29 17:04:49.497952+00:00,2026-08-29 17:04:49.497952+00:00
125039_7,125039,777,23,substitution,,,,,114590,117497,65,65,False,2026-08-29 17:04:49.497952+00:00,2026-08-29 17:04:49.497952+00:00
125039_8,125039,777,130,yellow,,,,124052,,,69,69,False,2026-08-29 17:04:49.497952+00:00,2026-08-29 17:04:49.497952+00:00
125039_9,125039,777,23,penalty goal,74761,,,,,,79,79,False,2026-08-29 17:04:49.497952+00:00,2026-08-29 17:04:49.497952+00:00
125039_10,125039,777,130,substitution,,,,,133097,24369,80,80,False,2026-08-29 17:04:49.497952+00:00,2026-08-29 17:04:49.497952+00:00
125039_11,125039,777,130,goal,133890,49726,,,,,85,85,False,2026-08-29 17:04:49.497952+00:00,2026-08-29 17:04:49.497952+00:00
125039_12,125039,777,23,substitution,,,,,8707,3905,87,87,False,2026-08-29 17:04:49.497952+00:00,2026-08-29 17:04:49.497952+00:00
125039_13,125039,777,23,substitution,,,,,19888,71623,87,87,False,2026-08-29 17:04:49.497952+00:00,2026-08-29 17:04:49.497952+00:00
125039_14,125039,777,130,substitution,,,,,49731,49726,87,87,False,2026-08-29 17:04:49.497952+00:00,2026-08-29 17:04:49.497952+00:00
125039_15,125039,777,130,yellow,,,,23194,,,91,90+1',True,2026-08-29 17:04:49.497952+00:00,2026-08-29 17:04:49.497952+00:00
125039_16,125039,777,23,yellow,,,,108922,,,96,90+6',True,2026-08-29 17:04:49.497952+00:00,2026-08-29 17:04:49.497952+00:00
125040_0,125040,777,4,penalty goal,49293,,,,,,13,13,False,2026-08-29 17:04:49.497952+00:00,2026-08-29 17:04:49.497952+00:00
125040_1,125040,777,4,penalty goal,49293,,,,,,35,35,False,2026-08-29 17:04:49.497952+00:00,2026-08-29 17:04:49.497952+00:00
125040_2,125040,777,4,goal,49293,27277,,,,,38,38,False,2026-08-29 17:04:49.497952+00:00,2026-08-29 17:04:49.497952+00:00
125040_3,125040,777,38,substitution,,,,,108877,20337,43,43,False,2026-08-29 17:04:49.497952+00:00,2026-08-29 17:04:49.497952+00:00
125040_4,125040,777,38,yellow,,,,9199,,,49,45+4',True,2026-08-29 17:04:49.497952+00:00,2026-08-29 17:04:49.497952+00:00
125040_5,125040,777,38,substitution,,,,,108947,4229,46,46,False,2026-08-29 17:04:49.497952+00:00,2026-08-29 17:04:49.497952+00:00
125040_6,125040,777,38,goal,115371,9199,,,,,54,54,False,2026-08-29 17:04:49.497952+00:00,2026-08-29 17:04:49.497952+00:00
125040_7,125040,777,4,substitution,,,,,68987,49293,61,61,False,2026-08-29 17:04:49.497952+00:00,2026-08-29 17:04:49.497952+00:00
125040_8,125040,777,4,yellow,,,,27277,,,73,73,False,2026-08-29 17:04:49.497952+00:00,2026-08-29 17:04:49.497952+00:00
125040_9,125040,777,4,substitution,,,,,51813,72371,75,75,False,2026-08-29 17:04:49.497952+00:00,2026-08-29 17:04:49.497952+00:00
125040_10,125040,777,4,substitution,,,,,125075,68827,75,75,False,2026-08-29 17:04:49.497952+00:00,2026-08-29 17:04:49.497952+00:00
125040_11,125040,777,38,substitution,,,,,126108,14830,79,79,False,2026-08-29 17:04:49.497952+00:00,2026-08-29 17:04:49.497952+00:00
125040_12,125040,777,4,substitution,,,,,119041,133245,84,84,False,2026-08-29 17:04:49.497952+00:00,2026-08-29 17:04:49.497952+00:00
125040_13,125040,777,38,substitution,,,,,147032,133679,91,90+1',True,2026-08-29 17:04:49.497952+00:00,2026-08-29 17:04:49.497952+00:00
125041_0,125041,777,131,yellow,,,,124396,,,2,2,False,2026-08-29 17:04:49.497952+00:00,2026-08-29 17:04:49.497952+00:00
125041_1,125041,777,131,substitution,,,,,2100,124396,22,22,False,2026-08-29 17:04:49.497952+00:00,2026-08-29 17:04:49.497952+00:00
125041_2,125041,777,131,yellow,,,,4874,,,23,23,False,2026-08-29 17:04:49.497952+00:00,2026-08-29 17:04:49.497952+00:00
125041_3,125041,777,2,yellow,,,,4245,,,41,41,False,2026-08-29 17:04:49.497952+00:00,2026-08-29 17:04:49.497952+00:00
125041_4,125041,777,131,yellow,,,,76090,,,41,41,False,2026-08-29 17:04:49.497952+00:00,2026-08-29 17:04:49.497952+00:00
125041_5,125041,777,2,yellow,,,,23968,,,50,50,False,2026-08-29 17:04:49.497952+00:00,2026-08-29 17:04:49.497952+00:00
125041_6,125041,777,2,substitution,,,,,4115,26408,60,60,False,2026-08-29 17:04:49.497952+00:00,2026-08-29 17:04:49.497952+00:00
125041_7,125041,777,2,substitution,,,,,20489,14801,60,60,False,2026-08-29 17:04:49.497952+00:00,2026-08-29 17:04:49.497952+00:00
125041_8,125041,777,131,substitution,,,,,20505,76090,61,61,False,2026-08-29 17:04:49.497952+00:00,2026-08-29 17:04:49.497952+00:00
125041_9,125041,777,2,substitution,,,,,326089,8658,74,74,False,2026-08-29 17:04:49.497952+00:00,2026-08-29 17:04:49.497952+00:00
125041_10,125041,777,2,substitution,,,,,13286,108096,75,75,False,2026-08-29 17:04:49.497952+00:00,2026-08-29 17:04:49.497952+00:00
125041_11,125041,777,131,substitution,,,,,129952,143240,81,81,False,2026-08-29 17:04:49.497952+00:00,2026-08-29 17:04:49.497952+00:00
125041_12,125041,777,131,substitution,,,,,136175,117732,81,81,False,2026-08-29 17:04:49.497952+00:00,2026-08-29 17:04:49.497952+00:00
125041_13,125041,777,131,substitution,,,,,145043,3452,81,81,False,2026-08-29 17:04:49.497952+00:00,2026-08-29 17:04:49.497952+00:00
125041_14,125041,777,2,substitution,,,,,5066,24626,84,84,False,2026-08-29 17:04:49.497952+00:00,2026-08-29 17:04:49.497952+00:00
125041_15,125041,777,2,own goal,,,112739,,,,86,86,False,2026-08-29 17:04:49.497952+00:00,2026-08-29 17:04:49.497952+00:00
125042_0,125042,777,130,yellow,,,,23194,,,4,4,False,2026-08-29 17:04:49.497952+00:00,2026-08-29 17:04:49.497952+00:00
125042_1,125042,777,1,yellow,,,,50234,,,20,20,False,2026-08-29 17:04:49.497952+00:00,2026-08-29 17:04:49.497952+00:00
125042_2,125042,777,1,yellow,,,,32728,,,30,30,False,2026-08-29 17:04:49.497952+00:00,2026-08-29 17:04:49.497952+00:00
125042_3,125042,777,1,substitution,,,,,11419,21584,46,46,False,2026-08-29 17:04:49.497952+00:00,2026-08-29 17:04:49.497952+00:00
125042_4,125042,777,130,yellow,,,,49726,,,53,53,False,2026-08-29 17:04:49.497952+00:00,2026-08-29 17:04:49.497952+00:00
125042_5,125042,777,1,goal,67407,118077,,,,,61,61,False,2026-08-29 17:04:49.497952+00:00,2026-08-29 17:04:49.497952+00:00
125042_6,125042,777,1,substitution,,,,,49481,67407,70,70,False,2026-08-29 17:04:49.497952+00:00,2026-08-29 17:04:49.497952+00:00
125042_7,125042,777,130,goal,24369,65987,,,,,71,71,False,2026-08-29 17:04:49.497952+00:00,2026-08-29 17:04:49.497952+00:00
125042_8,125042,777,130,substitution,,,,,3712,128891,73,73,False,2026-08-29 17:04:49.497952+00:00,2026-08-29 17:04:49.497952+00:00
125042_9,125042,777,130,substitution,,,,,49731,24369,73,73,False,2026-08-29 17:04:49.497952+00:00,2026-08-29 17:04:49.497952+00:00
125042_10,125042,777,1,substitution,,,,,66104,20486,81,81,False,2026-08-29 17:04:49.497952+00:00,2026-08-29 17:04:49.497952+00:00
125042_11,125042,777,1,substitution,,,,,69914,118077,81,81,False,2026-08-29 17:04:49.497952+00:00,2026-08-29 17:04:49.497952+00:00
125042_12,125042,777,130,yellow,,,,133890,,,86,86,False,2026-08-29 17:04:49.497952+00:00,2026-08-29 17:04:49.497952+00:00
125042_13,125042,777,130,substitution,,,,,115166,10947,95,90+5',True,2026-08-29 17:04:49.497952+00:00,2026-08-29 17:04:49.497952+00:00
125043_0,125043,777,4,yellow,,,,68827,,,8,8,False,2026-08-29 17:04:49.497952+00:00,2026-08-29 17:04:49.497952+00:00
125043_1,125043,777,4,yellow,,,,125075,,,15,15,False,2026-08-29 17:04:49.497952+00:00,2026-08-29 17:04:49.497952+00:00
125043_2,125043,777,9,yellow,,,,75543,,,19,19,False,2026-08-29 17:04:49.497952+00:00,2026-08-29 17:04:49.497952+00:00
125043_3,125043,777,9,yellow,,,,35718,,,22,22,False,2026-08-29 17:04:49.497952+00:00,2026-08-29 17:04:49.497952+00:00
125043_4,125043,777,4,goal,72371,49293,,,,,24,24,False,2026-08-29 17:04:49.497952+00:00,2026-08-29 17:04:49.497952+00:00
125043_5,125043,777,9,yellow,,,,13515,,,45,45,False,2026-08-29 17:04:49.497952+00:00,2026-08-29 17:04:49.497952+00:00
125043_6,125043,777,4,substitution,,,,,119041,27277,46,46,False,2026-08-29 17:04:49.497952+00:00,2026-08-29 17:04:49.497952+00:00
125043_7,125043,777,9,substitution,,,,,33162,35718,55,55,False,2026-08-29 17:04:49.497952+00:00,2026-08-29 17:04:49.497952+00:00
125043_8,125043,777,4,penalty goal,49293,,,,,,58,58,False,2026-08-29 17:04:49.497952+00:00,2026-08-29 17:04:49.497952+00:00
125043_9,125043,777,4,substitution,,,,,21998,304474,64,64,False,2026-08-29 17:04:49.497952+00:00,2026-08-29 17:04:49.497952+00:00
125043_10,125043,777,9,penalty goal,14807,,,,,,67,67,False,2026-08-29 17:04:49.497952+00:00,2026-08-29 17:04:49.497952+00:00
125043_11,125043,777,4,yellow,,,,49293,,,67,67,False,2026-08-29 17:04:49.497952+00:00,2026-08-29 17:04:49.497952+00:00
125043_12,125043,777,9,goal,33162,14807,,,,,73,73,False,2026-08-29 17:04:49.497952+00:00,2026-08-29 17:04:49.497952+00:00
125043_13,125043,777,4,substitution,,,,,51813,133245,79,79,False,2026-08-29 17:04:49.497952+00:00,2026-08-29 17:04:49.497952+00:00
125043_14,125043,777,4,substitution,,,,,66284,125075,79,79,False,2026-08-29 17:04:49.497952+00:00,2026-08-29 17:04:49.497952+00:00
125043_15,125043,777,9,substitution,,,,,13797,14807,82,82,False,2026-08-29 17:04:49.497952+00:00,2026-08-29 17:04:49.497952+00:00
125043_16,125043,777,9,substitution,,,,,14897,63289,95,90+5',True,2026-08-29 17:04:49.497952+00:00,2026-08-29 17:04:49.497952+00:00
125043_17,125043,777,9,yellow,,,,14897,,,96,90+6',True,2026-08-29 17:04:49.497952+00:00,2026-08-29 17:04:49.497952+00:00
125043_18,125043,777,4,yellow,,,,112203,,,98,90+8',True,2026-08-29 17:04:49.497952+00:00,2026-08-29 17:04:49.497952+00:00
125044_0,125044,777,6,goal,35670,69595,,,,,17,17,False,2026-08-29 17:04:49.497952+00:00,2026-08-29 17:04:49.497952+00:00
125044_1,125044,777,6,goal,35670,37776,,,,,33,33,False,2026-08-29 17:04:49.497952+00:00,2026-08-29 17:04:49.497952+00:00
125044_2,125044,777,6,yellow,,,,50842,,,35,35,False,2026-08-29 17:04:49.497952+00:00,2026-08-29 17:04:49.497952+00:00
125044_3,125044,777,6,yellow,,,,37776,,,36,36,False,2026-08-29 17:04:49.497952+00:00,2026-08-29 17:04:49.497952+00:00
125044_4,125044,777,43,goal,68593,15139,,,,,40,40,False,2026-08-29 17:04:49.497952+00:00,2026-08-29 17:04:49.497952+00:00
125044_5,125044,777,43,goal,50460,74960,,,,,44,44,False,2026-08-29 17:04:49.497952+00:00,2026-08-29 17:04:49.497952+00:00
125044_6,125044,777,43,own goal,,,37776,,,,47,45+2',True,2026-08-29 17:04:49.497952+00:00,2026-08-29 17:04:49.497952+00:00
125044_7,125044,777,6,substitution,,,,,110549,37776,46,46,False,2026-08-29 17:04:49.497952+00:00,2026-08-29 17:04:49.497952+00:00
125044_8,125044,777,6,substitution,,,,,49374,72265,58,58,False,2026-08-29 17:04:49.497952+00:00,2026-08-29 17:04:49.497952+00:00
125044_9,125044,777,6,substitution,,,,,8589,76353,72,72,False,2026-08-29 17:04:49.497952+00:00,2026-08-29 17:04:49.497952+00:00
125044_10,125044,777,6,substitution,,,,,109117,49759,72,72,False,2026-08-29 17:04:49.497952+00:00,2026-08-29 17:04:49.497952+00:00
125044_11,125044,777,43,substitution,,,,,19831,15139,73,73,False,2026-08-29 17:04:49.497952+00:00,2026-08-29 17:04:49.497952+00:00
125044_12,125044,777,43,substitution,,,,,64282,75735,73,73,False,2026-08-29 17:04:49.497952+00:00,2026-08-29 17:04:49.497952+00:00
125044_13,125044,777,43,yellow,,,,68593,,,74,74,False,2026-08-29 17:04:49.497952+00:00,2026-08-29 17:04:49.497952+00:00
125044_14,125044,777,6,substitution,,,,,146391,69595,83,83,False,2026-08-29 17:04:49.497952+00:00,2026-08-29 17:04:49.497952+00:00
125044_15,125044,777,43,substitution,,,,,4617,68593,83,83,False,2026-08-29 17:04:49.497952+00:00,2026-08-29 17:04:49.497952+00:00
125044_16,125044,777,43,substitution,,,,,63851,74960,87,87,False,2026-08-29 17:04:49.497952+00:00,2026-08-29 17:04:49.497952+00:00
125045_0,125045,777,7,penalty goal,31936,,,,,,42,42,False,2026-08-29 17:04:49.497952+00:00,2026-08-29 17:04:49.497952+00:00
125045_1,125045,777,127,yellow,,,,134234,,,57,57,False,2026-08-29 17:04:49.497952+00:00,2026-08-29 17:04:49.497952+00:00
125045_2,125045,777,127,substitution,,,,,16582,135304,58,58,False,2026-08-29 17:04:49.497952+00:00,2026-08-29 17:04:49.497952+00:00
125045_3,125045,777,127,substitution,,,,,137832,33032,58,58,False,2026-08-29 17:04:49.497952+00:00,2026-08-29 17:04:49.497952+00:00
125045_4,125045,777,127,goal,134234,74965,,,,,61,61,False,2026-08-29 17:04:49.497952+00:00,2026-08-29 17:04:49.497952+00:00
125045_5,125045,777,7,substitution,,,,,126789,143922,62,62,False,2026-08-29 17:04:49.497952+00:00,2026-08-29 17:04:49.497952+00:00
125045_6,125045,777,7,substitution,,,,,134286,118442,62,62,False,2026-08-29 17:04:49.497952+00:00,2026-08-29 17:04:49.497952+00:00
125045_7,125045,777,127,goal,118080,51942,,,,,64,64,False,2026-08-29 17:04:49.497952+00:00,2026-08-29 17:04:49.497952+00:00
125045_8,125045,777,7,yellow,,,,126789,,,66,66,False,2026-08-29 17:04:49.497952+00:00,2026-08-29 17:04:49.497952+00:00
125045_9,125045,777,7,red,,,,112589,,,69,69,False,2026-08-29 17:04:49.497952+00:00,2026-08-29 17:04:49.497952+00:00
125045_10,125045,777,127,substitution,,,,,10766,15572,80,80,False,2026-08-29 17:04:49.497952+00:00,2026-08-29 17:04:49.497952+00:00
125045_11,125045,777,127,substitution,,,,,13706,118080,80,80,False,2026-08-29 17:04:49.497952+00:00,2026-08-29 17:04:49.497952+00:00
125045_12,125045,777,127,yellow,,,,13706,,,81,81,False,2026-08-29 17:04:49.497952+00:00,2026-08-29 17:04:49.497952+00:00
125045_13,125045,777,7,substitution,,,,,4333,24983,93,90+3',True,2026-08-29 17:04:49.497952+00:00,2026-08-29 17:04:49.497952+00:00
125045_14,125045,777,127,substitution,,,,,3512,134234,93,90+3',True,2026-08-29 17:04:49.497952+00:00,2026-08-29 17:04:49.497952+00:00
125045_15,125045,777,127,yellow,,,,119381,,,96,90+6',True,2026-08-29 17:04:49.497952+00:00,2026-08-29 17:04:49.497952+00:00
125046_0,125046,777,11,goal,25474,,,,,,24,24,False,2026-08-29 17:04:49.497952+00:00,2026-08-29 17:04:49.497952+00:00
125046_1,125046,777,11,goal,112948,25474,,,,,30,30,False,2026-08-29 17:04:49.497952+00:00,2026-08-29 17:04:49.497952+00:00
125046_2,125046,777,34,yellow,,,,26151,,,31,31,False,2026-08-29 17:04:49.497952+00:00,2026-08-29 17:04:49.497952+00:00
125046_3,125046,777,11,goal,65970,14805,,,,,39,39,False,2026-08-29 17:04:49.497952+00:00,2026-08-29 17:04:49.497952+00:00
125046_4,125046,777,11,yellow,,,,5067,,,41,41,False,2026-08-29 17:04:49.497952+00:00,2026-08-29 17:04:49.497952+00:00
125046_5,125046,777,11,substitution,,,,,76216,65970,46,46,False,2026-08-29 17:04:49.497952+00:00,2026-08-29 17:04:49.497952+00:00
125046_6,125046,777,11,substitution,,,,,26335,5067,60,60,False,2026-08-29 17:04:49.497952+00:00,2026-08-29 17:04:49.497952+00:00
125046_7,125046,777,11,substitution,,,,,137371,76204,60,60,False,2026-08-29 17:04:49.497952+00:00,2026-08-29 17:04:49.497952+00:00
125046_8,125046,777,34,substitution,,,,,117763,11071,60,60,False,2026-08-29 17:04:49.497952+00:00,2026-08-29 17:04:49.497952+00:00
125046_9,125046,777,34,substitution,,,,,121610,53063,60,60,False,2026-08-29 17:04:49.497952+00:00,2026-08-29 17:04:49.497952+00:00
125046_10,125046,777,34,substitution,,,,,128976,14445,60,60,False,2026-08-29 17:04:49.497952+00:00,2026-08-29 17:04:49.497952+00:00
125046_11,125046,777,11,yellow,,,,14805,,,66,66,False,2026-08-29 17:04:49.497952+00:00,2026-08-29 17:04:49.497952+00:00
125046_12,125046,777,11,substitution,,,,,67849,16286,71,71,False,2026-08-29 17:04:49.497952+00:00,2026-08-29 17:04:49.497952+00:00
125046_13,125046,777,11,substitution,,,,,68150,14805,71,71,False,2026-08-29 17:04:49.497952+00:00,2026-08-29 17:04:49.497952+00:00
125046_14,125046,777,34,substitution,,,,,66657,13961,72,72,False,2026-08-29 17:04:49.497952+00:00,2026-08-29 17:04:49.497952+00:00
125046_15,125046,777,34,substitution,,,,,4818,21614,81,81,False,2026-08-29 17:04:49.497952+00:00,2026-08-29 17:04:49.497952+00:00
125046_16,125046,777,11,yellow,,,,67849,,,83,83,False,2026-08-29 17:04:49.497952+00:00,2026-08-29 17:04:49.497952+00:00
125047_0,125047,777,38,substitution,,,,,111988,108947,60,60,False,2026-08-29 17:04:49.497952+00:00,2026-08-29 17:04:49.497952+00:00
125047_1,125047,777,38,substitution,,,,,136815,66692,60,60,False,2026-08-29 17:04:49.497952+00:00,2026-08-29 17:04:49.497952+00:00
125047_2,125047,777,15,substitution,,,,,50623,23702,65,65,False,2026-08-29 17:04:49.497952+00:00,2026-08-29 17:04:49.497952+00:00
125047_3,125047,777,15,substitution,,,,,304123,127668,71,71,False,2026-08-29 17:04:49.497952+00:00,2026-08-29 17:04:49.497952+00:00
125047_4,125047,777,38,yellow,,,,111988,,,75,75,False,2026-08-29 17:04:49.497952+00:00,2026-08-29 17:04:49.497952+00:00
125047_5,125047,777,38,substitution,,,,,126108,14830,78,78,False,2026-08-29 17:04:49.497952+00:00,2026-08-29 17:04:49.497952+00:00
125047_6,125047,777,38,yellow,,,,126108,,,86,86,False,2026-08-29 17:04:49.497952+00:00,2026-08-29 17:04:49.497952+00:00
125048_0,125048,777,29,yellow,,,,63733,,,24,24,False,2026-08-29 17:04:49.497952+00:00,2026-08-29 17:04:49.497952+00:00
125048_1,125048,777,10,goal,5140,5178,,,,,61,61,False,2026-08-29 17:04:49.497952+00:00,2026-08-29 17:04:49.497952+00:00
125048_2,125048,777,10,substitution,,,,,10651,43586,69,69,False,2026-08-29 17:04:49.497952+00:00,2026-08-29 17:04:49.497952+00:00
125048_3,125048,777,10,substitution,,,,,23815,32894,75,75,False,2026-08-29 17:04:49.497952+00:00,2026-08-29 17:04:49.497952+00:00
125048_4,125048,777,29,substitution,,,,,25408,66659,80,80,False,2026-08-29 17:04:49.497952+00:00,2026-08-29 17:04:49.497952+00:00
125048_5,125048,777,29,substitution,,,,,51610,115105,80,80,False,2026-08-29 17:04:49.497952+00:00,2026-08-29 17:04:49.497952+00:00
125048_6,125048,777,29,substitution,,,,,118633,122126,80,80,False,2026-08-29 17:04:49.497952+00:00,2026-08-29 17:04:49.497952+00:00
125048_7,125048,777,10,substitution,,,,,15802,81542,88,88,False,2026-08-29 17:04:49.497952+00:00,2026-08-29 17:04:49.497952+00:00
125048_8,125048,777,29,substitution,,,,,52989,126110,92,90+2',True,2026-08-29 17:04:49.497952+00:00,2026-08-29 17:04:49.497952+00:00
125049_0,125049,777,21,substitution,,,,,76614,118579,35,35,False,2026-08-29 17:04:49.497952+00:00,2026-08-29 17:04:49.497952+00:00
125049_1,125049,777,21,yellow,,,,117318,,,41,41,False,2026-08-29 17:04:49.497952+00:00,2026-08-29 17:04:49.497952+00:00
125049_2,125049,777,23,goal,14446,19888,,,,,44,44,False,2026-08-29 17:04:49.497952+00:00,2026-08-29 17:04:49.497952+00:00
125049_3,125049,777,23,goal,124462,,,,,,50,45+5',True,2026-08-29 17:04:49.497952+00:00,2026-08-29 17:04:49.497952+00:00
125049_4,125049,777,21,substitution,,,,,19858,50245,46,46,False,2026-08-29 17:04:49.497952+00:00,2026-08-29 17:04:49.497952+00:00
125049_5,125049,777,23,yellow,,,,8707,,,59,59,False,2026-08-29 17:04:49.497952+00:00,2026-08-29 17:04:49.497952+00:00
125049_6,125049,777,21,yellow,,,,23764,,,62,62,False,2026-08-29 17:04:49.497952+00:00,2026-08-29 17:04:49.497952+00:00
125049_7,125049,777,21,goal,117596,117318,,,,,64,64,False,2026-08-29 17:04:49.497952+00:00,2026-08-29 17:04:49.497952+00:00
125049_8,125049,777,21,yellow,,,,69274,,,67,67,False,2026-08-29 17:04:49.497952+00:00,2026-08-29 17:04:49.497952+00:00
125049_9,125049,777,23,goal,19888,23747,,,,,68,68,False,2026-08-29 17:04:49.497952+00:00,2026-08-29 17:04:49.497952+00:00
125049_10,125049,777,21,substitution,,,,,51185,21887,70,70,False,2026-08-29 17:04:49.497952+00:00,2026-08-29 17:04:49.497952+00:00
125049_11,125049,777,23,substitution,,,,,9662,49259,75,75,False,2026-08-29 17:04:49.497952+00:00,2026-08-29 17:04:49.497952+00:00
125049_12,125049,777,23,substitution,,,,,71623,19888,75,75,False,2026-08-29 17:04:49.497952+00:00,2026-08-29 17:04:49.497952+00:00
125049_13,125049,777,23,substitution,,,,,114590,23747,88,88,False,2026-08-29 17:04:49.497952+00:00,2026-08-29 17:04:49.497952+00:00
125049_14,125049,777,23,substitution,,,,,115256,14446,88,88,False,2026-08-29 17:04:49.497952+00:00,2026-08-29 17:04:49.497952+00:00
125049_15,125049,777,23,yellow,,,,74761,,,89,89,False,2026-08-29 17:04:49.497952+00:00,2026-08-29 17:04:49.497952+00:00
125049_16,125049,777,23,substitution,,,,,108922,74761,91,90+1',True,2026-08-29 17:04:49.497952+00:00,2026-08-29 17:04:49.497952+00:00
125050_0,125050,777,25,goal,25183,8868,,,,,50,50,False,2026-08-29 17:04:49.497952+00:00,2026-08-29 17:04:49.497952+00:00
125050_1,125050,777,12,yellow,,,,24252,,,57,57,False,2026-08-29 17:04:49.497952+00:00,2026-08-29 17:04:49.497952+00:00
125050_2,125050,777,12,goal,5793,108936,,,,,63,63,False,2026-08-29 17:04:49.497952+00:00,2026-08-29 17:04:49.497952+00:00
125050_3,125050,777,12,substitution,,,,,118591,9566,68,68,False,2026-08-29 17:04:49.497952+00:00,2026-08-29 17:04:49.497952+00:00
125050_4,125050,777,12,substitution,,,,,66036,51202,69,69,False,2026-08-29 17:04:49.497952+00:00,2026-08-29 17:04:49.497952+00:00
125050_5,125050,777,25,substitution,,,,,8454,63257,69,69,False,2026-08-29 17:04:49.497952+00:00,2026-08-29 17:04:49.497952+00:00
125050_6,125050,777,25,yellow,,,,119072,,,70,70,False,2026-08-29 17:04:49.497952+00:00,2026-08-29 17:04:49.497952+00:00
125050_7,125050,777,25,substitution,,,,,117579,145347,80,80,False,2026-08-29 17:04:49.497952+00:00,2026-08-29 17:04:49.497952+00:00
125050_8,125050,777,25,substitution,,,,,122005,66560,80,80,False,2026-08-29 17:04:49.497952+00:00,2026-08-29 17:04:49.497952+00:00
125050_9,125050,777,12,substitution,,,,,50848,24252,82,82,False,2026-08-29 17:04:49.497952+00:00,2026-08-29 17:04:49.497952+00:00
125050_10,125050,777,25,substitution,,,,,4979,65961,90,90,False,2026-08-29 17:04:49.497952+00:00,2026-08-29 17:04:49.497952+00:00
125050_11,125050,777,25,substitution,,,,,13815,8868,90,90,False,2026-08-29 17:04:49.497952+00:00,2026-08-29 17:04:49.497952+00:00
125050_12,125050,777,12,goal,66036,66360,,,,,96,90+6',True,2026-08-29 17:04:49.497952+00:00,2026-08-29 17:04:49.497952+00:00
125051_0,125051,777,9,goal,116888,,,,,,31,31,False,2026-08-29 17:04:49.497952+00:00,2026-08-29 17:04:49.497952+00:00
125051_1,125051,777,9,substitution,,,,,50151,75543,46,46,False,2026-08-29 17:04:49.497952+00:00,2026-08-29 17:04:49.497952+00:00
125051_2,125051,777,2,substitution,,,,,4115,108096,61,61,False,2026-08-29 17:04:49.497952+00:00,2026-08-29 17:04:49.497952+00:00
125051_3,125051,777,2,substitution,,,,,14801,20489,61,61,False,2026-08-29 17:04:49.497952+00:00,2026-08-29 17:04:49.497952+00:00
125051_4,125051,777,9,yellow,,,,50151,,,62,62,False,2026-08-29 17:04:49.497952+00:00,2026-08-29 17:04:49.497952+00:00
125051_5,125051,777,9,yellow,,,,9251,,,69,69,False,2026-08-29 17:04:49.497952+00:00,2026-08-29 17:04:49.497952+00:00
125051_6,125051,777,9,substitution,,,,,14807,63289,73,73,False,2026-08-29 17:04:49.497952+00:00,2026-08-29 17:04:49.497952+00:00
125051_7,125051,777,2,yellow,,,,26408,,,73,73,False,2026-08-29 17:04:49.497952+00:00,2026-08-29 17:04:49.497952+00:00
125051_8,125051,777,2,substitution,,,,,13286,26408,75,75,False,2026-08-29 17:04:49.497952+00:00,2026-08-29 17:04:49.497952+00:00
125051_9,125051,777,9,yellow,,,,14608,,,79,79,False,2026-08-29 17:04:49.497952+00:00,2026-08-29 17:04:49.497952+00:00
125051_10,125051,777,9,substitution,,,,,14897,116888,83,83,False,2026-08-29 17:04:49.497952+00:00,2026-08-29 17:04:49.497952+00:00
125051_11,125051,777,2,substitution,,,,,107846,24626,87,87,False,2026-08-29 17:04:49.497952+00:00,2026-08-29 17:04:49.497952+00:00
125051_12,125051,777,2,substitution,,,,,133169,13344,87,87,False,2026-08-29 17:04:49.497952+00:00,2026-08-29 17:04:49.497952+00:00
125051_13,125051,777,2,goal,13286,,,,,,88,88,False,2026-08-29 17:04:49.497952+00:00,2026-08-29 17:04:49.497952+00:00
125051_14,125051,777,9,yellow,,,,115255,,,92,90+2',True,2026-08-29 17:04:49.497952+00:00,2026-08-29 17:04:49.497952+00:00
125052_0,125052,777,131,yellow,,,,72239,,,12,12,False,2026-08-29 17:04:49.497952+00:00,2026-08-29 17:04:49.497952+00:00
125052_1,125052,777,131,goal,143240,,,,,,30,30,False,2026-08-29 17:04:49.497952+00:00,2026-08-29 17:04:49.497952+00:00
125052_2,125052,777,130,substitution,,,,,24659,115166,45,45,False,2026-08-29 17:04:49.497952+00:00,2026-08-29 17:04:49.497952+00:00
125052_3,125052,777,131,goal,3452,,,,,,46,45+1',True,2026-08-29 17:04:49.497952+00:00,2026-08-29 17:04:49.497952+00:00
125052_4,125052,777,130,substitution,,,,,127594,24369,46,46,False,2026-08-29 17:04:49.497952+00:00,2026-08-29 17:04:49.497952+00:00
125052_5,125052,777,130,substitution,,,,,128891,23194,46,46,False,2026-08-29 17:04:49.497952+00:00,2026-08-29 17:04:49.497952+00:00
125052_6,125052,777,131,yellow,,,,50727,,,54,54,False,2026-08-29 17:04:49.497952+00:00,2026-08-29 17:04:49.497952+00:00
125052_7,125052,777,131,substitution,,,,,4874,72239,65,65,False,2026-08-29 17:04:49.497952+00:00,2026-08-29 17:04:49.497952+00:00
125052_8,125052,777,130,substitution,,,,,49731,3712,67,67,False,2026-08-29 17:04:49.497952+00:00,2026-08-29 17:04:49.497952+00:00
125052_9,125052,777,131,substitution,,,,,67928,143240,76,76,False,2026-08-29 17:04:49.497952+00:00,2026-08-29 17:04:49.497952+00:00
125052_10,125052,777,130,substitution,,,,,133097,20113,81,81,False,2026-08-29 17:04:49.497952+00:00,2026-08-29 17:04:49.497952+00:00
125052_11,125052,777,131,substitution,,,,,124396,2100,90,90,False,2026-08-29 17:04:49.497952+00:00,2026-08-29 17:04:49.497952+00:00
125052_12,125052,777,130,yellow,,,,128891,,,93,90+3',True,2026-08-29 17:04:49.497952+00:00,2026-08-29 17:04:49.497952+00:00
125053_0,125053,777,4,goal,72371,21998,,,,,4,4,False,2026-08-29 17:04:49.497952+00:00,2026-08-29 17:04:49.497952+00:00
125053_1,125053,777,43,yellow,,,,68593,,,30,30,False,2026-08-29 17:04:49.497952+00:00,2026-08-29 17:04:49.497952+00:00
125053_2,125053,777,4,yellow,,,,66284,,,34,34,False,2026-08-29 17:04:49.497952+00:00,2026-08-29 17:04:49.497952+00:00
125053_3,125053,777,43,substitution,,,,,137462,3955,46,46,False,2026-08-29 17:04:49.497952+00:00,2026-08-29 17:04:49.497952+00:00
125053_4,125053,777,43,substitution,,,,,4617,74960,57,57,False,2026-08-29 17:04:49.497952+00:00,2026-08-29 17:04:49.497952+00:00
125053_5,125053,777,4,yellow,,,,66284,,,72,72,False,2026-08-29 17:04:49.497952+00:00,2026-08-29 17:04:49.497952+00:00
125053_6,125053,777,4,substitution,,,,,13549,49293,75,75,False,2026-08-29 17:04:49.497952+00:00,2026-08-29 17:04:49.497952+00:00
125053_7,125053,777,43,substitution,,,,,19831,8127,78,78,False,2026-08-29 17:04:49.497952+00:00,2026-08-29 17:04:49.497952+00:00
125053_8,125053,777,4,substitution,,,,,51813,72371,80,80,False,2026-08-29 17:04:49.497952+00:00,2026-08-29 17:04:49.497952+00:00
125053_9,125053,777,4,substitution,,,,,119041,68827,80,80,False,2026-08-29 17:04:49.497952+00:00,2026-08-29 17:04:49.497952+00:00
125053_10,125053,777,43,substitution,,,,,74964,51498,83,83,False,2026-08-29 17:04:49.497952+00:00,2026-08-29 17:04:49.497952+00:00
125053_11,125053,777,43,substitution,,,,,8246,50460,84,84,False,2026-08-29 17:04:49.497952+00:00,2026-08-29 17:04:49.497952+00:00
125053_12,125053,777,4,substitution,,,,,132956,21998,88,88,False,2026-08-29 17:04:49.497952+00:00,2026-08-29 17:04:49.497952+00:00
125053_13,125053,777,4,substitution,,,,,125075,14571,89,89,False,2026-08-29 17:04:49.497952+00:00,2026-08-29 17:04:49.497952+00:00
125053_14,125053,777,4,yellow,,,,14538,,,90,90,False,2026-08-29 17:04:49.497952+00:00,2026-08-29 17:04:49.497952+00:00
125053_15,125053,777,43,goal,75735,4617,,,,,93,90+3',True,2026-08-29 17:04:49.497952+00:00,2026-08-29 17:04:49.497952+00:00
125053_16,125053,777,43,yellow,,,,8127,,,93,90+3',True,2026-08-29 17:04:49.497952+00:00,2026-08-29 17:04:49.497952+00:00
125053_17,125053,777,4,yellow,,,,119041,,,94,90+4',True,2026-08-29 17:04:49.497952+00:00,2026-08-29 17:04:49.497952+00:00
125054_0,125054,777,6,yellow,,,,8589,,,15,15,False,2026-08-29 17:04:49.497952+00:00,2026-08-29 17:04:49.497952+00:00
125054_1,125054,777,6,yellow,,,,147312,,,31,31,False,2026-08-29 17:04:49.497952+00:00,2026-08-29 17:04:49.497952+00:00
125054_2,125054,777,6,yellow,,,,69595,,,41,41,False,2026-08-29 17:04:49.497952+00:00,2026-08-29 17:04:49.497952+00:00
125054_3,125054,777,6,substitution,,,,,49759,8589,46,46,False,2026-08-29 17:04:49.497952+00:00,2026-08-29 17:04:49.497952+00:00
125054_4,125054,777,38,yellow,,,,108877,,,58,58,False,2026-08-29 17:04:49.497952+00:00,2026-08-29 17:04:49.497952+00:00
125054_5,125054,777,38,yellow,,,,108877,,,61,61,False,2026-08-29 17:04:49.497952+00:00,2026-08-29 17:04:49.497952+00:00
125054_6,125054,777,38,substitution,,,,,136815,9199,63,63,False,2026-08-29 17:04:49.497952+00:00,2026-08-29 17:04:49.497952+00:00
125054_7,125054,777,6,yellow,,,,110549,,,67,67,False,2026-08-29 17:04:49.497952+00:00,2026-08-29 17:04:49.497952+00:00
125054_8,125054,777,6,substitution,,,,,72265,110549,72,72,False,2026-08-29 17:04:49.497952+00:00,2026-08-29 17:04:49.497952+00:00
125054_9,125054,777,6,substitution,,,,,49374,109117,77,77,False,2026-08-29 17:04:49.497952+00:00,2026-08-29 17:04:49.497952+00:00
125054_10,125054,777,38,substitution,,,,,133679,126108,87,87,False,2026-08-29 17:04:49.497952+00:00,2026-08-29 17:04:49.497952+00:00
125054_11,125054,777,6,goal,72265,24334,,,,,90,90,False,2026-08-29 17:04:49.497952+00:00,2026-08-29 17:04:49.497952+00:00
125054_12,125054,777,38,substitution,,,,,14830,115114,92,90+2',True,2026-08-29 17:04:49.497952+00:00,2026-08-29 17:04:49.497952+00:00
125054_13,125054,777,38,yellow,,,,143214,,,93,90+3',True,2026-08-29 17:04:49.497952+00:00,2026-08-29 17:04:49.497952+00:00
125054_14,125054,777,6,yellow,,,,49796,,,97,90+7',True,2026-08-29 17:04:49.497952+00:00,2026-08-29 17:04:49.497952+00:00
125055_0,125055,777,12,substitution,,,,,66036,69176,58,58,False,2026-08-29 17:04:49.497952+00:00,2026-08-29 17:04:49.497952+00:00
125055_1,125055,777,12,goal,66036,66360,,,,,71,71,False,2026-08-29 17:04:49.497952+00:00,2026-08-29 17:04:49.497952+00:00
125055_2,125055,777,7,substitution,,,,,118442,134286,73,73,False,2026-08-29 17:04:49.497952+00:00,2026-08-29 17:04:49.497952+00:00
125055_3,125055,777,12,substitution,,,,,33245,66360,77,77,False,2026-08-29 17:04:49.497952+00:00,2026-08-29 17:04:49.497952+00:00
125055_4,125055,777,7,yellow,,,,4640,,,77,77,False,2026-08-29 17:04:49.497952+00:00,2026-08-29 17:04:49.497952+00:00
125055_5,125055,777,7,substitution,,,,,126789,66538,79,79,False,2026-08-29 17:04:49.497952+00:00,2026-08-29 17:04:49.497952+00:00
125055_6,125055,777,7,yellow,,,,8143,,,84,84,False,2026-08-29 17:04:49.497952+00:00,2026-08-29 17:04:49.497952+00:00
125055_7,125055,777,12,yellow,,,,9566,,,84,84,False,2026-08-29 17:04:49.497952+00:00,2026-08-29 17:04:49.497952+00:00
125055_8,125055,777,12,yellow,,,,33245,,,92,90+2',True,2026-08-29 17:04:49.497952+00:00,2026-08-29 17:04:49.497952+00:00
125055_9,125055,777,12,substitution,,,,,133114,51202,95,90+5',True,2026-08-29 17:04:49.497952+00:00,2026-08-29 17:04:49.497952+00:00
125055_10,125055,777,12,yellow,,,,23396,,,95,90+5',True,2026-08-29 17:04:49.497952+00:00,2026-08-29 17:04:49.497952+00:00
125056_0,125056,777,23,yellow,,,,8707,,,9,9,False,2026-08-29 17:04:49.497952+00:00,2026-08-29 17:04:49.497952+00:00
125056_1,125056,777,11,goal,112948,76216,,,,,14,14,False,2026-08-29 17:04:49.497952+00:00,2026-08-29 17:04:49.497952+00:00
125056_2,125056,777,23,goal,108922,19888,,,,,22,22,False,2026-08-29 17:04:49.497952+00:00,2026-08-29 17:04:49.497952+00:00
125056_3,125056,777,11,goal,112948,65970,,,,,27,27,False,2026-08-29 17:04:49.497952+00:00,2026-08-29 17:04:49.497952+00:00
125056_4,125056,777,11,yellow,,,,16431,,,41,41,False,2026-08-29 17:04:49.497952+00:00,2026-08-29 17:04:49.497952+00:00
125056_5,125056,777,11,substitution,,,,,137371,16431,46,46,False,2026-08-29 17:04:49.497952+00:00,2026-08-29 17:04:49.497952+00:00
125056_6,125056,777,23,yellow,,,,14446,,,48,48,False,2026-08-29 17:04:49.497952+00:00,2026-08-29 17:04:49.497952+00:00
125056_7,125056,777,11,yellow,,,,5067,,,50,50,False,2026-08-29 17:04:49.497952+00:00,2026-08-29 17:04:49.497952+00:00
125056_8,125056,777,11,substitution,,,,,68150,76216,58,58,False,2026-08-29 17:04:49.497952+00:00,2026-08-29 17:04:49.497952+00:00
125056_9,125056,777,23,substitution,,,,,14716,14446,60,60,False,2026-08-29 17:04:49.497952+00:00,2026-08-29 17:04:49.497952+00:00
125056_10,125056,777,23,substitution,,,,,20607,115256,60,60,False,2026-08-29 17:04:49.497952+00:00,2026-08-29 17:04:49.497952+00:00
125056_11,125056,777,23,yellow,,,,14716,,,62,62,False,2026-08-29 17:04:49.497952+00:00,2026-08-29 17:04:49.497952+00:00
125056_12,125056,777,23,yellow,,,,3905,,,65,65,False,2026-08-29 17:04:49.497952+00:00,2026-08-29 17:04:49.497952+00:00
125056_13,125056,777,23,substitution,,,,,9662,49259,78,78,False,2026-08-29 17:04:49.497952+00:00,2026-08-29 17:04:49.497952+00:00
125056_14,125056,777,23,substitution,,,,,114590,23747,78,78,False,2026-08-29 17:04:49.497952+00:00,2026-08-29 17:04:49.497952+00:00
125056_15,125056,777,11,substitution,,,,,14805,25474,87,87,False,2026-08-29 17:04:49.497952+00:00,2026-08-29 17:04:49.497952+00:00
125056_16,125056,777,23,yellow,,,,20607,,,89,89,False,2026-08-29 17:04:49.497952+00:00,2026-08-29 17:04:49.497952+00:00
125057_0,125057,777,15,yellow,,,,15259,,,20,20,False,2026-08-29 17:04:49.497952+00:00,2026-08-29 17:04:49.497952+00:00
125057_1,125057,777,15,yellow,,,,10439,,,61,61,False,2026-08-29 17:04:49.497952+00:00,2026-08-29 17:04:49.497952+00:00
125057_2,125057,777,15,substitution,,,,,50623,23702,66,66,False,2026-08-29 17:04:49.497952+00:00,2026-08-29 17:04:49.497952+00:00
125057_3,125057,777,15,substitution,,,,,138137,98300,66,66,False,2026-08-29 17:04:49.497952+00:00,2026-08-29 17:04:49.497952+00:00
125057_4,125057,777,10,substitution,,,,,15802,32894,77,77,False,2026-08-29 17:04:49.497952+00:00,2026-08-29 17:04:49.497952+00:00
125057_5,125057,777,10,substitution,,,,,134796,5178,77,77,False,2026-08-29 17:04:49.497952+00:00,2026-08-29 17:04:49.497952+00:00
125057_6,125057,777,15,substitution,,,,,115172,51593,77,77,False,2026-08-29 17:04:49.497952+00:00,2026-08-29 17:04:49.497952+00:00
125057_7,125057,777,15,substitution,,,,,127668,304123,77,77,False,2026-08-29 17:04:49.497952+00:00,2026-08-29 17:04:49.497952+00:00
125057_8,125057,777,10,substitution,,,,,10458,116665,83,83,False,2026-08-29 17:04:49.497952+00:00,2026-08-29 17:04:49.497952+00:00
125057_9,125057,777,10,substitution,,,,,10651,23815,83,83,False,2026-08-29 17:04:49.497952+00:00,2026-08-29 17:04:49.497952+00:00
125057_10,125057,777,10,goal,63633,,,,,,89,89,False,2026-08-29 17:04:49.497952+00:00,2026-08-29 17:04:49.497952+00:00
125057_11,125057,777,15,substitution,,,,,49270,15259,93,90+3',True,2026-08-29 17:04:49.497952+00:00,2026-08-29 17:04:49.497952+00:00
125057_12,125057,777,10,goal,63633,,,,,,97,90+7',True,2026-08-29 17:04:49.497952+00:00,2026-08-29 17:04:49.497952+00:00
125058_0,125058,777,29,substitution,,,,,25408,51199,12,12,False,2026-08-29 17:04:49.497952+00:00,2026-08-29 17:04:49.497952+00:00
125058_1,125058,777,29,substitution,,,,,51610,327129,39,39,False,2026-08-29 17:04:49.497952+00:00,2026-08-29 17:04:49.497952+00:00
125058_2,125058,777,34,yellow,,,,11071,,,41,41,False,2026-08-29 17:04:49.497952+00:00,2026-08-29 17:04:49.497952+00:00
125058_3,125058,777,34,substitution,,,,,66657,121610,46,45+1',True,2026-08-29 17:04:49.497952+00:00,2026-08-29 17:04:49.497952+00:00
125058_4,125058,777,34,goal,11071,4717,,,,,54,54,False,2026-08-29 17:04:49.497952+00:00,2026-08-29 17:04:49.497952+00:00
125058_5,125058,777,29,yellow,,,,67784,,,60,60,False,2026-08-29 17:04:49.497952+00:00,2026-08-29 17:04:49.497952+00:00
125058_6,125058,777,34,penalty goal,11071,,,,,,61,61,False,2026-08-29 17:04:49.497952+00:00,2026-08-29 17:04:49.497952+00:00
125058_7,125058,777,34,substitution,,,,,117763,11071,65,65,False,2026-08-29 17:04:49.497952+00:00,2026-08-29 17:04:49.497952+00:00
125058_8,125058,777,29,substitution,,,,,52989,67784,70,70,False,2026-08-29 17:04:49.497952+00:00,2026-08-29 17:04:49.497952+00:00
125058_9,125058,777,29,substitution,,,,,126920,115105,70,70,False,2026-08-29 17:04:49.497952+00:00,2026-08-29 17:04:49.497952+00:00
125058_10,125058,777,29,substitution,,,,,12136,126110,71,71,False,2026-08-29 17:04:49.497952+00:00,2026-08-29 17:04:49.497952+00:00
125058_11,125058,777,29,penalty goal,138104,,,,,,76,76,False,2026-08-29 17:04:49.497952+00:00,2026-08-29 17:04:49.497952+00:00
125058_12,125058,777,34,goal,4717,13961,,,,,85,85,False,2026-08-29 17:04:49.497952+00:00,2026-08-29 17:04:49.497952+00:00
125058_13,125058,777,34,substitution,,,,,3894,14445,88,88,False,2026-08-29 17:04:49.497952+00:00,2026-08-29 17:04:49.497952+00:00
125058_14,125058,777,34,substitution,,,,,6712,4880,88,88,False,2026-08-29 17:04:49.497952+00:00,2026-08-29 17:04:49.497952+00:00
125058_15,125058,777,34,substitution,,,,,35752,4717,88,88,False,2026-08-29 17:04:49.497952+00:00,2026-08-29 17:04:49.497952+00:00
125059_0,125059,777,1,yellow,,,,67776,,,27,27,False,2026-08-29 17:04:49.497952+00:00,2026-08-29 17:04:49.497952+00:00
125059_1,125059,777,1,goal,21584,,,,,,32,32,False,2026-08-29 17:04:49.497952+00:00,2026-08-29 17:04:49.497952+00:00
125059_2,125059,777,21,goal,51185,,,,,,34,34,False,2026-08-29 17:04:49.497952+00:00,2026-08-29 17:04:49.497952+00:00
125059_3,125059,777,21,yellow,,,,117596,,,35,35,False,2026-08-29 17:04:49.497952+00:00,2026-08-29 17:04:49.497952+00:00
125059_4,125059,777,1,goal,32728,67776,,,,,47,47,False,2026-08-29 17:04:49.497952+00:00,2026-08-29 17:04:49.497952+00:00
125059_5,125059,777,1,substitution,,,,,119476,67776,57,57,False,2026-08-29 17:04:49.497952+00:00,2026-08-29 17:04:49.497952+00:00
125059_6,125059,777,1,goal,21584,,,,,,61,61,False,2026-08-29 17:04:49.497952+00:00,2026-08-29 17:04:49.497952+00:00
125059_7,125059,777,21,substitution,,,,,10443,21887,62,62,False,2026-08-29 17:04:49.497952+00:00,2026-08-29 17:04:49.497952+00:00
125059_8,125059,777,21,substitution,,,,,24630,51185,68,68,False,2026-08-29 17:04:49.497952+00:00,2026-08-29 17:04:49.497952+00:00
125059_9,125059,777,1,substitution,,,,,66104,20486,76,76,False,2026-08-29 17:04:49.497952+00:00,2026-08-29 17:04:49.497952+00:00
125059_10,125059,777,1,substitution,,,,,11419,21584,77,77,False,2026-08-29 17:04:49.497952+00:00,2026-08-29 17:04:49.497952+00:00
125059_11,125059,777,21,substitution,,,,,76614,19858,82,82,False,2026-08-29 17:04:49.497952+00:00,2026-08-29 17:04:49.497952+00:00
125059_12,125059,777,21,yellow,,,,50245,,,86,86,False,2026-08-29 17:04:49.497952+00:00,2026-08-29 17:04:49.497952+00:00
125059_13,125059,777,1,substitution,,,,,67407,49481,91,90+1',True,2026-08-29 17:04:49.497952+00:00,2026-08-29 17:04:49.497952+00:00
125059_14,125059,777,1,goal,32728,11419,,,,,94,90+4',True,2026-08-29 17:04:49.497952+00:00,2026-08-29 17:04:49.497952+00:00
125060_0,125060,777,25,yellow,,,,25183,,,33,33,False,2026-08-29 17:04:49.497952+00:00,2026-08-29 17:04:49.497952+00:00
125060_1,125060,777,127,yellow,,,,54989,,,44,44,False,2026-08-29 17:04:49.497952+00:00,2026-08-29 17:04:49.497952+00:00
125060_2,125060,777,127,substitution,,,,,13706,118080,66,66,False,2026-08-29 17:04:49.497952+00:00,2026-08-29 17:04:49.497952+00:00
125060_3,125060,777,127,substitution,,,,,15572,42894,66,66,False,2026-08-29 17:04:49.497952+00:00,2026-08-29 17:04:49.497952+00:00
125060_4,125060,777,25,substitution,,,,,8454,25183,72,72,False,2026-08-29 17:04:49.497952+00:00,2026-08-29 17:04:49.497952+00:00
125060_5,125060,777,127,substitution,,,,,14846,33032,80,80,False,2026-08-29 17:04:49.497952+00:00,2026-08-29 17:04:49.497952+00:00
125060_6,125060,777,25,substitution,,,,,140223,122005,84,84,False,2026-08-29 17:04:49.497952+00:00,2026-08-29 17:04:49.497952+00:00
125060_7,125060,777,127,substitution,,,,,3512,119381,89,89,False,2026-08-29 17:04:49.497952+00:00,2026-08-29 17:04:49.497952+00:00
125060_8,125060,777,127,substitution,,,,,16582,137832,89,89,False,2026-08-29 17:04:49.497952+00:00,2026-08-29 17:04:49.497952+00:00
125061_0,125061,777,1,goal,66204,50234,,,,,21,21,False,2026-08-29 17:04:49.497952+00:00,2026-08-29 17:04:49.497952+00:00
125061_1,125061,777,4,own goal,,,118077,,,,47,45+2',True,2026-08-29 17:04:49.497952+00:00,2026-08-29 17:04:49.497952+00:00
125061_2,125061,777,1,substitution,,,,,66104,20486,56,56,False,2026-08-29 17:04:49.497952+00:00,2026-08-29 17:04:49.497952+00:00
125061_3,125061,777,4,yellow,,,,49293,,,59,59,False,2026-08-29 17:04:49.497952+00:00,2026-08-29 17:04:49.497952+00:00
125061_4,125061,777,4,yellow,,,,119041,,,65,65,False,2026-08-29 17:04:49.497952+00:00,2026-08-29 17:04:49.497952+00:00
125061_5,125061,777,1,goal,67776,15202,,,,,66,66,False,2026-08-29 17:04:49.497952+00:00,2026-08-29 17:04:49.497952+00:00
125061_6,125061,777,4,yellow,,,,21998,,,67,67,False,2026-08-29 17:04:49.497952+00:00,2026-08-29 17:04:49.497952+00:00
125061_7,125061,777,4,yellow,,,,21998,,,70,70,False,2026-08-29 17:04:49.497952+00:00,2026-08-29 17:04:49.497952+00:00
125061_8,125061,777,4,substitution,,,,,68827,119041,75,75,False,2026-08-29 17:04:49.497952+00:00,2026-08-29 17:04:49.497952+00:00
125061_9,125061,777,4,substitution,,,,,99282,133245,75,75,False,2026-08-29 17:04:49.497952+00:00,2026-08-29 17:04:49.497952+00:00
125061_10,125061,777,1,yellow,,,,50234,,,75,75,False,2026-08-29 17:04:49.497952+00:00,2026-08-29 17:04:49.497952+00:00
125061_11,125061,777,1,substitution,,,,,20810,32728,76,76,False,2026-08-29 17:04:49.497952+00:00,2026-08-29 17:04:49.497952+00:00
125061_12,125061,777,1,substitution,,,,,42331,15202,76,76,False,2026-08-29 17:04:49.497952+00:00,2026-08-29 17:04:49.497952+00:00
125061_13,125061,777,4,yellow,,,,63741,,,79,79,False,2026-08-29 17:04:49.497952+00:00,2026-08-29 17:04:49.497952+00:00
125061_14,125061,777,4,substitution,,,,,51813,63741,86,86,False,2026-08-29 17:04:49.497952+00:00,2026-08-29 17:04:49.497952+00:00
125061_15,125061,777,4,substitution,,,,,68987,49293,86,86,False,2026-08-29 17:04:49.497952+00:00,2026-08-29 17:04:49.497952+00:00
125061_16,125061,777,4,substitution,,,,,13549,132956,90,90,False,2026-08-29 17:04:49.497952+00:00,2026-08-29 17:04:49.497952+00:00
125062_0,125062,777,29,goal,126920,,,,,,18,18,False,2026-08-29 17:04:49.497952+00:00,2026-08-29 17:04:49.497952+00:00
125062_1,125062,777,29,yellow,,,,124944,,,33,33,False,2026-08-29 17:04:49.497952+00:00,2026-08-29 17:04:49.497952+00:00
125062_2,125062,777,127,substitution,,,,,33032,13706,46,46,False,2026-08-29 17:04:49.497952+00:00,2026-08-29 17:04:49.497952+00:00
125062_3,125062,777,127,yellow,,,,42894,,,58,58,False,2026-08-29 17:04:49.497952+00:00,2026-08-29 17:04:49.497952+00:00
125062_4,125062,777,127,substitution,,,,,15572,42894,62,62,False,2026-08-29 17:04:49.497952+00:00,2026-08-29 17:04:49.497952+00:00
125062_5,125062,777,127,goal,33032,14846,,,,,64,64,False,2026-08-29 17:04:49.497952+00:00,2026-08-29 17:04:49.497952+00:00
125062_6,125062,777,29,substitution,,,,,10394,118633,69,69,False,2026-08-29 17:04:49.497952+00:00,2026-08-29 17:04:49.497952+00:00
125062_7,125062,777,29,yellow,,,,75692,,,74,74,False,2026-08-29 17:04:49.497952+00:00,2026-08-29 17:04:49.497952+00:00
125062_8,125062,777,29,substitution,,,,,115105,12136,76,76,False,2026-08-29 17:04:49.497952+00:00,2026-08-29 17:04:49.497952+00:00
125062_9,125062,777,127,substitution,,,,,16582,137832,81,81,False,2026-08-29 17:04:49.497952+00:00,2026-08-29 17:04:49.497952+00:00
125062_10,125062,777,127,substitution,,,,,118080,14846,81,81,False,2026-08-29 17:04:49.497952+00:00,2026-08-29 17:04:49.497952+00:00
125062_11,125062,777,127,substitution,,,,,135304,33032,85,85,False,2026-08-29 17:04:49.497952+00:00,2026-08-29 17:04:49.497952+00:00
125062_12,125062,777,127,yellow,,,,135304,,,86,86,False,2026-08-29 17:04:49.497952+00:00,2026-08-29 17:04:49.497952+00:00
125062_13,125062,777,127,yellow,,,,15572,,,90,90,False,2026-08-29 17:04:49.497952+00:00,2026-08-29 17:04:49.497952+00:00
125062_14,125062,777,127,yellow,,,,74976,,,95,90+5',True,2026-08-29 17:04:49.497952+00:00,2026-08-29 17:04:49.497952+00:00
125062_15,125062,777,29,substitution,,,,,52989,126920,96,90+6',True,2026-08-29 17:04:49.497952+00:00,2026-08-29 17:04:49.497952+00:00
125063_0,125063,777,131,goal,143240,22542,,,,,6,6,False,2026-08-29 17:04:49.497952+00:00,2026-08-29 17:04:49.497952+00:00
125063_1,125063,777,15,goal,15259,304123,,,,,13,13,False,2026-08-29 17:04:49.497952+00:00,2026-08-29 17:04:49.497952+00:00
125063_2,125063,777,131,goal,3452,112739,,,,,15,15,False,2026-08-29 17:04:49.497952+00:00,2026-08-29 17:04:49.497952+00:00
125063_3,125063,777,15,yellow,,,,51593,,,30,30,False,2026-08-29 17:04:49.497952+00:00,2026-08-29 17:04:49.497952+00:00
125063_4,125063,777,131,yellow,,,,72239,,,55,55,False,2026-08-29 17:04:49.497952+00:00,2026-08-29 17:04:49.497952+00:00
125063_5,125063,777,15,substitution,,,,,76426,23811,56,56,False,2026-08-29 17:04:49.497952+00:00,2026-08-29 17:04:49.497952+00:00
125063_6,125063,777,15,substitution,,,,,304238,98300,56,56,False,2026-08-29 17:04:49.497952+00:00,2026-08-29 17:04:49.497952+00:00
125063_7,125063,777,131,substitution,,,,,4874,72239,71,71,False,2026-08-29 17:04:49.497952+00:00,2026-08-29 17:04:49.497952+00:00
125063_8,125063,777,15,substitution,,,,,138137,23702,74,74,False,2026-08-29 17:04:49.497952+00:00,2026-08-29 17:04:49.497952+00:00
125063_9,125063,777,15,substitution,,,,,50623,10439,82,82,False,2026-08-29 17:04:49.497952+00:00,2026-08-29 17:04:49.497952+00:00
125063_10,125063,777,15,substitution,,,,,15340,304123,83,83,False,2026-08-29 17:04:49.497952+00:00,2026-08-29 17:04:49.497952+00:00
125063_11,125063,777,131,yellow,,,,117732,,,84,84,False,2026-08-29 17:04:49.497952+00:00,2026-08-29 17:04:49.497952+00:00
125063_12,125063,777,131,substitution,,,,,8171,143240,86,86,False,2026-08-29 17:04:49.497952+00:00,2026-08-29 17:04:49.497952+00:00
125063_13,125063,777,131,substitution,,,,,124396,2100,86,86,False,2026-08-29 17:04:49.497952+00:00,2026-08-29 17:04:49.497952+00:00
125063_14,125063,777,131,substitution,,,,,67928,117732,91,90+1',True,2026-08-29 17:04:49.497952+00:00,2026-08-29 17:04:49.497952+00:00
125063_15,125063,777,131,yellow,,,,8163,,,93,90+3',True,2026-08-29 17:04:49.497952+00:00,2026-08-29 17:04:49.497952+00:00
125064_0,125064,777,130,goal,49731,133890,,,,,9,9,False,2026-08-29 17:04:49.497952+00:00,2026-08-29 17:04:49.497952+00:00
125064_1,125064,777,130,goal,124052,49731,,,,,25,25,False,2026-08-29 17:04:49.497952+00:00,2026-08-29 17:04:49.497952+00:00
125064_2,125064,777,130,goal,127594,,,,,,34,34,False,2026-08-29 17:04:49.497952+00:00,2026-08-29 17:04:49.497952+00:00
125064_3,125064,777,43,own goal,,,133460,,,,48,45+3',True,2026-08-29 17:04:49.497952+00:00,2026-08-29 17:04:49.497952+00:00
125064_4,125064,777,43,substitution,,,,,64282,19831,46,46,False,2026-08-29 17:04:49.497952+00:00,2026-08-29 17:04:49.497952+00:00
125064_5,125064,777,43,substitution,,,,,74960,8127,46,46,False,2026-08-29 17:04:49.497952+00:00,2026-08-29 17:04:49.497952+00:00
125064_6,125064,777,43,goal,50460,68593,,,,,47,47,False,2026-08-29 17:04:49.497952+00:00,2026-08-29 17:04:49.497952+00:00
125064_7,125064,777,43,goal,75735,68593,,,,,60,60,False,2026-08-29 17:04:49.497952+00:00,2026-08-29 17:04:49.497952+00:00
125064_8,125064,777,130,substitution,,,,,3712,128891,72,72,False,2026-08-29 17:04:49.497952+00:00,2026-08-29 17:04:49.497952+00:00
125064_9,125064,777,130,substitution,,,,,24369,127594,72,72,False,2026-08-29 17:04:49.497952+00:00,2026-08-29 17:04:49.497952+00:00
125064_10,125064,777,130,substitution,,,,,133097,133890,72,72,False,2026-08-29 17:04:49.497952+00:00,2026-08-29 17:04:49.497952+00:00
125064_11,125064,777,43,substitution,,,,,63851,4617,75,75,False,2026-08-29 17:04:49.497952+00:00,2026-08-29 17:04:49.497952+00:00
125064_12,125064,777,130,yellow,,,,124052,,,77,77,False,2026-08-29 17:04:49.497952+00:00,2026-08-29 17:04:49.497952+00:00
125064_13,125064,777,43,goal,75735,,,,,,78,78,False,2026-08-29 17:04:49.497952+00:00,2026-08-29 17:04:49.497952+00:00
125064_14,125064,777,43,substitution,,,,,74964,68593,84,84,False,2026-08-29 17:04:49.497952+00:00,2026-08-29 17:04:49.497952+00:00
125064_15,125064,777,43,yellow,,,,51498,,,86,86,False,2026-08-29 17:04:49.497952+00:00,2026-08-29 17:04:49.497952+00:00
125064_16,125064,777,43,substitution,,,,,8246,75735,91,90+1',True,2026-08-29 17:04:49.497952+00:00,2026-08-29 17:04:49.497952+00:00
125064_17,125064,777,130,goal,49731,10947,,,,,93,90+3',True,2026-08-29 17:04:49.497952+00:00,2026-08-29 17:04:49.497952+00:00
125064_18,125064,777,43,goal,8246,13622,,,,,98,90+8',True,2026-08-29 17:04:49.497952+00:00,2026-08-29 17:04:49.497952+00:00
125064_19,125064,777,130,yellow,,,,128891,,,100,90+10',True,2026-08-29 17:04:49.497952+00:00,2026-08-29 17:04:49.497952+00:00
125064_20,125064,777,43,yellow,,,,64282,,,101,90+11',True,2026-08-29 17:04:49.497952+00:00,2026-08-29 17:04:49.497952+00:00
125065_0,125065,777,34,goal,13961,,,,,,7,7,False,2026-08-29 17:04:49.497952+00:00,2026-08-29 17:04:49.497952+00:00
125065_1,125065,777,34,goal,4717,13961,,,,,34,34,False,2026-08-29 17:04:49.497952+00:00,2026-08-29 17:04:49.497952+00:00
125065_2,125065,777,21,substitution,,,,,24630,69274,58,58,False,2026-08-29 17:04:49.497952+00:00,2026-08-29 17:04:49.497952+00:00
125065_3,125065,777,21,substitution,,,,,76614,51185,58,58,False,2026-08-29 17:04:49.497952+00:00,2026-08-29 17:04:49.497952+00:00
125065_4,125065,777,21,substitution,,,,,117318,21887,58,58,False,2026-08-29 17:04:49.497952+00:00,2026-08-29 17:04:49.497952+00:00
125065_5,125065,777,34,yellow,,,,49884,,,61,61,False,2026-08-29 17:04:49.497952+00:00,2026-08-29 17:04:49.497952+00:00
125065_6,125065,777,21,yellow,,,,75582,,,64,64,False,2026-08-29 17:04:49.497952+00:00,2026-08-29 17:04:49.497952+00:00
125065_7,125065,777,21,goal,24630,117596,,,,,66,66,False,2026-08-29 17:04:49.497952+00:00,2026-08-29 17:04:49.497952+00:00
125065_8,125065,777,21,yellow,,,,24630,,,66,66,False,2026-08-29 17:04:49.497952+00:00,2026-08-29 17:04:49.497952+00:00
125065_9,125065,777,34,yellow,,,,23793,,,66,66,False,2026-08-29 17:04:49.497952+00:00,2026-08-29 17:04:49.497952+00:00
125065_10,125065,777,34,substitution,,,,,3894,14445,72,72,False,2026-08-29 17:04:49.497952+00:00,2026-08-29 17:04:49.497952+00:00
125065_11,125065,777,34,substitution,,,,,53063,13961,72,72,False,2026-08-29 17:04:49.497952+00:00,2026-08-29 17:04:49.497952+00:00
125065_12,125065,777,34,substitution,,,,,117763,11071,73,73,False,2026-08-29 17:04:49.497952+00:00,2026-08-29 17:04:49.497952+00:00
125065_13,125065,777,34,substitution,,,,,128976,66657,75,75,False,2026-08-29 17:04:49.497952+00:00,2026-08-29 17:04:49.497952+00:00
125065_14,125065,777,21,substitution,,,,,327705,50245,80,80,False,2026-08-29 17:04:49.497952+00:00,2026-08-29 17:04:49.497952+00:00
125065_15,125065,777,21,substitution,,,,,25892,69070,90,90,False,2026-08-29 17:04:49.497952+00:00,2026-08-29 17:04:49.497952+00:00
125065_16,125065,777,34,substitution,,,,,35752,4717,90,90,False,2026-08-29 17:04:49.497952+00:00,2026-08-29 17:04:49.497952+00:00
125065_17,125065,777,34,yellow,,,,3894,,,92,90+2',True,2026-08-29 17:04:49.497952+00:00,2026-08-29 17:04:49.497952+00:00
125065_18,125065,777,21,yellow,,,,32229,,,95,90+5',True,2026-08-29 17:04:49.497952+00:00,2026-08-29 17:04:49.497952+00:00
125066_0,125066,777,11,goal,25474,71432,,,,,47,45+2',True,2026-08-29 17:04:49.497952+00:00,2026-08-29 17:04:49.497952+00:00
125066_1,125066,777,9,substitution,,,,,14807,63289,65,65,False,2026-08-29 17:04:49.497952+00:00,2026-08-29 17:04:49.497952+00:00
125066_2,125066,777,11,substitution,,,,,126943,76216,68,68,False,2026-08-29 17:04:49.497952+00:00,2026-08-29 17:04:49.497952+00:00
125066_3,125066,777,11,substitution,,,,,26335,112948,70,70,False,2026-08-29 17:04:49.497952+00:00,2026-08-29 17:04:49.497952+00:00
125066_4,125066,777,9,substitution,,,,,68676,115255,75,75,False,2026-08-29 17:04:49.497952+00:00,2026-08-29 17:04:49.497952+00:00
125066_5,125066,777,9,substitution,,,,,13797,14608,76,76,False,2026-08-29 17:04:49.497952+00:00,2026-08-29 17:04:49.497952+00:00
125066_6,125066,777,11,yellow,,,,22857,,,85,85,False,2026-08-29 17:04:49.497952+00:00,2026-08-29 17:04:49.497952+00:00
125066_7,125066,777,9,substitution,,,,,50151,13796,87,87,False,2026-08-29 17:04:49.497952+00:00,2026-08-29 17:04:49.497952+00:00
125066_8,125066,777,9,substitution,,,,,50643,13515,87,87,False,2026-08-29 17:04:49.497952+00:00,2026-08-29 17:04:49.497952+00:00
125066_9,125066,777,11,substitution,,,,,4499,68150,88,88,False,2026-08-29 17:04:49.497952+00:00,2026-08-29 17:04:49.497952+00:00
125066_10,125066,777,11,yellow,,,,71432,,,92,90+2',True,2026-08-29 17:04:49.497952+00:00,2026-08-29 17:04:49.497952+00:00
125066_11,125066,777,11,yellow,,,,126943,,,92,90+2',True,2026-08-29 17:04:49.497952+00:00,2026-08-29 17:04:49.497952+00:00
125067_0,125067,777,10,goal,81542,49909,,,,,5,5,False,2026-08-29 17:04:49.497952+00:00,2026-08-29 17:04:49.497952+00:00
125067_1,125067,777,10,goal,5140,33231,,,,,24,24,False,2026-08-29 17:04:49.497952+00:00,2026-08-29 17:04:49.497952+00:00
125067_2,125067,777,10,goal,63633,81542,,,,,43,43,False,2026-08-29 17:04:49.497952+00:00,2026-08-29 17:04:49.497952+00:00
125067_3,125067,777,25,yellow,,,,122005,,,45,45,False,2026-08-29 17:04:49.497952+00:00,2026-08-29 17:04:49.497952+00:00
125067_4,125067,777,25,goal,25183,145347,,,,,49,49,False,2026-08-29 17:04:49.497952+00:00,2026-08-29 17:04:49.497952+00:00
125067_5,125067,777,10,yellow,,,,32894,,,55,55,False,2026-08-29 17:04:49.497952+00:00,2026-08-29 17:04:49.497952+00:00
125067_6,125067,777,10,goal,32894,81542,,,,,70,70,False,2026-08-29 17:04:49.497952+00:00,2026-08-29 17:04:49.497952+00:00
125067_7,125067,777,25,goal,63257,8868,,,,,75,75,False,2026-08-29 17:04:49.497952+00:00,2026-08-29 17:04:49.497952+00:00
125067_8,125067,777,10,substitution,,,,,134796,81542,76,76,False,2026-08-29 17:04:49.497952+00:00,2026-08-29 17:04:49.497952+00:00
125067_9,125067,777,25,substitution,,,,,4979,122005,76,76,False,2026-08-29 17:04:49.497952+00:00,2026-08-29 17:04:49.497952+00:00
125067_10,125067,777,10,substitution,,,,,19919,10651,77,77,False,2026-08-29 17:04:49.497952+00:00,2026-08-29 17:04:49.497952+00:00
125067_11,125067,777,25,yellow,,,,65961,,,79,79,False,2026-08-29 17:04:49.497952+00:00,2026-08-29 17:04:49.497952+00:00
125067_12,125067,777,10,own goal,,,54893,,,,82,82,False,2026-08-29 17:04:49.497952+00:00,2026-08-29 17:04:49.497952+00:00
125067_13,125067,777,10,yellow,,,,33231,,,85,85,False,2026-08-29 17:04:49.497952+00:00,2026-08-29 17:04:49.497952+00:00
125067_14,125067,777,10,substitution,,,,,130665,49909,86,86,False,2026-08-29 17:04:49.497952+00:00,2026-08-29 17:04:49.497952+00:00
125067_15,125067,777,25,substitution,,,,,131312,145347,90,90,False,2026-08-29 17:04:49.497952+00:00,2026-08-29 17:04:49.497952+00:00
125067_16,125067,777,25,substitution,,,,,140223,25183,90,90,False,2026-08-29 17:04:49.497952+00:00,2026-08-29 17:04:49.497952+00:00
125068_0,125068,777,6,goal,76104,49374,,,,,4,4,False,2026-08-29 17:04:49.497952+00:00,2026-08-29 17:04:49.497952+00:00
125068_1,125068,777,6,yellow,,,,49759,,,6,6,False,2026-08-29 17:04:49.497952+00:00,2026-08-29 17:04:49.497952+00:00
125068_2,125068,777,12,substitution,,,,,33245,4608,24,24,False,2026-08-29 17:04:49.497952+00:00,2026-08-29 17:04:49.497952+00:00
125068_3,125068,777,12,yellow,,,,24252,,,36,36,False,2026-08-29 17:04:49.497952+00:00,2026-08-29 17:04:49.497952+00:00
125068_4,125068,777,6,yellow,,,,13988,,,49,49,False,2026-08-29 17:04:49.497952+00:00,2026-08-29 17:04:49.497952+00:00
125068_5,125068,777,6,red,,,,76104,,,56,56,False,2026-08-29 17:04:49.497952+00:00,2026-08-29 17:04:49.497952+00:00
125068_6,125068,777,12,penalty goal,23396,,,,,,57,57,False,2026-08-29 17:04:49.497952+00:00,2026-08-29 17:04:49.497952+00:00
125068_7,125068,777,6,substitution,,,,,72265,49374,58,58,False,2026-08-29 17:04:49.497952+00:00,2026-08-29 17:04:49.497952+00:00
125068_8,125068,777,6,substitution,,,,,110549,35670,58,58,False,2026-08-29 17:04:49.497952+00:00,2026-08-29 17:04:49.497952+00:00
125068_9,125068,777,12,goal,66036,23396,,,,,65,65,False,2026-08-29 17:04:49.497952+00:00,2026-08-29 17:04:49.497952+00:00
125068_10,125068,777,6,substitution,,,,,8589,69595,68,68,False,2026-08-29 17:04:49.497952+00:00,2026-08-29 17:04:49.497952+00:00
125068_11,125068,777,12,substitution,,,,,69176,66036,75,75,False,2026-08-29 17:04:49.497952+00:00,2026-08-29 17:04:49.497952+00:00
125068_12,125068,777,6,substitution,,,,,109117,49759,85,85,False,2026-08-29 17:04:49.497952+00:00,2026-08-29 17:04:49.497952+00:00
125068_13,125068,777,12,substitution,,,,,133114,9566,85,85,False,2026-08-29 17:04:49.497952+00:00,2026-08-29 17:04:49.497952+00:00
125068_14,125068,777,12,substitution,,,,,50848,66360,86,86,False,2026-08-29 17:04:49.497952+00:00,2026-08-29 17:04:49.497952+00:00
125068_15,125068,777,12,yellow,,,,133114,,,89,89,False,2026-08-29 17:04:49.497952+00:00,2026-08-29 17:04:49.497952+00:00
125069_0,125069,777,7,goal,66318,23841,,,,,19,19,False,2026-08-29 17:04:49.497952+00:00,2026-08-29 17:04:49.497952+00:00
125069_1,125069,777,23,goal,19888,71623,,,,,32,32,False,2026-08-29 17:04:49.497952+00:00,2026-08-29 17:04:49.497952+00:00
125069_2,125069,777,7,goal,126789,,,,,,34,34,False,2026-08-29 17:04:49.497952+00:00,2026-08-29 17:04:49.497952+00:00
125069_3,125069,777,23,substitution,,,,,14446,19888,46,46,False,2026-08-29 17:04:49.497952+00:00,2026-08-29 17:04:49.497952+00:00
125069_4,125069,777,7,yellow,,,,14706,,,53,53,False,2026-08-29 17:04:49.497952+00:00,2026-08-29 17:04:49.497952+00:00
125069_5,125069,777,23,substitution,,,,,9662,49259,56,56,False,2026-08-29 17:04:49.497952+00:00,2026-08-29 17:04:49.497952+00:00
125069_6,125069,777,23,substitution,,,,,14716,115256,56,56,False,2026-08-29 17:04:49.497952+00:00,2026-08-29 17:04:49.497952+00:00
125069_7,125069,777,23,yellow,,,,14446,,,61,61,False,2026-08-29 17:04:49.497952+00:00,2026-08-29 17:04:49.497952+00:00
125069_8,125069,777,7,yellow,,,,23841,,,67,67,False,2026-08-29 17:04:49.497952+00:00,2026-08-29 17:04:49.497952+00:00
125069_9,125069,777,7,substitution,,,,,143922,126789,74,74,False,2026-08-29 17:04:49.497952+00:00,2026-08-29 17:04:49.497952+00:00
125069_10,125069,777,23,substitution,,,,,117497,3905,75,75,False,2026-08-29 17:04:49.497952+00:00,2026-08-29 17:04:49.497952+00:00
125069_11,125069,777,7,substitution,,,,,134286,24797,81,81,False,2026-08-29 17:04:49.497952+00:00,2026-08-29 17:04:49.497952+00:00
125069_12,125069,777,23,goal,9662,20607,,,,,82,82,False,2026-08-29 17:04:49.497952+00:00,2026-08-29 17:04:49.497952+00:00
125069_13,125069,777,7,goal,143922,14706,,,,,83,83,False,2026-08-29 17:04:49.497952+00:00,2026-08-29 17:04:49.497952+00:00
125069_14,125069,777,23,substitution,,,,,114590,23747,86,86,False,2026-08-29 17:04:49.497952+00:00,2026-08-29 17:04:49.497952+00:00
125069_15,125069,777,23,yellow,,,,8707,,,88,88,False,2026-08-29 17:04:49.497952+00:00,2026-08-29 17:04:49.497952+00:00
125069_16,125069,777,7,substitution,,,,,4333,14706,89,89,False,2026-08-29 17:04:49.497952+00:00,2026-08-29 17:04:49.497952+00:00
125069_17,125069,777,7,yellow,,,,143922,,,95,90+5',True,2026-08-29 17:04:49.497952+00:00,2026-08-29 17:04:49.497952+00:00
125070_0,125070,777,38,yellow,,,,115114,,,46,45+1',True,2026-08-29 17:04:49.497952+00:00,2026-08-29 17:04:49.497952+00:00
125070_1,125070,777,38,yellow,,,,9199,,,52,52,False,2026-08-29 17:04:49.497952+00:00,2026-08-29 17:04:49.497952+00:00
125070_2,125070,777,2,yellow,,,,26408,,,54,54,False,2026-08-29 17:04:49.497952+00:00,2026-08-29 17:04:49.497952+00:00
125070_3,125070,777,38,yellow,,,,126108,,,58,58,False,2026-08-29 17:04:49.497952+00:00,2026-08-29 17:04:49.497952+00:00
125070_4,125070,777,2,substitution,,,,,4115,24626,60,60,False,2026-08-29 17:04:49.497952+00:00,2026-08-29 17:04:49.497952+00:00
125070_5,125070,777,2,substitution,,,,,20489,14801,60,60,False,2026-08-29 17:04:49.497952+00:00,2026-08-29 17:04:49.497952+00:00
125070_6,125070,777,38,goal,133679,9199,,,,,61,61,False,2026-08-29 17:04:49.497952+00:00,2026-08-29 17:04:49.497952+00:00
125070_7,125070,777,2,substitution,,,,,13286,26408,70,70,False,2026-08-29 17:04:49.497952+00:00,2026-08-29 17:04:49.497952+00:00
125070_8,125070,777,2,substitution,,,,,51223,5758,70,70,False,2026-08-29 17:04:49.497952+00:00,2026-08-29 17:04:49.497952+00:00
125070_9,125070,777,2,yellow,,,,20489,,,75,75,False,2026-08-29 17:04:49.497952+00:00,2026-08-29 17:04:49.497952+00:00
125070_10,125070,777,38,substitution,,,,,115371,126108,81,81,False,2026-08-29 17:04:49.497952+00:00,2026-08-29 17:04:49.497952+00:00
125070_11,125070,777,2,substitution,,,,,326089,8658,86,86,False,2026-08-29 17:04:49.497952+00:00,2026-08-29 17:04:49.497952+00:00
125070_12,125070,777,38,substitution,,,,,14830,143214,89,89,False,2026-08-29 17:04:49.497952+00:00,2026-08-29 17:04:49.497952+00:00
125070_13,125070,777,2,yellow,,,,13344,,,92,90+2',True,2026-08-29 17:04:49.497952+00:00,2026-08-29 17:04:49.497952+00:00
125070_14,125070,777,38,substitution,,,,,108947,9199,93,90+3',True,2026-08-29 17:04:49.497952+00:00,2026-08-29 17:04:49.497952+00:00
125070_15,125070,777,38,goal,108947,,,,,,98,90+8',True,2026-08-29 17:04:49.497952+00:00,2026-08-29 17:04:49.497952+00:00
125071_0,125071,777,2,goal,24626,20489,,,,,2,2,False,2026-08-29 17:04:49.497952+00:00,2026-08-29 17:04:49.497952+00:00
125071_1,125071,777,2,yellow,,,,13344,,,32,32,False,2026-08-29 17:04:49.497952+00:00,2026-08-29 17:04:49.497952+00:00
125071_2,125071,777,4,goal,72371,68827,,,,,35,35,False,2026-08-29 17:04:49.497952+00:00,2026-08-29 17:04:49.497952+00:00
125071_3,125071,777,2,goal,8658,23968,,,,,41,41,False,2026-08-29 17:04:49.497952+00:00,2026-08-29 17:04:49.497952+00:00
125071_4,125071,777,4,goal,72371,63741,,,,,51,45+6',True,2026-08-29 17:04:49.497952+00:00,2026-08-29 17:04:49.497952+00:00
125071_5,125071,777,2,substitution,,,,,107846,13344,46,46,False,2026-08-29 17:04:49.497952+00:00,2026-08-29 17:04:49.497952+00:00
125071_6,125071,777,4,yellow,,,,72371,,,54,54,False,2026-08-29 17:04:49.497952+00:00,2026-08-29 17:04:49.497952+00:00
125071_7,125071,777,4,goal,49293,72371,,,,,55,55,False,2026-08-29 17:04:49.497952+00:00,2026-08-29 17:04:49.497952+00:00
125071_8,125071,777,2,yellow,,,,23968,,,58,58,False,2026-08-29 17:04:49.497952+00:00,2026-08-29 17:04:49.497952+00:00
125071_9,125071,777,4,yellow,,,,63741,,,58,58,False,2026-08-29 17:04:49.497952+00:00,2026-08-29 17:04:49.497952+00:00
125071_10,125071,777,2,substitution,,,,,4115,24626,63,63,False,2026-08-29 17:04:49.497952+00:00,2026-08-29 17:04:49.497952+00:00
125071_11,125071,777,2,substitution,,,,,14801,26408,63,63,False,2026-08-29 17:04:49.497952+00:00,2026-08-29 17:04:49.497952+00:00
125071_12,125071,777,2,substitution,,,,,326089,20489,63,63,False,2026-08-29 17:04:49.497952+00:00,2026-08-29 17:04:49.497952+00:00
125071_13,125071,777,4,goal,72371,68987,,,,,64,64,False,2026-08-29 17:04:49.497952+00:00,2026-08-29 17:04:49.497952+00:00
125071_14,125071,777,2,yellow,,,,8658,,,68,68,False,2026-08-29 17:04:49.497952+00:00,2026-08-29 17:04:49.497952+00:00
125071_15,125071,777,2,substitution,,,,,13286,8658,71,71,False,2026-08-29 17:04:49.497952+00:00,2026-08-29 17:04:49.497952+00:00
125071_16,125071,777,4,substitution,,,,,99282,68827,75,75,False,2026-08-29 17:04:49.497952+00:00,2026-08-29 17:04:49.497952+00:00
125071_17,125071,777,4,substitution,,,,,13549,66284,79,79,False,2026-08-29 17:04:49.497952+00:00,2026-08-29 17:04:49.497952+00:00
125071_18,125071,777,4,substitution,,,,,27277,63741,79,79,False,2026-08-29 17:04:49.497952+00:00,2026-08-29 17:04:49.497952+00:00
125071_19,125071,777,4,substitution,,,,,51813,72371,85,85,False,2026-08-29 17:04:49.497952+00:00,2026-08-29 17:04:49.497952+00:00
125071_20,125071,777,4,substitution,,,,,133245,49293,85,85,False,2026-08-29 17:04:49.497952+00:00,2026-08-29 17:04:49.497952+00:00
125072_0,125072,777,130,substitution,,,,,20113,10947,21,21,False,2026-08-29 17:04:49.497952+00:00,2026-08-29 17:04:49.497952+00:00
125072_1,125072,777,130,yellow,,,,49726,,,60,60,False,2026-08-29 17:04:49.497952+00:00,2026-08-29 17:04:49.497952+00:00
125072_2,125072,777,130,substitution,,,,,128891,3712,62,62,False,2026-08-29 17:04:49.497952+00:00,2026-08-29 17:04:49.497952+00:00
125072_3,125072,777,127,substitution,,,,,118080,134234,74,74,False,2026-08-29 17:04:49.497952+00:00,2026-08-29 17:04:49.497952+00:00
125072_4,125072,777,127,substitution,,,,,137832,15572,74,74,False,2026-08-29 17:04:49.497952+00:00,2026-08-29 17:04:49.497952+00:00
125072_5,125072,777,127,substitution,,,,,16582,33032,80,80,False,2026-08-29 17:04:49.497952+00:00,2026-08-29 17:04:49.497952+00:00
125072_6,125072,777,130,substitution,,,,,24369,133890,87,87,False,2026-08-29 17:04:49.497952+00:00,2026-08-29 17:04:49.497952+00:00
125072_7,125072,777,127,yellow,,,,42894,,,94,90+4',True,2026-08-29 17:04:49.497952+00:00,2026-08-29 17:04:49.497952+00:00
125072_8,125072,777,127,yellow,,,,14846,,,95,90+5',True,2026-08-29 17:04:49.497952+00:00,2026-08-29 17:04:49.497952+00:00
125073_0,125073,777,1,goal,49481,67776,,,,,9,9,False,2026-08-29 17:04:49.497952+00:00,2026-08-29 17:04:49.497952+00:00
125073_1,125073,777,1,yellow,,,,119476,,,11,11,False,2026-08-29 17:04:49.497952+00:00,2026-08-29 17:04:49.497952+00:00
125073_2,125073,777,131,substitution,,,,,136175,117732,46,46,False,2026-08-29 17:04:49.497952+00:00,2026-08-29 17:04:49.497952+00:00
125073_3,125073,777,131,yellow,,,,143240,,,52,52,False,2026-08-29 17:04:49.497952+00:00,2026-08-29 17:04:49.497952+00:00
125073_4,125073,777,1,substitution,,,,,20810,32728,59,59,False,2026-08-29 17:04:49.497952+00:00,2026-08-29 17:04:49.497952+00:00
125073_5,125073,777,1,substitution,,,,,20486,66104,60,60,False,2026-08-29 17:04:49.497952+00:00,2026-08-29 17:04:49.497952+00:00
125073_6,125073,777,1,substitution,,,,,69914,119476,64,64,False,2026-08-29 17:04:49.497952+00:00,2026-08-29 17:04:49.497952+00:00
125073_7,125073,777,131,substitution,,,,,3452,112739,69,69,False,2026-08-29 17:04:49.497952+00:00,2026-08-29 17:04:49.497952+00:00
125073_8,125073,777,131,substitution,,,,,4874,72239,77,77,False,2026-08-29 17:04:49.497952+00:00,2026-08-29 17:04:49.497952+00:00
125073_9,125073,777,131,substitution,,,,,129952,143240,77,77,False,2026-08-29 17:04:49.497952+00:00,2026-08-29 17:04:49.497952+00:00
125073_10,125073,777,131,substitution,,,,,134333,124396,78,78,False,2026-08-29 17:04:49.497952+00:00,2026-08-29 17:04:49.497952+00:00
125073_11,125073,777,1,substitution,,,,,42331,64523,80,80,False,2026-08-29 17:04:49.497952+00:00,2026-08-29 17:04:49.497952+00:00
125073_12,125073,777,131,yellow,,,,20505,,,80,80,False,2026-08-29 17:04:49.497952+00:00,2026-08-29 17:04:49.497952+00:00
125073_13,125073,777,131,yellow,,,,50727,,,81,81,False,2026-08-29 17:04:49.497952+00:00,2026-08-29 17:04:49.497952+00:00
125073_14,125073,777,131,yellow,,,,134333,,,95,90+5',True,2026-08-29 17:04:49.497952+00:00,2026-08-29 17:04:49.497952+00:00
125074_0,125074,777,7,goal,8143,23841,,,,,32,32,False,2026-08-29 17:04:49.497952+00:00,2026-08-29 17:04:49.497952+00:00
125074_1,125074,777,43,substitution,,,,,4617,63851,57,57,False,2026-08-29 17:04:49.497952+00:00,2026-08-29 17:04:49.497952+00:00
125074_2,125074,777,43,substitution,,,,,74964,13622,57,57,False,2026-08-29 17:04:49.497952+00:00,2026-08-29 17:04:49.497952+00:00
125074_3,125074,777,7,goal,14706,31936,,,,,60,60,False,2026-08-29 17:04:49.497952+00:00,2026-08-29 17:04:49.497952+00:00
125074_4,125074,777,43,yellow,,,,51498,,,64,64,False,2026-08-29 17:04:49.497952+00:00,2026-08-29 17:04:49.497952+00:00
125074_5,125074,777,43,substitution,,,,,8127,68593,72,72,False,2026-08-29 17:04:49.497952+00:00,2026-08-29 17:04:49.497952+00:00
125074_6,125074,777,7,substitution,,,,,4333,66318,83,83,False,2026-08-29 17:04:49.497952+00:00,2026-08-29 17:04:49.497952+00:00
125074_7,125074,777,7,substitution,,,,,143922,126789,83,83,False,2026-08-29 17:04:49.497952+00:00,2026-08-29 17:04:49.497952+00:00
125074_8,125074,777,43,substitution,,,,,8246,74960,83,83,False,2026-08-29 17:04:49.497952+00:00,2026-08-29 17:04:49.497952+00:00
125074_9,125074,777,7,substitution,,,,,66538,12582,87,87,False,2026-08-29 17:04:49.497952+00:00,2026-08-29 17:04:49.497952+00:00
125074_10,125074,777,7,substitution,,,,,118442,24797,87,87,False,2026-08-29 17:04:49.497952+00:00,2026-08-29 17:04:49.497952+00:00
125074_11,125074,777,7,substitution,,,,,112917,31936,93,90+3',True,2026-08-29 17:04:49.497952+00:00,2026-08-29 17:04:49.497952+00:00
125075_0,125075,777,25,yellow,,,,119072,,,17,17,False,2026-08-29 17:04:49.497952+00:00,2026-08-29 17:04:49.497952+00:00
125075_1,125075,777,25,yellow,,,,14164,,,41,41,False,2026-08-29 17:04:49.497952+00:00,2026-08-29 17:04:49.497952+00:00
125075_2,125075,777,25,substitution,,,,,122005,8454,60,60,False,2026-08-29 17:04:49.497952+00:00,2026-08-29 17:04:49.497952+00:00
125075_3,125075,777,34,substitution,,,,,117763,11071,60,60,False,2026-08-29 17:04:49.497952+00:00,2026-08-29 17:04:49.497952+00:00
125075_4,125075,777,34,substitution,,,,,14445,128976,61,61,False,2026-08-29 17:04:49.497952+00:00,2026-08-29 17:04:49.497952+00:00
125075_5,125075,777,34,substitution,,,,,66657,3894,61,61,False,2026-08-29 17:04:49.497952+00:00,2026-08-29 17:04:49.497952+00:00
125075_6,125075,777,25,goal,65961,8868,,,,,65,65,False,2026-08-29 17:04:49.497952+00:00,2026-08-29 17:04:49.497952+00:00
125075_7,125075,777,34,substitution,,,,,6712,4880,82,82,False,2026-08-29 17:04:49.497952+00:00,2026-08-29 17:04:49.497952+00:00
125075_8,125075,777,34,substitution,,,,,14656,21614,82,82,False,2026-08-29 17:04:49.497952+00:00,2026-08-29 17:04:49.497952+00:00
125075_9,125075,777,25,substitution,,,,,4979,63257,88,88,False,2026-08-29 17:04:49.497952+00:00,2026-08-29 17:04:49.497952+00:00
125075_10,125075,777,34,yellow,,,,23793,,,91,90+1',True,2026-08-29 17:04:49.497952+00:00,2026-08-29 17:04:49.497952+00:00
125075_11,125075,777,25,substitution,,,,,32638,63656,92,90+2',True,2026-08-29 17:04:49.497952+00:00,2026-08-29 17:04:49.497952+00:00
125075_12,125075,777,25,substitution,,,,,140223,119072,92,90+2',True,2026-08-29 17:04:49.497952+00:00,2026-08-29 17:04:49.497952+00:00
125075_13,125075,777,25,yellow,,,,140223,,,99,90+9',True,2026-08-29 17:04:49.497952+00:00,2026-08-29 17:04:49.497952+00:00
125075_14,125075,777,34,yellow,,,,14624,,,99,90+9',True,2026-08-29 17:04:49.497952+00:00,2026-08-29 17:04:49.497952+00:00
125075_15,125075,777,25,yellow,,,,8868,,,100,90+10',True,2026-08-29 17:04:49.497952+00:00,2026-08-29 17:04:49.497952+00:00
125076_0,125076,777,29,yellow,,,,10361,,,47,45+2',True,2026-08-29 17:04:49.497952+00:00,2026-08-29 17:04:49.497952+00:00
125076_1,125076,777,29,substitution,,,,,12136,25408,55,55,False,2026-08-29 17:04:49.497952+00:00,2026-08-29 17:04:49.497952+00:00
125076_2,125076,777,29,substitution,,,,,52989,126920,56,56,False,2026-08-29 17:04:49.497952+00:00,2026-08-29 17:04:49.497952+00:00
125076_3,125076,777,29,yellow,,,,126110,,,58,58,False,2026-08-29 17:04:49.497952+00:00,2026-08-29 17:04:49.497952+00:00
125076_4,125076,777,9,substitution,,,,,14807,115255,62,62,False,2026-08-29 17:04:49.497952+00:00,2026-08-29 17:04:49.497952+00:00
125076_5,125076,777,29,yellow,,,,66659,,,63,63,False,2026-08-29 17:04:49.497952+00:00,2026-08-29 17:04:49.497952+00:00
125076_6,125076,777,9,goal,13796,116888,,,,,64,64,False,2026-08-29 17:04:49.497952+00:00,2026-08-29 17:04:49.497952+00:00
125076_7,125076,777,29,penalty goal,126110,,,,,,70,70,False,2026-08-29 17:04:49.497952+00:00,2026-08-29 17:04:49.497952+00:00
125076_8,125076,777,9,substitution,,,,,13797,13515,74,74,False,2026-08-29 17:04:49.497952+00:00,2026-08-29 17:04:49.497952+00:00
125076_9,125076,777,9,substitution,,,,,68676,63289,74,74,False,2026-08-29 17:04:49.497952+00:00,2026-08-29 17:04:49.497952+00:00
125076_10,125076,777,9,substitution,,,,,50151,75543,84,84,False,2026-08-29 17:04:49.497952+00:00,2026-08-29 17:04:49.497952+00:00
125076_11,125076,777,9,substitution,,,,,50643,14608,84,84,False,2026-08-29 17:04:49.497952+00:00,2026-08-29 17:04:49.497952+00:00
125076_12,125076,777,29,substitution,,,,,10394,115105,88,88,False,2026-08-29 17:04:49.497952+00:00,2026-08-29 17:04:49.497952+00:00
125076_13,125076,777,9,yellow,,,,68676,,,90,90,False,2026-08-29 17:04:49.497952+00:00,2026-08-29 17:04:49.497952+00:00
125076_14,125076,777,29,substitution,,,,,119614,10394,95,90+5',True,2026-08-29 17:04:49.497952+00:00,2026-08-29 17:04:49.497952+00:00
125077_0,125077,777,11,goal,25474,68150,,,,,31,31,False,2026-08-29 17:04:49.497952+00:00,2026-08-29 17:04:49.497952+00:00
125077_1,125077,777,15,yellow,,,,108816,,,46,45+1',True,2026-08-29 17:04:49.497952+00:00,2026-08-29 17:04:49.497952+00:00
125077_2,125077,777,15,goal,15259,304123,,,,,56,56,False,2026-08-29 17:04:49.497952+00:00,2026-08-29 17:04:49.497952+00:00
125077_3,125077,777,15,yellow,,,,139648,,,60,60,False,2026-08-29 17:04:49.497952+00:00,2026-08-29 17:04:49.497952+00:00
125077_4,125077,777,11,goal,16286,71432,,,,,62,62,False,2026-08-29 17:04:49.497952+00:00,2026-08-29 17:04:49.497952+00:00
125077_5,125077,777,15,yellow,,,,16035,,,63,63,False,2026-08-29 17:04:49.497952+00:00,2026-08-29 17:04:49.497952+00:00
125077_6,125077,777,15,substitution,,,,,23702,115172,64,64,False,2026-08-29 17:04:49.497952+00:00,2026-08-29 17:04:49.497952+00:00
125077_7,125077,777,15,goal,51593,23702,,,,,76,76,False,2026-08-29 17:04:49.497952+00:00,2026-08-29 17:04:49.497952+00:00
125077_8,125077,777,11,substitution,,,,,54156,14805,77,77,False,2026-08-29 17:04:49.497952+00:00,2026-08-29 17:04:49.497952+00:00
125077_9,125077,777,11,substitution,,,,,137371,71432,77,77,False,2026-08-29 17:04:49.497952+00:00,2026-08-29 17:04:49.497952+00:00
125077_10,125077,777,15,substitution,,,,,15340,304123,79,79,False,2026-08-29 17:04:49.497952+00:00,2026-08-29 17:04:49.497952+00:00
125077_11,125077,777,11,substitution,,,,,126943,68150,82,82,False,2026-08-29 17:04:49.497952+00:00,2026-08-29 17:04:49.497952+00:00
125077_12,125077,777,15,substitution,,,,,14238,15259,90,90,False,2026-08-29 17:04:49.497952+00:00,2026-08-29 17:04:49.497952+00:00
125077_13,125077,777,15,substitution,,,,,67510,23811,90,90,False,2026-08-29 17:04:49.497952+00:00,2026-08-29 17:04:49.497952+00:00
125077_14,125077,777,15,yellow,,,,16723,,,94,90+4',True,2026-08-29 17:04:49.497952+00:00,2026-08-29 17:04:49.497952+00:00
125078_0,125078,777,23,yellow,,,,19888,,,26,26,False,2026-08-29 17:04:49.497952+00:00,2026-08-29 17:04:49.497952+00:00
125078_1,125078,777,12,yellow,,,,66360,,,37,37,False,2026-08-29 17:04:49.497952+00:00,2026-08-29 17:04:49.497952+00:00
125078_2,125078,777,23,yellow,,,,20607,,,38,38,False,2026-08-29 17:04:49.497952+00:00,2026-08-29 17:04:49.497952+00:00
125078_3,125078,777,12,yellow,,,,4608,,,39,39,False,2026-08-29 17:04:49.497952+00:00,2026-08-29 17:04:49.497952+00:00
125078_4,125078,777,23,yellow,,,,19888,,,46,45+1',True,2026-08-29 17:04:49.497952+00:00,2026-08-29 17:04:49.497952+00:00
125078_5,125078,777,23,penalty goal,23747,,,,,,51,45+6',True,2026-08-29 17:04:49.497952+00:00,2026-08-29 17:04:49.497952+00:00
125078_6,125078,777,12,goal,5793,23396,,,,,54,45+9',True,2026-08-29 17:04:49.497952+00:00,2026-08-29 17:04:49.497952+00:00
125078_7,125078,777,23,substitution,,,,,14446,14716,46,46,False,2026-08-29 17:04:49.497952+00:00,2026-08-29 17:04:49.497952+00:00
125078_8,125078,777,12,substitution,,,,,24252,5793,61,61,False,2026-08-29 17:04:49.497952+00:00,2026-08-29 17:04:49.497952+00:00
125078_9,125078,777,12,substitution,,,,,118031,4608,61,61,False,2026-08-29 17:04:49.497952+00:00,2026-08-29 17:04:49.497952+00:00
125078_10,125078,777,12,yellow,,,,33245,,,64,64,False,2026-08-29 17:04:49.497952+00:00,2026-08-29 17:04:49.497952+00:00
125078_11,125078,777,12,substitution,,,,,69176,108936,76,76,False,2026-08-29 17:04:49.497952+00:00,2026-08-29 17:04:49.497952+00:00
125078_12,125078,777,12,substitution,,,,,50848,66360,77,77,False,2026-08-29 17:04:49.497952+00:00,2026-08-29 17:04:49.497952+00:00
125078_13,125078,777,23,yellow,,,,3905,,,80,80,False,2026-08-29 17:04:49.497952+00:00,2026-08-29 17:04:49.497952+00:00
125078_14,125078,777,23,substitution,,,,,9662,49259,84,84,False,2026-08-29 17:04:49.497952+00:00,2026-08-29 17:04:49.497952+00:00
125078_15,125078,777,12,substitution,,,,,23581,33245,85,85,False,2026-08-29 17:04:49.497952+00:00,2026-08-29 17:04:49.497952+00:00
125078_16,125078,777,23,substitution,,,,,114590,23747,85,85,False,2026-08-29 17:04:49.497952+00:00,2026-08-29 17:04:49.497952+00:00
125078_17,125078,777,23,goal,114590,3905,,,,,90,90,False,2026-08-29 17:04:49.497952+00:00,2026-08-29 17:04:49.497952+00:00
125078_18,125078,777,23,substitution,,,,,49908,71623,97,90+7',True,2026-08-29 17:04:49.497952+00:00,2026-08-29 17:04:49.497952+00:00
125079_0,125079,777,21,yellow,,,,327705,,,7,7,False,2026-08-29 17:04:49.497952+00:00,2026-08-29 17:04:49.497952+00:00
125079_1,125079,777,6,substitution,,,,,4604,76353,14,14,False,2026-08-29 17:04:49.497952+00:00,2026-08-29 17:04:49.497952+00:00
125079_2,125079,777,6,yellow,,,,35670,,,22,22,False,2026-08-29 17:04:49.497952+00:00,2026-08-29 17:04:49.497952+00:00
125079_3,125079,777,21,yellow,,,,117318,,,25,25,False,2026-08-29 17:04:49.497952+00:00,2026-08-29 17:04:49.497952+00:00
125079_4,125079,777,6,goal,49796,72265,,,,,29,29,False,2026-08-29 17:04:49.497952+00:00,2026-08-29 17:04:49.497952+00:00
125079_5,125079,777,21,goal,10443,117596,,,,,34,34,False,2026-08-29 17:04:49.497952+00:00,2026-08-29 17:04:49.497952+00:00
125079_6,125079,777,21,red,,,,75582,,,38,38,False,2026-08-29 17:04:49.497952+00:00,2026-08-29 17:04:49.497952+00:00
125079_7,125079,777,6,penalty goal,49796,,,,,,40,40,False,2026-08-29 17:04:49.497952+00:00,2026-08-29 17:04:49.497952+00:00
125079_8,125079,777,21,substitution,,,,,21887,327705,43,43,False,2026-08-29 17:04:49.497952+00:00,2026-08-29 17:04:49.497952+00:00
125079_9,125079,777,21,substitution,,,,,50245,51185,43,43,False,2026-08-29 17:04:49.497952+00:00,2026-08-29 17:04:49.497952+00:00
125079_10,125079,777,6,goal,35670,69595,,,,,46,45+1',True,2026-08-29 17:04:49.497952+00:00,2026-08-29 17:04:49.497952+00:00
125079_11,125079,777,6,goal,49796,69595,,,,,52,45+7',True,2026-08-29 17:04:49.497952+00:00,2026-08-29 17:04:49.497952+00:00
125079_12,125079,777,6,substitution,,,,,49374,72265,67,67,False,2026-08-29 17:04:49.497952+00:00,2026-08-29 17:04:49.497952+00:00
125079_13,125079,777,21,substitution,,,,,24630,10443,74,74,False,2026-08-29 17:04:49.497952+00:00,2026-08-29 17:04:49.497952+00:00
125079_14,125079,777,21,substitution,,,,,69274,32229,74,74,False,2026-08-29 17:04:49.497952+00:00,2026-08-29 17:04:49.497952+00:00
125079_15,125079,777,6,substitution,,,,,8589,69595,81,81,False,2026-08-29 17:04:49.497952+00:00,2026-08-29 17:04:49.497952+00:00
125079_16,125079,777,6,substitution,,,,,146391,35670,81,81,False,2026-08-29 17:04:49.497952+00:00,2026-08-29 17:04:49.497952+00:00
125079_17,125079,777,21,yellow,,,,50245,,,82,82,False,2026-08-29 17:04:49.497952+00:00,2026-08-29 17:04:49.497952+00:00
125079_18,125079,777,6,yellow,,,,4604,,,92,90+2',True,2026-08-29 17:04:49.497952+00:00,2026-08-29 17:04:49.497952+00:00
125080_0,125080,777,10,yellow,,,,49909,,,22,22,False,2026-08-29 17:04:49.497952+00:00,2026-08-29 17:04:49.497952+00:00
125080_1,125080,777,10,substitution,,,,,23815,49909,46,46,False,2026-08-29 17:04:49.497952+00:00,2026-08-29 17:04:49.497952+00:00
125080_2,125080,777,38,substitution,,,,,115114,4229,59,59,False,2026-08-29 17:04:49.497952+00:00,2026-08-29 17:04:49.497952+00:00
125080_3,125080,777,38,substitution,,,,,115371,9199,60,60,False,2026-08-29 17:04:49.497952+00:00,2026-08-29 17:04:49.497952+00:00
125080_4,125080,777,38,substitution,,,,,126108,14830,60,60,False,2026-08-29 17:04:49.497952+00:00,2026-08-29 17:04:49.497952+00:00
125080_5,125080,777,10,substitution,,,,,10458,116665,65,65,False,2026-08-29 17:04:49.497952+00:00,2026-08-29 17:04:49.497952+00:00
125080_6,125080,777,10,substitution,,,,,134796,32894,65,65,False,2026-08-29 17:04:49.497952+00:00,2026-08-29 17:04:49.497952+00:00
125080_7,125080,777,38,yellow,,,,133679,,,69,69,False,2026-08-29 17:04:49.497952+00:00,2026-08-29 17:04:49.497952+00:00
125080_8,125080,777,38,substitution,,,,,108947,145492,70,70,False,2026-08-29 17:04:49.497952+00:00,2026-08-29 17:04:49.497952+00:00
125080_9,125080,777,10,substitution,,,,,10651,19919,72,72,False,2026-08-29 17:04:49.497952+00:00,2026-08-29 17:04:49.497952+00:00
125080_10,125080,777,38,goal,108947,115371,,,,,78,78,False,2026-08-29 17:04:49.497952+00:00,2026-08-29 17:04:49.497952+00:00
125080_11,125080,777,10,substitution,,,,,15802,23593,79,79,False,2026-08-29 17:04:49.497952+00:00,2026-08-29 17:04:49.497952+00:00
125080_12,125080,777,38,substitution,,,,,66692,136815,79,79,False,2026-08-29 17:04:49.497952+00:00,2026-08-29 17:04:49.497952+00:00
125080_13,125080,777,10,goal,5178,,,,,,83,83,False,2026-08-29 17:04:49.497952+00:00,2026-08-29 17:04:49.497952+00:00
125080_14,125080,777,38,yellow,,,,43010,,,90,90,False,2026-08-29 17:04:49.497952+00:00,2026-08-29 17:04:49.497952+00:00
125080_15,125080,777,38,goal,143214,111988,,,,,94,90+4',True,2026-08-29 17:04:49.497952+00:00,2026-08-29 17:04:49.497952+00:00
125081_0,125081,777,1,substitution,,,,,119476,67776,38,38,False,2026-08-29 17:04:49.497952+00:00,2026-08-29 17:04:49.497952+00:00
125081_1,125081,777,1,substitution,,,,,32728,20810,61,61,False,2026-08-29 17:04:49.497952+00:00,2026-08-29 17:04:49.497952+00:00
125081_2,125081,777,1,substitution,,,,,66104,67407,61,61,False,2026-08-29 17:04:49.497952+00:00,2026-08-29 17:04:49.497952+00:00
125081_3,125081,777,7,substitution,,,,,143922,126789,69,69,False,2026-08-29 17:04:49.497952+00:00,2026-08-29 17:04:49.497952+00:00
125081_4,125081,777,1,substitution,,,,,118077,69914,74,74,False,2026-08-29 17:04:49.497952+00:00,2026-08-29 17:04:49.497952+00:00
125081_5,125081,777,1,substitution,,,,,141181,64523,74,74,False,2026-08-29 17:04:49.497952+00:00,2026-08-29 17:04:49.497952+00:00
125081_6,125081,777,7,substitution,,,,,128411,66538,86,86,False,2026-08-29 17:04:49.497952+00:00,2026-08-29 17:04:49.497952+00:00
125081_7,125081,777,7,substitution,,,,,134286,24797,86,86,False,2026-08-29 17:04:49.497952+00:00,2026-08-29 17:04:49.497952+00:00
125081_8,125081,777,1,goal,32728,118077,,,,,89,89,False,2026-08-29 17:04:49.497952+00:00,2026-08-29 17:04:49.497952+00:00
125081_9,125081,777,7,substitution,,,,,118442,12582,95,90+5',True,2026-08-29 17:04:49.497952+00:00,2026-08-29 17:04:49.497952+00:00
125081_10,125081,777,1,goal,141181,66104,,,,,97,90+7',True,2026-08-29 17:04:49.497952+00:00,2026-08-29 17:04:49.497952+00:00
125082_0,125082,777,130,goal,133460,24369,,,,,22,22,False,2026-08-29 17:04:49.497952+00:00,2026-08-29 17:04:49.497952+00:00
125082_1,125082,777,38,yellow,,,,9199,,,24,24,False,2026-08-29 17:04:49.497952+00:00,2026-08-29 17:04:49.497952+00:00
125082_2,125082,777,130,goal,124052,133890,,,,,37,37,False,2026-08-29 17:04:49.497952+00:00,2026-08-29 17:04:49.497952+00:00
125082_3,125082,777,38,goal,9199,126108,,,,,44,44,False,2026-08-29 17:04:49.497952+00:00,2026-08-29 17:04:49.497952+00:00
125082_4,125082,777,38,yellow,,,,108877,,,46,45+1',True,2026-08-29 17:04:49.497952+00:00,2026-08-29 17:04:49.497952+00:00
125082_5,125082,777,38,substitution,,,,,14830,145492,46,46,False,2026-08-29 17:04:49.497952+00:00,2026-08-29 17:04:49.497952+00:00
125082_6,125082,777,130,yellow,,,,24659,,,57,57,False,2026-08-29 17:04:49.497952+00:00,2026-08-29 17:04:49.497952+00:00
125082_7,125082,777,130,substitution,,,,,128891,127594,68,68,False,2026-08-29 17:04:49.497952+00:00,2026-08-29 17:04:49.497952+00:00
125082_8,125082,777,130,substitution,,,,,20113,49731,72,72,False,2026-08-29 17:04:49.497952+00:00,2026-08-29 17:04:49.497952+00:00
125082_9,125082,777,38,substitution,,,,,115371,126108,74,74,False,2026-08-29 17:04:49.497952+00:00,2026-08-29 17:04:49.497952+00:00
125082_10,125082,777,38,goal,115371,133679,,,,,77,77,False,2026-08-29 17:04:49.497952+00:00,2026-08-29 17:04:49.497952+00:00
125082_11,125082,777,130,yellow,,,,20113,,,77,77,False,2026-08-29 17:04:49.497952+00:00,2026-08-29 17:04:49.497952+00:00
125082_12,125082,777,130,substitution,,,,,14450,133890,85,85,False,2026-08-29 17:04:49.497952+00:00,2026-08-29 17:04:49.497952+00:00
125082_13,125082,777,38,substitution,,,,,108947,9199,87,87,False,2026-08-29 17:04:49.497952+00:00,2026-08-29 17:04:49.497952+00:00
125082_14,125082,777,38,yellow,,,,14830,,,89,89,False,2026-08-29 17:04:49.497952+00:00,2026-08-29 17:04:49.497952+00:00
125082_15,125082,777,38,yellow,,,,15715,,,93,90+3',True,2026-08-29 17:04:49.497952+00:00,2026-08-29 17:04:49.497952+00:00
125083_0,125083,777,127,substitution,,,,,118080,15572,61,61,False,2026-08-29 17:04:49.497952+00:00,2026-08-29 17:04:49.497952+00:00
125083_1,125083,777,127,substitution,,,,,119381,3512,61,61,False,2026-08-29 17:04:49.497952+00:00,2026-08-29 17:04:49.497952+00:00
125083_2,125083,777,43,substitution,,,,,15139,64282,66,66,False,2026-08-29 17:04:49.497952+00:00,2026-08-29 17:04:49.497952+00:00
125083_3,125083,777,43,substitution,,,,,13622,124531,74,74,False,2026-08-29 17:04:49.497952+00:00,2026-08-29 17:04:49.497952+00:00
125083_4,125083,777,43,substitution,,,,,137462,127393,74,74,False,2026-08-29 17:04:49.497952+00:00,2026-08-29 17:04:49.497952+00:00
125083_5,125083,777,43,yellow,,,,68593,,,76,76,False,2026-08-29 17:04:49.497952+00:00,2026-08-29 17:04:49.497952+00:00
125083_6,125083,777,127,substitution,,,,,13706,137832,80,80,False,2026-08-29 17:04:49.497952+00:00,2026-08-29 17:04:49.497952+00:00
125083_7,125083,777,127,substitution,,,,,16582,134234,87,87,False,2026-08-29 17:04:49.497952+00:00,2026-08-29 17:04:49.497952+00:00
125083_8,125083,777,43,substitution,,,,,31442,75735,88,88,False,2026-08-29 17:04:49.497952+00:00,2026-08-29 17:04:49.497952+00:00
125083_9,125083,777,43,substitution,,,,,74960,8127,88,88,False,2026-08-29 17:04:49.497952+00:00,2026-08-29 17:04:49.497952+00:00
125084_0,125084,777,23,goal,23747,14446,,,,,18,18,False,2026-08-29 17:04:49.497952+00:00,2026-08-29 17:04:49.497952+00:00
125084_1,125084,777,4,yellow,,,,66284,,,23,23,False,2026-08-29 17:04:49.497952+00:00,2026-08-29 17:04:49.497952+00:00
125084_2,125084,777,4,yellow,,,,112203,,,25,25,False,2026-08-29 17:04:49.497952+00:00,2026-08-29 17:04:49.497952+00:00
125084_3,125084,777,4,substitution,,,,,51813,68827,46,46,False,2026-08-29 17:04:49.497952+00:00,2026-08-29 17:04:49.497952+00:00
125084_4,125084,777,4,substitution,,,,,99282,112203,61,61,False,2026-08-29 17:04:49.497952+00:00,2026-08-29 17:04:49.497952+00:00
125084_5,125084,777,23,substitution,,,,,20607,115256,67,67,False,2026-08-29 17:04:49.497952+00:00,2026-08-29 17:04:49.497952+00:00
125084_6,125084,777,23,substitution,,,,,8707,14446,77,77,False,2026-08-29 17:04:49.497952+00:00,2026-08-29 17:04:49.497952+00:00
125084_7,125084,777,23,substitution,,,,,49259,9662,78,78,False,2026-08-29 17:04:49.497952+00:00,2026-08-29 17:04:49.497952+00:00
125084_8,125084,777,4,substitution,,,,,119041,66284,82,82,False,2026-08-29 17:04:49.497952+00:00,2026-08-29 17:04:49.497952+00:00
125084_9,125084,777,23,yellow,,,,13703,,,84,84,False,2026-08-29 17:04:49.497952+00:00,2026-08-29 17:04:49.497952+00:00
125084_10,125084,777,23,yellow,,,,108922,,,89,89,False,2026-08-29 17:04:49.497952+00:00,2026-08-29 17:04:49.497952+00:00
125085_0,125085,777,9,yellow,,,,75543,,,26,26,False,2026-08-29 17:04:49.497952+00:00,2026-08-29 17:04:49.497952+00:00
125085_1,125085,777,9,yellow,,,,50151,,,31,31,False,2026-08-29 17:04:49.497952+00:00,2026-08-29 17:04:49.497952+00:00
125085_2,125085,777,6,yellow,,,,8589,,,44,44,False,2026-08-29 17:04:49.497952+00:00,2026-08-29 17:04:49.497952+00:00
125085_3,125085,777,9,yellow,,,,75543,,,50,45+5',True,2026-08-29 17:04:49.497952+00:00,2026-08-29 17:04:49.497952+00:00
125085_4,125085,777,9,substitution,,,,,14608,63289,46,46,False,2026-08-29 17:04:49.497952+00:00,2026-08-29 17:04:49.497952+00:00
125085_5,125085,777,9,substitution,,,,,115255,14807,46,46,False,2026-08-29 17:04:49.497952+00:00,2026-08-29 17:04:49.497952+00:00
125085_6,125085,777,6,yellow,,,,49374,,,55,55,False,2026-08-29 17:04:49.497952+00:00,2026-08-29 17:04:49.497952+00:00
125085_7,125085,777,6,substitution,,,,,20874,35670,60,60,False,2026-08-29 17:04:49.497952+00:00,2026-08-29 17:04:49.497952+00:00
125085_8,125085,777,6,substitution,,,,,69595,8589,60,60,False,2026-08-29 17:04:49.497952+00:00,2026-08-29 17:04:49.497952+00:00
125085_9,125085,777,6,substitution,,,,,49759,147312,80,80,False,2026-08-29 17:04:49.497952+00:00,2026-08-29 17:04:49.497952+00:00
125085_10,125085,777,6,substitution,,,,,109117,49374,80,80,False,2026-08-29 17:04:49.497952+00:00,2026-08-29 17:04:49.497952+00:00
125086_0,125086,777,10,goal,33231,,,,,,18,18,False,2026-08-29 17:04:49.497952+00:00,2026-08-29 17:04:49.497952+00:00
125086_1,125086,777,21,substitution,,,,,69274,327705,56,56,False,2026-08-29 17:04:49.497952+00:00,2026-08-29 17:04:49.497952+00:00
125086_2,125086,777,10,substitution,,,,,5178,19919,64,64,False,2026-08-29 17:04:49.497952+00:00,2026-08-29 17:04:49.497952+00:00
125086_3,125086,777,10,substitution,,,,,23815,75382,64,64,False,2026-08-29 17:04:49.497952+00:00,2026-08-29 17:04:49.497952+00:00
125086_4,125086,777,10,substitution,,,,,81542,134796,64,64,False,2026-08-29 17:04:49.497952+00:00,2026-08-29 17:04:49.497952+00:00
125086_5,125086,777,21,substitution,,,,,51185,76614,75,75,False,2026-08-29 17:04:49.497952+00:00,2026-08-29 17:04:49.497952+00:00
125086_6,125086,777,21,substitution,,,,,127846,23764,76,76,False,2026-08-29 17:04:49.497952+00:00,2026-08-29 17:04:49.497952+00:00
125086_7,125086,777,10,substitution,,,,,130665,32894,83,83,False,2026-08-29 17:04:49.497952+00:00,2026-08-29 17:04:49.497952+00:00
125086_8,125086,777,21,goal,24630,51185,,,,,90,90,False,2026-08-29 17:04:49.497952+00:00,2026-08-29 17:04:49.497952+00:00
125086_9,125086,777,10,substitution,,,,,15802,63633,91,90+1',True,2026-08-29 17:04:49.497952+00:00,2026-08-29 17:04:49.497952+00:00
125086_10,125086,777,21,substitution,,,,,124319,24630,96,90+6',True,2026-08-29 17:04:49.497952+00:00,2026-08-29 17:04:49.497952+00:00
125087_0,125087,777,2,yellow,,,,8658,,,41,41,False,2026-08-29 17:04:49.497952+00:00,2026-08-29 17:04:49.497952+00:00
125087_1,125087,777,12,goal,5793,23396,,,,,53,53,False,2026-08-29 17:04:49.497952+00:00,2026-08-29 17:04:49.497952+00:00
125087_2,125087,777,2,substitution,,,,,13286,8658,60,60,False,2026-08-29 17:04:49.497952+00:00,2026-08-29 17:04:49.497952+00:00
125087_3,125087,777,12,yellow,,,,5793,,,60,60,False,2026-08-29 17:04:49.497952+00:00,2026-08-29 17:04:49.497952+00:00
125087_4,125087,777,2,substitution,,,,,20489,51423,61,61,False,2026-08-29 17:04:49.497952+00:00,2026-08-29 17:04:49.497952+00:00
125087_5,125087,777,2,goal,4115,,,,,,64,64,False,2026-08-29 17:04:49.497952+00:00,2026-08-29 17:04:49.497952+00:00
125087_6,125087,777,2,yellow,,,,26408,,,69,69,False,2026-08-29 17:04:49.497952+00:00,2026-08-29 17:04:49.497952+00:00
125087_7,125087,777,12,goal,51202,23396,,,,,71,71,False,2026-08-29 17:04:49.497952+00:00,2026-08-29 17:04:49.497952+00:00
125087_8,125087,777,12,yellow,,,,118591,,,72,72,False,2026-08-29 17:04:49.497952+00:00,2026-08-29 17:04:49.497952+00:00
125087_9,125087,777,12,substitution,,,,,66036,66360,75,75,False,2026-08-29 17:04:49.497952+00:00,2026-08-29 17:04:49.497952+00:00
125087_10,125087,777,12,goal,66036,,,,,,81,81,False,2026-08-29 17:04:49.497952+00:00,2026-08-29 17:04:49.497952+00:00
125087_11,125087,777,2,substitution,,,,,24626,4115,82,82,False,2026-08-29 17:04:49.497952+00:00,2026-08-29 17:04:49.497952+00:00
125087_12,125087,777,2,substitution,,,,,51223,5758,82,82,False,2026-08-29 17:04:49.497952+00:00,2026-08-29 17:04:49.497952+00:00
125087_13,125087,777,2,substitution,,,,,133169,26408,86,86,False,2026-08-29 17:04:49.497952+00:00,2026-08-29 17:04:49.497952+00:00
125087_14,125087,777,12,substitution,,,,,118031,5793,91,90+1',True,2026-08-29 17:04:49.497952+00:00,2026-08-29 17:04:49.497952+00:00
125087_15,125087,777,12,yellow,,,,9566,,,96,90+6',True,2026-08-29 17:04:49.497952+00:00,2026-08-29 17:04:49.497952+00:00
125088_0,125088,777,15,yellow,,,,23811,,,18,18,False,2026-08-29 17:04:49.497952+00:00,2026-08-29 17:04:49.497952+00:00
125088_1,125088,777,34,yellow,,,,21614,,,32,32,False,2026-08-29 17:04:49.497952+00:00,2026-08-29 17:04:49.497952+00:00
125088_2,125088,777,15,yellow,,,,51593,,,47,45+2',True,2026-08-29 17:04:49.497952+00:00,2026-08-29 17:04:49.497952+00:00
125088_3,125088,777,15,substitution,,,,,50623,115172,46,46,False,2026-08-29 17:04:49.497952+00:00,2026-08-29 17:04:49.497952+00:00
125088_4,125088,777,15,substitution,,,,,98300,23702,46,46,False,2026-08-29 17:04:49.497952+00:00,2026-08-29 17:04:49.497952+00:00
125088_5,125088,777,34,yellow,,,,14624,,,61,61,False,2026-08-29 17:04:49.497952+00:00,2026-08-29 17:04:49.497952+00:00
125088_6,125088,777,34,substitution,,,,,53063,66657,62,62,False,2026-08-29 17:04:49.497952+00:00,2026-08-29 17:04:49.497952+00:00
125088_7,125088,777,34,substitution,,,,,117763,11071,62,62,False,2026-08-29 17:04:49.497952+00:00,2026-08-29 17:04:49.497952+00:00
125088_8,125088,777,15,goal,50623,23811,,,,,63,63,False,2026-08-29 17:04:49.497952+00:00,2026-08-29 17:04:49.497952+00:00
125088_9,125088,777,15,substitution,,,,,15340,304123,63,63,False,2026-08-29 17:04:49.497952+00:00,2026-08-29 17:04:49.497952+00:00
125088_10,125088,777,34,substitution,,,,,16044,128976,63,63,False,2026-08-29 17:04:49.497952+00:00,2026-08-29 17:04:49.497952+00:00
125088_11,125088,777,15,substitution,,,,,14238,15259,74,74,False,2026-08-29 17:04:49.497952+00:00,2026-08-29 17:04:49.497952+00:00
125088_12,125088,777,34,yellow,,,,26151,,,75,75,False,2026-08-29 17:04:49.497952+00:00,2026-08-29 17:04:49.497952+00:00
125088_13,125088,777,34,substitution,,,,,3894,21614,78,78,False,2026-08-29 17:04:49.497952+00:00,2026-08-29 17:04:49.497952+00:00
125088_14,125088,777,15,substitution,,,,,49270,51593,88,88,False,2026-08-29 17:04:49.497952+00:00,2026-08-29 17:04:49.497952+00:00
125088_15,125088,777,34,substitution,,,,,14656,13961,91,90+1',True,2026-08-29 17:04:49.497952+00:00,2026-08-29 17:04:49.497952+00:00
125089_0,125089,777,29,goal,119614,66659,,,,,49,49,False,2026-08-29 17:04:49.497952+00:00,2026-08-29 17:04:49.497952+00:00
125089_1,125089,777,131,yellow,,,,143240,,,51,51,False,2026-08-29 17:04:49.497952+00:00,2026-08-29 17:04:49.497952+00:00
125089_2,125089,777,131,goal,136175,,,,,,58,58,False,2026-08-29 17:04:49.497952+00:00,2026-08-29 17:04:49.497952+00:00
125089_3,125089,777,29,substitution,,,,,10361,19864,64,64,False,2026-08-29 17:04:49.497952+00:00,2026-08-29 17:04:49.497952+00:00
125089_4,125089,777,131,yellow,,,,136175,,,74,74,False,2026-08-29 17:04:49.497952+00:00,2026-08-29 17:04:49.497952+00:00
125089_5,125089,777,29,yellow,,,,12136,,,75,75,False,2026-08-29 17:04:49.497952+00:00,2026-08-29 17:04:49.497952+00:00
125089_6,125089,777,131,substitution,,,,,67928,136175,76,76,False,2026-08-29 17:04:49.497952+00:00,2026-08-29 17:04:49.497952+00:00
125089_7,125089,777,29,substitution,,,,,126920,67784,78,78,False,2026-08-29 17:04:49.497952+00:00,2026-08-29 17:04:49.497952+00:00
125089_8,125089,777,29,substitution,,,,,51609,118633,85,85,False,2026-08-29 17:04:49.497952+00:00,2026-08-29 17:04:49.497952+00:00
125089_9,125089,777,131,substitution,,,,,134333,112739,88,88,False,2026-08-29 17:04:49.497952+00:00,2026-08-29 17:04:49.497952+00:00
125089_10,125089,777,131,substitution,,,,,4874,143240,94,90+4',True,2026-08-29 17:04:49.497952+00:00,2026-08-29 17:04:49.497952+00:00
125089_11,125089,777,131,substitution,,,,,14671,3452,95,90+5',True,2026-08-29 17:04:49.497952+00:00,2026-08-29 17:04:49.497952+00:00
125090_0,125090,777,11,yellow,,,,76216,,,11,11,False,2026-08-29 17:04:49.497952+00:00,2026-08-29 17:04:49.497952+00:00
125090_1,125090,777,11,goal,5067,76216,,,,,31,31,False,2026-08-29 17:04:49.497952+00:00,2026-08-29 17:04:49.497952+00:00
125090_2,125090,777,25,goal,32638,8868,,,,,35,35,False,2026-08-29 17:04:49.497952+00:00,2026-08-29 17:04:49.497952+00:00
125090_3,125090,777,11,yellow,,,,5067,,,37,37,False,2026-08-29 17:04:49.497952+00:00,2026-08-29 17:04:49.497952+00:00
125090_4,125090,777,11,substitution,,,,,54156,71432,60,60,False,2026-08-29 17:04:49.497952+00:00,2026-08-29 17:04:49.497952+00:00
125090_5,125090,777,11,substitution,,,,,68150,76216,60,60,False,2026-08-29 17:04:49.497952+00:00,2026-08-29 17:04:49.497952+00:00
125090_6,125090,777,25,substitution,,,,,122005,304595,64,64,False,2026-08-29 17:04:49.497952+00:00,2026-08-29 17:04:49.497952+00:00
125090_7,125090,777,11,substitution,,,,,14805,25474,75,75,False,2026-08-29 17:04:49.497952+00:00,2026-08-29 17:04:49.497952+00:00
125090_8,125090,777,11,substitution,,,,,26335,5067,75,75,False,2026-08-29 17:04:49.497952+00:00,2026-08-29 17:04:49.497952+00:00
125090_9,125090,777,25,substitution,,,,,4979,63257,75,75,False,2026-08-29 17:04:49.497952+00:00,2026-08-29 17:04:49.497952+00:00
125090_10,125090,777,25,yellow,,,,122005,,,76,76,False,2026-08-29 17:04:49.497952+00:00,2026-08-29 17:04:49.497952+00:00
125090_11,125090,777,25,yellow,,,,119072,,,89,89,False,2026-08-29 17:04:49.497952+00:00,2026-08-29 17:04:49.497952+00:00
125090_12,125090,777,25,substitution,,,,,140223,8868,96,90+6',True,2026-08-29 17:04:49.497952+00:00,2026-08-29 17:04:49.497952+00:00
125091_0,125091,777,2,goal,51423,14801,,,,,15,15,False,2026-08-29 17:04:49.497952+00:00,2026-08-29 17:04:49.497952+00:00
125091_1,125091,777,25,yellow,,,,14164,,,45,45,False,2026-08-29 17:04:49.497952+00:00,2026-08-29 17:04:49.497952+00:00
125091_2,125091,777,25,substitution,,,,,4979,66560,46,46,False,2026-08-29 17:04:49.497952+00:00,2026-08-29 17:04:49.497952+00:00
125091_3,125091,777,25,substitution,,,,,8454,63257,46,46,False,2026-08-29 17:04:49.497952+00:00,2026-08-29 17:04:49.497952+00:00
125091_4,125091,777,2,substitution,,,,,5865,51423,67,67,False,2026-08-29 17:04:49.497952+00:00,2026-08-29 17:04:49.497952+00:00
125091_5,125091,777,2,substitution,,,,,20489,14801,67,67,False,2026-08-29 17:04:49.497952+00:00,2026-08-29 17:04:49.497952+00:00
125091_6,125091,777,2,substitution,,,,,24626,4115,67,67,False,2026-08-29 17:04:49.497952+00:00,2026-08-29 17:04:49.497952+00:00
125091_7,125091,777,2,goal,8658,,,,,,68,68,False,2026-08-29 17:04:49.497952+00:00,2026-08-29 17:04:49.497952+00:00
125091_8,125091,777,2,substitution,,,,,26408,23968,77,77,False,2026-08-29 17:04:49.497952+00:00,2026-08-29 17:04:49.497952+00:00
125091_9,125091,777,25,substitution,,,,,122005,14164,83,83,False,2026-08-29 17:04:49.497952+00:00,2026-08-29 17:04:49.497952+00:00
125091_10,125091,777,25,substitution,,,,,140223,25183,83,83,False,2026-08-29 17:04:49.497952+00:00,2026-08-29 17:04:49.497952+00:00
125091_11,125091,777,2,substitution,,,,,13286,8658,87,87,False,2026-08-29 17:04:49.497952+00:00,2026-08-29 17:04:49.497952+00:00
125092_0,125092,777,12,yellow,,,,5793,,,28,28,False,2026-08-29 17:04:49.497952+00:00,2026-08-29 17:04:49.497952+00:00
125092_1,125092,777,127,yellow,,,,119381,,,59,59,False,2026-08-29 17:04:49.497952+00:00,2026-08-29 17:04:49.497952+00:00
125092_2,125092,777,12,penalty goal,23396,,,,,,61,61,False,2026-08-29 17:04:49.497952+00:00,2026-08-29 17:04:49.497952+00:00
125092_3,125092,777,127,goal,15572,74965,,,,,67,67,False,2026-08-29 17:04:49.497952+00:00,2026-08-29 17:04:49.497952+00:00
125092_4,125092,777,12,own goal,,,51942,,,,71,71,False,2026-08-29 17:04:49.497952+00:00,2026-08-29 17:04:49.497952+00:00
125092_5,125092,777,12,substitution,,,,,66036,66360,71,71,False,2026-08-29 17:04:49.497952+00:00,2026-08-29 17:04:49.497952+00:00
125092_6,125092,777,127,substitution,,,,,3512,119381,73,73,False,2026-08-29 17:04:49.497952+00:00,2026-08-29 17:04:49.497952+00:00
125092_7,125092,777,127,substitution,,,,,13706,118080,73,73,False,2026-08-29 17:04:49.497952+00:00,2026-08-29 17:04:49.497952+00:00
125092_8,125092,777,127,substitution,,,,,137832,15572,73,73,False,2026-08-29 17:04:49.497952+00:00,2026-08-29 17:04:49.497952+00:00
125092_9,125092,777,12,red,,,,9566,,,78,78,False,2026-08-29 17:04:49.497952+00:00,2026-08-29 17:04:49.497952+00:00
125092_10,125092,777,127,penalty goal,137832,,,,,,81,81,False,2026-08-29 17:04:49.497952+00:00,2026-08-29 17:04:49.497952+00:00
125092_11,125092,777,12,substitution,,,,,118031,5793,82,82,False,2026-08-29 17:04:49.497952+00:00,2026-08-29 17:04:49.497952+00:00
125092_12,125092,777,12,substitution,,,,,133114,51202,82,82,False,2026-08-29 17:04:49.497952+00:00,2026-08-29 17:04:49.497952+00:00
125092_13,125092,777,127,substitution,,,,,121972,134234,87,87,False,2026-08-29 17:04:49.497952+00:00,2026-08-29 17:04:49.497952+00:00
125092_14,125092,777,127,yellow,,,,3512,,,92,90+2',True,2026-08-29 17:04:49.497952+00:00,2026-08-29 17:04:49.497952+00:00
125092_15,125092,777,12,yellow,,,,66036,,,95,90+5',True,2026-08-29 17:04:49.497952+00:00,2026-08-29 17:04:49.497952+00:00
125092_16,125092,777,12,substitution,,,,,14580,69176,96,90+6',True,2026-08-29 17:04:49.497952+00:00,2026-08-29 17:04:49.497952+00:00
125093_0,125093,777,10,substitution,,,,,23815,81542,8,8,False,2026-08-29 17:04:49.497952+00:00,2026-08-29 17:04:49.497952+00:00
125093_1,125093,777,131,goal,3452,143240,,,,,14,14,False,2026-08-29 17:04:49.497952+00:00,2026-08-29 17:04:49.497952+00:00
125093_2,125093,777,131,yellow,,,,136175,,,25,25,False,2026-08-29 17:04:49.497952+00:00,2026-08-29 17:04:49.497952+00:00
125093_3,125093,777,10,goal,116665,,,,,,30,30,False,2026-08-29 17:04:49.497952+00:00,2026-08-29 17:04:49.497952+00:00
125093_4,125093,777,10,yellow,,,,23593,,,45,45,False,2026-08-29 17:04:49.497952+00:00,2026-08-29 17:04:49.497952+00:00
125093_5,125093,777,131,yellow,,,,143240,,,50,45+5',True,2026-08-29 17:04:49.497952+00:00,2026-08-29 17:04:49.497952+00:00
125093_6,125093,777,131,yellow,,,,3452,,,48,48,False,2026-08-29 17:04:49.497952+00:00,2026-08-29 17:04:49.497952+00:00
125093_7,125093,777,131,goal,3452,112739,,,,,56,56,False,2026-08-29 17:04:49.497952+00:00,2026-08-29 17:04:49.497952+00:00
125093_8,125093,777,10,yellow,,,,19919,,,61,61,False,2026-08-29 17:04:49.497952+00:00,2026-08-29 17:04:49.497952+00:00
125093_9,125093,777,10,substitution,,,,,134796,19919,63,63,False,2026-08-29 17:04:49.497952+00:00,2026-08-29 17:04:49.497952+00:00
125093_10,125093,777,10,yellow,,,,63633,,,68,68,False,2026-08-29 17:04:49.497952+00:00,2026-08-29 17:04:49.497952+00:00
125093_11,125093,777,10,substitution,,,,,10458,116665,76,76,False,2026-08-29 17:04:49.497952+00:00,2026-08-29 17:04:49.497952+00:00
125093_12,125093,777,131,substitution,,,,,117732,136175,76,76,False,2026-08-29 17:04:49.497952+00:00,2026-08-29 17:04:49.497952+00:00
125093_13,125093,777,131,substitution,,,,,124396,2100,76,76,False,2026-08-29 17:04:49.497952+00:00,2026-08-29 17:04:49.497952+00:00
125093_14,125093,777,10,substitution,,,,,15802,23593,77,77,False,2026-08-29 17:04:49.497952+00:00,2026-08-29 17:04:49.497952+00:00
125093_15,125093,777,10,yellow,,,,33231,,,79,79,False,2026-08-29 17:04:49.497952+00:00,2026-08-29 17:04:49.497952+00:00
125093_16,125093,777,131,substitution,,,,,51830,3452,83,83,False,2026-08-29 17:04:49.497952+00:00,2026-08-29 17:04:49.497952+00:00
125093_17,125093,777,131,substitution,,,,,134333,112739,83,83,False,2026-08-29 17:04:49.497952+00:00,2026-08-29 17:04:49.497952+00:00
125093_18,125093,777,131,yellow,,,,8163,,,85,85,False,2026-08-29 17:04:49.497952+00:00,2026-08-29 17:04:49.497952+00:00
125093_19,125093,777,10,yellow,,,,15802,,,90,90,False,2026-08-29 17:04:49.497952+00:00,2026-08-29 17:04:49.497952+00:00
125093_20,125093,777,131,substitution,,,,,4874,143240,91,90+1',True,2026-08-29 17:04:49.497952+00:00,2026-08-29 17:04:49.497952+00:00
125093_21,125093,777,131,yellow,,,,72239,,,94,90+4',True,2026-08-29 17:04:49.497952+00:00,2026-08-29 17:04:49.497952+00:00
125094_0,125094,777,7,goal,126789,23841,,,,,33,33,False,2026-08-29 17:04:49.497952+00:00,2026-08-29 17:04:49.497952+00:00
125094_1,125094,777,4,substitution,,,,,68987,68827,46,46,False,2026-08-29 17:04:49.497952+00:00,2026-08-29 17:04:49.497952+00:00
125094_2,125094,777,4,substitution,,,,,133245,99282,57,57,False,2026-08-29 17:04:49.497952+00:00,2026-08-29 17:04:49.497952+00:00
125094_3,125094,777,7,goal,126789,12582,,,,,62,62,False,2026-08-29 17:04:49.497952+00:00,2026-08-29 17:04:49.497952+00:00
125094_4,125094,777,4,yellow,,,,68987,,,69,69,False,2026-08-29 17:04:49.497952+00:00,2026-08-29 17:04:49.497952+00:00
125094_5,125094,777,4,substitution,,,,,304474,21998,70,70,False,2026-08-29 17:04:49.497952+00:00,2026-08-29 17:04:49.497952+00:00
125094_6,125094,777,7,goal,31936,126789,,,,,76,76,False,2026-08-29 17:04:49.497952+00:00,2026-08-29 17:04:49.497952+00:00
125094_7,125094,777,4,substitution,,,,,13549,112203,78,78,False,2026-08-29 17:04:49.497952+00:00,2026-08-29 17:04:49.497952+00:00
125094_8,125094,777,4,substitution,,,,,51813,72371,78,78,False,2026-08-29 17:04:49.497952+00:00,2026-08-29 17:04:49.497952+00:00
125094_9,125094,777,7,substitution,,,,,66318,24797,78,78,False,2026-08-29 17:04:49.497952+00:00,2026-08-29 17:04:49.497952+00:00
125094_10,125094,777,7,substitution,,,,,143922,126789,82,82,False,2026-08-29 17:04:49.497952+00:00,2026-08-29 17:04:49.497952+00:00
125094_11,125094,777,4,yellow,,,,66284,,,87,87,False,2026-08-29 17:04:49.497952+00:00,2026-08-29 17:04:49.497952+00:00
125094_12,125094,777,7,substitution,,,,,66538,14706,89,89,False,2026-08-29 17:04:49.497952+00:00,2026-08-29 17:04:49.497952+00:00
125094_13,125094,777,7,substitution,,,,,128411,31936,89,89,False,2026-08-29 17:04:49.497952+00:00,2026-08-29 17:04:49.497952+00:00
125095_0,125095,777,43,substitution,,,,,74960,68593,18,18,False,2026-08-29 17:04:49.497952+00:00,2026-08-29 17:04:49.497952+00:00
125095_1,125095,777,43,yellow,,,,8127,,,37,37,False,2026-08-29 17:04:49.497952+00:00,2026-08-29 17:04:49.497952+00:00
125095_2,125095,777,34,yellow,,,,14624,,,55,55,False,2026-08-29 17:04:49.497952+00:00,2026-08-29 17:04:49.497952+00:00
125095_3,125095,777,43,goal,75735,64282,,,,,60,60,False,2026-08-29 17:04:49.497952+00:00,2026-08-29 17:04:49.497952+00:00
125095_4,125095,777,34,substitution,,,,,14656,14624,61,61,False,2026-08-29 17:04:49.497952+00:00,2026-08-29 17:04:49.497952+00:00
125095_5,125095,777,34,substitution,,,,,53063,66657,62,62,False,2026-08-29 17:04:49.497952+00:00,2026-08-29 17:04:49.497952+00:00
125095_6,125095,777,43,yellow,,,,4617,,,64,64,False,2026-08-29 17:04:49.497952+00:00,2026-08-29 17:04:49.497952+00:00
125095_7,125095,777,34,goal,128976,,,,,,67,67,False,2026-08-29 17:04:49.497952+00:00,2026-08-29 17:04:49.497952+00:00
125095_8,125095,777,34,goal,13961,128976,,,,,73,73,False,2026-08-29 17:04:49.497952+00:00,2026-08-29 17:04:49.497952+00:00
125095_9,125095,777,43,substitution,,,,,8246,4617,78,78,False,2026-08-29 17:04:49.497952+00:00,2026-08-29 17:04:49.497952+00:00
125095_10,125095,777,43,substitution,,,,,15139,64282,78,78,False,2026-08-29 17:04:49.497952+00:00,2026-08-29 17:04:49.497952+00:00
125095_11,125095,777,34,substitution,,,,,11071,117763,82,82,False,2026-08-29 17:04:49.497952+00:00,2026-08-29 17:04:49.497952+00:00
125095_12,125095,777,34,substitution,,,,,14445,128976,82,82,False,2026-08-29 17:04:49.497952+00:00,2026-08-29 17:04:49.497952+00:00
125095_13,125095,777,34,substitution,,,,,4818,13961,87,87,False,2026-08-29 17:04:49.497952+00:00,2026-08-29 17:04:49.497952+00:00
125095_14,125095,777,43,substitution,,,,,74964,3955,87,87,False,2026-08-29 17:04:49.497952+00:00,2026-08-29 17:04:49.497952+00:00
125095_15,125095,777,34,yellow,,,,4717,,,92,90+2',True,2026-08-29 17:04:49.497952+00:00,2026-08-29 17:04:49.497952+00:00
125095_16,125095,777,43,red,,,,8127,,,93,90+3',True,2026-08-29 17:04:49.497952+00:00,2026-08-29 17:04:49.497952+00:00
125095_17,125095,777,34,penalty goal,11071,,,,,,95,90+5',True,2026-08-29 17:04:49.497952+00:00,2026-08-29 17:04:49.497952+00:00
125096_0,125096,777,9,yellow,,,,33124,,,38,38,False,2026-08-29 17:04:49.497952+00:00,2026-08-29 17:04:49.497952+00:00
125096_1,125096,777,9,yellow,,,,14608,,,42,42,False,2026-08-29 17:04:49.497952+00:00,2026-08-29 17:04:49.497952+00:00
125096_2,125096,777,9,substitution,,,,,33162,14807,69,69,False,2026-08-29 17:04:49.497952+00:00,2026-08-29 17:04:49.497952+00:00
125096_3,125096,777,9,substitution,,,,,126426,63289,69,69,False,2026-08-29 17:04:49.497952+00:00,2026-08-29 17:04:49.497952+00:00
125096_4,125096,777,130,substitution,,,,,133890,127594,77,77,False,2026-08-29 17:04:49.497952+00:00,2026-08-29 17:04:49.497952+00:00
125096_5,125096,777,9,substitution,,,,,13797,33124,83,83,False,2026-08-29 17:04:49.497952+00:00,2026-08-29 17:04:49.497952+00:00
125097_0,125097,777,11,goal,25474,14805,,,,,32,32,False,2026-08-29 17:04:49.497952+00:00,2026-08-29 17:04:49.497952+00:00
125097_1,125097,777,11,goal,76216,14805,,,,,40,40,False,2026-08-29 17:04:49.497952+00:00,2026-08-29 17:04:49.497952+00:00
125097_2,125097,777,6,yellow,,,,24334,,,52,52,False,2026-08-29 17:04:49.497952+00:00,2026-08-29 17:04:49.497952+00:00
125097_3,125097,777,11,substitution,,,,,4499,76204,58,58,False,2026-08-29 17:04:49.497952+00:00,2026-08-29 17:04:49.497952+00:00
125097_4,125097,777,11,substitution,,,,,54156,67178,58,58,False,2026-08-29 17:04:49.497952+00:00,2026-08-29 17:04:49.497952+00:00
125097_5,125097,777,6,substitution,,,,,35670,20874,60,60,False,2026-08-29 17:04:49.497952+00:00,2026-08-29 17:04:49.497952+00:00
125097_6,125097,777,6,substitution,,,,,49796,109117,60,60,False,2026-08-29 17:04:49.497952+00:00,2026-08-29 17:04:49.497952+00:00
125097_7,125097,777,6,substitution,,,,,69595,8589,60,60,False,2026-08-29 17:04:49.497952+00:00,2026-08-29 17:04:49.497952+00:00
125097_8,125097,777,6,substitution,,,,,49759,49374,75,75,False,2026-08-29 17:04:49.497952+00:00,2026-08-29 17:04:49.497952+00:00
125097_9,125097,777,11,substitution,,,,,12520,5067,79,79,False,2026-08-29 17:04:49.497952+00:00,2026-08-29 17:04:49.497952+00:00
125097_10,125097,777,11,substitution,,,,,68150,76216,79,79,False,2026-08-29 17:04:49.497952+00:00,2026-08-29 17:04:49.497952+00:00
125097_11,125097,777,6,yellow,,,,49759,,,81,81,False,2026-08-29 17:04:49.497952+00:00,2026-08-29 17:04:49.497952+00:00
125097_12,125097,777,6,substitution,,,,,4604,76353,82,82,False,2026-08-29 17:04:49.497952+00:00,2026-08-29 17:04:49.497952+00:00
125097_13,125097,777,11,substitution,,,,,4505,14805,82,82,False,2026-08-29 17:04:49.497952+00:00,2026-08-29 17:04:49.497952+00:00
125097_14,125097,777,11,goal,126943,68150,,,,,84,84,False,2026-08-29 17:04:49.497952+00:00,2026-08-29 17:04:49.497952+00:00
125098_0,125098,777,23,goal,23747,115256,,,,,10,10,False,2026-08-29 17:04:49.497952+00:00,2026-08-29 17:04:49.497952+00:00
125098_1,125098,777,29,yellow,,,,122126,,,44,44,False,2026-08-29 17:04:49.497952+00:00,2026-08-29 17:04:49.497952+00:00
125098_2,125098,777,23,substitution,,,,,124462,49908,54,54,False,2026-08-29 17:04:49.497952+00:00,2026-08-29 17:04:49.497952+00:00
125098_3,125098,777,29,goal,118633,,,,,,57,57,False,2026-08-29 17:04:49.497952+00:00,2026-08-29 17:04:49.497952+00:00
125098_4,125098,777,23,substitution,,,,,9662,49259,65,65,False,2026-08-29 17:04:49.497952+00:00,2026-08-29 17:04:49.497952+00:00
125098_5,125098,777,23,substitution,,,,,14446,115256,65,65,False,2026-08-29 17:04:49.497952+00:00,2026-08-29 17:04:49.497952+00:00
125098_6,125098,777,23,substitution,,,,,49495,3905,65,65,False,2026-08-29 17:04:49.497952+00:00,2026-08-29 17:04:49.497952+00:00
125098_7,125098,777,23,substitution,,,,,114590,14716,76,76,False,2026-08-29 17:04:49.497952+00:00,2026-08-29 17:04:49.497952+00:00
125098_8,125098,777,29,yellow,,,,66659,,,82,82,False,2026-08-29 17:04:49.497952+00:00,2026-08-29 17:04:49.497952+00:00
125098_9,125098,777,29,substitution,,,,,138104,126110,85,85,False,2026-08-29 17:04:49.497952+00:00,2026-08-29 17:04:49.497952+00:00
125098_10,125098,777,23,substitution,,,,,117497,23747,89,89,False,2026-08-29 17:04:49.497952+00:00,2026-08-29 17:04:49.497952+00:00
125098_11,125098,777,29,goal,67784,,,,,,90,90,False,2026-08-29 17:04:49.497952+00:00,2026-08-29 17:04:49.497952+00:00
125098_12,125098,777,23,yellow,,,,20607,,,91,90+1',True,2026-08-29 17:04:49.497952+00:00,2026-08-29 17:04:49.497952+00:00
125098_13,125098,777,29,yellow,,,,67784,,,91,90+1',True,2026-08-29 17:04:49.497952+00:00,2026-08-29 17:04:49.497952+00:00
125098_14,125098,777,29,substitution,,,,,63733,118633,93,90+3',True,2026-08-29 17:04:49.497952+00:00,2026-08-29 17:04:49.497952+00:00
125098_15,125098,777,29,substitution,,,,,126920,67784,93,90+3',True,2026-08-29 17:04:49.497952+00:00,2026-08-29 17:04:49.497952+00:00
125098_16,125098,777,29,yellow,,,,25408,,,94,90+4',True,2026-08-29 17:04:49.497952+00:00,2026-08-29 17:04:49.497952+00:00
125098_17,125098,777,29,yellow,,,,124944,,,94,90+4',True,2026-08-29 17:04:49.497952+00:00,2026-08-29 17:04:49.497952+00:00
125098_18,125098,777,29,yellow,,,,63733,,,99,90+9',True,2026-08-29 17:04:49.497952+00:00,2026-08-29 17:04:49.497952+00:00
125099_0,125099,777,15,goal,304123,23811,,,,,45,45,False,2026-08-29 17:04:49.497952+00:00,2026-08-29 17:04:49.497952+00:00
125099_1,125099,777,21,substitution,,,,,126824,75582,46,46,False,2026-08-29 17:04:49.497952+00:00,2026-08-29 17:04:49.497952+00:00
125099_2,125099,777,21,substitution,,,,,133603,23764,46,46,False,2026-08-29 17:04:49.497952+00:00,2026-08-29 17:04:49.497952+00:00
125099_3,125099,777,15,yellow,,,,108816,,,53,53,False,2026-08-29 17:04:49.497952+00:00,2026-08-29 17:04:49.497952+00:00
125099_4,125099,777,15,goal,15259,23702,,,,,62,62,False,2026-08-29 17:04:49.497952+00:00,2026-08-29 17:04:49.497952+00:00
125099_5,125099,777,21,substitution,,,,,51185,76614,67,67,False,2026-08-29 17:04:49.497952+00:00,2026-08-29 17:04:49.497952+00:00
125099_6,125099,777,21,substitution,,,,,69274,24630,67,67,False,2026-08-29 17:04:49.497952+00:00,2026-08-29 17:04:49.497952+00:00
125099_7,125099,777,15,substitution,,,,,14238,23702,70,70,False,2026-08-29 17:04:49.497952+00:00,2026-08-29 17:04:49.497952+00:00
125099_8,125099,777,15,substitution,,,,,15340,304123,71,71,False,2026-08-29 17:04:49.497952+00:00,2026-08-29 17:04:49.497952+00:00
125099_9,125099,777,15,substitution,,,,,50623,98300,80,80,False,2026-08-29 17:04:49.497952+00:00,2026-08-29 17:04:49.497952+00:00
125099_10,125099,777,21,yellow,,,,126824,,,82,82,False,2026-08-29 17:04:49.497952+00:00,2026-08-29 17:04:49.497952+00:00
125099_11,125099,777,21,substitution,,,,,21887,117596,84,84,False,2026-08-29 17:04:49.497952+00:00,2026-08-29 17:04:49.497952+00:00
125099_12,125099,777,15,goal,15340,23811,,,,,87,87,False,2026-08-29 17:04:49.497952+00:00,2026-08-29 17:04:49.497952+00:00
125099_13,125099,777,15,yellow,,,,15340,,,88,88,False,2026-08-29 17:04:49.497952+00:00,2026-08-29 17:04:49.497952+00:00
125099_14,125099,777,15,substitution,,,,,115172,51593,91,90+1',True,2026-08-29 17:04:49.497952+00:00,2026-08-29 17:04:49.497952+00:00
125099_15,125099,777,15,substitution,,,,,49270,15259,92,90+2',True,2026-08-29 17:04:49.497952+00:00,2026-08-29 17:04:49.497952+00:00
125100_0,125100,777,1,goal,49481,15202,,,,,5,5,False,2026-08-29 17:04:49.497952+00:00,2026-08-29 17:04:49.497952+00:00
125100_1,125100,777,38,substitution,,,,,115371,14830,22,22,False,2026-08-29 17:04:49.497952+00:00,2026-08-29 17:04:49.497952+00:00
125100_2,125100,777,38,yellow,,,,43010,,,49,45+4',True,2026-08-29 17:04:49.497952+00:00,2026-08-29 17:04:49.497952+00:00
125100_3,125100,777,1,goal,118077,50234,,,,,56,56,False,2026-08-29 17:04:49.497952+00:00,2026-08-29 17:04:49.497952+00:00
125100_4,125100,777,38,goal,66692,43010,,,,,61,61,False,2026-08-29 17:04:49.497952+00:00,2026-08-29 17:04:49.497952+00:00
125100_5,125100,777,1,substitution,,,,,19680,32728,65,65,False,2026-08-29 17:04:49.497952+00:00,2026-08-29 17:04:49.497952+00:00
125100_6,125100,777,1,substitution,,,,,21584,67407,65,65,False,2026-08-29 17:04:49.497952+00:00,2026-08-29 17:04:49.497952+00:00
125100_7,125100,777,38,substitution,,,,,108947,111988,70,70,False,2026-08-29 17:04:49.497952+00:00,2026-08-29 17:04:49.497952+00:00
125100_8,125100,777,38,yellow,,,,126108,,,71,71,False,2026-08-29 17:04:49.497952+00:00,2026-08-29 17:04:49.497952+00:00
125100_9,125100,777,1,substitution,,,,,20486,49481,73,73,False,2026-08-29 17:04:49.497952+00:00,2026-08-29 17:04:49.497952+00:00
125100_10,125100,777,38,substitution,,,,,129740,126108,84,84,False,2026-08-29 17:04:49.497952+00:00,2026-08-29 17:04:49.497952+00:00
125100_11,125100,777,1,substitution,,,,,69914,20486,93,90+3',True,2026-08-29 17:04:49.497952+00:00,2026-08-29 17:04:49.497952+00:00
125100_12,125100,777,38,goal,129740,,,,,,94,90+4',True,2026-08-29 17:04:49.497952+00:00,2026-08-29 17:04:49.497952+00:00
125100_13,125100,777,1,yellow,,,,19680,,,99,90+9',True,2026-08-29 17:04:49.497952+00:00,2026-08-29 17:04:49.497952+00:00
125101_0,125101,777,127,goal,137832,,,,,,17,17,False,2026-08-29 17:04:49.497952+00:00,2026-08-29 17:04:49.497952+00:00
125101_1,125101,777,1,penalty goal,32728,,,,,,35,35,False,2026-08-29 17:04:49.497952+00:00,2026-08-29 17:04:49.497952+00:00
125101_2,125101,777,1,substitution,,,,,20486,66104,54,54,False,2026-08-29 17:04:49.497952+00:00,2026-08-29 17:04:49.497952+00:00
125101_3,125101,777,1,substitution,,,,,21584,20810,54,54,False,2026-08-29 17:04:49.497952+00:00,2026-08-29 17:04:49.497952+00:00
125101_4,125101,777,1,substitution,,,,,141181,67407,54,54,False,2026-08-29 17:04:49.497952+00:00,2026-08-29 17:04:49.497952+00:00
125101_5,125101,777,127,substitution,,,,,13706,134234,70,70,False,2026-08-29 17:04:49.497952+00:00,2026-08-29 17:04:49.497952+00:00
125101_6,125101,777,127,substitution,,,,,42894,15572,70,70,False,2026-08-29 17:04:49.497952+00:00,2026-08-29 17:04:49.497952+00:00
125101_7,125101,777,127,goal,74976,33032,,,,,74,74,False,2026-08-29 17:04:49.497952+00:00,2026-08-29 17:04:49.497952+00:00
125101_8,125101,777,1,substitution,,,,,19680,64523,76,76,False,2026-08-29 17:04:49.497952+00:00,2026-08-29 17:04:49.497952+00:00
125101_9,125101,777,1,substitution,,,,,119476,14548,76,76,False,2026-08-29 17:04:49.497952+00:00,2026-08-29 17:04:49.497952+00:00
125101_10,125101,777,127,yellow,,,,74965,,,77,77,False,2026-08-29 17:04:49.497952+00:00,2026-08-29 17:04:49.497952+00:00
125101_11,125101,777,127,yellow,,,,137832,,,79,79,False,2026-08-29 17:04:49.497952+00:00,2026-08-29 17:04:49.497952+00:00
125101_12,125101,777,1,yellow,,,,32728,,,80,80,False,2026-08-29 17:04:49.497952+00:00,2026-08-29 17:04:49.497952+00:00
125101_13,125101,777,127,substitution,,,,,135304,137832,85,85,False,2026-08-29 17:04:49.497952+00:00,2026-08-29 17:04:49.497952+00:00
125101_14,125101,777,127,substitution,,,,,3512,119381,90,90,False,2026-08-29 17:04:49.497952+00:00,2026-08-29 17:04:49.497952+00:00
125101_15,125101,777,127,substitution,,,,,16582,33032,90,90,False,2026-08-29 17:04:49.497952+00:00,2026-08-29 17:04:49.497952+00:00
125101_16,125101,777,127,yellow,,,,51942,,,96,90+6',True,2026-08-29 17:04:49.497952+00:00,2026-08-29 17:04:49.497952+00:00
125102_0,125102,777,7,yellow,,,,4640,,,2,2,False,2026-08-29 17:04:49.497952+00:00,2026-08-29 17:04:49.497952+00:00
125102_1,125102,777,130,penalty goal,124052,,,,,,3,3,False,2026-08-29 17:04:49.497952+00:00,2026-08-29 17:04:49.497952+00:00
125102_2,125102,777,7,goal,126789,12582,,,,,26,26,False,2026-08-29 17:04:49.497952+00:00,2026-08-29 17:04:49.497952+00:00
125102_3,125102,777,130,substitution,,,,,14450,49731,46,46,False,2026-08-29 17:04:49.497952+00:00,2026-08-29 17:04:49.497952+00:00
125102_4,125102,777,7,yellow,,,,23841,,,47,47,False,2026-08-29 17:04:49.497952+00:00,2026-08-29 17:04:49.497952+00:00
125102_5,125102,777,7,substitution,,,,,66538,12582,74,74,False,2026-08-29 17:04:49.497952+00:00,2026-08-29 17:04:49.497952+00:00
125102_6,125102,777,7,substitution,,,,,118442,24797,74,74,False,2026-08-29 17:04:49.497952+00:00,2026-08-29 17:04:49.497952+00:00
125102_7,125102,777,7,substitution,,,,,143922,126789,74,74,False,2026-08-29 17:04:49.497952+00:00,2026-08-29 17:04:49.497952+00:00
125102_8,125102,777,130,goal,124052,133460,,,,,76,76,False,2026-08-29 17:04:49.497952+00:00,2026-08-29 17:04:49.497952+00:00
125102_9,125102,777,7,goal,14706,,,,,,91,90+1',True,2026-08-29 17:04:49.497952+00:00,2026-08-29 17:04:49.497952+00:00
125103_0,125103,777,43,yellow,,,,124531,,,30,30,False,2026-08-29 17:04:49.497952+00:00,2026-08-29 17:04:49.497952+00:00
125103_1,125103,777,131,goal,72239,22542,,,,,43,43,False,2026-08-29 17:04:49.497952+00:00,2026-08-29 17:04:49.497952+00:00
125103_2,125103,777,131,yellow,,,,76090,,,48,48,False,2026-08-29 17:04:49.497952+00:00,2026-08-29 17:04:49.497952+00:00
125103_3,125103,777,43,yellow,,,,63851,,,60,60,False,2026-08-29 17:04:49.497952+00:00,2026-08-29 17:04:49.497952+00:00
125103_4,125103,777,43,substitution,,,,,19831,74960,67,67,False,2026-08-29 17:04:49.497952+00:00,2026-08-29 17:04:49.497952+00:00
125103_5,125103,777,43,substitution,,,,,75883,15139,75,75,False,2026-08-29 17:04:49.497952+00:00,2026-08-29 17:04:49.497952+00:00
125103_6,125103,777,131,substitution,,,,,51830,3452,75,75,False,2026-08-29 17:04:49.497952+00:00,2026-08-29 17:04:49.497952+00:00
125103_7,125103,777,131,substitution,,,,,124396,112739,75,75,False,2026-08-29 17:04:49.497952+00:00,2026-08-29 17:04:49.497952+00:00
125103_8,125103,777,131,substitution,,,,,117732,136175,80,80,False,2026-08-29 17:04:49.497952+00:00,2026-08-29 17:04:49.497952+00:00
125103_9,125103,777,43,substitution,,,,,3955,51498,82,82,False,2026-08-29 17:04:49.497952+00:00,2026-08-29 17:04:49.497952+00:00
125103_10,125103,777,43,substitution,,,,,31442,63851,82,82,False,2026-08-29 17:04:49.497952+00:00,2026-08-29 17:04:49.497952+00:00
125103_11,125103,777,43,substitution,,,,,137462,127393,82,82,False,2026-08-29 17:04:49.497952+00:00,2026-08-29 17:04:49.497952+00:00
125103_12,125103,777,131,substitution,,,,,4874,143240,88,88,False,2026-08-29 17:04:49.497952+00:00,2026-08-29 17:04:49.497952+00:00
125103_13,125103,777,131,goal,72239,134333,,,,,89,89,False,2026-08-29 17:04:49.497952+00:00,2026-08-29 17:04:49.497952+00:00
125104_0,125104,777,4,yellow,,,,304474,,,12,12,False,2026-08-29 17:04:49.497952+00:00,2026-08-29 17:04:49.497952+00:00
125104_1,125104,777,11,yellow,,,,25474,,,38,38,False,2026-08-29 17:04:49.497952+00:00,2026-08-29 17:04:49.497952+00:00
125104_2,125104,777,11,goal,112948,68150,,,,,51,51,False,2026-08-29 17:04:49.497952+00:00,2026-08-29 17:04:49.497952+00:00
125104_3,125104,777,4,yellow,,,,27277,,,54,54,False,2026-08-29 17:04:49.497952+00:00,2026-08-29 17:04:49.497952+00:00
125104_4,125104,777,11,goal,14569,68150,,,,,57,57,False,2026-08-29 17:04:49.497952+00:00,2026-08-29 17:04:49.497952+00:00
125104_5,125104,777,11,substitution,,,,,71432,112948,64,64,False,2026-08-29 17:04:49.497952+00:00,2026-08-29 17:04:49.497952+00:00
125104_6,125104,777,4,substitution,,,,,68987,304474,67,67,False,2026-08-29 17:04:49.497952+00:00,2026-08-29 17:04:49.497952+00:00
125104_7,125104,777,4,substitution,,,,,99282,133245,67,67,False,2026-08-29 17:04:49.497952+00:00,2026-08-29 17:04:49.497952+00:00
125104_8,125104,777,11,goal,54156,,,,,,68,68,False,2026-08-29 17:04:49.497952+00:00,2026-08-29 17:04:49.497952+00:00
125104_9,125104,777,11,substitution,,,,,14805,68150,76,76,False,2026-08-29 17:04:49.497952+00:00,2026-08-29 17:04:49.497952+00:00
125104_10,125104,777,11,substitution,,,,,126943,54156,76,76,False,2026-08-29 17:04:49.497952+00:00,2026-08-29 17:04:49.497952+00:00
125104_11,125104,777,11,substitution,,,,,12520,5067,81,81,False,2026-08-29 17:04:49.497952+00:00,2026-08-29 17:04:49.497952+00:00
125104_12,125104,777,4,substitution,,,,,51813,72371,82,82,False,2026-08-29 17:04:49.497952+00:00,2026-08-29 17:04:49.497952+00:00
125104_13,125104,777,4,substitution,,,,,115151,112203,82,82,False,2026-08-29 17:04:49.497952+00:00,2026-08-29 17:04:49.497952+00:00
125104_14,125104,777,4,substitution,,,,,125075,68827,88,88,False,2026-08-29 17:04:49.497952+00:00,2026-08-29 17:04:49.497952+00:00
125104_15,125104,777,4,yellow,,,,115151,,,98,90+8',True,2026-08-29 17:04:49.497952+00:00,2026-08-29 17:04:49.497952+00:00
125105_0,125105,777,23,goal,114590,117647,,,,,43,43,False,2026-08-29 17:04:49.497952+00:00,2026-08-29 17:04:49.497952+00:00
125105_1,125105,777,6,substitution,,,,,49796,49374,64,64,False,2026-08-29 17:04:49.497952+00:00,2026-08-29 17:04:49.497952+00:00
125105_2,125105,777,6,substitution,,,,,69595,8589,64,64,False,2026-08-29 17:04:49.497952+00:00,2026-08-29 17:04:49.497952+00:00
125105_3,125105,777,6,substitution,,,,,20874,35670,65,65,False,2026-08-29 17:04:49.497952+00:00,2026-08-29 17:04:49.497952+00:00
125105_4,125105,777,23,yellow,,,,124462,,,68,68,False,2026-08-29 17:04:49.497952+00:00,2026-08-29 17:04:49.497952+00:00
125105_5,125105,777,23,substitution,,,,,14716,23747,71,71,False,2026-08-29 17:04:49.497952+00:00,2026-08-29 17:04:49.497952+00:00
125105_6,125105,777,23,yellow,,,,20607,,,74,74,False,2026-08-29 17:04:49.497952+00:00,2026-08-29 17:04:49.497952+00:00
125105_7,125105,777,6,substitution,,,,,49759,109117,76,76,False,2026-08-29 17:04:49.497952+00:00,2026-08-29 17:04:49.497952+00:00
125105_8,125105,777,6,goal,20874,24334,,,,,80,80,False,2026-08-29 17:04:49.497952+00:00,2026-08-29 17:04:49.497952+00:00
125105_9,125105,777,23,substitution,,,,,19888,20607,84,84,False,2026-08-29 17:04:49.497952+00:00,2026-08-29 17:04:49.497952+00:00
125105_10,125105,777,23,substitution,,,,,115256,114590,84,84,False,2026-08-29 17:04:49.497952+00:00,2026-08-29 17:04:49.497952+00:00
125105_11,125105,777,23,yellow,,,,13703,,,93,90+3',True,2026-08-29 17:04:49.497952+00:00,2026-08-29 17:04:49.497952+00:00
125105_12,125105,777,6,penalty goal,20874,,,,,,94,90+4',True,2026-08-29 17:04:49.497952+00:00,2026-08-29 17:04:49.497952+00:00
125105_13,125105,777,23,substitution,,,,,49259,71623,95,90+5',True,2026-08-29 17:04:49.497952+00:00,2026-08-29 17:04:49.497952+00:00
125105_14,125105,777,23,substitution,,,,,117497,9662,95,90+5',True,2026-08-29 17:04:49.497952+00:00,2026-08-29 17:04:49.497952+00:00
125105_15,125105,777,6,substitution,,,,,20118,24334,96,90+6',True,2026-08-29 17:04:49.497952+00:00,2026-08-29 17:04:49.497952+00:00
125106_0,125106,777,10,goal,134796,75382,,,,,36,36,False,2026-08-29 17:04:49.497952+00:00,2026-08-29 17:04:49.497952+00:00
125106_1,125106,777,10,goal,5178,32894,,,,,40,40,False,2026-08-29 17:04:49.497952+00:00,2026-08-29 17:04:49.497952+00:00
125106_2,125106,777,10,substitution,,,,,49909,23815,46,46,False,2026-08-29 17:04:49.497952+00:00,2026-08-29 17:04:49.497952+00:00
125106_3,125106,777,34,substitution,,,,,14445,128976,46,46,False,2026-08-29 17:04:49.497952+00:00,2026-08-29 17:04:49.497952+00:00
125106_4,125106,777,34,substitution,,,,,16044,66657,46,46,False,2026-08-29 17:04:49.497952+00:00,2026-08-29 17:04:49.497952+00:00
125106_5,125106,777,10,substitution,,,,,63633,75382,68,68,False,2026-08-29 17:04:49.497952+00:00,2026-08-29 17:04:49.497952+00:00
125106_6,125106,777,10,substitution,,,,,10651,19919,69,69,False,2026-08-29 17:04:49.497952+00:00,2026-08-29 17:04:49.497952+00:00
125106_7,125106,777,10,substitution,,,,,21737,134796,69,69,False,2026-08-29 17:04:49.497952+00:00,2026-08-29 17:04:49.497952+00:00
125106_8,125106,777,34,substitution,,,,,14656,14624,69,69,False,2026-08-29 17:04:49.497952+00:00,2026-08-29 17:04:49.497952+00:00
125106_9,125106,777,34,substitution,,,,,11071,117763,80,80,False,2026-08-29 17:04:49.497952+00:00,2026-08-29 17:04:49.497952+00:00
125106_10,125106,777,34,substitution,,,,,53063,13961,80,80,False,2026-08-29 17:04:49.497952+00:00,2026-08-29 17:04:49.497952+00:00
125106_11,125106,777,10,substitution,,,,,130665,5178,90,90,False,2026-08-29 17:04:49.497952+00:00,2026-08-29 17:04:49.497952+00:00
125107_0,125107,777,9,goal,33162,,,,,,5,5,False,2026-08-29 17:04:49.497952+00:00,2026-08-29 17:04:49.497952+00:00
125107_1,125107,777,12,yellow,,,,51202,,,18,18,False,2026-08-29 17:04:49.497952+00:00,2026-08-29 17:04:49.497952+00:00
125107_2,125107,777,9,goal,33162,63289,,,,,29,29,False,2026-08-29 17:04:49.497952+00:00,2026-08-29 17:04:49.497952+00:00
125107_3,125107,777,9,yellow,,,,13515,,,39,39,False,2026-08-29 17:04:49.497952+00:00,2026-08-29 17:04:49.497952+00:00
125107_4,125107,777,12,yellow,,,,4608,,,49,49,False,2026-08-29 17:04:49.497952+00:00,2026-08-29 17:04:49.497952+00:00
125107_5,125107,777,12,red,,,,67191,,,56,56,False,2026-08-29 17:04:49.497952+00:00,2026-08-29 17:04:49.497952+00:00
125107_6,125107,777,12,yellow,,,,23396,,,64,64,False,2026-08-29 17:04:49.497952+00:00,2026-08-29 17:04:49.497952+00:00
125107_7,125107,777,12,goal,5793,23396,,,,,69,69,False,2026-08-29 17:04:49.497952+00:00,2026-08-29 17:04:49.497952+00:00
125107_8,125107,777,12,substitution,,,,,24252,33245,70,70,False,2026-08-29 17:04:49.497952+00:00,2026-08-29 17:04:49.497952+00:00
125107_9,125107,777,12,substitution,,,,,66360,69176,70,70,False,2026-08-29 17:04:49.497952+00:00,2026-08-29 17:04:49.497952+00:00
125107_10,125107,777,9,substitution,,,,,68676,33162,74,74,False,2026-08-29 17:04:49.497952+00:00,2026-08-29 17:04:49.497952+00:00
125107_11,125107,777,9,substitution,,,,,115255,126426,74,74,False,2026-08-29 17:04:49.497952+00:00,2026-08-29 17:04:49.497952+00:00
125107_12,125107,777,9,substitution,,,,,14897,63289,86,86,False,2026-08-29 17:04:49.497952+00:00,2026-08-29 17:04:49.497952+00:00
125107_13,125107,777,9,yellow,,,,19731,,,86,86,False,2026-08-29 17:04:49.497952+00:00,2026-08-29 17:04:49.497952+00:00
125108_0,125108,777,2,yellow,,,,13344,,,11,11,False,2026-08-29 17:04:49.497952+00:00,2026-08-29 17:04:49.497952+00:00
125108_1,125108,777,2,own goal,,,139648,,,,23,23,False,2026-08-29 17:04:49.497952+00:00,2026-08-29 17:04:49.497952+00:00
125108_2,125108,777,15,goal,23811,23702,,,,,38,38,False,2026-08-29 17:04:49.497952+00:00,2026-08-29 17:04:49.497952+00:00
125108_3,125108,777,15,yellow,,,,98300,,,45,45,False,2026-08-29 17:04:49.497952+00:00,2026-08-29 17:04:49.497952+00:00
125108_4,125108,777,15,yellow,,,,139648,,,63,63,False,2026-08-29 17:04:49.497952+00:00,2026-08-29 17:04:49.497952+00:00
125108_5,125108,777,15,substitution,,,,,3756,98300,65,65,False,2026-08-29 17:04:49.497952+00:00,2026-08-29 17:04:49.497952+00:00
125108_6,125108,777,2,yellow,,,,51423,,,67,67,False,2026-08-29 17:04:49.497952+00:00,2026-08-29 17:04:49.497952+00:00
125108_7,125108,777,2,substitution,,,,,24626,4115,77,77,False,2026-08-29 17:04:49.497952+00:00,2026-08-29 17:04:49.497952+00:00
125108_8,125108,777,2,substitution,,,,,26408,23968,78,78,False,2026-08-29 17:04:49.497952+00:00,2026-08-29 17:04:49.497952+00:00
125108_9,125108,777,2,substitution,,,,,51223,5758,78,78,False,2026-08-29 17:04:49.497952+00:00,2026-08-29 17:04:49.497952+00:00
125108_10,125108,777,15,substitution,,,,,115172,15259,84,84,False,2026-08-29 17:04:49.497952+00:00,2026-08-29 17:04:49.497952+00:00
125108_11,125108,777,2,substitution,,,,,13286,8658,87,87,False,2026-08-29 17:04:49.497952+00:00,2026-08-29 17:04:49.497952+00:00
125108_12,125108,777,15,substitution,,,,,14238,304123,89,89,False,2026-08-29 17:04:49.497952+00:00,2026-08-29 17:04:49.497952+00:00
125108_13,125108,777,15,substitution,,,,,50623,10439,89,89,False,2026-08-29 17:04:49.497952+00:00,2026-08-29 17:04:49.497952+00:00
125108_14,125108,777,2,substitution,,,,,133169,13344,91,90+1',True,2026-08-29 17:04:49.497952+00:00,2026-08-29 17:04:49.497952+00:00
125109_0,125109,777,21,yellow,,,,66635,,,28,28,False,2026-08-29 17:04:49.497952+00:00,2026-08-29 17:04:49.497952+00:00
125109_1,125109,777,29,yellow,,,,67784,,,33,33,False,2026-08-29 17:04:49.497952+00:00,2026-08-29 17:04:49.497952+00:00
125109_2,125109,777,21,yellow,,,,32229,,,37,37,False,2026-08-29 17:04:49.497952+00:00,2026-08-29 17:04:49.497952+00:00
125109_3,125109,777,21,yellow,,,,75582,,,37,37,False,2026-08-29 17:04:49.497952+00:00,2026-08-29 17:04:49.497952+00:00
125109_4,125109,777,29,goal,51199,126110,,,,,61,61,False,2026-08-29 17:04:49.497952+00:00,2026-08-29 17:04:49.497952+00:00
125109_5,125109,777,21,substitution,,,,,19858,117596,61,61,False,2026-08-29 17:04:49.497952+00:00,2026-08-29 17:04:49.497952+00:00
125109_6,125109,777,21,substitution,,,,,76614,24630,61,61,False,2026-08-29 17:04:49.497952+00:00,2026-08-29 17:04:49.497952+00:00
125109_7,125109,777,21,substitution,,,,,117318,133603,61,61,False,2026-08-29 17:04:49.497952+00:00,2026-08-29 17:04:49.497952+00:00
125109_8,125109,777,21,substitution,,,,,25892,66635,70,70,False,2026-08-29 17:04:49.497952+00:00,2026-08-29 17:04:49.497952+00:00
125109_9,125109,777,29,yellow,,,,119614,,,75,75,False,2026-08-29 17:04:49.497952+00:00,2026-08-29 17:04:49.497952+00:00
125109_10,125109,777,29,substitution,,,,,118633,119614,82,82,False,2026-08-29 17:04:49.497952+00:00,2026-08-29 17:04:49.497952+00:00
125109_11,125109,777,29,substitution,,,,,122126,51199,82,82,False,2026-08-29 17:04:49.497952+00:00,2026-08-29 17:04:49.497952+00:00
125109_12,125109,777,21,substitution,,,,,69274,21887,85,85,False,2026-08-29 17:04:49.497952+00:00,2026-08-29 17:04:49.497952+00:00
125109_13,125109,777,29,yellow,,,,122126,,,91,90+1',True,2026-08-29 17:04:49.497952+00:00,2026-08-29 17:04:49.497952+00:00
125109_14,125109,777,29,substitution,,,,,52989,67784,98,90+8',True,2026-08-29 17:04:49.497952+00:00,2026-08-29 17:04:49.497952+00:00
125110_0,125110,777,38,yellow,,,,126108,,,9,9,False,2026-08-29 17:04:49.497952+00:00,2026-08-29 17:04:49.497952+00:00
125110_1,125110,777,38,yellow,,,,115114,,,20,20,False,2026-08-29 17:04:49.497952+00:00,2026-08-29 17:04:49.497952+00:00
125110_2,125110,777,25,yellow,,,,119072,,,31,31,False,2026-08-29 17:04:49.497952+00:00,2026-08-29 17:04:49.497952+00:00
125110_3,125110,777,25,goal,32638,8868,,,,,42,42,False,2026-08-29 17:04:49.497952+00:00,2026-08-29 17:04:49.497952+00:00
125110_4,125110,777,25,yellow,,,,63257,,,52,52,False,2026-08-29 17:04:49.497952+00:00,2026-08-29 17:04:49.497952+00:00
125110_5,125110,777,38,substitution,,,,,108947,14830,61,61,False,2026-08-29 17:04:49.497952+00:00,2026-08-29 17:04:49.497952+00:00
125110_6,125110,777,38,substitution,,,,,145492,126108,61,61,False,2026-08-29 17:04:49.497952+00:00,2026-08-29 17:04:49.497952+00:00
125110_7,125110,777,25,goal,63257,304595,,,,,66,66,False,2026-08-29 17:04:49.497952+00:00,2026-08-29 17:04:49.497952+00:00
125110_8,125110,777,25,goal,63257,8868,,,,,68,68,False,2026-08-29 17:04:49.497952+00:00,2026-08-29 17:04:49.497952+00:00
125110_9,125110,777,38,substitution,,,,,20337,9199,71,71,False,2026-08-29 17:04:49.497952+00:00,2026-08-29 17:04:49.497952+00:00
125110_10,125110,777,38,substitution,,,,,115371,115114,71,71,False,2026-08-29 17:04:49.497952+00:00,2026-08-29 17:04:49.497952+00:00
125110_11,125110,777,25,substitution,,,,,4979,65961,78,78,False,2026-08-29 17:04:49.497952+00:00,2026-08-29 17:04:49.497952+00:00
125110_12,125110,777,25,substitution,,,,,66560,304595,78,78,False,2026-08-29 17:04:49.497952+00:00,2026-08-29 17:04:49.497952+00:00
125110_13,125110,777,25,substitution,,,,,8454,63257,82,82,False,2026-08-29 17:04:49.497952+00:00,2026-08-29 17:04:49.497952+00:00
125110_14,125110,777,25,goal,32638,,,,,,83,83,False,2026-08-29 17:04:49.497952+00:00,2026-08-29 17:04:49.497952+00:00
125110_15,125110,777,25,substitution,,,,,122005,119072,85,85,False,2026-08-29 17:04:49.497952+00:00,2026-08-29 17:04:49.497952+00:00
125110_16,125110,777,38,substitution,,,,,129740,133679,85,85,False,2026-08-29 17:04:49.497952+00:00,2026-08-29 17:04:49.497952+00:00
125111_0,125111,777,2,goal,8658,51423,,,,,2,2,False,2026-08-29 17:04:49.497952+00:00,2026-08-29 17:04:49.497952+00:00
125111_1,125111,777,29,goal,119614,124944,,,,,9,9,False,2026-08-29 17:04:49.497952+00:00,2026-08-29 17:04:49.497952+00:00
125111_2,125111,777,2,goal,8658,51223,,,,,36,36,False,2026-08-29 17:04:49.497952+00:00,2026-08-29 17:04:49.497952+00:00
125111_3,125111,777,2,goal,23968,8658,,,,,47,47,False,2026-08-29 17:04:49.497952+00:00,2026-08-29 17:04:49.497952+00:00
125111_4,125111,777,29,substitution,,,,,19864,66659,63,63,False,2026-08-29 17:04:49.497952+00:00,2026-08-29 17:04:49.497952+00:00
125111_5,125111,777,29,substitution,,,,,118633,119614,63,63,False,2026-08-29 17:04:49.497952+00:00,2026-08-29 17:04:49.497952+00:00
125111_6,125111,777,29,substitution,,,,,122126,63733,63,63,False,2026-08-29 17:04:49.497952+00:00,2026-08-29 17:04:49.497952+00:00
125111_7,125111,777,29,yellow,,,,124944,,,66,66,False,2026-08-29 17:04:49.497952+00:00,2026-08-29 17:04:49.497952+00:00
125111_8,125111,777,2,substitution,,,,,5758,51223,70,70,False,2026-08-29 17:04:49.497952+00:00,2026-08-29 17:04:49.497952+00:00
125111_9,125111,777,2,substitution,,,,,26408,4115,70,70,False,2026-08-29 17:04:49.497952+00:00,2026-08-29 17:04:49.497952+00:00
125111_10,125111,777,2,substitution,,,,,13286,8658,80,80,False,2026-08-29 17:04:49.497952+00:00,2026-08-29 17:04:49.497952+00:00
125111_11,125111,777,2,substitution,,,,,14801,51423,80,80,False,2026-08-29 17:04:49.497952+00:00,2026-08-29 17:04:49.497952+00:00
125111_12,125111,777,29,substitution,,,,,52989,67784,84,84,False,2026-08-29 17:04:49.497952+00:00,2026-08-29 17:04:49.497952+00:00
125111_13,125111,777,29,goal,122126,,,,,,86,86,False,2026-08-29 17:04:49.497952+00:00,2026-08-29 17:04:49.497952+00:00
125111_14,125111,777,29,goal,52989,138104,,,,,87,87,False,2026-08-29 17:04:49.497952+00:00,2026-08-29 17:04:49.497952+00:00
125111_15,125111,777,2,goal,13286,5758,,,,,93,90+3',True,2026-08-29 17:04:49.497952+00:00,2026-08-29 17:04:49.497952+00:00
125111_16,125111,777,29,yellow,,,,51199,,,95,90+5',True,2026-08-29 17:04:49.497952+00:00,2026-08-29 17:04:49.497952+00:00
125111_17,125111,777,2,yellow,,,,108096,,,98,90+8',True,2026-08-29 17:04:49.497952+00:00,2026-08-29 17:04:49.497952+00:00
125111_18,125111,777,29,yellow,,,,19864,,,98,90+8',True,2026-08-29 17:04:49.497952+00:00,2026-08-29 17:04:49.497952+00:00
125112_0,125112,777,34,yellow,,,,16044,,,6,6,False,2026-08-29 17:04:49.497952+00:00,2026-08-29 17:04:49.497952+00:00
125112_1,125112,777,34,substitution,,,,,53063,4717,43,43,False,2026-08-29 17:04:49.497952+00:00,2026-08-29 17:04:49.497952+00:00
125112_2,125112,777,34,substitution,,,,,11071,117763,67,67,False,2026-08-29 17:04:49.497952+00:00,2026-08-29 17:04:49.497952+00:00
125112_3,125112,777,34,substitution,,,,,128976,14445,67,67,False,2026-08-29 17:04:49.497952+00:00,2026-08-29 17:04:49.497952+00:00
125112_4,125112,777,34,substitution,,,,,14624,14656,81,81,False,2026-08-29 17:04:49.497952+00:00,2026-08-29 17:04:49.497952+00:00
125112_5,125112,777,34,substitution,,,,,66657,3894,81,81,False,2026-08-29 17:04:49.497952+00:00,2026-08-29 17:04:49.497952+00:00
125113_0,125113,777,4,substitution,,,,,68987,304474,16,16,False,2026-08-29 17:04:49.497952+00:00,2026-08-29 17:04:49.497952+00:00
125113_1,125113,777,12,yellow,,,,51202,,,25,25,False,2026-08-29 17:04:49.497952+00:00,2026-08-29 17:04:49.497952+00:00
125113_2,125113,777,4,yellow,,,,119041,,,39,39,False,2026-08-29 17:04:49.497952+00:00,2026-08-29 17:04:49.497952+00:00
125113_3,125113,777,12,goal,51202,23396,,,,,43,43,False,2026-08-29 17:04:49.497952+00:00,2026-08-29 17:04:49.497952+00:00
125113_4,125113,777,12,substitution,,,,,69176,66036,80,80,False,2026-08-29 17:04:49.497952+00:00,2026-08-29 17:04:49.497952+00:00
125113_5,125113,777,4,substitution,,,,,14575,66284,81,81,False,2026-08-29 17:04:49.497952+00:00,2026-08-29 17:04:49.497952+00:00
125113_6,125113,777,4,substitution,,,,,125075,68827,81,81,False,2026-08-29 17:04:49.497952+00:00,2026-08-29 17:04:49.497952+00:00
125113_7,125113,777,12,substitution,,,,,14580,51202,81,81,False,2026-08-29 17:04:49.497952+00:00,2026-08-29 17:04:49.497952+00:00
125113_8,125113,777,12,substitution,,,,,50848,66360,87,87,False,2026-08-29 17:04:49.497952+00:00,2026-08-29 17:04:49.497952+00:00
125113_9,125113,777,4,substitution,,,,,99282,63741,88,88,False,2026-08-29 17:04:49.497952+00:00,2026-08-29 17:04:49.497952+00:00
125113_10,125113,777,12,yellow,,,,14580,,,91,90+1',True,2026-08-29 17:04:49.497952+00:00,2026-08-29 17:04:49.497952+00:00
125113_11,125113,777,12,yellow,,,,108936,,,94,90+4',True,2026-08-29 17:04:49.497952+00:00,2026-08-29 17:04:49.497952+00:00
125114_0,125114,777,6,yellow,,,,49374,,,21,21,False,2026-08-29 17:04:49.497952+00:00,2026-08-29 17:04:49.497952+00:00
125114_1,125114,777,6,substitution,,,,,20874,35670,59,59,False,2026-08-29 17:04:49.497952+00:00,2026-08-29 17:04:49.497952+00:00
125114_2,125114,777,6,substitution,,,,,49759,8589,59,59,False,2026-08-29 17:04:49.497952+00:00,2026-08-29 17:04:49.497952+00:00
125114_3,125114,777,6,substitution,,,,,49796,109117,59,59,False,2026-08-29 17:04:49.497952+00:00,2026-08-29 17:04:49.497952+00:00
125114_4,125114,777,25,substitution,,,,,8454,304595,75,75,False,2026-08-29 17:04:49.497952+00:00,2026-08-29 17:04:49.497952+00:00
125114_5,125114,777,6,substitution,,,,,138981,49374,78,78,False,2026-08-29 17:04:49.497952+00:00,2026-08-29 17:04:49.497952+00:00
125114_6,125114,777,25,substitution,,,,,140223,63257,84,84,False,2026-08-29 17:04:49.497952+00:00,2026-08-29 17:04:49.497952+00:00
125114_7,125114,777,6,yellow,,,,76353,,,92,90+2',True,2026-08-29 17:04:49.497952+00:00,2026-08-29 17:04:49.497952+00:00
125114_8,125114,777,25,yellow,,,,145347,,,92,90+2',True,2026-08-29 17:04:49.497952+00:00,2026-08-29 17:04:49.497952+00:00
125115_0,125115,777,7,yellow,,,,4640,,,22,22,False,2026-08-29 17:04:49.497952+00:00,2026-08-29 17:04:49.497952+00:00
125115_1,125115,777,7,goal,31936,24983,,,,,27,27,False,2026-08-29 17:04:49.497952+00:00,2026-08-29 17:04:49.497952+00:00
125115_2,125115,777,10,goal,5178,32894,,,,,29,29,False,2026-08-29 17:04:49.497952+00:00,2026-08-29 17:04:49.497952+00:00
125115_3,125115,777,7,goal,126789,14706,,,,,54,54,False,2026-08-29 17:04:49.497952+00:00,2026-08-29 17:04:49.497952+00:00
125115_4,125115,777,10,substitution,,,,,10479,116496,58,58,False,2026-08-29 17:04:49.497952+00:00,2026-08-29 17:04:49.497952+00:00
125115_5,125115,777,10,substitution,,,,,134796,21737,72,72,False,2026-08-29 17:04:49.497952+00:00,2026-08-29 17:04:49.497952+00:00
125115_6,125115,777,7,substitution,,,,,143922,126789,73,73,False,2026-08-29 17:04:49.497952+00:00,2026-08-29 17:04:49.497952+00:00
125115_7,125115,777,7,substitution,,,,,118442,24797,80,80,False,2026-08-29 17:04:49.497952+00:00,2026-08-29 17:04:49.497952+00:00
125115_8,125115,777,10,substitution,,,,,19919,32894,84,84,False,2026-08-29 17:04:49.497952+00:00,2026-08-29 17:04:49.497952+00:00
125115_9,125115,777,10,substitution,,,,,63633,75382,84,84,False,2026-08-29 17:04:49.497952+00:00,2026-08-29 17:04:49.497952+00:00
125115_10,125115,777,10,substitution,,,,,116665,10458,86,86,False,2026-08-29 17:04:49.497952+00:00,2026-08-29 17:04:49.497952+00:00
125115_11,125115,777,7,substitution,,,,,4333,66318,87,87,False,2026-08-29 17:04:49.497952+00:00,2026-08-29 17:04:49.497952+00:00
125115_12,125115,777,10,goal,5140,33231,,,,,100,90+10',True,2026-08-29 17:04:49.497952+00:00,2026-08-29 17:04:49.497952+00:00
125115_13,125115,777,7,yellow,,,,23841,,,102,90+12',True,2026-08-29 17:04:49.497952+00:00,2026-08-29 17:04:49.497952+00:00
125116_0,125116,777,9,goal,13515,33162,,,,,18,18,False,2026-08-29 17:04:49.497952+00:00,2026-08-29 17:04:49.497952+00:00
125116_1,125116,777,9,goal,33162,63289,,,,,20,20,False,2026-08-29 17:04:49.497952+00:00,2026-08-29 17:04:49.497952+00:00
125116_2,125116,777,38,substitution,,,,,145492,14830,38,38,False,2026-08-29 17:04:49.497952+00:00,2026-08-29 17:04:49.497952+00:00
125116_3,125116,777,38,substitution,,,,,147032,111988,46,46,False,2026-08-29 17:04:49.497952+00:00,2026-08-29 17:04:49.497952+00:00
125116_4,125116,777,9,substitution,,,,,68676,33162,67,67,False,2026-08-29 17:04:49.497952+00:00,2026-08-29 17:04:49.497952+00:00
125116_5,125116,777,38,substitution,,,,,108947,126108,67,67,False,2026-08-29 17:04:49.497952+00:00,2026-08-29 17:04:49.497952+00:00
125116_6,125116,777,9,yellow,,,,63289,,,73,73,False,2026-08-29 17:04:49.497952+00:00,2026-08-29 17:04:49.497952+00:00
125116_7,125116,777,38,substitution,,,,,20337,108877,75,75,False,2026-08-29 17:04:49.497952+00:00,2026-08-29 17:04:49.497952+00:00
125116_8,125116,777,9,substitution,,,,,115255,63289,78,78,False,2026-08-29 17:04:49.497952+00:00,2026-08-29 17:04:49.497952+00:00
125116_9,125116,777,38,yellow,,,,66692,,,93,90+3',True,2026-08-29 17:04:49.497952+00:00,2026-08-29 17:04:49.497952+00:00
125116_10,125116,777,9,penalty goal,9576,,,,,,95,90+5',True,2026-08-29 17:04:49.497952+00:00,2026-08-29 17:04:49.497952+00:00
125116_11,125116,777,9,substitution,,,,,13796,75543,96,90+6',True,2026-08-29 17:04:49.497952+00:00,2026-08-29 17:04:49.497952+00:00
125116_12,125116,777,9,substitution,,,,,14807,9576,96,90+6',True,2026-08-29 17:04:49.497952+00:00,2026-08-29 17:04:49.497952+00:00
125116_13,125116,777,9,substitution,,,,,14897,126426,96,90+6',True,2026-08-29 17:04:49.497952+00:00,2026-08-29 17:04:49.497952+00:00
125116_14,125116,777,9,yellow,,,,13515,,,102,90+12',True,2026-08-29 17:04:49.497952+00:00,2026-08-29 17:04:49.497952+00:00
125117_0,125117,777,11,goal,68150,76204,,,,,16,16,False,2026-08-29 17:04:49.497952+00:00,2026-08-29 17:04:49.497952+00:00
125117_1,125117,777,1,goal,20810,,,,,,18,18,False,2026-08-29 17:04:49.497952+00:00,2026-08-29 17:04:49.497952+00:00
125117_2,125117,777,1,yellow,,,,119476,,,36,36,False,2026-08-29 17:04:49.497952+00:00,2026-08-29 17:04:49.497952+00:00
125117_3,125117,777,1,substitution,,,,,66104,67407,46,46,False,2026-08-29 17:04:49.497952+00:00,2026-08-29 17:04:49.497952+00:00
125117_4,125117,777,11,yellow,,,,14569,,,60,60,False,2026-08-29 17:04:49.497952+00:00,2026-08-29 17:04:49.497952+00:00
125117_5,125117,777,11,goal,65970,,,,,,65,65,False,2026-08-29 17:04:49.497952+00:00,2026-08-29 17:04:49.497952+00:00
125117_6,125117,777,1,substitution,,,,,14548,119476,74,74,False,2026-08-29 17:04:49.497952+00:00,2026-08-29 17:04:49.497952+00:00
125117_7,125117,777,1,substitution,,,,,20486,21584,74,74,False,2026-08-29 17:04:49.497952+00:00,2026-08-29 17:04:49.497952+00:00
125117_8,125117,777,1,yellow,,,,50234,,,83,83,False,2026-08-29 17:04:49.497952+00:00,2026-08-29 17:04:49.497952+00:00
125117_9,125117,777,11,yellow,,,,65970,,,83,83,False,2026-08-29 17:04:49.497952+00:00,2026-08-29 17:04:49.497952+00:00
125117_10,125117,777,1,substitution,,,,,32728,64523,84,84,False,2026-08-29 17:04:49.497952+00:00,2026-08-29 17:04:49.497952+00:00
125117_11,125117,777,11,substitution,,,,,14805,68150,85,85,False,2026-08-29 17:04:49.497952+00:00,2026-08-29 17:04:49.497952+00:00
125117_12,125117,777,11,substitution,,,,,67849,16286,88,88,False,2026-08-29 17:04:49.497952+00:00,2026-08-29 17:04:49.497952+00:00
125117_13,125117,777,11,substitution,,,,,126943,54156,88,88,False,2026-08-29 17:04:49.497952+00:00,2026-08-29 17:04:49.497952+00:00
125117_14,125117,777,11,substitution,,,,,4499,25474,96,90+6',True,2026-08-29 17:04:49.497952+00:00,2026-08-29 17:04:49.497952+00:00
125118_0,125118,777,127,goal,14846,134234,,,,,32,32,False,2026-08-29 17:04:49.497952+00:00,2026-08-29 17:04:49.497952+00:00
125118_1,125118,777,23,substitution,,,,,3905,108922,46,46,False,2026-08-29 17:04:49.497952+00:00,2026-08-29 17:04:49.497952+00:00
125118_2,125118,777,127,yellow,,,,15572,,,52,52,False,2026-08-29 17:04:49.497952+00:00,2026-08-29 17:04:49.497952+00:00
125118_3,125118,777,127,yellow,,,,14846,,,55,55,False,2026-08-29 17:04:49.497952+00:00,2026-08-29 17:04:49.497952+00:00
125118_4,125118,777,23,substitution,,,,,9662,49259,62,62,False,2026-08-29 17:04:49.497952+00:00,2026-08-29 17:04:49.497952+00:00
125118_5,125118,777,23,substitution,,,,,74761,19888,62,62,False,2026-08-29 17:04:49.497952+00:00,2026-08-29 17:04:49.497952+00:00
125118_6,125118,777,127,substitution,,,,,42894,15572,65,65,False,2026-08-29 17:04:49.497952+00:00,2026-08-29 17:04:49.497952+00:00
125118_7,125118,777,127,substitution,,,,,13706,137832,66,66,False,2026-08-29 17:04:49.497952+00:00,2026-08-29 17:04:49.497952+00:00
125118_8,125118,777,23,goal,114590,,,,,,68,68,False,2026-08-29 17:04:49.497952+00:00,2026-08-29 17:04:49.497952+00:00
125118_9,125118,777,23,substitution,,,,,8707,49495,74,74,False,2026-08-29 17:04:49.497952+00:00,2026-08-29 17:04:49.497952+00:00
125118_10,125118,777,23,yellow,,,,49908,,,77,77,False,2026-08-29 17:04:49.497952+00:00,2026-08-29 17:04:49.497952+00:00
125118_11,125118,777,127,substitution,,,,,121972,134234,78,78,False,2026-08-29 17:04:49.497952+00:00,2026-08-29 17:04:49.497952+00:00
125118_12,125118,777,23,yellow,,,,9662,,,80,80,False,2026-08-29 17:04:49.497952+00:00,2026-08-29 17:04:49.497952+00:00
125118_13,125118,777,127,yellow,,,,74976,,,82,82,False,2026-08-29 17:04:49.497952+00:00,2026-08-29 17:04:49.497952+00:00
125118_14,125118,777,127,goal,74965,,,,,,85,85,False,2026-08-29 17:04:49.497952+00:00,2026-08-29 17:04:49.497952+00:00
125118_15,125118,777,23,substitution,,,,,115256,71623,86,86,False,2026-08-29 17:04:49.497952+00:00,2026-08-29 17:04:49.497952+00:00
125118_16,125118,777,127,substitution,,,,,16582,33032,89,89,False,2026-08-29 17:04:49.497952+00:00,2026-08-29 17:04:49.497952+00:00
125118_17,125118,777,127,substitution,,,,,135304,14846,89,89,False,2026-08-29 17:04:49.497952+00:00,2026-08-29 17:04:49.497952+00:00
125118_18,125118,777,127,yellow,,,,134403,,,94,90+4',True,2026-08-29 17:04:49.497952+00:00,2026-08-29 17:04:49.497952+00:00
125119_0,125119,777,15,substitution,,,,,304238,139648,42,42,False,2026-08-29 17:04:49.497952+00:00,2026-08-29 17:04:49.497952+00:00
125119_1,125119,777,43,goal,75735,127393,,,,,47,45+2',True,2026-08-29 17:04:49.497952+00:00,2026-08-29 17:04:49.497952+00:00
125119_2,125119,777,15,substitution,,,,,304123,138137,46,46,False,2026-08-29 17:04:49.497952+00:00,2026-08-29 17:04:49.497952+00:00
125119_3,125119,777,15,goal,15259,,,,,,63,63,False,2026-08-29 17:04:49.497952+00:00,2026-08-29 17:04:49.497952+00:00
125119_4,125119,777,43,substitution,,,,,64282,15139,64,64,False,2026-08-29 17:04:49.497952+00:00,2026-08-29 17:04:49.497952+00:00
125119_5,125119,777,15,goal,15259,98300,,,,,69,69,False,2026-08-29 17:04:49.497952+00:00,2026-08-29 17:04:49.497952+00:00
125119_6,125119,777,43,yellow,,,,63851,,,75,75,False,2026-08-29 17:04:49.497952+00:00,2026-08-29 17:04:49.497952+00:00
125119_7,125119,777,15,substitution,,,,,14238,3756,76,76,False,2026-08-29 17:04:49.497952+00:00,2026-08-29 17:04:49.497952+00:00
125119_8,125119,777,43,substitution,,,,,19831,74960,76,76,False,2026-08-29 17:04:49.497952+00:00,2026-08-29 17:04:49.497952+00:00
125119_9,125119,777,15,goal,15259,14238,,,,,77,77,False,2026-08-29 17:04:49.497952+00:00,2026-08-29 17:04:49.497952+00:00
125119_10,125119,777,43,yellow,,,,3955,,,80,80,False,2026-08-29 17:04:49.497952+00:00,2026-08-29 17:04:49.497952+00:00
125119_11,125119,777,43,substitution,,,,,8127,63851,83,83,False,2026-08-29 17:04:49.497952+00:00,2026-08-29 17:04:49.497952+00:00
125119_12,125119,777,43,substitution,,,,,74964,50460,83,83,False,2026-08-29 17:04:49.497952+00:00,2026-08-29 17:04:49.497952+00:00
125119_13,125119,777,43,substitution,,,,,31442,75735,84,84,False,2026-08-29 17:04:49.497952+00:00,2026-08-29 17:04:49.497952+00:00
125119_14,125119,777,15,substitution,,,,,67510,98300,88,88,False,2026-08-29 17:04:49.497952+00:00,2026-08-29 17:04:49.497952+00:00
125119_15,125119,777,15,substitution,,,,,115172,15259,89,89,False,2026-08-29 17:04:49.497952+00:00,2026-08-29 17:04:49.497952+00:00
125119_16,125119,777,15,goal,304123,115172,,,,,98,90+8',True,2026-08-29 17:04:49.497952+00:00,2026-08-29 17:04:49.497952+00:00
125120_0,125120,777,131,substitution,,,,,117732,143240,20,20,False,2026-08-29 17:04:49.497952+00:00,2026-08-29 17:04:49.497952+00:00
125120_1,125120,777,21,yellow,,,,50245,,,34,34,False,2026-08-29 17:04:49.497952+00:00,2026-08-29 17:04:49.497952+00:00
125120_2,125120,777,131,yellow,,,,72239,,,37,37,False,2026-08-29 17:04:49.497952+00:00,2026-08-29 17:04:49.497952+00:00
125120_3,125120,777,21,goal,32229,69274,,,,,39,39,False,2026-08-29 17:04:49.497952+00:00,2026-08-29 17:04:49.497952+00:00
125120_4,125120,777,131,goal,117732,22542,,,,,48,45+3',True,2026-08-29 17:04:49.497952+00:00,2026-08-29 17:04:49.497952+00:00
125120_5,125120,777,21,substitution,,,,,76614,51185,57,57,False,2026-08-29 17:04:49.497952+00:00,2026-08-29 17:04:49.497952+00:00
125120_6,125120,777,21,substitution,,,,,117596,50245,57,57,False,2026-08-29 17:04:49.497952+00:00,2026-08-29 17:04:49.497952+00:00
125120_7,125120,777,21,yellow,,,,25892,,,65,65,False,2026-08-29 17:04:49.497952+00:00,2026-08-29 17:04:49.497952+00:00
125120_8,125120,777,21,substitution,,,,,19858,22802,67,67,False,2026-08-29 17:04:49.497952+00:00,2026-08-29 17:04:49.497952+00:00
125120_9,125120,777,131,substitution,,,,,14671,112739,75,75,False,2026-08-29 17:04:49.497952+00:00,2026-08-29 17:04:49.497952+00:00
125120_10,125120,777,131,substitution,,,,,51830,3452,75,75,False,2026-08-29 17:04:49.497952+00:00,2026-08-29 17:04:49.497952+00:00
125120_11,125120,777,131,substitution,,,,,67928,117732,75,75,False,2026-08-29 17:04:49.497952+00:00,2026-08-29 17:04:49.497952+00:00
125120_12,125120,777,21,substitution,,,,,23764,126824,76,76,False,2026-08-29 17:04:49.497952+00:00,2026-08-29 17:04:49.497952+00:00
125120_13,125120,777,21,substitution,,,,,133603,21887,76,76,False,2026-08-29 17:04:49.497952+00:00,2026-08-29 17:04:49.497952+00:00
125120_14,125120,777,21,goal,69274,133603,,,,,77,77,False,2026-08-29 17:04:49.497952+00:00,2026-08-29 17:04:49.497952+00:00
125120_15,125120,777,21,yellow,,,,69274,,,78,78,False,2026-08-29 17:04:49.497952+00:00,2026-08-29 17:04:49.497952+00:00
125120_16,125120,777,131,substitution,,,,,145043,134333,82,82,False,2026-08-29 17:04:49.497952+00:00,2026-08-29 17:04:49.497952+00:00
125120_17,125120,777,131,goal,51830,76090,,,,,95,90+5',True,2026-08-29 17:04:49.497952+00:00,2026-08-29 17:04:49.497952+00:00
125121_0,125121,777,1,goal,21584,20810,,,,,9,9,False,2026-08-29 17:04:49.497952+00:00,2026-08-29 17:04:49.497952+00:00
125121_1,125121,777,1,substitution,,,,,32728,20810,34,34,False,2026-08-29 17:04:49.497952+00:00,2026-08-29 17:04:49.497952+00:00
125121_2,125121,777,1,substitution,,,,,66104,21584,53,53,False,2026-08-29 17:04:49.497952+00:00,2026-08-29 17:04:49.497952+00:00
125121_3,125121,777,23,yellow,,,,8707,,,57,57,False,2026-08-29 17:04:49.497952+00:00,2026-08-29 17:04:49.497952+00:00
125121_4,125121,777,23,substitution,,,,,14716,9662,66,66,False,2026-08-29 17:04:49.497952+00:00,2026-08-29 17:04:49.497952+00:00
125121_5,125121,777,23,substitution,,,,,117497,114590,66,66,False,2026-08-29 17:04:49.497952+00:00,2026-08-29 17:04:49.497952+00:00
125121_6,125121,777,1,yellow,,,,66104,,,71,71,False,2026-08-29 17:04:49.497952+00:00,2026-08-29 17:04:49.497952+00:00
125121_7,125121,777,23,yellow,,,,10079,,,74,74,False,2026-08-29 17:04:49.497952+00:00,2026-08-29 17:04:49.497952+00:00
125121_8,125121,777,23,substitution,,,,,115256,74761,75,75,False,2026-08-29 17:04:49.497952+00:00,2026-08-29 17:04:49.497952+00:00
125121_9,125121,777,1,substitution,,,,,49481,67407,81,81,False,2026-08-29 17:04:49.497952+00:00,2026-08-29 17:04:49.497952+00:00
125121_10,125121,777,1,substitution,,,,,114564,64523,81,81,False,2026-08-29 17:04:49.497952+00:00,2026-08-29 17:04:49.497952+00:00
125121_11,125121,777,23,substitution,,,,,49259,14446,86,86,False,2026-08-29 17:04:49.497952+00:00,2026-08-29 17:04:49.497952+00:00
125121_12,125121,777,1,yellow,,,,15202,,,86,86,False,2026-08-29 17:04:49.497952+00:00,2026-08-29 17:04:49.497952+00:00
125122_0,125122,777,127,yellow,,,,137832,,,25,25,False,2026-08-29 17:04:49.497952+00:00,2026-08-29 17:04:49.497952+00:00
125122_1,125122,777,127,yellow,,,,119381,,,41,41,False,2026-08-29 17:04:49.497952+00:00,2026-08-29 17:04:49.497952+00:00
125122_2,125122,777,9,substitution,,,,,13796,14608,46,46,False,2026-08-29 17:04:49.497952+00:00,2026-08-29 17:04:49.497952+00:00
125122_3,125122,777,127,goal,137832,54989,,,,,60,60,False,2026-08-29 17:04:49.497952+00:00,2026-08-29 17:04:49.497952+00:00
125122_4,125122,777,9,substitution,,,,,14807,50151,64,64,False,2026-08-29 17:04:49.497952+00:00,2026-08-29 17:04:49.497952+00:00
125122_5,125122,777,9,substitution,,,,,68676,33162,64,64,False,2026-08-29 17:04:49.497952+00:00,2026-08-29 17:04:49.497952+00:00
125122_6,125122,777,127,substitution,,,,,134234,13706,67,67,False,2026-08-29 17:04:49.497952+00:00,2026-08-29 17:04:49.497952+00:00
125122_7,125122,777,9,own goal,,,51942,,,,68,68,False,2026-08-29 17:04:49.497952+00:00,2026-08-29 17:04:49.497952+00:00
125122_8,125122,777,127,substitution,,,,,42894,137832,73,73,False,2026-08-29 17:04:49.497952+00:00,2026-08-29 17:04:49.497952+00:00
125122_9,125122,777,127,substitution,,,,,118080,15572,73,73,False,2026-08-29 17:04:49.497952+00:00,2026-08-29 17:04:49.497952+00:00
125122_10,125122,777,9,substitution,,,,,14897,63289,84,84,False,2026-08-29 17:04:49.497952+00:00,2026-08-29 17:04:49.497952+00:00
125122_11,125122,777,127,goal,134234,42894,,,,,86,86,False,2026-08-29 17:04:49.497952+00:00,2026-08-29 17:04:49.497952+00:00
125122_12,125122,777,9,substitution,,,,,50643,126426,89,89,False,2026-08-29 17:04:49.497952+00:00,2026-08-29 17:04:49.497952+00:00
125122_13,125122,777,127,goal,33032,54989,,,,,91,90+1',True,2026-08-29 17:04:49.497952+00:00,2026-08-29 17:04:49.497952+00:00
125122_14,125122,777,127,substitution,,,,,135304,14846,91,90+1',True,2026-08-29 17:04:49.497952+00:00,2026-08-29 17:04:49.497952+00:00
125122_15,125122,777,127,yellow,,,,33032,,,95,90+5',True,2026-08-29 17:04:49.497952+00:00,2026-08-29 17:04:49.497952+00:00
125122_16,125122,777,9,goal,14897,,,,,,97,90+7',True,2026-08-29 17:04:49.497952+00:00,2026-08-29 17:04:49.497952+00:00
125123_0,125123,777,131,goal,50727,,,,,,3,3,False,2026-08-29 17:04:49.497952+00:00,2026-08-29 17:04:49.497952+00:00
125123_1,125123,777,4,yellow,,,,66284,,,46,45+1',True,2026-08-29 17:04:49.497952+00:00,2026-08-29 17:04:49.497952+00:00
125123_2,125123,777,4,substitution,,,,,68987,66284,46,46,False,2026-08-29 17:04:49.497952+00:00,2026-08-29 17:04:49.497952+00:00
125123_3,125123,777,131,substitution,,,,,4874,72239,46,46,False,2026-08-29 17:04:49.497952+00:00,2026-08-29 17:04:49.497952+00:00
125123_4,125123,777,131,goal,112739,51830,,,,,56,56,False,2026-08-29 17:04:49.497952+00:00,2026-08-29 17:04:49.497952+00:00
125123_5,125123,777,131,yellow,,,,136175,,,58,58,False,2026-08-29 17:04:49.497952+00:00,2026-08-29 17:04:49.497952+00:00
125123_6,125123,777,4,substitution,,,,,130068,51813,72,72,False,2026-08-29 17:04:49.497952+00:00,2026-08-29 17:04:49.497952+00:00
125123_7,125123,777,4,substitution,,,,,115151,99282,73,73,False,2026-08-29 17:04:49.497952+00:00,2026-08-29 17:04:49.497952+00:00
125123_8,125123,777,131,substitution,,,,,67928,136175,77,77,False,2026-08-29 17:04:49.497952+00:00,2026-08-29 17:04:49.497952+00:00
125123_9,125123,777,131,substitution,,,,,134333,117732,82,82,False,2026-08-29 17:04:49.497952+00:00,2026-08-29 17:04:49.497952+00:00
125123_10,125123,777,131,substitution,,,,,3452,51830,83,83,False,2026-08-29 17:04:49.497952+00:00,2026-08-29 17:04:49.497952+00:00
125123_11,125123,777,131,goal,3452,67928,,,,,91,90+1',True,2026-08-29 17:04:49.497952+00:00,2026-08-29 17:04:49.497952+00:00
125123_12,125123,777,4,substitution,,,,,125075,68827,92,90+2',True,2026-08-29 17:04:49.497952+00:00,2026-08-29 17:04:49.497952+00:00
125123_13,125123,777,131,substitution,,,,,14671,112739,92,90+2',True,2026-08-29 17:04:49.497952+00:00,2026-08-29 17:04:49.497952+00:00
125124_0,125124,777,11,goal,65970,54156,,,,,5,5,False,2026-08-29 17:04:49.497952+00:00,2026-08-29 17:04:49.497952+00:00
125124_1,125124,777,11,substitution,,,,,67849,71432,65,65,False,2026-08-29 17:04:49.497952+00:00,2026-08-29 17:04:49.497952+00:00
125124_2,125124,777,11,substitution,,,,,126943,25474,65,65,False,2026-08-29 17:04:49.497952+00:00,2026-08-29 17:04:49.497952+00:00
125124_3,125124,777,43,substitution,,,,,64282,74964,72,72,False,2026-08-29 17:04:49.497952+00:00,2026-08-29 17:04:49.497952+00:00
125124_4,125124,777,43,substitution,,,,,31442,75735,82,82,False,2026-08-29 17:04:49.497952+00:00,2026-08-29 17:04:49.497952+00:00
125124_5,125124,777,43,substitution,,,,,63851,51498,82,82,False,2026-08-29 17:04:49.497952+00:00,2026-08-29 17:04:49.497952+00:00
125124_6,125124,777,43,substitution,,,,,15139,8127,87,87,False,2026-08-29 17:04:49.497952+00:00,2026-08-29 17:04:49.497952+00:00
125124_7,125124,777,43,substitution,,,,,75883,50460,87,87,False,2026-08-29 17:04:49.497952+00:00,2026-08-29 17:04:49.497952+00:00
125125_0,125125,777,34,goal,14656,,,,,,43,43,False,2026-08-29 17:04:49.497952+00:00,2026-08-29 17:04:49.497952+00:00
125125_1,125125,777,34,yellow,,,,6712,,,46,46,False,2026-08-29 17:04:49.497952+00:00,2026-08-29 17:04:49.497952+00:00
125125_2,125125,777,2,yellow,,,,21529,,,49,49,False,2026-08-29 17:04:49.497952+00:00,2026-08-29 17:04:49.497952+00:00
125125_3,125125,777,34,substitution,,,,,117763,11071,66,66,False,2026-08-29 17:04:49.497952+00:00,2026-08-29 17:04:49.497952+00:00
125125_4,125125,777,2,substitution,,,,,4115,51423,74,74,False,2026-08-29 17:04:49.497952+00:00,2026-08-29 17:04:49.497952+00:00
125125_5,125125,777,2,substitution,,,,,14801,5865,74,74,False,2026-08-29 17:04:49.497952+00:00,2026-08-29 17:04:49.497952+00:00
125125_6,125125,777,2,substitution,,,,,20489,26408,74,74,False,2026-08-29 17:04:49.497952+00:00,2026-08-29 17:04:49.497952+00:00
125125_7,125125,777,2,substitution,,,,,24626,107846,74,74,False,2026-08-29 17:04:49.497952+00:00,2026-08-29 17:04:49.497952+00:00
125125_8,125125,777,34,substitution,,,,,66657,53063,76,76,False,2026-08-29 17:04:49.497952+00:00,2026-08-29 17:04:49.497952+00:00
125125_9,125125,777,34,substitution,,,,,128976,14445,76,76,False,2026-08-29 17:04:49.497952+00:00,2026-08-29 17:04:49.497952+00:00
125125_10,125125,777,2,substitution,,,,,13286,8658,80,80,False,2026-08-29 17:04:49.497952+00:00,2026-08-29 17:04:49.497952+00:00
125125_11,125125,777,34,substitution,,,,,14624,14656,81,81,False,2026-08-29 17:04:49.497952+00:00,2026-08-29 17:04:49.497952+00:00
125125_12,125125,777,34,yellow,,,,13961,,,91,90+1',True,2026-08-29 17:04:49.497952+00:00,2026-08-29 17:04:49.497952+00:00
125125_13,125125,777,2,yellow,,,,24626,,,94,90+4',True,2026-08-29 17:04:49.497952+00:00,2026-08-29 17:04:49.497952+00:00
125126_0,125126,777,6,yellow,,,,76353,,,19,19,False,2026-08-29 17:04:49.497952+00:00,2026-08-29 17:04:49.497952+00:00
125126_1,125126,777,6,yellow,,,,13988,,,32,32,False,2026-08-29 17:04:49.497952+00:00,2026-08-29 17:04:49.497952+00:00
125126_2,125126,777,10,goal,21737,63633,,,,,35,35,False,2026-08-29 17:04:49.497952+00:00,2026-08-29 17:04:49.497952+00:00
125126_3,125126,777,10,goal,10458,23815,,,,,40,40,False,2026-08-29 17:04:49.497952+00:00,2026-08-29 17:04:49.497952+00:00
125126_4,125126,777,6,substitution,,,,,20118,24334,46,46,False,2026-08-29 17:04:49.497952+00:00,2026-08-29 17:04:49.497952+00:00
125126_5,125126,777,6,substitution,,,,,109117,49374,59,59,False,2026-08-29 17:04:49.497952+00:00,2026-08-29 17:04:49.497952+00:00
125126_6,125126,777,10,substitution,,,,,19919,5178,59,59,False,2026-08-29 17:04:49.497952+00:00,2026-08-29 17:04:49.497952+00:00
125126_7,125126,777,6,substitution,,,,,35670,20874,70,70,False,2026-08-29 17:04:49.497952+00:00,2026-08-29 17:04:49.497952+00:00
125126_8,125126,777,6,goal,76353,,,,,,71,71,False,2026-08-29 17:04:49.497952+00:00,2026-08-29 17:04:49.497952+00:00
125126_9,125126,777,10,substitution,,,,,49909,21737,79,79,False,2026-08-29 17:04:49.497952+00:00,2026-08-29 17:04:49.497952+00:00
125126_10,125126,777,10,substitution,,,,,10651,23815,87,87,False,2026-08-29 17:04:49.497952+00:00,2026-08-29 17:04:49.497952+00:00
125126_11,125126,777,10,substitution,,,,,116665,10458,87,87,False,2026-08-29 17:04:49.497952+00:00,2026-08-29 17:04:49.497952+00:00
125126_12,125126,777,10,yellow,,,,33231,,,90,90,False,2026-08-29 17:04:49.497952+00:00,2026-08-29 17:04:49.497952+00:00
125126_13,125126,777,6,yellow,,,,20118,,,93,90+3',True,2026-08-29 17:04:49.497952+00:00,2026-08-29 17:04:49.497952+00:00
125126_14,125126,777,10,goal,75382,63633,,,,,96,90+6',True,2026-08-29 17:04:49.497952+00:00,2026-08-29 17:04:49.497952+00:00
125127_0,125127,777,12,yellow,,,,4608,,,6,6,False,2026-08-29 17:04:49.497952+00:00,2026-08-29 17:04:49.497952+00:00
125127_1,125127,777,12,goal,5793,9566,,,,,11,11,False,2026-08-29 17:04:49.497952+00:00,2026-08-29 17:04:49.497952+00:00
125127_2,125127,777,130,yellow,,,,65987,,,41,41,False,2026-08-29 17:04:49.497952+00:00,2026-08-29 17:04:49.497952+00:00
125127_3,125127,777,12,goal,66036,23396,,,,,43,43,False,2026-08-29 17:04:49.497952+00:00,2026-08-29 17:04:49.497952+00:00
125127_4,125127,777,12,substitution,,,,,33245,69176,46,46,False,2026-08-29 17:04:49.497952+00:00,2026-08-29 17:04:49.497952+00:00
125127_5,125127,777,130,yellow,,,,133890,,,71,71,False,2026-08-29 17:04:49.497952+00:00,2026-08-29 17:04:49.497952+00:00
125127_6,125127,777,12,substitution,,,,,118591,4608,73,73,False,2026-08-29 17:04:49.497952+00:00,2026-08-29 17:04:49.497952+00:00
125127_7,125127,777,130,substitution,,,,,14450,127594,73,73,False,2026-08-29 17:04:49.497952+00:00,2026-08-29 17:04:49.497952+00:00
125127_8,125127,777,12,substitution,,,,,14580,66360,74,74,False,2026-08-29 17:04:49.497952+00:00,2026-08-29 17:04:49.497952+00:00
125127_9,125127,777,130,yellow,,,,124052,,,76,76,False,2026-08-29 17:04:49.497952+00:00,2026-08-29 17:04:49.497952+00:00
125127_10,125127,777,130,goal,49726,14450,,,,,87,87,False,2026-08-29 17:04:49.497952+00:00,2026-08-29 17:04:49.497952+00:00
125127_11,125127,777,12,substitution,,,,,50848,66036,88,88,False,2026-08-29 17:04:49.497952+00:00,2026-08-29 17:04:49.497952+00:00
125127_12,125127,777,12,yellow,,,,50848,,,92,90+2',True,2026-08-29 17:04:49.497952+00:00,2026-08-29 17:04:49.497952+00:00
125127_13,125127,777,130,yellow,,,,24659,,,96,90+6',True,2026-08-29 17:04:49.497952+00:00,2026-08-29 17:04:49.497952+00:00
125128_0,125128,777,15,own goal,,,122126,,,,17,17,False,2026-08-29 17:04:49.497952+00:00,2026-08-29 17:04:49.497952+00:00
125128_1,125128,777,15,goal,3756,15259,,,,,31,31,False,2026-08-29 17:04:49.497952+00:00,2026-08-29 17:04:49.497952+00:00
125128_2,125128,777,15,goal,15259,304123,,,,,34,34,False,2026-08-29 17:04:49.497952+00:00,2026-08-29 17:04:49.497952+00:00
125128_3,125128,777,15,goal,304123,,,,,,37,37,False,2026-08-29 17:04:49.497952+00:00,2026-08-29 17:04:49.497952+00:00
125128_4,125128,777,15,substitution,,,,,115172,108816,46,46,False,2026-08-29 17:04:49.497952+00:00,2026-08-29 17:04:49.497952+00:00
125128_5,125128,777,29,substitution,,,,,63733,119614,46,46,False,2026-08-29 17:04:49.497952+00:00,2026-08-29 17:04:49.497952+00:00
125128_6,125128,777,15,substitution,,,,,67510,304238,50,50,False,2026-08-29 17:04:49.497952+00:00,2026-08-29 17:04:49.497952+00:00
125128_7,125128,777,15,yellow,,,,115172,,,51,51,False,2026-08-29 17:04:49.497952+00:00,2026-08-29 17:04:49.497952+00:00
125128_8,125128,777,29,yellow,,,,126110,,,51,51,False,2026-08-29 17:04:49.497952+00:00,2026-08-29 17:04:49.497952+00:00
125128_9,125128,777,15,yellow,,,,51593,,,58,58,False,2026-08-29 17:04:49.497952+00:00,2026-08-29 17:04:49.497952+00:00
125128_10,125128,777,15,yellow,,,,304123,,,60,60,False,2026-08-29 17:04:49.497952+00:00,2026-08-29 17:04:49.497952+00:00
125128_11,125128,777,29,goal,19864,51199,,,,,61,61,False,2026-08-29 17:04:49.497952+00:00,2026-08-29 17:04:49.497952+00:00
125128_12,125128,777,29,substitution,,,,,52989,126110,65,65,False,2026-08-29 17:04:49.497952+00:00,2026-08-29 17:04:49.497952+00:00
125128_13,125128,777,15,substitution,,,,,14238,304123,67,67,False,2026-08-29 17:04:49.497952+00:00,2026-08-29 17:04:49.497952+00:00
125128_14,125128,777,15,substitution,,,,,76426,98300,67,67,False,2026-08-29 17:04:49.497952+00:00,2026-08-29 17:04:49.497952+00:00
125128_15,125128,777,15,yellow,,,,23811,,,69,69,False,2026-08-29 17:04:49.497952+00:00,2026-08-29 17:04:49.497952+00:00
125128_16,125128,777,29,yellow,,,,12136,,,75,75,False,2026-08-29 17:04:49.497952+00:00,2026-08-29 17:04:49.497952+00:00
125128_17,125128,777,15,yellow,,,,14238,,,76,76,False,2026-08-29 17:04:49.497952+00:00,2026-08-29 17:04:49.497952+00:00
125128_18,125128,777,15,substitution,,,,,15340,3756,88,88,False,2026-08-29 17:04:49.497952+00:00,2026-08-29 17:04:49.497952+00:00
125128_19,125128,777,15,goal,51593,15340,,,,,95,90+5',True,2026-08-29 17:04:49.497952+00:00,2026-08-29 17:04:49.497952+00:00
125129_0,125129,777,7,yellow,,,,112589,,,38,38,False,2026-08-29 17:04:49.497952+00:00,2026-08-29 17:04:49.497952+00:00
125129_1,125129,777,7,yellow,,,,8143,,,47,47,False,2026-08-29 17:04:49.497952+00:00,2026-08-29 17:04:49.497952+00:00
125129_2,125129,777,25,goal,25183,8868,,,,,51,51,False,2026-08-29 17:04:49.497952+00:00,2026-08-29 17:04:49.497952+00:00
125129_3,125129,777,7,yellow,,,,23841,,,63,63,False,2026-08-29 17:04:49.497952+00:00,2026-08-29 17:04:49.497952+00:00
125129_4,125129,777,7,substitution,,,,,66538,112589,65,65,False,2026-08-29 17:04:49.497952+00:00,2026-08-29 17:04:49.497952+00:00
125129_5,125129,777,7,substitution,,,,,118442,24797,65,65,False,2026-08-29 17:04:49.497952+00:00,2026-08-29 17:04:49.497952+00:00
125129_6,125129,777,25,yellow,,,,63257,,,70,70,False,2026-08-29 17:04:49.497952+00:00,2026-08-29 17:04:49.497952+00:00
125129_7,125129,777,25,substitution,,,,,66560,63257,79,79,False,2026-08-29 17:04:49.497952+00:00,2026-08-29 17:04:49.497952+00:00
125129_8,125129,777,25,substitution,,,,,8454,304595,81,81,False,2026-08-29 17:04:49.497952+00:00,2026-08-29 17:04:49.497952+00:00
125129_9,125129,777,7,substitution,,,,,133612,12582,86,86,False,2026-08-29 17:04:49.497952+00:00,2026-08-29 17:04:49.497952+00:00
125129_10,125129,777,7,goal,14706,8143,,,,,88,88,False,2026-08-29 17:04:49.497952+00:00,2026-08-29 17:04:49.497952+00:00
125129_11,125129,777,25,goal,8454,8868,,,,,92,90+2',True,2026-08-29 17:04:49.497952+00:00,2026-08-29 17:04:49.497952+00:00
125129_12,125129,777,25,yellow,,,,54893,,,93,90+3',True,2026-08-29 17:04:49.497952+00:00,2026-08-29 17:04:49.497952+00:00
125129_13,125129,777,25,substitution,,,,,63656,8868,95,90+5',True,2026-08-29 17:04:49.497952+00:00,2026-08-29 17:04:49.497952+00:00
125129_14,125129,777,25,yellow,,,,8454,,,95,90+5',True,2026-08-29 17:04:49.497952+00:00,2026-08-29 17:04:49.497952+00:00
125129_15,125129,777,7,yellow,,,,133612,,,99,90+9',True,2026-08-29 17:04:49.497952+00:00,2026-08-29 17:04:49.497952+00:00
125130_0,125130,777,21,substitution,,,,,24630,10443,40,40,False,2026-08-29 17:04:49.497952+00:00,2026-08-29 17:04:49.497952+00:00
125130_1,125130,777,38,yellow,,,,143214,,,48,45+3',True,2026-08-29 17:04:49.497952+00:00,2026-08-29 17:04:49.497952+00:00
125130_2,125130,777,21,substitution,,,,,76614,51185,46,46,False,2026-08-29 17:04:49.497952+00:00,2026-08-29 17:04:49.497952+00:00
125130_3,125130,777,21,yellow,,,,32229,,,55,55,False,2026-08-29 17:04:49.497952+00:00,2026-08-29 17:04:49.497952+00:00
125130_4,125130,777,38,yellow,,,,66692,,,55,55,False,2026-08-29 17:04:49.497952+00:00,2026-08-29 17:04:49.497952+00:00
125130_5,125130,777,21,substitution,,,,,19858,50245,62,62,False,2026-08-29 17:04:49.497952+00:00,2026-08-29 17:04:49.497952+00:00
125130_6,125130,777,21,substitution,,,,,133603,69274,63,63,False,2026-08-29 17:04:49.497952+00:00,2026-08-29 17:04:49.497952+00:00
125130_7,125130,777,21,yellow,,,,22802,,,65,65,False,2026-08-29 17:04:49.497952+00:00,2026-08-29 17:04:49.497952+00:00
125130_8,125130,777,38,substitution,,,,,115371,108947,71,71,False,2026-08-29 17:04:49.497952+00:00,2026-08-29 17:04:49.497952+00:00
125130_9,125130,777,21,yellow,,,,21887,,,74,74,False,2026-08-29 17:04:49.497952+00:00,2026-08-29 17:04:49.497952+00:00
125130_10,125130,777,21,goal,19858,24630,,,,,82,82,False,2026-08-29 17:04:49.497952+00:00,2026-08-29 17:04:49.497952+00:00
125130_11,125130,777,38,substitution,,,,,20337,4229,85,85,False,2026-08-29 17:04:49.497952+00:00,2026-08-29 17:04:49.497952+00:00
125130_12,125130,777,38,substitution,,,,,111988,147032,86,86,False,2026-08-29 17:04:49.497952+00:00,2026-08-29 17:04:49.497952+00:00
125130_13,125130,777,21,substitution,,,,,69070,21887,91,90+1',True,2026-08-29 17:04:49.497952+00:00,2026-08-29 17:04:49.497952+00:00
125130_14,125130,777,38,substitution,,,,,136815,66692,94,90+4',True,2026-08-29 17:04:49.497952+00:00,2026-08-29 17:04:49.497952+00:00
125130_15,125130,777,38,yellow,,,,133679,,,96,90+6',True,2026-08-29 17:04:49.497952+00:00,2026-08-29 17:04:49.497952+00:00
125130_16,125130,777,21,yellow,,,,25892,,,97,90+7',True,2026-08-29 17:04:49.497952+00:00,2026-08-29 17:04:49.497952+00:00
125131_0,125131,777,1,goal,32728,49481,,,,,9,9,False,2026-08-29 17:04:49.497952+00:00,2026-08-29 17:04:49.497952+00:00
125131_1,125131,777,34,yellow,,,,16044,,,23,23,False,2026-08-29 17:04:49.497952+00:00,2026-08-29 17:04:49.497952+00:00
125131_2,125131,777,1,goal,69914,20486,,,,,29,29,False,2026-08-29 17:04:49.497952+00:00,2026-08-29 17:04:49.497952+00:00
125131_3,125131,777,1,goal,49481,32728,,,,,40,40,False,2026-08-29 17:04:49.497952+00:00,2026-08-29 17:04:49.497952+00:00
125131_4,125131,777,1,goal,32728,20486,,,,,49,45+4',True,2026-08-29 17:04:49.497952+00:00,2026-08-29 17:04:49.497952+00:00
125131_5,125131,777,1,substitution,,,,,67407,49481,46,46,False,2026-08-29 17:04:49.497952+00:00,2026-08-29 17:04:49.497952+00:00
125131_6,125131,777,1,substitution,,,,,19680,32728,64,64,False,2026-08-29 17:04:49.497952+00:00,2026-08-29 17:04:49.497952+00:00
125131_7,125131,777,1,substitution,,,,,64523,15202,64,64,False,2026-08-29 17:04:49.497952+00:00,2026-08-29 17:04:49.497952+00:00
125131_8,125131,777,34,substitution,,,,,3894,4818,64,64,False,2026-08-29 17:04:49.497952+00:00,2026-08-29 17:04:49.497952+00:00
125131_9,125131,777,34,substitution,,,,,66657,13961,64,64,False,2026-08-29 17:04:49.497952+00:00,2026-08-29 17:04:49.497952+00:00
125131_10,125131,777,34,substitution,,,,,128976,53063,64,64,False,2026-08-29 17:04:49.497952+00:00,2026-08-29 17:04:49.497952+00:00
125131_11,125131,777,34,substitution,,,,,117763,11071,73,73,False,2026-08-29 17:04:49.497952+00:00,2026-08-29 17:04:49.497952+00:00
125131_12,125131,777,1,substitution,,,,,141181,21584,78,78,False,2026-08-29 17:04:49.497952+00:00,2026-08-29 17:04:49.497952+00:00
125131_13,125131,777,34,substitution,,,,,144894,14445,78,78,False,2026-08-29 17:04:49.497952+00:00,2026-08-29 17:04:49.497952+00:00
125131_14,125131,777,1,substitution,,,,,119476,14548,83,83,False,2026-08-29 17:04:49.497952+00:00,2026-08-29 17:04:49.497952+00:00
125132_0,125132,777,21,goal,21887,,,,,,12,12,False,2026-08-29 17:04:49.497952+00:00,2026-08-29 17:04:49.497952+00:00
125132_1,125132,777,21,goal,24630,76614,,,,,25,25,False,2026-08-29 17:04:49.497952+00:00,2026-08-29 17:04:49.497952+00:00
125132_2,125132,777,21,yellow,,,,51185,,,27,27,False,2026-08-29 17:04:49.497952+00:00,2026-08-29 17:04:49.497952+00:00
125132_3,125132,777,21,yellow,,,,22802,,,45,45,False,2026-08-29 17:04:49.497952+00:00,2026-08-29 17:04:49.497952+00:00
125132_4,125132,777,2,yellow,,,,4115,,,51,51,False,2026-08-29 17:04:49.497952+00:00,2026-08-29 17:04:49.497952+00:00
125132_5,125132,777,2,substitution,,,,,8658,13286,60,60,False,2026-08-29 17:04:49.497952+00:00,2026-08-29 17:04:49.497952+00:00
125132_6,125132,777,21,substitution,,,,,23764,51185,67,67,False,2026-08-29 17:04:49.497952+00:00,2026-08-29 17:04:49.497952+00:00
125132_7,125132,777,21,substitution,,,,,50245,22802,67,67,False,2026-08-29 17:04:49.497952+00:00,2026-08-29 17:04:49.497952+00:00
125132_8,125132,777,21,yellow,,,,76614,,,73,73,False,2026-08-29 17:04:49.497952+00:00,2026-08-29 17:04:49.497952+00:00
125132_9,125132,777,2,yellow,,,,23968,,,77,77,False,2026-08-29 17:04:49.497952+00:00,2026-08-29 17:04:49.497952+00:00
125132_10,125132,777,21,yellow,,,,25892,,,81,81,False,2026-08-29 17:04:49.497952+00:00,2026-08-29 17:04:49.497952+00:00
125132_11,125132,777,2,substitution,,,,,20489,14801,85,85,False,2026-08-29 17:04:49.497952+00:00,2026-08-29 17:04:49.497952+00:00
125132_12,125132,777,2,substitution,,,,,26408,4115,85,85,False,2026-08-29 17:04:49.497952+00:00,2026-08-29 17:04:49.497952+00:00
125132_13,125132,777,21,substitution,,,,,117318,24630,91,90+1',True,2026-08-29 17:04:49.497952+00:00,2026-08-29 17:04:49.497952+00:00
125132_14,125132,777,21,substitution,,,,,133603,76614,91,90+1',True,2026-08-29 17:04:49.497952+00:00,2026-08-29 17:04:49.497952+00:00
125132_15,125132,777,2,goal,26408,13344,,,,,96,90+6',True,2026-08-29 17:04:49.497952+00:00,2026-08-29 17:04:49.497952+00:00
125132_16,125132,777,21,yellow,,,,21887,,,96,90+6',True,2026-08-29 17:04:49.497952+00:00,2026-08-29 17:04:49.497952+00:00
125133_0,125133,777,6,yellow,,,,147312,,,6,6,False,2026-08-29 17:04:49.497952+00:00,2026-08-29 17:04:49.497952+00:00
125133_1,125133,777,127,own goal,,,37776,,,,10,10,False,2026-08-29 17:04:49.497952+00:00,2026-08-29 17:04:49.497952+00:00
125133_2,125133,777,127,penalty goal,137832,,,,,,32,32,False,2026-08-29 17:04:49.497952+00:00,2026-08-29 17:04:49.497952+00:00
125133_3,125133,777,6,yellow,,,,76104,,,38,38,False,2026-08-29 17:04:49.497952+00:00,2026-08-29 17:04:49.497952+00:00
125133_4,125133,777,6,substitution,,,,,24334,76353,46,46,False,2026-08-29 17:04:49.497952+00:00,2026-08-29 17:04:49.497952+00:00
125133_5,125133,777,6,substitution,,,,,49796,109117,46,46,False,2026-08-29 17:04:49.497952+00:00,2026-08-29 17:04:49.497952+00:00
125133_6,125133,777,6,substitution,,,,,69595,49759,46,46,False,2026-08-29 17:04:49.497952+00:00,2026-08-29 17:04:49.497952+00:00
125133_7,125133,777,6,substitution,,,,,20874,35670,65,65,False,2026-08-29 17:04:49.497952+00:00,2026-08-29 17:04:49.497952+00:00
125133_8,125133,777,127,substitution,,,,,15572,42894,69,69,False,2026-08-29 17:04:49.497952+00:00,2026-08-29 17:04:49.497952+00:00
125133_9,125133,777,127,substitution,,,,,13706,137832,70,70,False,2026-08-29 17:04:49.497952+00:00,2026-08-29 17:04:49.497952+00:00
125133_10,125133,777,6,substitution,,,,,50842,110549,76,76,False,2026-08-29 17:04:49.497952+00:00,2026-08-29 17:04:49.497952+00:00
125133_11,125133,777,127,goal,134234,13706,,,,,77,77,False,2026-08-29 17:04:49.497952+00:00,2026-08-29 17:04:49.497952+00:00
125133_12,125133,777,127,substitution,,,,,16582,33032,80,80,False,2026-08-29 17:04:49.497952+00:00,2026-08-29 17:04:49.497952+00:00
125133_13,125133,777,127,substitution,,,,,118080,134234,86,86,False,2026-08-29 17:04:49.497952+00:00,2026-08-29 17:04:49.497952+00:00
125133_14,125133,777,127,substitution,,,,,121972,14846,86,86,False,2026-08-29 17:04:49.497952+00:00,2026-08-29 17:04:49.497952+00:00
125134_0,125134,777,130,own goal,,,32638,,,,15,15,False,2026-08-29 17:04:49.497952+00:00,2026-08-29 17:04:49.497952+00:00
125134_1,125134,777,25,goal,32638,145347,,,,,21,21,False,2026-08-29 17:04:49.497952+00:00,2026-08-29 17:04:49.497952+00:00
125134_2,125134,777,130,penalty goal,124052,,,,,,54,54,False,2026-08-29 17:04:49.497952+00:00,2026-08-29 17:04:49.497952+00:00
125134_3,125134,777,25,yellow,,,,63257,,,59,59,False,2026-08-29 17:04:49.497952+00:00,2026-08-29 17:04:49.497952+00:00
125134_4,125134,777,25,yellow,,,,65961,,,62,62,False,2026-08-29 17:04:49.497952+00:00,2026-08-29 17:04:49.497952+00:00
125134_5,125134,777,25,substitution,,,,,8454,63257,65,65,False,2026-08-29 17:04:49.497952+00:00,2026-08-29 17:04:49.497952+00:00
125134_6,125134,777,25,substitution,,,,,14164,13815,65,65,False,2026-08-29 17:04:49.497952+00:00,2026-08-29 17:04:49.497952+00:00
125134_7,125134,777,130,yellow,,,,133460,,,73,73,False,2026-08-29 17:04:49.497952+00:00,2026-08-29 17:04:49.497952+00:00
125134_8,125134,777,25,substitution,,,,,4979,145347,74,74,False,2026-08-29 17:04:49.497952+00:00,2026-08-29 17:04:49.497952+00:00
125134_9,125134,777,130,substitution,,,,,20113,127594,80,80,False,2026-08-29 17:04:49.497952+00:00,2026-08-29 17:04:49.497952+00:00
125134_10,125134,777,130,goal,49731,24369,,,,,82,82,False,2026-08-29 17:04:49.497952+00:00,2026-08-29 17:04:49.497952+00:00
125134_11,125134,777,25,substitution,,,,,117579,65961,88,88,False,2026-08-29 17:04:49.497952+00:00,2026-08-29 17:04:49.497952+00:00
125134_12,125134,777,25,substitution,,,,,122005,8868,88,88,False,2026-08-29 17:04:49.497952+00:00,2026-08-29 17:04:49.497952+00:00
125134_13,125134,777,130,substitution,,,,,129443,133890,90,90,False,2026-08-29 17:04:49.497952+00:00,2026-08-29 17:04:49.497952+00:00
125134_14,125134,777,130,substitution,,,,,14457,49731,91,90+1',True,2026-08-29 17:04:49.497952+00:00,2026-08-29 17:04:49.497952+00:00
125134_15,125134,777,130,substitution,,,,,115166,24369,91,90+1',True,2026-08-29 17:04:49.497952+00:00,2026-08-29 17:04:49.497952+00:00
125134_16,125134,777,25,yellow,,,,117579,,,96,90+6',True,2026-08-29 17:04:49.497952+00:00,2026-08-29 17:04:49.497952+00:00
125135_0,125135,777,15,goal,15340,138137,,,,,2,2,False,2026-08-29 17:04:49.497952+00:00,2026-08-29 17:04:49.497952+00:00
125135_1,125135,777,15,yellow,,,,67510,,,10,10,False,2026-08-29 17:04:49.497952+00:00,2026-08-29 17:04:49.497952+00:00
125135_2,125135,777,4,yellow,,,,68827,,,14,14,False,2026-08-29 17:04:49.497952+00:00,2026-08-29 17:04:49.497952+00:00
125135_3,125135,777,15,penalty goal,304123,,,,,,15,15,False,2026-08-29 17:04:49.497952+00:00,2026-08-29 17:04:49.497952+00:00
125135_4,125135,777,15,substitution,,,,,23811,117754,50,45+5',True,2026-08-29 17:04:49.497952+00:00,2026-08-29 17:04:49.497952+00:00
125135_5,125135,777,4,substitution,,,,,51813,135830,54,45+9',True,2026-08-29 17:04:49.497952+00:00,2026-08-29 17:04:49.497952+00:00
125135_6,125135,777,4,substitution,,,,,51229,13549,46,46,False,2026-08-29 17:04:49.497952+00:00,2026-08-29 17:04:49.497952+00:00
125135_7,125135,777,15,substitution,,,,,15259,304123,46,46,False,2026-08-29 17:04:49.497952+00:00,2026-08-29 17:04:49.497952+00:00
125135_8,125135,777,15,substitution,,,,,16035,304238,46,46,False,2026-08-29 17:04:49.497952+00:00,2026-08-29 17:04:49.497952+00:00
125135_9,125135,777,15,substitution,,,,,51593,115172,46,46,False,2026-08-29 17:04:49.497952+00:00,2026-08-29 17:04:49.497952+00:00
125135_10,125135,777,15,goal,15340,15259,,,,,52,52,False,2026-08-29 17:04:49.497952+00:00,2026-08-29 17:04:49.497952+00:00
125135_11,125135,777,4,substitution,,,,,133245,99282,58,58,False,2026-08-29 17:04:49.497952+00:00,2026-08-29 17:04:49.497952+00:00
125135_12,125135,777,15,substitution,,,,,3756,15259,66,66,False,2026-08-29 17:04:49.497952+00:00,2026-08-29 17:04:49.497952+00:00
125135_13,125135,777,4,substitution,,,,,75989,14538,67,67,False,2026-08-29 17:04:49.497952+00:00,2026-08-29 17:04:49.497952+00:00
125135_14,125135,777,4,goal,72371,,,,,,73,73,False,2026-08-29 17:04:49.497952+00:00,2026-08-29 17:04:49.497952+00:00
125135_15,125135,777,4,yellow,,,,51813,,,78,78,False,2026-08-29 17:04:49.497952+00:00,2026-08-29 17:04:49.497952+00:00
125135_16,125135,777,4,yellow,,,,112203,,,78,78,False,2026-08-29 17:04:49.497952+00:00,2026-08-29 17:04:49.497952+00:00
125135_17,125135,777,15,substitution,,,,,98300,138137,80,80,False,2026-08-29 17:04:49.497952+00:00,2026-08-29 17:04:49.497952+00:00
125135_18,125135,777,4,goal,72371,27277,,,,,93,90+3',True,2026-08-29 17:04:49.497952+00:00,2026-08-29 17:04:49.497952+00:00
125136_0,125136,777,11,goal,54156,68150,,,,,43,43,False,2026-08-29 17:04:49.497952+00:00,2026-08-29 17:04:49.497952+00:00
125136_1,125136,777,7,yellow,,,,4333,,,45,45,False,2026-08-29 17:04:49.497952+00:00,2026-08-29 17:04:49.497952+00:00
125136_2,125136,777,7,yellow,,,,126789,,,48,48,False,2026-08-29 17:04:49.497952+00:00,2026-08-29 17:04:49.497952+00:00
125136_3,125136,777,7,yellow,,,,8143,,,53,53,False,2026-08-29 17:04:49.497952+00:00,2026-08-29 17:04:49.497952+00:00
125136_4,125136,777,7,substitution,,,,,143922,126789,64,64,False,2026-08-29 17:04:49.497952+00:00,2026-08-29 17:04:49.497952+00:00
125136_5,125136,777,7,goal,143922,,,,,,68,68,False,2026-08-29 17:04:49.497952+00:00,2026-08-29 17:04:49.497952+00:00
125136_6,125136,777,7,goal,112589,23841,,,,,73,73,False,2026-08-29 17:04:49.497952+00:00,2026-08-29 17:04:49.497952+00:00
125136_7,125136,777,11,yellow,,,,22857,,,73,73,False,2026-08-29 17:04:49.497952+00:00,2026-08-29 17:04:49.497952+00:00
125136_8,125136,777,11,substitution,,,,,14805,25474,74,74,False,2026-08-29 17:04:49.497952+00:00,2026-08-29 17:04:49.497952+00:00
125136_9,125136,777,11,substitution,,,,,12520,67849,75,75,False,2026-08-29 17:04:49.497952+00:00,2026-08-29 17:04:49.497952+00:00
125136_10,125136,777,7,goal,143922,,,,,,81,81,False,2026-08-29 17:04:49.497952+00:00,2026-08-29 17:04:49.497952+00:00
125136_11,125136,777,11,goal,65970,12520,,,,,83,83,False,2026-08-29 17:04:49.497952+00:00,2026-08-29 17:04:49.497952+00:00
125136_12,125136,777,7,yellow,,,,112589,,,86,86,False,2026-08-29 17:04:49.497952+00:00,2026-08-29 17:04:49.497952+00:00
125136_13,125136,777,11,substitution,,,,,76216,5067,87,87,False,2026-08-29 17:04:49.497952+00:00,2026-08-29 17:04:49.497952+00:00
125136_14,125136,777,7,substitution,,,,,74585,128411,92,90+2',True,2026-08-29 17:04:49.497952+00:00,2026-08-29 17:04:49.497952+00:00
125136_15,125136,777,7,substitution,,,,,133612,14706,92,90+2',True,2026-08-29 17:04:49.497952+00:00,2026-08-29 17:04:49.497952+00:00
125136_16,125136,777,7,substitution,,,,,134286,66538,96,90+6',True,2026-08-29 17:04:49.497952+00:00,2026-08-29 17:04:49.497952+00:00
125136_17,125136,777,11,goal,54156,14569,,,,,97,90+7',True,2026-08-29 17:04:49.497952+00:00,2026-08-29 17:04:49.497952+00:00
125137_0,125137,777,9,goal,116888,50151,,,,,8,8,False,2026-08-29 17:04:49.497952+00:00,2026-08-29 17:04:49.497952+00:00
125137_1,125137,777,9,yellow,,,,33124,,,27,27,False,2026-08-29 17:04:49.497952+00:00,2026-08-29 17:04:49.497952+00:00
125137_2,125137,777,43,yellow,,,,51498,,,35,35,False,2026-08-29 17:04:49.497952+00:00,2026-08-29 17:04:49.497952+00:00
125137_3,125137,777,43,yellow,,,,74964,,,37,37,False,2026-08-29 17:04:49.497952+00:00,2026-08-29 17:04:49.497952+00:00
125137_4,125137,777,9,yellow,,,,13796,,,40,40,False,2026-08-29 17:04:49.497952+00:00,2026-08-29 17:04:49.497952+00:00
125137_5,125137,777,9,yellow,,,,9576,,,48,48,False,2026-08-29 17:04:49.497952+00:00,2026-08-29 17:04:49.497952+00:00
125137_6,125137,777,9,goal,33162,14608,,,,,52,52,False,2026-08-29 17:04:49.497952+00:00,2026-08-29 17:04:49.497952+00:00
125137_7,125137,777,43,substitution,,,,,68593,8127,54,54,False,2026-08-29 17:04:49.497952+00:00,2026-08-29 17:04:49.497952+00:00
125137_8,125137,777,9,goal,9576,,,,,,56,56,False,2026-08-29 17:04:49.497952+00:00,2026-08-29 17:04:49.497952+00:00
125137_9,125137,777,9,substitution,,,,,14807,33162,65,65,False,2026-08-29 17:04:49.497952+00:00,2026-08-29 17:04:49.497952+00:00
125137_10,125137,777,43,substitution,,,,,63851,4617,65,65,False,2026-08-29 17:04:49.497952+00:00,2026-08-29 17:04:49.497952+00:00
125137_11,125137,777,43,substitution,,,,,137462,127393,65,65,False,2026-08-29 17:04:49.497952+00:00,2026-08-29 17:04:49.497952+00:00
125137_12,125137,777,43,goal,74964,50460,,,,,71,71,False,2026-08-29 17:04:49.497952+00:00,2026-08-29 17:04:49.497952+00:00
125137_13,125137,777,9,substitution,,,,,14897,126426,72,72,False,2026-08-29 17:04:49.497952+00:00,2026-08-29 17:04:49.497952+00:00
125137_14,125137,777,9,substitution,,,,,63289,116888,72,72,False,2026-08-29 17:04:49.497952+00:00,2026-08-29 17:04:49.497952+00:00
125137_15,125137,777,9,yellow,,,,19731,,,75,75,False,2026-08-29 17:04:49.497952+00:00,2026-08-29 17:04:49.497952+00:00
125137_16,125137,777,43,substitution,,,,,31442,75735,76,76,False,2026-08-29 17:04:49.497952+00:00,2026-08-29 17:04:49.497952+00:00
125137_17,125137,777,43,substitution,,,,,128449,51498,76,76,False,2026-08-29 17:04:49.497952+00:00,2026-08-29 17:04:49.497952+00:00
125137_18,125137,777,43,yellow,,,,68593,,,88,88,False,2026-08-29 17:04:49.497952+00:00,2026-08-29 17:04:49.497952+00:00
125137_19,125137,777,9,substitution,,,,,13797,14608,94,90+4',True,2026-08-29 17:04:49.497952+00:00,2026-08-29 17:04:49.497952+00:00
125137_20,125137,777,9,substitution,,,,,68676,9576,94,90+4',True,2026-08-29 17:04:49.497952+00:00,2026-08-29 17:04:49.497952+00:00
125138_0,125138,777,12,goal,51202,,,,,,6,6,False,2026-08-29 17:04:49.497952+00:00,2026-08-29 17:04:49.497952+00:00
125138_1,125138,777,12,goal,66036,,,,,,14,14,False,2026-08-29 17:04:49.497952+00:00,2026-08-29 17:04:49.497952+00:00
125138_2,125138,777,12,substitution,,,,,69176,66036,46,46,False,2026-08-29 17:04:49.497952+00:00,2026-08-29 17:04:49.497952+00:00
125138_3,125138,777,10,goal,33231,,,,,,47,47,False,2026-08-29 17:04:49.497952+00:00,2026-08-29 17:04:49.497952+00:00
125138_4,125138,777,12,yellow,,,,4608,,,49,49,False,2026-08-29 17:04:49.497952+00:00,2026-08-29 17:04:49.497952+00:00
125138_5,125138,777,10,goal,32894,33231,,,,,56,56,False,2026-08-29 17:04:49.497952+00:00,2026-08-29 17:04:49.497952+00:00
125138_6,125138,777,10,substitution,,,,,116665,10458,59,59,False,2026-08-29 17:04:49.497952+00:00,2026-08-29 17:04:49.497952+00:00
125138_7,125138,777,10,substitution,,,,,134796,19919,75,75,False,2026-08-29 17:04:49.497952+00:00,2026-08-29 17:04:49.497952+00:00
125138_8,125138,777,12,substitution,,,,,146567,66360,75,75,False,2026-08-29 17:04:49.497952+00:00,2026-08-29 17:04:49.497952+00:00
125138_9,125138,777,10,yellow,,,,23815,,,75,75,False,2026-08-29 17:04:49.497952+00:00,2026-08-29 17:04:49.497952+00:00
125138_10,125138,777,12,goal,108936,,,,,,77,77,False,2026-08-29 17:04:49.497952+00:00,2026-08-29 17:04:49.497952+00:00
125138_11,125138,777,12,yellow,,,,23396,,,81,81,False,2026-08-29 17:04:49.497952+00:00,2026-08-29 17:04:49.497952+00:00
125138_12,125138,777,10,yellow,,,,32894,,,85,85,False,2026-08-29 17:04:49.497952+00:00,2026-08-29 17:04:49.497952+00:00
125138_13,125138,777,10,substitution,,,,,15802,23593,87,87,False,2026-08-29 17:04:49.497952+00:00,2026-08-29 17:04:49.497952+00:00
125138_14,125138,777,12,substitution,,,,,50848,51202,87,87,False,2026-08-29 17:04:49.497952+00:00,2026-08-29 17:04:49.497952+00:00
125138_15,125138,777,12,substitution,,,,,118591,23396,96,90+6',True,2026-08-29 17:04:49.497952+00:00,2026-08-29 17:04:49.497952+00:00
125139_0,125139,777,23,goal,114590,9662,,,,,12,12,False,2026-08-29 17:04:49.497952+00:00,2026-08-29 17:04:49.497952+00:00
125139_1,125139,777,131,substitution,,,,,4874,72239,18,18,False,2026-08-29 17:04:49.497952+00:00,2026-08-29 17:04:49.497952+00:00
125139_2,125139,777,131,yellow,,,,4874,,,22,22,False,2026-08-29 17:04:49.497952+00:00,2026-08-29 17:04:49.497952+00:00
125139_3,125139,777,23,goal,8707,74761,,,,,24,24,False,2026-08-29 17:04:49.497952+00:00,2026-08-29 17:04:49.497952+00:00
125139_4,125139,777,131,yellow,,,,117732,,,39,39,False,2026-08-29 17:04:49.497952+00:00,2026-08-29 17:04:49.497952+00:00
125139_5,125139,777,23,yellow,,,,8707,,,53,53,False,2026-08-29 17:04:49.497952+00:00,2026-08-29 17:04:49.497952+00:00
125139_6,125139,777,131,goal,112739,3452,,,,,61,61,False,2026-08-29 17:04:49.497952+00:00,2026-08-29 17:04:49.497952+00:00
125139_7,125139,777,23,substitution,,,,,14716,9662,68,68,False,2026-08-29 17:04:49.497952+00:00,2026-08-29 17:04:49.497952+00:00
125139_8,125139,777,23,substitution,,,,,108922,14446,68,68,False,2026-08-29 17:04:49.497952+00:00,2026-08-29 17:04:49.497952+00:00
125139_9,125139,777,23,substitution,,,,,117497,114590,68,68,False,2026-08-29 17:04:49.497952+00:00,2026-08-29 17:04:49.497952+00:00
125139_10,125139,777,131,substitution,,,,,145043,124396,80,80,False,2026-08-29 17:04:49.497952+00:00,2026-08-29 17:04:49.497952+00:00
125139_11,125139,777,131,substitution,,,,,51830,3452,81,81,False,2026-08-29 17:04:49.497952+00:00,2026-08-29 17:04:49.497952+00:00
125139_12,125139,777,131,substitution,,,,,67928,4874,81,81,False,2026-08-29 17:04:49.497952+00:00,2026-08-29 17:04:49.497952+00:00
125139_13,125139,777,23,yellow,,,,71623,,,85,85,False,2026-08-29 17:04:49.497952+00:00,2026-08-29 17:04:49.497952+00:00
125139_14,125139,777,23,yellow,,,,117497,,,87,87,False,2026-08-29 17:04:49.497952+00:00,2026-08-29 17:04:49.497952+00:00
125139_15,125139,777,131,substitution,,,,,8163,112739,88,88,False,2026-08-29 17:04:49.497952+00:00,2026-08-29 17:04:49.497952+00:00
125139_16,125139,777,23,substitution,,,,,19888,74761,91,90+1',True,2026-08-29 17:04:49.497952+00:00,2026-08-29 17:04:49.497952+00:00
125139_17,125139,777,131,yellow,,,,76090,,,92,90+2',True,2026-08-29 17:04:49.497952+00:00,2026-08-29 17:04:49.497952+00:00
125139_18,125139,777,23,goal,14716,117497,,,,,95,90+5',True,2026-08-29 17:04:49.497952+00:00,2026-08-29 17:04:49.497952+00:00
125140_0,125140,777,29,goal,51199,12136,,,,,17,17,False,2026-08-29 17:04:49.497952+00:00,2026-08-29 17:04:49.497952+00:00
125140_1,125140,777,29,red,,,,19864,,,24,24,False,2026-08-29 17:04:49.497952+00:00,2026-08-29 17:04:49.497952+00:00
125140_2,125140,777,29,yellow,,,,67784,,,47,45+2',True,2026-08-29 17:04:49.497952+00:00,2026-08-29 17:04:49.497952+00:00
125140_3,125140,777,38,substitution,,,,,108947,147032,46,46,False,2026-08-29 17:04:49.497952+00:00,2026-08-29 17:04:49.497952+00:00
125140_4,125140,777,38,goal,43010,66692,,,,,54,54,False,2026-08-29 17:04:49.497952+00:00,2026-08-29 17:04:49.497952+00:00
125140_5,125140,777,29,yellow,,,,12136,,,56,56,False,2026-08-29 17:04:49.497952+00:00,2026-08-29 17:04:49.497952+00:00
125140_6,125140,777,29,substitution,,,,,51609,63733,72,72,False,2026-08-29 17:04:49.497952+00:00,2026-08-29 17:04:49.497952+00:00
125140_7,125140,777,29,substitution,,,,,52989,67784,72,72,False,2026-08-29 17:04:49.497952+00:00,2026-08-29 17:04:49.497952+00:00
125140_8,125140,777,29,substitution,,,,,126110,124944,72,72,False,2026-08-29 17:04:49.497952+00:00,2026-08-29 17:04:49.497952+00:00
125140_9,125140,777,38,substitution,,,,,14830,66692,78,78,False,2026-08-29 17:04:49.497952+00:00,2026-08-29 17:04:49.497952+00:00
125140_10,125140,777,29,yellow,,,,51609,,,81,81,False,2026-08-29 17:04:49.497952+00:00,2026-08-29 17:04:49.497952+00:00
125140_11,125140,777,29,yellow,,,,75692,,,92,90+2',True,2026-08-29 17:04:49.497952+00:00,2026-08-29 17:04:49.497952+00:00
125140_12,125140,777,38,substitution,,,,,129740,115371,93,90+3',True,2026-08-29 17:04:49.497952+00:00,2026-08-29 17:04:49.497952+00:00
125141_0,125141,777,131,goal,112739,67928,,,,,1,1,False,2026-08-29 17:04:49.497952+00:00,2026-08-29 17:04:49.497952+00:00
125141_1,125141,777,131,goal,8163,67928,,,,,5,5,False,2026-08-29 17:04:49.497952+00:00,2026-08-29 17:04:49.497952+00:00
125141_2,125141,777,131,yellow,,,,117732,,,24,24,False,2026-08-29 17:04:49.497952+00:00,2026-08-29 17:04:49.497952+00:00
125141_3,125141,777,38,substitution,,,,,136815,66692,46,46,False,2026-08-29 17:04:49.497952+00:00,2026-08-29 17:04:49.497952+00:00
125141_4,125141,777,38,yellow,,,,20337,,,49,49,False,2026-08-29 17:04:49.497952+00:00,2026-08-29 17:04:49.497952+00:00
125141_5,125141,777,131,substitution,,,,,4874,117732,58,58,False,2026-08-29 17:04:49.497952+00:00,2026-08-29 17:04:49.497952+00:00
125141_6,125141,777,38,substitution,,,,,108947,147032,67,67,False,2026-08-29 17:04:49.497952+00:00,2026-08-29 17:04:49.497952+00:00
125141_7,125141,777,38,substitution,,,,,126108,145492,67,67,False,2026-08-29 17:04:49.497952+00:00,2026-08-29 17:04:49.497952+00:00
125141_8,125141,777,38,yellow,,,,143214,,,68,68,False,2026-08-29 17:04:49.497952+00:00,2026-08-29 17:04:49.497952+00:00
125141_9,125141,777,131,substitution,,,,,51830,3452,76,76,False,2026-08-29 17:04:49.497952+00:00,2026-08-29 17:04:49.497952+00:00
125141_10,125141,777,131,substitution,,,,,134333,124396,76,76,False,2026-08-29 17:04:49.497952+00:00,2026-08-29 17:04:49.497952+00:00
125141_11,125141,777,131,goal,136175,,,,,,86,86,False,2026-08-29 17:04:49.497952+00:00,2026-08-29 17:04:49.497952+00:00
125141_12,125141,777,131,substitution,,,,,8171,67928,88,88,False,2026-08-29 17:04:49.497952+00:00,2026-08-29 17:04:49.497952+00:00
125141_13,125141,777,131,substitution,,,,,145043,112739,88,88,False,2026-08-29 17:04:49.497952+00:00,2026-08-29 17:04:49.497952+00:00
125141_14,125141,777,38,substitution,,,,,14830,20337,89,89,False,2026-08-29 17:04:49.497952+00:00,2026-08-29 17:04:49.497952+00:00
125141_15,125141,777,38,substitution,,,,,115371,133679,89,89,False,2026-08-29 17:04:49.497952+00:00,2026-08-29 17:04:49.497952+00:00
125142_0,125142,777,43,goal,50460,,,,,,8,8,False,2026-08-29 17:04:49.497952+00:00,2026-08-29 17:04:49.497952+00:00
125142_1,125142,777,2,goal,8658,23968,,,,,38,38,False,2026-08-29 17:04:49.497952+00:00,2026-08-29 17:04:49.497952+00:00
125142_2,125142,777,2,goal,4115,51423,,,,,42,42,False,2026-08-29 17:04:49.497952+00:00,2026-08-29 17:04:49.497952+00:00
125142_3,125142,777,2,yellow,,,,8900,,,49,49,False,2026-08-29 17:04:49.497952+00:00,2026-08-29 17:04:49.497952+00:00
125142_4,125142,777,2,goal,8658,4245,,,,,56,56,False,2026-08-29 17:04:49.497952+00:00,2026-08-29 17:04:49.497952+00:00
125142_5,125142,777,43,goal,75735,68593,,,,,59,59,False,2026-08-29 17:04:49.497952+00:00,2026-08-29 17:04:49.497952+00:00
125142_6,125142,777,43,yellow,,,,75735,,,60,60,False,2026-08-29 17:04:49.497952+00:00,2026-08-29 17:04:49.497952+00:00
125142_7,125142,777,43,substitution,,,,,64282,68593,69,69,False,2026-08-29 17:04:49.497952+00:00,2026-08-29 17:04:49.497952+00:00
125142_8,125142,777,2,substitution,,,,,5758,51223,74,74,False,2026-08-29 17:04:49.497952+00:00,2026-08-29 17:04:49.497952+00:00
125142_9,125142,777,2,substitution,,,,,26408,5066,74,74,False,2026-08-29 17:04:49.497952+00:00,2026-08-29 17:04:49.497952+00:00
125142_10,125142,777,43,substitution,,,,,8127,74960,79,79,False,2026-08-29 17:04:49.497952+00:00,2026-08-29 17:04:49.497952+00:00
125142_11,125142,777,2,substitution,,,,,24626,4115,80,80,False,2026-08-29 17:04:49.497952+00:00,2026-08-29 17:04:49.497952+00:00
125142_12,125142,777,2,substitution,,,,,107846,13344,80,80,False,2026-08-29 17:04:49.497952+00:00,2026-08-29 17:04:49.497952+00:00
125142_13,125142,777,43,substitution,,,,,128449,75735,80,80,False,2026-08-29 17:04:49.497952+00:00,2026-08-29 17:04:49.497952+00:00
125142_14,125142,777,2,substitution,,,,,20489,51423,85,85,False,2026-08-29 17:04:49.497952+00:00,2026-08-29 17:04:49.497952+00:00
125142_15,125142,777,43,substitution,,,,,4617,63851,87,87,False,2026-08-29 17:04:49.497952+00:00,2026-08-29 17:04:49.497952+00:00
125142_16,125142,777,43,substitution,,,,,19831,50460,88,88,False,2026-08-29 17:04:49.497952+00:00,2026-08-29 17:04:49.497952+00:00
125143_0,125143,777,7,goal,8143,,,,,,6,6,False,2026-08-29 17:04:49.497952+00:00,2026-08-29 17:04:49.497952+00:00
125143_1,125143,777,7,yellow,,,,23841,,,30,30,False,2026-08-29 17:04:49.497952+00:00,2026-08-29 17:04:49.497952+00:00
125143_2,125143,777,6,goal,49796,,,,,,34,34,False,2026-08-29 17:04:49.497952+00:00,2026-08-29 17:04:49.497952+00:00
125143_3,125143,777,7,yellow,,,,24983,,,45,45,False,2026-08-29 17:04:49.497952+00:00,2026-08-29 17:04:49.497952+00:00
125143_4,125143,777,7,goal,126789,8143,,,,,47,47,False,2026-08-29 17:04:49.497952+00:00,2026-08-29 17:04:49.497952+00:00
125143_5,125143,777,6,substitution,,,,,20874,35670,65,65,False,2026-08-29 17:04:49.497952+00:00,2026-08-29 17:04:49.497952+00:00
125143_6,125143,777,7,substitution,,,,,143922,126789,70,70,False,2026-08-29 17:04:49.497952+00:00,2026-08-29 17:04:49.497952+00:00
125143_7,125143,777,6,goal,20874,,,,,,77,77,False,2026-08-29 17:04:49.497952+00:00,2026-08-29 17:04:49.497952+00:00
125143_8,125143,777,6,substitution,,,,,37776,49374,80,80,False,2026-08-29 17:04:49.497952+00:00,2026-08-29 17:04:49.497952+00:00
125143_9,125143,777,7,substitution,,,,,118442,128411,80,80,False,2026-08-29 17:04:49.497952+00:00,2026-08-29 17:04:49.497952+00:00
125143_10,125143,777,7,substitution,,,,,133612,14706,94,90+4',True,2026-08-29 17:04:49.497952+00:00,2026-08-29 17:04:49.497952+00:00
125144_0,125144,777,127,red,,,,15572,,,42,42,False,2026-08-29 17:04:49.497952+00:00,2026-08-29 17:04:49.497952+00:00
125144_1,125144,777,127,substitution,,,,,42894,33032,43,43,False,2026-08-29 17:04:49.497952+00:00,2026-08-29 17:04:49.497952+00:00
125144_2,125144,777,34,red,,,,26151,,,52,45+7',True,2026-08-29 17:04:49.497952+00:00,2026-08-29 17:04:49.497952+00:00
125144_3,125144,777,34,substitution,,,,,49884,14445,46,46,False,2026-08-29 17:04:49.497952+00:00,2026-08-29 17:04:49.497952+00:00
125144_4,125144,777,34,yellow,,,,117763,,,50,50,False,2026-08-29 17:04:49.497952+00:00,2026-08-29 17:04:49.497952+00:00
125144_5,125144,777,127,goal,134234,3512,,,,,53,53,False,2026-08-29 17:04:49.497952+00:00,2026-08-29 17:04:49.497952+00:00
125144_6,125144,777,34,yellow,,,,16044,,,59,59,False,2026-08-29 17:04:49.497952+00:00,2026-08-29 17:04:49.497952+00:00
125144_7,125144,777,34,substitution,,,,,66657,13961,62,62,False,2026-08-29 17:04:49.497952+00:00,2026-08-29 17:04:49.497952+00:00
125144_8,125144,777,34,substitution,,,,,121610,53063,62,62,False,2026-08-29 17:04:49.497952+00:00,2026-08-29 17:04:49.497952+00:00
125144_9,125144,777,127,yellow,,,,74976,,,65,65,False,2026-08-29 17:04:49.497952+00:00,2026-08-29 17:04:49.497952+00:00
125144_10,125144,777,34,substitution,,,,,128976,3894,76,76,False,2026-08-29 17:04:49.497952+00:00,2026-08-29 17:04:49.497952+00:00
125144_11,125144,777,34,yellow,,,,14624,,,77,77,False,2026-08-29 17:04:49.497952+00:00,2026-08-29 17:04:49.497952+00:00
125144_12,125144,777,127,substitution,,,,,118080,14846,78,78,False,2026-08-29 17:04:49.497952+00:00,2026-08-29 17:04:49.497952+00:00
125144_13,125144,777,127,substitution,,,,,13706,134234,79,79,False,2026-08-29 17:04:49.497952+00:00,2026-08-29 17:04:49.497952+00:00
125144_14,125144,777,127,substitution,,,,,16582,137832,79,79,False,2026-08-29 17:04:49.497952+00:00,2026-08-29 17:04:49.497952+00:00
125144_15,125144,777,34,yellow,,,,128976,,,82,82,False,2026-08-29 17:04:49.497952+00:00,2026-08-29 17:04:49.497952+00:00
125144_16,125144,777,34,substitution,,,,,144894,6712,83,83,False,2026-08-29 17:04:49.497952+00:00,2026-08-29 17:04:49.497952+00:00
125144_17,125144,777,127,substitution,,,,,135304,74976,91,90+1',True,2026-08-29 17:04:49.497952+00:00,2026-08-29 17:04:49.497952+00:00
125144_18,125144,777,127,yellow,,,,14846,,,95,90+5',True,2026-08-29 17:04:49.497952+00:00,2026-08-29 17:04:49.497952+00:00
125145_0,125145,777,10,goal,49909,134796,,,,,6,6,False,2026-08-29 17:04:49.497952+00:00,2026-08-29 17:04:49.497952+00:00
125145_1,125145,777,4,goal,63741,,,,,,35,35,False,2026-08-29 17:04:49.497952+00:00,2026-08-29 17:04:49.497952+00:00
125145_2,125145,777,4,goal,49293,,,,,,49,49,False,2026-08-29 17:04:49.497952+00:00,2026-08-29 17:04:49.497952+00:00
125145_3,125145,777,4,substitution,,,,,14571,133245,63,63,False,2026-08-29 17:04:49.497952+00:00,2026-08-29 17:04:49.497952+00:00
125145_4,125145,777,10,substitution,,,,,21737,134796,67,67,False,2026-08-29 17:04:49.497952+00:00,2026-08-29 17:04:49.497952+00:00
125145_5,125145,777,4,yellow,,,,119041,,,67,67,False,2026-08-29 17:04:49.497952+00:00,2026-08-29 17:04:49.497952+00:00
125145_6,125145,777,4,yellow,,,,63741,,,73,73,False,2026-08-29 17:04:49.497952+00:00,2026-08-29 17:04:49.497952+00:00
125145_7,125145,777,10,substitution,,,,,10651,23593,77,77,False,2026-08-29 17:04:49.497952+00:00,2026-08-29 17:04:49.497952+00:00
125145_8,125145,777,10,substitution,,,,,15802,32894,77,77,False,2026-08-29 17:04:49.497952+00:00,2026-08-29 17:04:49.497952+00:00
125145_9,125145,777,4,yellow,,,,27277,,,83,83,False,2026-08-29 17:04:49.497952+00:00,2026-08-29 17:04:49.497952+00:00
125145_10,125145,777,10,yellow,,,,10651,,,88,88,False,2026-08-29 17:04:49.497952+00:00,2026-08-29 17:04:49.497952+00:00
125145_11,125145,777,4,yellow,,,,112203,,,89,89,False,2026-08-29 17:04:49.497952+00:00,2026-08-29 17:04:49.497952+00:00
125145_12,125145,777,10,yellow,,,,63633,,,94,90+4',True,2026-08-29 17:04:49.497952+00:00,2026-08-29 17:04:49.497952+00:00
125146_0,125146,777,11,yellow,,,,5067,,,36,36,False,2026-08-29 17:04:49.497952+00:00,2026-08-29 17:04:49.497952+00:00
125146_1,125146,777,11,goal,54156,,,,,,60,60,False,2026-08-29 17:04:49.497952+00:00,2026-08-29 17:04:49.497952+00:00
125146_2,125146,777,11,substitution,,,,,14805,26335,60,60,False,2026-08-29 17:04:49.497952+00:00,2026-08-29 17:04:49.497952+00:00
125146_3,125146,777,11,substitution,,,,,76216,68150,60,60,False,2026-08-29 17:04:49.497952+00:00,2026-08-29 17:04:49.497952+00:00
125146_4,125146,777,130,substitution,,,,,23194,115166,61,61,False,2026-08-29 17:04:49.497952+00:00,2026-08-29 17:04:49.497952+00:00
125146_5,125146,777,130,substitution,,,,,133890,49731,69,69,False,2026-08-29 17:04:49.497952+00:00,2026-08-29 17:04:49.497952+00:00
125146_6,125146,777,11,yellow,,,,112948,,,74,74,False,2026-08-29 17:04:49.497952+00:00,2026-08-29 17:04:49.497952+00:00
125146_7,125146,777,11,goal,65970,,,,,,75,75,False,2026-08-29 17:04:49.497952+00:00,2026-08-29 17:04:49.497952+00:00
125146_8,125146,777,130,substitution,,,,,3712,128891,79,79,False,2026-08-29 17:04:49.497952+00:00,2026-08-29 17:04:49.497952+00:00
125146_9,125146,777,130,yellow,,,,20113,,,80,80,False,2026-08-29 17:04:49.497952+00:00,2026-08-29 17:04:49.497952+00:00
125146_10,125146,777,11,yellow,,,,76204,,,88,88,False,2026-08-29 17:04:49.497952+00:00,2026-08-29 17:04:49.497952+00:00
125146_11,125146,777,130,yellow,,,,3712,,,88,88,False,2026-08-29 17:04:49.497952+00:00,2026-08-29 17:04:49.497952+00:00
125146_12,125146,777,11,substitution,,,,,126943,54156,90,90,False,2026-08-29 17:04:49.497952+00:00,2026-08-29 17:04:49.497952+00:00
125146_13,125146,777,11,goal,76216,65970,,,,,92,90+2',True,2026-08-29 17:04:49.497952+00:00,2026-08-29 17:04:49.497952+00:00
125146_14,125146,777,11,yellow,,,,76216,,,95,90+5',True,2026-08-29 17:04:49.497952+00:00,2026-08-29 17:04:49.497952+00:00
125147_0,125147,777,15,substitution,,,,,14238,115172,46,46,False,2026-08-29 17:04:49.497952+00:00,2026-08-29 17:04:49.497952+00:00
125147_1,125147,777,15,yellow,,,,304123,,,49,49,False,2026-08-29 17:04:49.497952+00:00,2026-08-29 17:04:49.497952+00:00
125147_2,125147,777,15,yellow,,,,14238,,,54,54,False,2026-08-29 17:04:49.497952+00:00,2026-08-29 17:04:49.497952+00:00
125147_3,125147,777,23,substitution,,,,,14716,9662,61,61,False,2026-08-29 17:04:49.497952+00:00,2026-08-29 17:04:49.497952+00:00
125147_4,125147,777,23,substitution,,,,,19888,115256,61,61,False,2026-08-29 17:04:49.497952+00:00,2026-08-29 17:04:49.497952+00:00
125147_5,125147,777,15,substitution,,,,,98300,138137,64,64,False,2026-08-29 17:04:49.497952+00:00,2026-08-29 17:04:49.497952+00:00
125147_6,125147,777,23,substitution,,,,,117497,114590,71,71,False,2026-08-29 17:04:49.497952+00:00,2026-08-29 17:04:49.497952+00:00
125147_7,125147,777,15,substitution,,,,,3756,15340,73,73,False,2026-08-29 17:04:49.497952+00:00,2026-08-29 17:04:49.497952+00:00
125147_8,125147,777,23,goal,14716,19888,,,,,74,74,False,2026-08-29 17:04:49.497952+00:00,2026-08-29 17:04:49.497952+00:00
125147_9,125147,777,15,substitution,,,,,49270,76426,83,83,False,2026-08-29 17:04:49.497952+00:00,2026-08-29 17:04:49.497952+00:00
125147_10,125147,777,15,substitution,,,,,127668,304123,83,83,False,2026-08-29 17:04:49.497952+00:00,2026-08-29 17:04:49.497952+00:00
125147_11,125147,777,15,goal,51593,49270,,,,,88,88,False,2026-08-29 17:04:49.497952+00:00,2026-08-29 17:04:49.497952+00:00
125147_12,125147,777,23,substitution,,,,,3905,74761,95,90+5',True,2026-08-29 17:04:49.497952+00:00,2026-08-29 17:04:49.497952+00:00
125148_0,125148,777,12,yellow,,,,14580,,,54,54,False,2026-08-29 17:04:49.497952+00:00,2026-08-29 17:04:49.497952+00:00
125148_1,125148,777,12,yellow,,,,50848,,,58,58,False,2026-08-29 17:04:49.497952+00:00,2026-08-29 17:04:49.497952+00:00
125148_2,125148,777,12,substitution,,,,,146567,50848,65,65,False,2026-08-29 17:04:49.497952+00:00,2026-08-29 17:04:49.497952+00:00
125148_3,125148,777,12,substitution,,,,,66360,69176,75,75,False,2026-08-29 17:04:49.497952+00:00,2026-08-29 17:04:49.497952+00:00
125148_4,125148,777,29,substitution,,,,,115105,118633,79,79,False,2026-08-29 17:04:49.497952+00:00,2026-08-29 17:04:49.497952+00:00
125148_5,125148,777,29,substitution,,,,,126920,122126,90,90,False,2026-08-29 17:04:49.497952+00:00,2026-08-29 17:04:49.497952+00:00
125148_6,125148,777,12,yellow,,,,51202,,,93,90+3',True,2026-08-29 17:04:49.497952+00:00,2026-08-29 17:04:49.497952+00:00
125149_0,125149,777,21,yellow,,,,25892,,,41,41,False,2026-08-29 17:04:49.497952+00:00,2026-08-29 17:04:49.497952+00:00
125149_1,125149,777,21,goal,76614,,,,,,50,50,False,2026-08-29 17:04:49.497952+00:00,2026-08-29 17:04:49.497952+00:00
125149_2,125149,777,9,substitution,,,,,35718,33124,56,56,False,2026-08-29 17:04:49.497952+00:00,2026-08-29 17:04:49.497952+00:00
125149_3,125149,777,9,substitution,,,,,14807,63289,63,63,False,2026-08-29 17:04:49.497952+00:00,2026-08-29 17:04:49.497952+00:00
125149_4,125149,777,9,substitution,,,,,68676,13797,63,63,False,2026-08-29 17:04:49.497952+00:00,2026-08-29 17:04:49.497952+00:00
125149_5,125149,777,21,yellow,,,,19858,,,66,66,False,2026-08-29 17:04:49.497952+00:00,2026-08-29 17:04:49.497952+00:00
125149_6,125149,777,9,penalty goal,9576,,,,,,74,74,False,2026-08-29 17:04:49.497952+00:00,2026-08-29 17:04:49.497952+00:00
125149_7,125149,777,9,yellow,,,,13796,,,79,79,False,2026-08-29 17:04:49.497952+00:00,2026-08-29 17:04:49.497952+00:00
125149_8,125149,777,21,substitution,,,,,133603,22802,81,81,False,2026-08-29 17:04:49.497952+00:00,2026-08-29 17:04:49.497952+00:00
125149_9,125149,777,21,yellow,,,,32229,,,82,82,False,2026-08-29 17:04:49.497952+00:00,2026-08-29 17:04:49.497952+00:00
125149_10,125149,777,21,substitution,,,,,8456,76614,85,85,False,2026-08-29 17:04:49.497952+00:00,2026-08-29 17:04:49.497952+00:00
125149_11,125149,777,21,substitution,,,,,23764,126824,85,85,False,2026-08-29 17:04:49.497952+00:00,2026-08-29 17:04:49.497952+00:00
125149_12,125149,777,9,substitution,,,,,14897,126426,93,90+3',True,2026-08-29 17:04:49.497952+00:00,2026-08-29 17:04:49.497952+00:00
125150_0,125150,777,1,substitution,,,,,64523,14548,28,28,False,2026-08-29 17:04:49.497952+00:00,2026-08-29 17:04:49.497952+00:00
125150_1,125150,777,25,yellow,,,,63257,,,34,34,False,2026-08-29 17:04:49.497952+00:00,2026-08-29 17:04:49.497952+00:00
125150_2,125150,777,25,yellow,,,,65961,,,38,38,False,2026-08-29 17:04:49.497952+00:00,2026-08-29 17:04:49.497952+00:00
125150_3,125150,777,1,substitution,,,,,119476,69914,46,46,False,2026-08-29 17:04:49.497952+00:00,2026-08-29 17:04:49.497952+00:00
125150_4,125150,777,1,substitution,,,,,11419,21584,67,67,False,2026-08-29 17:04:49.497952+00:00,2026-08-29 17:04:49.497952+00:00
125150_5,125150,777,1,substitution,,,,,20810,64523,67,67,False,2026-08-29 17:04:49.497952+00:00,2026-08-29 17:04:49.497952+00:00
125150_6,125150,777,25,substitution,,,,,304595,63257,67,67,False,2026-08-29 17:04:49.497952+00:00,2026-08-29 17:04:49.497952+00:00
125150_7,125150,777,25,yellow,,,,63656,,,68,68,False,2026-08-29 17:04:49.497952+00:00,2026-08-29 17:04:49.497952+00:00
125150_8,125150,777,1,yellow,,,,49481,,,77,77,False,2026-08-29 17:04:49.497952+00:00,2026-08-29 17:04:49.497952+00:00
125150_9,125150,777,1,yellow,,,,119476,,,79,79,False,2026-08-29 17:04:49.497952+00:00,2026-08-29 17:04:49.497952+00:00
125150_10,125150,777,1,substitution,,,,,67407,49481,80,80,False,2026-08-29 17:04:49.497952+00:00,2026-08-29 17:04:49.497952+00:00
125150_11,125150,777,1,goal,20486,11419,,,,,83,83,False,2026-08-29 17:04:49.497952+00:00,2026-08-29 17:04:49.497952+00:00
125150_12,125150,777,25,substitution,,,,,8454,54893,85,85,False,2026-08-29 17:04:49.497952+00:00,2026-08-29 17:04:49.497952+00:00
125150_13,125150,777,1,yellow,,,,66204,,,89,89,False,2026-08-29 17:04:49.497952+00:00,2026-08-29 17:04:49.497952+00:00
125150_14,125150,777,1,yellow,,,,20486,,,91,90+1',True,2026-08-29 17:04:49.497952+00:00,2026-08-29 17:04:49.497952+00:00
125150_15,125150,777,25,goal,8454,,,,,,95,90+5',True,2026-08-29 17:04:49.497952+00:00,2026-08-29 17:04:49.497952+00:00
125151_0,125151,777,43,yellow,,,,68593,,,28,28,False,2026-08-29 17:04:49.497952+00:00,2026-08-29 17:04:49.497952+00:00
125151_1,125151,777,1,goal,20810,49481,,,,,37,37,False,2026-08-29 17:04:49.497952+00:00,2026-08-29 17:04:49.497952+00:00
125151_2,125151,777,1,yellow,,,,20810,,,67,67,False,2026-08-29 17:04:49.497952+00:00,2026-08-29 17:04:49.497952+00:00
125151_3,125151,777,43,substitution,,,,,128449,68593,70,70,False,2026-08-29 17:04:49.497952+00:00,2026-08-29 17:04:49.497952+00:00
125151_4,125151,777,43,substitution,,,,,8127,74960,71,71,False,2026-08-29 17:04:49.497952+00:00,2026-08-29 17:04:49.497952+00:00
125151_5,125151,777,1,substitution,,,,,118077,69914,72,72,False,2026-08-29 17:04:49.497952+00:00,2026-08-29 17:04:49.497952+00:00
125151_6,125151,777,1,substitution,,,,,32728,20810,73,73,False,2026-08-29 17:04:49.497952+00:00,2026-08-29 17:04:49.497952+00:00
125151_7,125151,777,1,substitution,,,,,114564,21584,73,73,False,2026-08-29 17:04:49.497952+00:00,2026-08-29 17:04:49.497952+00:00
125151_8,125151,777,43,substitution,,,,,4617,63851,78,78,False,2026-08-29 17:04:49.497952+00:00,2026-08-29 17:04:49.497952+00:00
125151_9,125151,777,43,substitution,,,,,19831,74964,82,82,False,2026-08-29 17:04:49.497952+00:00,2026-08-29 17:04:49.497952+00:00
125151_10,125151,777,43,substitution,,,,,51498,124531,82,82,False,2026-08-29 17:04:49.497952+00:00,2026-08-29 17:04:49.497952+00:00
125151_11,125151,777,43,yellow,,,,75735,,,91,90+1',True,2026-08-29 17:04:49.497952+00:00,2026-08-29 17:04:49.497952+00:00
125151_12,125151,777,1,substitution,,,,,64523,11419,93,90+3',True,2026-08-29 17:04:49.497952+00:00,2026-08-29 17:04:49.497952+00:00
125151_13,125151,777,1,substitution,,,,,66104,20486,93,90+3',True,2026-08-29 17:04:49.497952+00:00,2026-08-29 17:04:49.497952+00:00
125151_14,125151,777,43,yellow,,,,137462,,,94,90+4',True,2026-08-29 17:04:49.497952+00:00,2026-08-29 17:04:49.497952+00:00
125152_0,125152,777,2,yellow,,,,13344,,,39,39,False,2026-08-29 17:04:49.497952+00:00,2026-08-29 17:04:49.497952+00:00
125152_1,125152,777,2,goal,23968,5758,,,,,42,42,False,2026-08-29 17:04:49.497952+00:00,2026-08-29 17:04:49.497952+00:00
125152_2,125152,777,2,yellow,,,,8658,,,48,45+3',True,2026-08-29 17:04:49.497952+00:00,2026-08-29 17:04:49.497952+00:00
125152_3,125152,777,2,substitution,,,,,4115,5066,46,46,False,2026-08-29 17:04:49.497952+00:00,2026-08-29 17:04:49.497952+00:00
125152_4,125152,777,10,goal,5140,33231,,,,,52,52,False,2026-08-29 17:04:49.497952+00:00,2026-08-29 17:04:49.497952+00:00
125152_5,125152,777,2,goal,8658,23968,,,,,57,57,False,2026-08-29 17:04:49.497952+00:00,2026-08-29 17:04:49.497952+00:00
125152_6,125152,777,10,yellow,,,,10651,,,62,62,False,2026-08-29 17:04:49.497952+00:00,2026-08-29 17:04:49.497952+00:00
125152_7,125152,777,10,substitution,,,,,15802,10651,66,66,False,2026-08-29 17:04:49.497952+00:00,2026-08-29 17:04:49.497952+00:00
125152_8,125152,777,10,substitution,,,,,75382,49909,66,66,False,2026-08-29 17:04:49.497952+00:00,2026-08-29 17:04:49.497952+00:00
125152_9,125152,777,2,yellow,,,,51423,,,66,66,False,2026-08-29 17:04:49.497952+00:00,2026-08-29 17:04:49.497952+00:00
125152_10,125152,777,2,goal,8658,,,,,,73,73,False,2026-08-29 17:04:49.497952+00:00,2026-08-29 17:04:49.497952+00:00
125152_11,125152,777,10,substitution,,,,,5178,32894,74,74,False,2026-08-29 17:04:49.497952+00:00,2026-08-29 17:04:49.497952+00:00
125152_12,125152,777,2,substitution,,,,,51223,26408,85,85,False,2026-08-29 17:04:49.497952+00:00,2026-08-29 17:04:49.497952+00:00
125152_13,125152,777,2,goal,51423,8658,,,,,89,89,False,2026-08-29 17:04:49.497952+00:00,2026-08-29 17:04:49.497952+00:00
125152_14,125152,777,2,substitution,,,,,14801,51423,90,90,False,2026-08-29 17:04:49.497952+00:00,2026-08-29 17:04:49.497952+00:00
125152_15,125152,777,2,substitution,,,,,24626,5865,90,90,False,2026-08-29 17:04:49.497952+00:00,2026-08-29 17:04:49.497952+00:00
125152_16,125152,777,10,goal,5140,33231,,,,,92,90+2',True,2026-08-29 17:04:49.497952+00:00,2026-08-29 17:04:49.497952+00:00
125153_0,125153,777,127,yellow,,,,42894,,,37,37,False,2026-08-29 17:04:49.497952+00:00,2026-08-29 17:04:49.497952+00:00
125153_1,125153,777,127,goal,137832,74965,,,,,39,39,False,2026-08-29 17:04:49.497952+00:00,2026-08-29 17:04:49.497952+00:00
125153_2,125153,777,11,substitution,,,,,14805,12520,56,56,False,2026-08-29 17:04:49.497952+00:00,2026-08-29 17:04:49.497952+00:00
125153_3,125153,777,11,substitution,,,,,68150,5067,56,56,False,2026-08-29 17:04:49.497952+00:00,2026-08-29 17:04:49.497952+00:00
125153_4,125153,777,11,substitution,,,,,126943,25474,56,56,False,2026-08-29 17:04:49.497952+00:00,2026-08-29 17:04:49.497952+00:00
125153_5,125153,777,127,yellow,,,,51942,,,59,59,False,2026-08-29 17:04:49.497952+00:00,2026-08-29 17:04:49.497952+00:00
125153_6,125153,777,11,substitution,,,,,76216,54156,76,76,False,2026-08-29 17:04:49.497952+00:00,2026-08-29 17:04:49.497952+00:00
125153_7,125153,777,127,substitution,,,,,21519,137832,76,76,False,2026-08-29 17:04:49.497952+00:00,2026-08-29 17:04:49.497952+00:00
125153_8,125153,777,127,substitution,,,,,13706,134234,84,84,False,2026-08-29 17:04:49.497952+00:00,2026-08-29 17:04:49.497952+00:00
125153_9,125153,777,127,substitution,,,,,16582,33032,89,89,False,2026-08-29 17:04:49.497952+00:00,2026-08-29 17:04:49.497952+00:00
125153_10,125153,777,127,substitution,,,,,10766,3512,90,90,False,2026-08-29 17:04:49.497952+00:00,2026-08-29 17:04:49.497952+00:00
125153_11,125153,777,11,yellow,,,,16286,,,93,90+3',True,2026-08-29 17:04:49.497952+00:00,2026-08-29 17:04:49.497952+00:00
125153_12,125153,777,127,yellow,,,,21519,,,93,90+3',True,2026-08-29 17:04:49.497952+00:00,2026-08-29 17:04:49.497952+00:00
125153_13,125153,777,11,goal,65970,,,,,,95,90+5',True,2026-08-29 17:04:49.497952+00:00,2026-08-29 17:04:49.497952+00:00
125153_14,125153,777,127,yellow,,,,74965,,,96,90+6',True,2026-08-29 17:04:49.497952+00:00,2026-08-29 17:04:49.497952+00:00
125153_15,125153,777,11,yellow,,,,22857,,,97,90+7',True,2026-08-29 17:04:49.497952+00:00,2026-08-29 17:04:49.497952+00:00
125154_0,125154,777,6,penalty goal,49796,,,,,,6,6,False,2026-08-29 17:04:49.497952+00:00,2026-08-29 17:04:49.497952+00:00
125154_1,125154,777,130,goal,133890,,,,,,40,40,False,2026-08-29 17:04:49.497952+00:00,2026-08-29 17:04:49.497952+00:00
125154_2,125154,777,6,substitution,,,,,49374,109117,46,46,False,2026-08-29 17:04:49.497952+00:00,2026-08-29 17:04:49.497952+00:00
125154_3,125154,777,6,goal,69595,76353,,,,,52,52,False,2026-08-29 17:04:49.497952+00:00,2026-08-29 17:04:49.497952+00:00
125154_4,125154,777,6,substitution,,,,,20874,35670,61,61,False,2026-08-29 17:04:49.497952+00:00,2026-08-29 17:04:49.497952+00:00
125154_5,125154,777,6,substitution,,,,,50842,76104,61,61,False,2026-08-29 17:04:49.497952+00:00,2026-08-29 17:04:49.497952+00:00
125154_6,125154,777,130,substitution,,,,,3712,23194,63,63,False,2026-08-29 17:04:49.497952+00:00,2026-08-29 17:04:49.497952+00:00
125154_7,125154,777,130,substitution,,,,,127594,49726,63,63,False,2026-08-29 17:04:49.497952+00:00,2026-08-29 17:04:49.497952+00:00
125154_8,125154,777,6,substitution,,,,,37776,110549,74,74,False,2026-08-29 17:04:49.497952+00:00,2026-08-29 17:04:49.497952+00:00
125154_9,125154,777,130,substitution,,,,,65987,20113,82,82,False,2026-08-29 17:04:49.497952+00:00,2026-08-29 17:04:49.497952+00:00
125154_10,125154,777,6,yellow,,,,50842,,,83,83,False,2026-08-29 17:04:49.497952+00:00,2026-08-29 17:04:49.497952+00:00
125154_11,125154,777,130,goal,133890,65987,,,,,88,88,False,2026-08-29 17:04:49.497952+00:00,2026-08-29 17:04:49.497952+00:00
125154_12,125154,777,130,substitution,,,,,14457,128891,89,89,False,2026-08-29 17:04:49.497952+00:00,2026-08-29 17:04:49.497952+00:00
125154_13,125154,777,6,yellow,,,,37776,,,89,89,False,2026-08-29 17:04:49.497952+00:00,2026-08-29 17:04:49.497952+00:00
125154_14,125154,777,6,substitution,,,,,72265,49796,93,90+3',True,2026-08-29 17:04:49.497952+00:00,2026-08-29 17:04:49.497952+00:00
125154_15,125154,777,6,yellow,,,,13988,,,95,90+5',True,2026-08-29 17:04:49.497952+00:00,2026-08-29 17:04:49.497952+00:00
125154_16,125154,777,130,yellow,,,,133460,,,95,90+5',True,2026-08-29 17:04:49.497952+00:00,2026-08-29 17:04:49.497952+00:00
125155_0,125155,777,4,goal,63741,21998,,,,,18,18,False,2026-08-29 17:04:49.497952+00:00,2026-08-29 17:04:49.497952+00:00
125155_1,125155,777,21,yellow,,,,32229,,,28,28,False,2026-08-29 17:04:49.497952+00:00,2026-08-29 17:04:49.497952+00:00
125155_2,125155,777,21,yellow,,,,75582,,,43,43,False,2026-08-29 17:04:49.497952+00:00,2026-08-29 17:04:49.497952+00:00
125155_3,125155,777,21,yellow,,,,126824,,,63,63,False,2026-08-29 17:04:49.497952+00:00,2026-08-29 17:04:49.497952+00:00
125155_4,125155,777,4,goal,133245,63741,,,,,67,67,False,2026-08-29 17:04:49.497952+00:00,2026-08-29 17:04:49.497952+00:00
125155_5,125155,777,21,substitution,,,,,23764,126824,68,68,False,2026-08-29 17:04:49.497952+00:00,2026-08-29 17:04:49.497952+00:00
125155_6,125155,777,21,substitution,,,,,117318,19858,68,68,False,2026-08-29 17:04:49.497952+00:00,2026-08-29 17:04:49.497952+00:00
125155_7,125155,777,21,substitution,,,,,8456,51185,69,69,False,2026-08-29 17:04:49.497952+00:00,2026-08-29 17:04:49.497952+00:00
125155_8,125155,777,21,goal,24630,117318,,,,,74,74,False,2026-08-29 17:04:49.497952+00:00,2026-08-29 17:04:49.497952+00:00
125155_9,125155,777,4,substitution,,,,,14575,125075,74,74,False,2026-08-29 17:04:49.497952+00:00,2026-08-29 17:04:49.497952+00:00
125155_10,125155,777,4,yellow,,,,119041,,,79,79,False,2026-08-29 17:04:49.497952+00:00,2026-08-29 17:04:49.497952+00:00
125155_11,125155,777,4,substitution,,,,,132956,66284,81,81,False,2026-08-29 17:04:49.497952+00:00,2026-08-29 17:04:49.497952+00:00
125155_12,125155,777,4,yellow,,,,27277,,,85,85,False,2026-08-29 17:04:49.497952+00:00,2026-08-29 17:04:49.497952+00:00
125155_13,125155,777,4,yellow,,,,51813,,,87,87,False,2026-08-29 17:04:49.497952+00:00,2026-08-29 17:04:49.497952+00:00
125155_14,125155,777,4,substitution,,,,,68987,21998,89,89,False,2026-08-29 17:04:49.497952+00:00,2026-08-29 17:04:49.497952+00:00
125155_15,125155,777,4,substitution,,,,,115151,49293,89,89,False,2026-08-29 17:04:49.497952+00:00,2026-08-29 17:04:49.497952+00:00
125155_16,125155,777,4,substitution,,,,,122945,51813,89,89,False,2026-08-29 17:04:49.497952+00:00,2026-08-29 17:04:49.497952+00:00
125155_17,125155,777,4,yellow,,,,115151,,,92,90+2',True,2026-08-29 17:04:49.497952+00:00,2026-08-29 17:04:49.497952+00:00
125156_0,125156,777,29,substitution,,,,,10361,66659,23,23,False,2026-08-29 17:04:49.497952+00:00,2026-08-29 17:04:49.497952+00:00
125156_1,125156,777,7,yellow,,,,66538,,,25,25,False,2026-08-29 17:04:49.497952+00:00,2026-08-29 17:04:49.497952+00:00
125156_2,125156,777,7,goal,128411,4333,,,,,43,43,False,2026-08-29 17:04:49.497952+00:00,2026-08-29 17:04:49.497952+00:00
125156_3,125156,777,7,yellow,,,,112589,,,47,47,False,2026-08-29 17:04:49.497952+00:00,2026-08-29 17:04:49.497952+00:00
125156_4,125156,777,29,goal,67784,138104,,,,,59,59,False,2026-08-29 17:04:49.497952+00:00,2026-08-29 17:04:49.497952+00:00
125156_5,125156,777,29,substitution,,,,,118633,122126,60,60,False,2026-08-29 17:04:49.497952+00:00,2026-08-29 17:04:49.497952+00:00
125156_6,125156,777,7,substitution,,,,,118442,66538,73,73,False,2026-08-29 17:04:49.497952+00:00,2026-08-29 17:04:49.497952+00:00
125156_7,125156,777,7,substitution,,,,,143922,126789,73,73,False,2026-08-29 17:04:49.497952+00:00,2026-08-29 17:04:49.497952+00:00
125156_8,125156,777,29,substitution,,,,,52989,67784,77,77,False,2026-08-29 17:04:49.497952+00:00,2026-08-29 17:04:49.497952+00:00
125156_9,125156,777,29,substitution,,,,,119614,115105,77,77,False,2026-08-29 17:04:49.497952+00:00,2026-08-29 17:04:49.497952+00:00
125156_10,125156,777,29,substitution,,,,,126110,124944,77,77,False,2026-08-29 17:04:49.497952+00:00,2026-08-29 17:04:49.497952+00:00
125156_11,125156,777,29,goal,138104,119614,,,,,81,81,False,2026-08-29 17:04:49.497952+00:00,2026-08-29 17:04:49.497952+00:00
125156_12,125156,777,7,substitution,,,,,3600,112589,88,88,False,2026-08-29 17:04:49.497952+00:00,2026-08-29 17:04:49.497952+00:00
125156_13,125156,777,7,substitution,,,,,24797,128411,88,88,False,2026-08-29 17:04:49.497952+00:00,2026-08-29 17:04:49.497952+00:00
125156_14,125156,777,29,goal,52989,126110,,,,,91,90+1',True,2026-08-29 17:04:49.497952+00:00,2026-08-29 17:04:49.497952+00:00
125156_15,125156,777,7,yellow,,,,23841,,,96,90+6',True,2026-08-29 17:04:49.497952+00:00,2026-08-29 17:04:49.497952+00:00
125157_0,125157,777,9,substitution,,,,,14807,63289,60,60,False,2026-08-29 17:04:49.497952+00:00,2026-08-29 17:04:49.497952+00:00
125157_1,125157,777,9,substitution,,,,,14897,126426,60,60,False,2026-08-29 17:04:49.497952+00:00,2026-08-29 17:04:49.497952+00:00
125157_2,125157,777,9,substitution,,,,,68676,13797,60,60,False,2026-08-29 17:04:49.497952+00:00,2026-08-29 17:04:49.497952+00:00
125157_3,125157,777,131,substitution,,,,,51830,3452,65,65,False,2026-08-29 17:04:49.497952+00:00,2026-08-29 17:04:49.497952+00:00
125157_4,125157,777,131,substitution,,,,,143240,4874,65,65,False,2026-08-29 17:04:49.497952+00:00,2026-08-29 17:04:49.497952+00:00
125157_5,125157,777,9,substitution,,,,,50643,116888,74,74,False,2026-08-29 17:04:49.497952+00:00,2026-08-29 17:04:49.497952+00:00
125157_6,125157,777,131,substitution,,,,,134333,124396,82,82,False,2026-08-29 17:04:49.497952+00:00,2026-08-29 17:04:49.497952+00:00
125157_7,125157,777,131,substitution,,,,,145043,112739,82,82,False,2026-08-29 17:04:49.497952+00:00,2026-08-29 17:04:49.497952+00:00
125157_8,125157,777,9,substitution,,,,,8945,35718,91,90+1',True,2026-08-29 17:04:49.497952+00:00,2026-08-29 17:04:49.497952+00:00
125157_9,125157,777,131,substitution,,,,,8171,136175,93,90+3',True,2026-08-29 17:04:49.497952+00:00,2026-08-29 17:04:49.497952+00:00
125157_10,125157,777,9,goal,9576,,,,,,96,90+6',True,2026-08-29 17:04:49.497952+00:00,2026-08-29 17:04:49.497952+00:00
125157_11,125157,777,9,yellow,,,,9576,,,97,90+7',True,2026-08-29 17:04:49.497952+00:00,2026-08-29 17:04:49.497952+00:00
125158_0,125158,777,12,goal,4608,,,,,,6,6,False,2026-08-29 17:04:49.497952+00:00,2026-08-29 17:04:49.497952+00:00
125158_1,125158,777,15,goal,67510,51593,,,,,53,53,False,2026-08-29 17:04:49.497952+00:00,2026-08-29 17:04:49.497952+00:00
125158_2,125158,777,12,goal,51202,,,,,,55,55,False,2026-08-29 17:04:49.497952+00:00,2026-08-29 17:04:49.497952+00:00
125158_3,125158,777,15,substitution,,,,,15340,3756,70,70,False,2026-08-29 17:04:49.497952+00:00,2026-08-29 17:04:49.497952+00:00
125158_4,125158,777,15,substitution,,,,,108816,115172,70,70,False,2026-08-29 17:04:49.497952+00:00,2026-08-29 17:04:49.497952+00:00
125158_5,125158,777,15,substitution,,,,,138137,98300,70,70,False,2026-08-29 17:04:49.497952+00:00,2026-08-29 17:04:49.497952+00:00
125158_6,125158,777,12,goal,66360,23396,,,,,76,76,False,2026-08-29 17:04:49.497952+00:00,2026-08-29 17:04:49.497952+00:00
125158_7,125158,777,15,goal,15259,51593,,,,,78,78,False,2026-08-29 17:04:49.497952+00:00,2026-08-29 17:04:49.497952+00:00
125158_8,125158,777,12,yellow,,,,5793,,,79,79,False,2026-08-29 17:04:49.497952+00:00,2026-08-29 17:04:49.497952+00:00
125158_9,125158,777,12,substitution,,,,,50848,66360,80,80,False,2026-08-29 17:04:49.497952+00:00,2026-08-29 17:04:49.497952+00:00
125158_10,125158,777,12,substitution,,,,,146567,51202,80,80,False,2026-08-29 17:04:49.497952+00:00,2026-08-29 17:04:49.497952+00:00
125158_11,125158,777,12,substitution,,,,,14580,5793,81,81,False,2026-08-29 17:04:49.497952+00:00,2026-08-29 17:04:49.497952+00:00
125158_12,125158,777,15,substitution,,,,,49270,304123,84,84,False,2026-08-29 17:04:49.497952+00:00,2026-08-29 17:04:49.497952+00:00
125158_13,125158,777,15,substitution,,,,,304238,76426,84,84,False,2026-08-29 17:04:49.497952+00:00,2026-08-29 17:04:49.497952+00:00
125158_14,125158,777,12,yellow,,,,4608,,,93,90+3',True,2026-08-29 17:04:49.497952+00:00,2026-08-29 17:04:49.497952+00:00
125158_15,125158,777,15,yellow,,,,51593,,,94,90+4',True,2026-08-29 17:04:49.497952+00:00,2026-08-29 17:04:49.497952+00:00
125159_0,125159,777,23,goal,115256,14716,,,,,15,15,False,2026-08-29 17:04:49.497952+00:00,2026-08-29 17:04:49.497952+00:00
125159_1,125159,777,23,goal,114590,19888,,,,,19,19,False,2026-08-29 17:04:49.497952+00:00,2026-08-29 17:04:49.497952+00:00
125159_2,125159,777,25,substitution,,,,,63257,63656,26,26,False,2026-08-29 17:04:49.497952+00:00,2026-08-29 17:04:49.497952+00:00
125159_3,125159,777,23,substitution,,,,,14446,71623,53,53,False,2026-08-29 17:04:49.497952+00:00,2026-08-29 17:04:49.497952+00:00
125159_4,125159,777,25,yellow,,,,25183,,,59,59,False,2026-08-29 17:04:49.497952+00:00,2026-08-29 17:04:49.497952+00:00
125159_5,125159,777,25,substitution,,,,,140223,25183,63,63,False,2026-08-29 17:04:49.497952+00:00,2026-08-29 17:04:49.497952+00:00
125159_6,125159,777,25,substitution,,,,,304595,14164,63,63,False,2026-08-29 17:04:49.497952+00:00,2026-08-29 17:04:49.497952+00:00
125159_7,125159,777,23,goal,114590,14446,,,,,65,65,False,2026-08-29 17:04:49.497952+00:00,2026-08-29 17:04:49.497952+00:00
125159_8,125159,777,25,yellow,,,,145347,,,67,67,False,2026-08-29 17:04:49.497952+00:00,2026-08-29 17:04:49.497952+00:00
125159_9,125159,777,25,goal,63257,118083,,,,,69,69,False,2026-08-29 17:04:49.497952+00:00,2026-08-29 17:04:49.497952+00:00
125159_10,125159,777,23,substitution,,,,,8707,115256,75,75,False,2026-08-29 17:04:49.497952+00:00,2026-08-29 17:04:49.497952+00:00
125159_11,125159,777,23,substitution,,,,,9662,14716,75,75,False,2026-08-29 17:04:49.497952+00:00,2026-08-29 17:04:49.497952+00:00
125159_12,125159,777,25,yellow,,,,140223,,,80,80,False,2026-08-29 17:04:49.497952+00:00,2026-08-29 17:04:49.497952+00:00
125159_13,125159,777,23,yellow,,,,108922,,,83,83,False,2026-08-29 17:04:49.497952+00:00,2026-08-29 17:04:49.497952+00:00
125159_14,125159,777,23,substitution,,,,,49259,3905,85,85,False,2026-08-29 17:04:49.497952+00:00,2026-08-29 17:04:49.497952+00:00
125159_15,125159,777,23,substitution,,,,,117497,114590,85,85,False,2026-08-29 17:04:49.497952+00:00,2026-08-29 17:04:49.497952+00:00
125160_0,125160,777,38,goal,145492,20337,,,,,25,25,False,2026-08-29 17:04:49.497952+00:00,2026-08-29 17:04:49.497952+00:00
125160_1,125160,777,34,penalty goal,14624,,,,,,48,45+3',True,2026-08-29 17:04:49.497952+00:00,2026-08-29 17:04:49.497952+00:00
125160_2,125160,777,34,substitution,,,,,121610,21614,46,46,False,2026-08-29 17:04:49.497952+00:00,2026-08-29 17:04:49.497952+00:00
125160_3,125160,777,34,substitution,,,,,11071,117763,67,67,False,2026-08-29 17:04:49.497952+00:00,2026-08-29 17:04:49.497952+00:00
125160_4,125160,777,34,substitution,,,,,128976,4717,67,67,False,2026-08-29 17:04:49.497952+00:00,2026-08-29 17:04:49.497952+00:00
125160_5,125160,777,38,substitution,,,,,115371,9199,72,72,False,2026-08-29 17:04:49.497952+00:00,2026-08-29 17:04:49.497952+00:00
125160_6,125160,777,34,substitution,,,,,13961,14445,79,79,False,2026-08-29 17:04:49.497952+00:00,2026-08-29 17:04:49.497952+00:00
125160_7,125160,777,34,substitution,,,,,53063,66657,79,79,False,2026-08-29 17:04:49.497952+00:00,2026-08-29 17:04:49.497952+00:00
125160_8,125160,777,38,substitution,,,,,126108,20337,79,79,False,2026-08-29 17:04:49.497952+00:00,2026-08-29 17:04:49.497952+00:00
125160_9,125160,777,38,substitution,,,,,66692,136815,85,85,False,2026-08-29 17:04:49.497952+00:00,2026-08-29 17:04:49.497952+00:00
125160_10,125160,777,38,substitution,,,,,147032,108947,85,85,False,2026-08-29 17:04:49.497952+00:00,2026-08-29 17:04:49.497952+00:00
125160_11,125160,777,38,yellow,,,,143214,,,94,90+4',True,2026-08-29 17:04:49.497952+00:00,2026-08-29 17:04:49.497952+00:00
125161_0,125161,777,12,goal,146567,23396,,,,,33,33,False,2026-08-29 17:04:49.497952+00:00,2026-08-29 17:04:49.497952+00:00
125161_1,125161,777,12,goal,66360,69176,,,,,44,44,False,2026-08-29 17:04:49.497952+00:00,2026-08-29 17:04:49.497952+00:00
125161_2,125161,777,12,yellow,,,,108936,,,48,45+3',True,2026-08-29 17:04:49.497952+00:00,2026-08-29 17:04:49.497952+00:00
125161_3,125161,777,131,substitution,,,,,136175,67928,46,46,False,2026-08-29 17:04:49.497952+00:00,2026-08-29 17:04:49.497952+00:00
125161_4,125161,777,12,goal,23396,146567,,,,,48,48,False,2026-08-29 17:04:49.497952+00:00,2026-08-29 17:04:49.497952+00:00
125161_5,125161,777,131,substitution,,,,,8171,143240,59,59,False,2026-08-29 17:04:49.497952+00:00,2026-08-29 17:04:49.497952+00:00
125161_6,125161,777,131,substitution,,,,,124396,2100,59,59,False,2026-08-29 17:04:49.497952+00:00,2026-08-29 17:04:49.497952+00:00
125161_7,125161,777,131,substitution,,,,,145043,3452,59,59,False,2026-08-29 17:04:49.497952+00:00,2026-08-29 17:04:49.497952+00:00
125161_8,125161,777,12,substitution,,,,,130151,146567,62,62,False,2026-08-29 17:04:49.497952+00:00,2026-08-29 17:04:49.497952+00:00
125161_9,125161,777,12,substitution,,,,,50848,66360,74,74,False,2026-08-29 17:04:49.497952+00:00,2026-08-29 17:04:49.497952+00:00
125161_10,125161,777,12,substitution,,,,,118591,33245,74,74,False,2026-08-29 17:04:49.497952+00:00,2026-08-29 17:04:49.497952+00:00
125161_11,125161,777,12,substitution,,,,,133650,14580,74,74,False,2026-08-29 17:04:49.497952+00:00,2026-08-29 17:04:49.497952+00:00
125161_12,125161,777,131,substitution,,,,,51830,112739,74,74,False,2026-08-29 17:04:49.497952+00:00,2026-08-29 17:04:49.497952+00:00
125161_13,125161,777,12,substitution,,,,,23581,4608,82,82,False,2026-08-29 17:04:49.497952+00:00,2026-08-29 17:04:49.497952+00:00
125162_0,125162,777,38,penalty goal,9199,,,,,,5,5,False,2026-08-29 17:04:49.497952+00:00,2026-08-29 17:04:49.497952+00:00
125162_1,125162,777,38,yellow,,,,20337,,,41,41,False,2026-08-29 17:04:49.497952+00:00,2026-08-29 17:04:49.497952+00:00
125162_2,125162,777,43,yellow,,,,68593,,,54,45+9',True,2026-08-29 17:04:49.497952+00:00,2026-08-29 17:04:49.497952+00:00
125162_3,125162,777,43,goal,75735,74964,,,,,47,47,False,2026-08-29 17:04:49.497952+00:00,2026-08-29 17:04:49.497952+00:00
125162_4,125162,777,38,substitution,,,,,92635,108877,66,66,False,2026-08-29 17:04:49.497952+00:00,2026-08-29 17:04:49.497952+00:00
125162_5,125162,777,38,substitution,,,,,115371,14830,66,66,False,2026-08-29 17:04:49.497952+00:00,2026-08-29 17:04:49.497952+00:00
125162_6,125162,777,43,substitution,,,,,128449,68593,66,66,False,2026-08-29 17:04:49.497952+00:00,2026-08-29 17:04:49.497952+00:00
125162_7,125162,777,38,substitution,,,,,66692,136815,74,74,False,2026-08-29 17:04:49.497952+00:00,2026-08-29 17:04:49.497952+00:00
125162_8,125162,777,38,substitution,,,,,302807,9199,74,74,False,2026-08-29 17:04:49.497952+00:00,2026-08-29 17:04:49.497952+00:00
125162_9,125162,777,43,substitution,,,,,4617,74960,75,75,False,2026-08-29 17:04:49.497952+00:00,2026-08-29 17:04:49.497952+00:00
125162_10,125162,777,43,substitution,,,,,15139,74964,75,75,False,2026-08-29 17:04:49.497952+00:00,2026-08-29 17:04:49.497952+00:00
125162_11,125162,777,38,substitution,,,,,147032,108947,82,82,False,2026-08-29 17:04:49.497952+00:00,2026-08-29 17:04:49.497952+00:00
125162_12,125162,777,43,substitution,,,,,8246,75735,85,85,False,2026-08-29 17:04:49.497952+00:00,2026-08-29 17:04:49.497952+00:00
125162_13,125162,777,43,substitution,,,,,19831,50460,85,85,False,2026-08-29 17:04:49.497952+00:00,2026-08-29 17:04:49.497952+00:00
125162_14,125162,777,38,yellow,,,,115114,,,94,90+4',True,2026-08-29 17:04:49.497952+00:00,2026-08-29 17:04:49.497952+00:00
125162_15,125162,777,43,yellow,,,,8246,,,94,90+4',True,2026-08-29 17:04:49.497952+00:00,2026-08-29 17:04:49.497952+00:00
125163_0,125163,777,1,goal,19680,66104,,,,,42,42,False,2026-08-29 17:04:49.497952+00:00,2026-08-29 17:04:49.497952+00:00
125163_1,125163,777,1,substitution,,,,,20810,42331,46,46,False,2026-08-29 17:04:49.497952+00:00,2026-08-29 17:04:49.497952+00:00
125163_2,125163,777,1,substitution,,,,,50234,69914,46,46,False,2026-08-29 17:04:49.497952+00:00,2026-08-29 17:04:49.497952+00:00
125163_3,125163,777,6,substitution,,,,,24334,76353,46,46,False,2026-08-29 17:04:49.497952+00:00,2026-08-29 17:04:49.497952+00:00
125163_4,125163,777,6,substitution,,,,,69595,49759,46,46,False,2026-08-29 17:04:49.497952+00:00,2026-08-29 17:04:49.497952+00:00
125163_5,125163,777,6,substitution,,,,,109117,49796,46,46,False,2026-08-29 17:04:49.497952+00:00,2026-08-29 17:04:49.497952+00:00
125163_6,125163,777,1,goal,67407,20810,,,,,48,48,False,2026-08-29 17:04:49.497952+00:00,2026-08-29 17:04:49.497952+00:00
125163_7,125163,777,1,substitution,,,,,19778,141181,62,62,False,2026-08-29 17:04:49.497952+00:00,2026-08-29 17:04:49.497952+00:00
125163_8,125163,777,6,substitution,,,,,72265,69595,62,62,False,2026-08-29 17:04:49.497952+00:00,2026-08-29 17:04:49.497952+00:00
125163_9,125163,777,1,yellow,,,,19680,,,74,74,False,2026-08-29 17:04:49.497952+00:00,2026-08-29 17:04:49.497952+00:00
125163_10,125163,777,1,substitution,,,,,21584,19680,75,75,False,2026-08-29 17:04:49.497952+00:00,2026-08-29 17:04:49.497952+00:00
125163_11,125163,777,6,substitution,,,,,20874,35670,77,77,False,2026-08-29 17:04:49.497952+00:00,2026-08-29 17:04:49.497952+00:00
125163_12,125163,777,1,substitution,,,,,32728,67407,84,84,False,2026-08-29 17:04:49.497952+00:00,2026-08-29 17:04:49.497952+00:00
125163_13,125163,777,6,goal,20874,109117,,,,,89,89,False,2026-08-29 17:04:49.497952+00:00,2026-08-29 17:04:49.497952+00:00
125164_0,125164,777,34,goal,49884,,,,,,20,20,False,2026-08-29 17:04:49.497952+00:00,2026-08-29 17:04:49.497952+00:00
125164_1,125164,777,23,substitution,,,,,14716,9662,46,46,False,2026-08-29 17:04:49.497952+00:00,2026-08-29 17:04:49.497952+00:00
125164_2,125164,777,34,substitution,,,,,3894,121610,60,60,False,2026-08-29 17:04:49.497952+00:00,2026-08-29 17:04:49.497952+00:00
125164_3,125164,777,23,yellow,,,,74761,,,64,64,False,2026-08-29 17:04:49.497952+00:00,2026-08-29 17:04:49.497952+00:00
125164_4,125164,777,23,substitution,,,,,49259,74761,66,66,False,2026-08-29 17:04:49.497952+00:00,2026-08-29 17:04:49.497952+00:00
125164_5,125164,777,23,substitution,,,,,117497,114590,66,66,False,2026-08-29 17:04:49.497952+00:00,2026-08-29 17:04:49.497952+00:00
125164_6,125164,777,23,yellow,,,,117497,,,70,70,False,2026-08-29 17:04:49.497952+00:00,2026-08-29 17:04:49.497952+00:00
125164_7,125164,777,34,substitution,,,,,11071,117763,72,72,False,2026-08-29 17:04:49.497952+00:00,2026-08-29 17:04:49.497952+00:00
125164_8,125164,777,34,substitution,,,,,13961,66657,72,72,False,2026-08-29 17:04:49.497952+00:00,2026-08-29 17:04:49.497952+00:00
125164_9,125164,777,34,substitution,,,,,128976,14445,72,72,False,2026-08-29 17:04:49.497952+00:00,2026-08-29 17:04:49.497952+00:00
125164_10,125164,777,23,substitution,,,,,130234,115256,78,78,False,2026-08-29 17:04:49.497952+00:00,2026-08-29 17:04:49.497952+00:00
125164_11,125164,777,34,goal,3894,13961,,,,,80,80,False,2026-08-29 17:04:49.497952+00:00,2026-08-29 17:04:49.497952+00:00
125164_12,125164,777,23,substitution,,,,,127659,8707,84,84,False,2026-08-29 17:04:49.497952+00:00,2026-08-29 17:04:49.497952+00:00
125164_13,125164,777,34,substitution,,,,,35752,49884,86,86,False,2026-08-29 17:04:49.497952+00:00,2026-08-29 17:04:49.497952+00:00
125164_14,125164,777,34,yellow,,,,14624,,,89,89,False,2026-08-29 17:04:49.497952+00:00,2026-08-29 17:04:49.497952+00:00
125164_15,125164,777,34,yellow,,,,35752,,,98,90+8',True,2026-08-29 17:04:49.497952+00:00,2026-08-29 17:04:49.497952+00:00
125165_0,125165,777,10,goal,23815,5178,,,,,58,58,False,2026-08-29 17:04:49.497952+00:00,2026-08-29 17:04:49.497952+00:00
125165_1,125165,777,130,substitution,,,,,115166,3712,60,60,False,2026-08-29 17:04:49.497952+00:00,2026-08-29 17:04:49.497952+00:00
125165_2,125165,777,130,goal,127594,,,,,,64,64,False,2026-08-29 17:04:49.497952+00:00,2026-08-29 17:04:49.497952+00:00
125165_3,125165,777,10,substitution,,,,,75382,134796,73,73,False,2026-08-29 17:04:49.497952+00:00,2026-08-29 17:04:49.497952+00:00
125165_4,125165,777,10,substitution,,,,,19919,5178,74,74,False,2026-08-29 17:04:49.497952+00:00,2026-08-29 17:04:49.497952+00:00
125165_5,125165,777,10,yellow,,,,23593,,,79,79,False,2026-08-29 17:04:49.497952+00:00,2026-08-29 17:04:49.497952+00:00
125165_6,125165,777,130,yellow,,,,3712,,,80,80,False,2026-08-29 17:04:49.497952+00:00,2026-08-29 17:04:49.497952+00:00
125165_7,125165,777,10,substitution,,,,,116665,10458,83,83,False,2026-08-29 17:04:49.497952+00:00,2026-08-29 17:04:49.497952+00:00
125165_8,125165,777,10,substitution,,,,,130665,49909,83,83,False,2026-08-29 17:04:49.497952+00:00,2026-08-29 17:04:49.497952+00:00
125165_9,125165,777,130,substitution,,,,,49731,49726,83,83,False,2026-08-29 17:04:49.497952+00:00,2026-08-29 17:04:49.497952+00:00
125165_10,125165,777,10,substitution,,,,,10651,23593,89,89,False,2026-08-29 17:04:49.497952+00:00,2026-08-29 17:04:49.497952+00:00
125165_11,125165,777,130,substitution,,,,,14450,24369,89,89,False,2026-08-29 17:04:49.497952+00:00,2026-08-29 17:04:49.497952+00:00
125165_12,125165,777,10,yellow,,,,63633,,,92,90+2',True,2026-08-29 17:04:49.497952+00:00,2026-08-29 17:04:49.497952+00:00
125165_13,125165,777,130,yellow,,,,23194,,,93,90+3',True,2026-08-29 17:04:49.497952+00:00,2026-08-29 17:04:49.497952+00:00
125165_14,125165,777,130,yellow,,,,24659,,,95,90+5',True,2026-08-29 17:04:49.497952+00:00,2026-08-29 17:04:49.497952+00:00
125166_0,125166,777,11,goal,25474,,,,,,23,23,False,2026-08-29 17:04:49.497952+00:00,2026-08-29 17:04:49.497952+00:00
125166_1,125166,777,2,substitution,,,,,13344,133169,46,46,False,2026-08-29 17:04:49.497952+00:00,2026-08-29 17:04:49.497952+00:00
125166_2,125166,777,2,goal,8658,,,,,,47,47,False,2026-08-29 17:04:49.497952+00:00,2026-08-29 17:04:49.497952+00:00
125166_3,125166,777,11,substitution,,,,,68150,25474,58,58,False,2026-08-29 17:04:49.497952+00:00,2026-08-29 17:04:49.497952+00:00
125166_4,125166,777,11,substitution,,,,,12520,5067,59,59,False,2026-08-29 17:04:49.497952+00:00,2026-08-29 17:04:49.497952+00:00
125166_5,125166,777,2,goal,8658,4115,,,,,62,62,False,2026-08-29 17:04:49.497952+00:00,2026-08-29 17:04:49.497952+00:00
125166_6,125166,777,2,substitution,,,,,5865,24626,73,73,False,2026-08-29 17:04:49.497952+00:00,2026-08-29 17:04:49.497952+00:00
125166_7,125166,777,2,substitution,,,,,21529,5066,73,73,False,2026-08-29 17:04:49.497952+00:00,2026-08-29 17:04:49.497952+00:00
125166_8,125166,777,2,substitution,,,,,108096,107846,73,73,False,2026-08-29 17:04:49.497952+00:00,2026-08-29 17:04:49.497952+00:00
125166_9,125166,777,11,substitution,,,,,54156,26335,77,77,False,2026-08-29 17:04:49.497952+00:00,2026-08-29 17:04:49.497952+00:00
125166_10,125166,777,11,substitution,,,,,71432,4499,77,77,False,2026-08-29 17:04:49.497952+00:00,2026-08-29 17:04:49.497952+00:00
125166_11,125166,777,11,substitution,,,,,67178,4505,78,78,False,2026-08-29 17:04:49.497952+00:00,2026-08-29 17:04:49.497952+00:00
125166_12,125166,777,11,yellow,,,,99281,,,82,82,False,2026-08-29 17:04:49.497952+00:00,2026-08-29 17:04:49.497952+00:00
125166_13,125166,777,2,substitution,,,,,51423,4115,86,86,False,2026-08-29 17:04:49.497952+00:00,2026-08-29 17:04:49.497952+00:00
125166_14,125166,777,11,goal,14805,12520,,,,,90,90,False,2026-08-29 17:04:49.497952+00:00,2026-08-29 17:04:49.497952+00:00
125167_0,125167,777,127,yellow,,,,51942,,,33,33,False,2026-08-29 17:04:49.497952+00:00,2026-08-29 17:04:49.497952+00:00
125167_1,125167,777,15,goal,15259,98300,,,,,34,34,False,2026-08-29 17:04:49.497952+00:00,2026-08-29 17:04:49.497952+00:00
125167_2,125167,777,127,goal,14846,74965,,,,,54,54,False,2026-08-29 17:04:49.497952+00:00,2026-08-29 17:04:49.497952+00:00
125167_3,125167,777,127,substitution,,,,,121972,135304,57,57,False,2026-08-29 17:04:49.497952+00:00,2026-08-29 17:04:49.497952+00:00
125167_4,125167,777,15,substitution,,,,,15340,3756,62,62,False,2026-08-29 17:04:49.497952+00:00,2026-08-29 17:04:49.497952+00:00
125167_5,125167,777,15,substitution,,,,,76426,304238,63,63,False,2026-08-29 17:04:49.497952+00:00,2026-08-29 17:04:49.497952+00:00
125167_6,125167,777,15,substitution,,,,,14238,51593,65,65,False,2026-08-29 17:04:49.497952+00:00,2026-08-29 17:04:49.497952+00:00
125167_7,125167,777,15,substitution,,,,,115172,108816,65,65,False,2026-08-29 17:04:49.497952+00:00,2026-08-29 17:04:49.497952+00:00
125167_8,125167,777,15,yellow,,,,15340,,,66,66,False,2026-08-29 17:04:49.497952+00:00,2026-08-29 17:04:49.497952+00:00
125167_9,125167,777,127,substitution,,,,,16582,33032,73,73,False,2026-08-29 17:04:49.497952+00:00,2026-08-29 17:04:49.497952+00:00
125167_10,125167,777,127,substitution,,,,,21519,137832,73,73,False,2026-08-29 17:04:49.497952+00:00,2026-08-29 17:04:49.497952+00:00
125167_11,125167,777,127,substitution,,,,,118080,134234,73,73,False,2026-08-29 17:04:49.497952+00:00,2026-08-29 17:04:49.497952+00:00
125167_12,125167,777,15,substitution,,,,,49270,98300,78,78,False,2026-08-29 17:04:49.497952+00:00,2026-08-29 17:04:49.497952+00:00
125167_13,125167,777,127,substitution,,,,,10766,3512,90,90,False,2026-08-29 17:04:49.497952+00:00,2026-08-29 17:04:49.497952+00:00
125168_0,125168,777,29,goal,122126,10361,,,,,25,25,False,2026-08-29 17:04:49.497952+00:00,2026-08-29 17:04:49.497952+00:00
125168_1,125168,777,29,yellow,,,,115105,,,43,43,False,2026-08-29 17:04:49.497952+00:00,2026-08-29 17:04:49.497952+00:00
125168_2,125168,777,29,own goal,,,68827,,,,50,50,False,2026-08-29 17:04:49.497952+00:00,2026-08-29 17:04:49.497952+00:00
125168_3,125168,777,29,yellow,,,,25408,,,51,51,False,2026-08-29 17:04:49.497952+00:00,2026-08-29 17:04:49.497952+00:00
125168_4,125168,777,4,substitution,,,,,14571,119041,52,52,False,2026-08-29 17:04:49.497952+00:00,2026-08-29 17:04:49.497952+00:00
125168_5,125168,777,4,yellow,,,,66284,,,54,54,False,2026-08-29 17:04:49.497952+00:00,2026-08-29 17:04:49.497952+00:00
125168_6,125168,777,4,goal,49293,21998,,,,,56,56,False,2026-08-29 17:04:49.497952+00:00,2026-08-29 17:04:49.497952+00:00
125168_7,125168,777,29,substitution,,,,,52989,67784,61,61,False,2026-08-29 17:04:49.497952+00:00,2026-08-29 17:04:49.497952+00:00
125168_8,125168,777,29,substitution,,,,,126110,115105,61,61,False,2026-08-29 17:04:49.497952+00:00,2026-08-29 17:04:49.497952+00:00
125168_9,125168,777,4,yellow,,,,66284,,,62,62,False,2026-08-29 17:04:49.497952+00:00,2026-08-29 17:04:49.497952+00:00
125168_10,125168,777,4,substitution,,,,,14575,21998,65,65,False,2026-08-29 17:04:49.497952+00:00,2026-08-29 17:04:49.497952+00:00
125168_11,125168,777,4,yellow,,,,63741,,,69,69,False,2026-08-29 17:04:49.497952+00:00,2026-08-29 17:04:49.497952+00:00
125168_12,125168,777,29,yellow,,,,12136,,,73,73,False,2026-08-29 17:04:49.497952+00:00,2026-08-29 17:04:49.497952+00:00
125168_13,125168,777,29,yellow,,,,126110,,,81,81,False,2026-08-29 17:04:49.497952+00:00,2026-08-29 17:04:49.497952+00:00
125168_14,125168,777,4,substitution,,,,,51813,112203,85,85,False,2026-08-29 17:04:49.497952+00:00,2026-08-29 17:04:49.497952+00:00
125168_15,125168,777,4,substitution,,,,,125075,68827,85,85,False,2026-08-29 17:04:49.497952+00:00,2026-08-29 17:04:49.497952+00:00
125168_16,125168,777,29,yellow,,,,124944,,,89,89,False,2026-08-29 17:04:49.497952+00:00,2026-08-29 17:04:49.497952+00:00
125168_17,125168,777,4,yellow,,,,72371,,,97,90+7',True,2026-08-29 17:04:49.497952+00:00,2026-08-29 17:04:49.497952+00:00
125168_18,125168,777,29,substitution,,,,,119614,138104,98,90+8',True,2026-08-29 17:04:49.497952+00:00,2026-08-29 17:04:49.497952+00:00
125168_19,125168,777,4,yellow,,,,49293,,,101,90+11',True,2026-08-29 17:04:49.497952+00:00,2026-08-29 17:04:49.497952+00:00
125169_0,125169,777,7,yellow,,,,112589,,,13,13,False,2026-08-29 17:04:49.497952+00:00,2026-08-29 17:04:49.497952+00:00
125169_1,125169,777,21,goal,19858,,,,,,43,43,False,2026-08-29 17:04:49.497952+00:00,2026-08-29 17:04:49.497952+00:00
125169_2,125169,777,7,substitution,,,,,118442,128411,62,62,False,2026-08-29 17:04:49.497952+00:00,2026-08-29 17:04:49.497952+00:00
125169_3,125169,777,7,substitution,,,,,134286,112589,62,62,False,2026-08-29 17:04:49.497952+00:00,2026-08-29 17:04:49.497952+00:00
125169_4,125169,777,21,substitution,,,,,51185,24630,73,73,False,2026-08-29 17:04:49.497952+00:00,2026-08-29 17:04:49.497952+00:00
125169_5,125169,777,21,substitution,,,,,117318,76614,73,73,False,2026-08-29 17:04:49.497952+00:00,2026-08-29 17:04:49.497952+00:00
125169_6,125169,777,21,yellow,,,,117318,,,80,80,False,2026-08-29 17:04:49.497952+00:00,2026-08-29 17:04:49.497952+00:00
125169_7,125169,777,21,substitution,,,,,8456,21887,82,82,False,2026-08-29 17:04:49.497952+00:00,2026-08-29 17:04:49.497952+00:00
125169_8,125169,777,21,substitution,,,,,117596,22802,82,82,False,2026-08-29 17:04:49.497952+00:00,2026-08-29 17:04:49.497952+00:00
125169_9,125169,777,7,substitution,,,,,3600,66538,84,84,False,2026-08-29 17:04:49.497952+00:00,2026-08-29 17:04:49.497952+00:00
125169_10,125169,777,7,substitution,,,,,126789,143922,84,84,False,2026-08-29 17:04:49.497952+00:00,2026-08-29 17:04:49.497952+00:00
125169_11,125169,777,7,substitution,,,,,133612,14706,84,84,False,2026-08-29 17:04:49.497952+00:00,2026-08-29 17:04:49.497952+00:00
125169_12,125169,777,21,yellow,,,,19858,,,87,87,False,2026-08-29 17:04:49.497952+00:00,2026-08-29 17:04:49.497952+00:00
125169_13,125169,777,7,yellow,,,,8143,,,89,89,False,2026-08-29 17:04:49.497952+00:00,2026-08-29 17:04:49.497952+00:00
125169_14,125169,777,21,substitution,,,,,69070,126824,90,90,False,2026-08-29 17:04:49.497952+00:00,2026-08-29 17:04:49.497952+00:00
125169_15,125169,777,21,yellow,,,,123998,,,97,90+7',True,2026-08-29 17:04:49.497952+00:00,2026-08-29 17:04:49.497952+00:00
125170_0,125170,777,9,yellow,,,,50151,,,10,10,False,2026-08-29 17:04:49.497952+00:00,2026-08-29 17:04:49.497952+00:00
125170_1,125170,777,9,yellow,,,,63289,,,25,25,False,2026-08-29 17:04:49.497952+00:00,2026-08-29 17:04:49.497952+00:00
125170_2,125170,777,25,substitution,,,,,8454,304595,46,46,False,2026-08-29 17:04:49.497952+00:00,2026-08-29 17:04:49.497952+00:00
125170_3,125170,777,25,goal,63257,8868,,,,,67,67,False,2026-08-29 17:04:49.497952+00:00,2026-08-29 17:04:49.497952+00:00
125170_4,125170,777,9,substitution,,,,,68676,9576,69,69,False,2026-08-29 17:04:49.497952+00:00,2026-08-29 17:04:49.497952+00:00
125170_5,125170,777,9,substitution,,,,,13797,50151,70,70,False,2026-08-29 17:04:49.497952+00:00,2026-08-29 17:04:49.497952+00:00
125170_6,125170,777,9,substitution,,,,,50643,126426,78,78,False,2026-08-29 17:04:49.497952+00:00,2026-08-29 17:04:49.497952+00:00
125170_7,125170,777,9,substitution,,,,,133430,14608,78,78,False,2026-08-29 17:04:49.497952+00:00,2026-08-29 17:04:49.497952+00:00
125170_8,125170,777,25,goal,8868,119072,,,,,79,79,False,2026-08-29 17:04:49.497952+00:00,2026-08-29 17:04:49.497952+00:00
125170_9,125170,777,9,yellow,,,,19731,,,87,87,False,2026-08-29 17:04:49.497952+00:00,2026-08-29 17:04:49.497952+00:00
125170_10,125170,777,25,substitution,,,,,140223,63257,88,88,False,2026-08-29 17:04:49.497952+00:00,2026-08-29 17:04:49.497952+00:00
125170_11,125170,777,9,substitution,,,,,35718,63289,91,90+1',True,2026-08-29 17:04:49.497952+00:00,2026-08-29 17:04:49.497952+00:00
125170_12,125170,777,25,goal,8454,65961,,,,,94,90+4',True,2026-08-29 17:04:49.497952+00:00,2026-08-29 17:04:49.497952+00:00
