player_id,season_id,appearances,game_started,total_sub_on,total_sub_off,mins_played,goals,goals_openplay,goal_assist,goal_assist_deadball,total_att_assist,big_chance_created,big_chance_missed,total_scoring_att,ontarget_scoring_att,total_pass,accurate_pass,total_final_third_passes,successful_final_third_passes,blocked_pass,total_long_balls,accurate_long_balls,total_cross,accurate_cross,corner_taken,final_third_entries,pen_area_entries,carries,progressive_carries,touches,touches_in_final_third,touches_in_opp_box,total_through_ball,total_tackle,won_tackle,times_tackled,duel_won,duel_lost,interception_won,challenge_lost,ball_recovery,dispossessed,outfielder_block,total_clearance,aerial_won,aerial_lost,fouls,was_fouled,yellow_card,second_yellow,red_card,total_offside,penalty_conceded,penalty_won,clean_sheet,total_keeper_sweeper,accurate_keeper_sweeper,poss_won_att_3rd,accurate_launches,accurate_keeper_throws,keeper_throws,total_high_claim,goal_kicks,accurate_goal_kicks,poss_won_def_3rd,poss_won_mid_3rd,penalty_faced,pen_goals_conceded,good_high_claim,goals_conceded,non_penalty_goals,penalties_missed,penalties_scored,saves,own_goals,defensive_contribution,xg,npxg,xa
2100,777,20,7,13,6,778,1,0,1,1,8,1,0,8,2,487,423,138,103,5,47,20,14,6,4,78,30,73,41,592,104,8,1,15,9,4,25,37,6,8,40,3,1,19,6,10,15,3,2,0,0,1,0,0,2,0,0,2,0,0,0,0,0,0,15,23,0,2,0,17,0,0,1,0,0,80,1.03,0.25,0.66
2250,777,0,0,0,0,0,0,0,0,0,0,0,0,0,0,0,0,0,0,0,0,0,0,0,0,0,0,0,0,0,0,0,0,0,0,0,0,0,0,0,0,0,0,0,0,0,0,0,0,0,0,0,0,0,0,0,0,0,0,0,0,0,0,0,0,0,0,0,0,0,0,0,0,0,0,0,0.0,0.0,0.0
2537,777,0,0,0,0,0,0,0,0,0,0,0,0,0,0,0,0,0,0,0,0,0,0,0,0,0,0,0,0,0,0,0,0,0,0,0,0,0,0,0,0,0,0,0,0,0,0,0,0,0,0,0,0,0,0,0,0,0,0,0,0,0,0,0,0,0,0,0,0,0,0,0,0,0,0,0,0.0,0.0,0.0
2569,777,0,0,0,0,0,0,0,0,0,0,0,0,0,0,0,0,0,0,0,0,0,0,0,0,0,0,0,0,0,0,0,0,0,0,0,0,0,0,0,0,0,0,0,0,0,0,0,0,0,0,0,0,0,0,0,0,0,0,0,0,0,0,0,0,0,0,0,0,0,0,0,0,0,0,0,0.0,0.0,0.0
2896,777,0,0,0,0,0,0,0,0,0,0,0,0,0,0,0,0,0,0,0,0,0,0,0,0,0,0,0,0,0,0,0,0,0,0,0,0,0,0,0,0,0,0,0,0,0,0,0,0,0,0,0,0,0,0,0,0,0,0,0,0,0,0,0,0,0,0,0,0,0,0,0,0,0,0,0,0.0,0.0,0.0
2933,777,0,0,0,0,0,0,0,0,0,0,0,0,0,0,0,0,0,0,0,0,0,0,0,0,0,0,0,0,0,0,0,0,0,0,0,0,0,0,0,0,0,0,0,0,0,0,0,0,0,0,0,0,0,0,0,0,0,0,0,0,0,0,0,0,0,0,0,0,0,0,0,0,0,0,0,0.0,0.0,0.0
3156,777,0,0,0,0,0,0,0,0,0,0,0,0,0,0,0,0,0,0,0,0,0,0,0,0,0,0,0,0,0,0,0,0,0,0,0,0,0,0,0,0,0,0,0,0,0,0,0,0,0,0,0,0,0,0,0,0,0,0,0,0,0,0,0,0,0,0,0,0,0,0,0,0,0,0,0,0.0,0.0,0.0
3170,777,0,0,0,0,0,0,0,0,0,0,0,0,0,0,0,0,0,0,0,0,0,0,0,0,0,0,0,0,0,0,0,0,0,0,0,0,0,0,0,0,0,0,0,0,0,0,0,0,0,0,0,0,0,0,0,0,0,0,0,0,0,0,0,0,0,0,0,0,0,0,0,0,0,0,0,0.0,0.0,0.0
3309,777,0,0,0,0,0,0,0,0,0,0,0,0,0,0,0,0,0,0,0,0,0,0,0,0,0,0,0,0,0,0,0,0,0,0,0,0,0,0,0,0,0,0,0,0,0,0,0,0,0,0,0,0,0,0,0,0,0,0,0,0,0,0,0,0,0,0,0,0,0,0,0,0,0,0,0,0.0,0.0,0.0
3452,777,37,26,11,19,2263,13,10,1,0,20,4,11,56,28,486,386,198,142,14,9,5,2,0,0,28,11,120,47,781,368,114,5,24,14,36,64,114,9,13,51,20,0,30,19,37,30,10,5,0,0,5,0,0,1,0,0,14,0,0,0,0,0,0,13,24,0,4,0,28,12,2,1,0,0,112,12.36,10.02,1.4
3457,777,0,0,0,0,0,0,0,0,0,0,0,0,0,0,0,0,0,0,0,0,0,0,0,0,0,0,0,0,0,0,0,0,0,0,0,0,0,0,0,0,0,0,0,0,0,0,0,0,0,0,0,0,0,0,0,0,0,0,0,0,0,0,0,0,0,0,0,0,0,0,0,0,0,0,0,0.0,0.0,0.0
3512,777,22,14,8,9,1076,0,0,2,0,5,1,0,0,0,363,283,116,71,5,57,12,13,1,0,82,17,44,24,572,100,9,0,15,12,2,40,50,8,15,29,2,9,38,14,16,19,11,3,0,0,0,0,0,4,0,0,0,0,0,0,0,0,0,18,11,0,1,0,16,0,0,0,0,0,70,0.0,0.0,0.23
3600,777,5,1,4,1,20,0,0,0,0,1,0,0,0,0,18,18,5,5,0,1,1,3,2,0,2,3,3,2,26,6,0,0,0,0,0,2,1,0,1,2,0,0,2,1,0,0,1,0,0,0,0,0,0,0,0,0,0,0,0,0,0,0,0,1,1,0,0,0,1,0,0,0,0,0,2,0.0,0.0,0.17
3712,777,32,22,10,12,1922,1,1,3,0,19,8,0,6,1,1158,902,346,203,9,190,71,49,17,3,237,87,207,89,1382,202,13,6,27,13,11,48,51,17,9,98,6,7,34,13,18,13,7,6,0,0,1,0,0,3,0,0,6,0,0,0,0,0,0,33,59,0,1,0,28,1,0,0,0,0,183,0.33,0.33,2.31
3756,777,15,11,4,11,906,3,2,0,0,5,0,4,23,9,160,111,61,41,0,3,2,1,0,0,19,4,12,4,241,91,37,1,1,1,3,34,53,1,5,14,2,4,9,26,39,6,6,0,0,0,4,0,0,0,0,0,4,0,0,0,0,0,0,2,8,0,1,0,14,3,0,0,0,0,29,4.29,4.29,0.32
3811,777,0,0,0,0,0,0,0,0,0,0,0,0,0,0,0,0,0,0,0,0,0,0,0,0,0,0,0,0,0,0,0,0,0,0,0,0,0,0,0,0,0,0,0,0,0,0,0,0,0,0,0,0,0,0,0,0,0,0,0,0,0,0,0,0,0,0,0,0,0,0,0,0,0,0,0,0.0,0.0,0.0
3881,777,0,0,0,0,0,0,0,0,0,0,0,0,0,0,0,0,0,0,0,0,0,0,0,0,0,0,0,0,0,0,0,0,0,0,0,0,0,0,0,0,0,0,0,0,0,0,0,0,0,0,0,0,0,0,0,0,0,0,0,0,0,0,0,0,0,0,0,0,0,0,0,0,0,0,0,0.0,0.0,0.0
3894,777,24,6,18,6,763,2,1,0,0,11,0,0,17,2,692,641,191,160,4,34,23,6,2,4,68,25,204,102,785,181,11,4,7,3,8,32,28,4,7,43,4,1,7,10,3,10,11,3,0,0,0,0,0,0,0,0,3,0,0,0,0,0,0,17,23,0,0,0,10,2,0,0,0,0,61,1.21,1.21,0.81
3905,777,21,18,3,7,1592,0,0,1,0,28,1,0,2,0,1061,861,396,279,16,124,49,100,34,48,209,153,135,86,1482,391,6,2,26,14,12,72,86,10,28,73,6,1,48,24,24,22,19,3,0,0,1,0,0,4,0,0,1,0,0,0,0,0,0,31,41,0,2,0,27,0,0,0,0,0,82,0.08,0.08,2.06
3909,777,0,0,0,0,0,0,0,0,0,0,0,0,0,0,0,0,0,0,0,0,0,0,0,0,0,0,0,0,0,0,0,0,0,0,0,0,0,0,0,0,0,0,0,0,0,0,0,0,0,0,0,0,0,0,0,0,0,0,0,0,0,0,0,0,0,0,0,0,0,0,0,0,0,0,0,0.0,0.0,0.0
3929,777,0,0,0,0,0,0,0,0,0,0,0,0,0,0,0,0,0,0,0,0,0,0,0,0,0,0,0,0,0,0,0,0,0,0,0,0,0,0,0,0,0,0,0,0,0,0,0,0,0,0,0,0,0,0,0,0,0,0,0,0,0,0,0,0,0,0,0,0,0,0,0,0,0,0,0,0.0,0.0,0.0
3955,777,36,35,1,3,3097,0,0,2,0,13,3,0,4,0,1441,1115,401,257,33,237,94,37,7,0,295,157,265,144,2232,448,10,3,56,33,28,138,123,45,19,155,14,10,102,47,45,32,22,9,0,0,1,0,0,4,0,0,5,0,0,0,0,0,0,97,53,0,6,0,66,0,0,0,0,0,212,0.15,0.15,1.29
4115,777,21,7,14,8,852,3,0,1,0,10,4,2,18,8,407,357,142,121,4,19,14,0,0,1,57,17,120,57,540,140,18,4,14,10,23,50,56,2,8,45,16,3,10,14,16,9,9,1,0,0,0,0,0,0,0,0,3,0,0,0,0,0,0,19,23,0,0,0,15,3,0,0,0,0,74,1.58,1.58,1.26
4135,777,0,0,0,0,0,0,0,0,0,0,0,0,0,0,0,0,0,0,0,0,0,0,0,0,0,0,0,0,0,0,0,0,0,0,0,0,0,0,0,0,0,0,0,0,0,0,0,0,0,0,0,0,0,0,0,0,0,0,0,0,0,0,0,0,0,0,0,0,0,0,0,0,0,0,0,0.0,0.0,0.0
4198,777,0,0,0,0,0,0,0,0,0,0,0,0,0,0,0,0,0,0,0,0,0,0,0,0,0,0,0,0,0,0,0,0,0,0,0,0,0,0,0,0,0,0,0,0,0,0,0,0,0,0,0,0,0,0,0,0,0,0,0,0,0,0,0,0,0,0,0,0,0,0,0,0,0,0,0,0.0,0.0,0.0
4229,777,11,11,0,8,791,0,0,0,0,3,1,0,3,0,298,240,63,40,3,36,15,7,2,0,37,13,54,25,427,54,7,0,16,8,3,45,38,7,10,28,3,6,37,21,10,16,6,4,0,0,0,1,1,0,0,0,4,0,0,0,0,0,0,16,8,0,2,0,15,0,0,0,0,0,66,0.09,0.09,0.19
4245,777,32,32,0,1,2835,0,0,1,0,2,2,0,0,0,1211,893,176,51,0,486,175,0,0,0,176,14,158,89,1539,0,0,1,0,0,0,28,1,0,0,272,0,0,27,16,1,0,17,2,0,0,0,0,0,7,20,19,0,0,123,124,48,105,62,42,2,1,0,43,39,0,0,0,95,0,0,0.0,0.0,0.08
4260,777,20,18,2,6,1631,2,2,6,0,38,5,4,26,8,573,482,298,238,11,32,18,39,10,2,58,43,326,178,932,476,105,6,21,15,64,106,104,12,10,87,30,6,11,4,19,13,58,3,1,1,0,0,0,5,0,0,16,0,0,0,0,0,0,32,39,0,2,0,23,2,0,0,0,0,135,2.05,2.05,3.37
4288,777,0,0,0,0,0,0,0,0,0,0,0,0,0,0,0,0,0,0,0,0,0,0,0,0,0,0,0,0,0,0,0,0,0,0,0,0,0,0,0,0,0,0,0,0,0,0,0,0,0,0,0,0,0,0,0,0,0,0,0,0,0,0,0,0,0,0,0,0,0,0,0,0,0,0,0,0.0,0.0,0.0
4291,777,0,0,0,0,0,0,0,0,0,0,0,0,0,0,0,0,0,0,0,0,0,0,0,0,0,0,0,0,0,0,0,0,0,0,0,0,0,0,0,0,0,0,0,0,0,0,0,0,0,0,0,0,0,0,0,0,0,0,0,0,0,0,0,0,0,0,0,0,0,0,0,0,0,0,0,0.0,0.0,0.0
4316,777,0,0,0,0,0,0,0,0,0,0,0,0,0,0,0,0,0,0,0,0,0,0,0,0,0,0,0,0,0,0,0,0,0,0,0,0,0,0,0,0,0,0,0,0,0,0,0,0,0,0,0,0,0,0,0,0,0,0,0,0,0,0,0,0,0,0,0,0,0,0,0,0,0,0,0,0.0,0.0,0.0
4331,777,12,12,0,0,1080,0,0,0,0,0,0,0,0,0,438,245,113,33,0,320,127,0,0,0,113,11,59,27,576,0,0,0,2,1,0,5,1,0,0,108,0,0,24,3,1,0,0,0,0,0,0,0,0,0,14,13,0,0,56,57,10,100,56,22,0,1,1,7,24,0,0,0,39,1,0,0.0,0.0,0.02
4333,777,33,29,4,1,2590,3,0,1,0,2,0,3,26,7,1102,942,155,81,13,128,61,1,0,0,99,9,188,98,1537,104,65,2,36,23,10,160,100,37,12,88,5,27,203,112,64,16,6,1,0,1,0,0,0,7,0,0,1,0,0,0,0,3,3,53,34,0,2,0,42,3,0,0,0,0,302,2.3,2.3,0.49
4408,777,3,2,1,2,138,1,0,0,0,1,0,0,2,2,65,56,16,13,0,8,5,3,2,0,10,6,14,5,105,30,3,0,5,4,1,9,6,1,0,5,1,1,8,4,3,2,0,1,0,0,0,0,0,0,0,0,0,0,0,0,0,0,0,2,3,0,0,0,3,1,0,0,0,0,14,0.49,0.49,0.07
4499,777,18,6,12,2,688,0,0,0,0,7,2,1,6,1,496,440,135,110,4,25,7,4,3,0,65,10,116,72,608,105,16,0,8,5,1,34,18,5,2,17,0,1,31,18,12,3,8,1,0,0,1,0,0,3,0,0,1,0,0,0,0,14,14,10,6,0,0,0,9,0,0,0,0,0,46,0.72,0.72,0.53
4505,777,9,5,4,3,439,0,0,0,0,1,0,0,0,0,302,282,41,34,3,13,7,4,0,0,25,7,78,34,351,29,2,0,1,1,1,14,6,3,3,19,1,6,21,11,2,0,0,0,0,0,0,0,0,0,0,0,1,0,0,0,0,1,1,7,11,0,1,0,10,0,0,0,0,0,30,0.0,0.0,0.09
4511,777,0,0,0,0,0,0,0,0,0,0,0,0,0,0,0,0,0,0,0,0,0,0,0,0,0,0,0,0,0,0,0,0,0,0,0,0,0,0,0,0,0,0,0,0,0,0,0,0,0,0,0,0,0,0,0,0,0,0,0,0,0,0,0,0,0,0,0,0,0,0,0,0,0,0,0,0.0,0.0,0.0
4525,777,0,0,0,0,0,0,0,0,0,0,0,0,0,0,0,0,0,0,0,0,0,0,0,0,0,0,0,0,0,0,0,0,0,0,0,0,0,0,0,0,0,0,0,0,0,0,0,0,0,0,0,0,0,0,0,0,0,0,0,0,0,0,0,0,0,0,0,0,0,0,0,0,0,0,0,0.0,0.0,0.0
4604,777,10,7,3,6,596,0,0,1,0,3,2,0,3,0,184,147,55,40,5,12,3,16,2,0,12,14,42,22,302,100,12,0,16,9,4,23,19,5,5,17,1,2,26,2,6,4,1,1,0,0,0,0,0,0,0,0,3,0,0,0,0,0,0,5,9,0,0,0,12,0,0,0,0,0,50,0.43,0.43,0.6
4608,777,38,38,0,15,3231,1,1,1,0,16,1,0,10,3,1712,1486,379,309,21,119,59,53,9,11,174,73,359,211,2329,408,29,4,74,45,16,168,135,46,17,107,6,9,95,64,54,49,20,9,0,0,0,0,0,5,0,0,5,0,0,0,0,32,32,59,42,0,4,0,45,1,0,0,0,0,224,0.72,0.72,1.98
4617,777,18,12,6,6,1096,0,0,1,1,23,8,0,5,2,614,545,159,117,9,53,28,76,28,52,110,85,114,46,829,154,1,1,16,7,9,41,39,20,10,49,4,7,17,10,12,8,13,1,0,0,0,0,0,1,0,0,4,0,0,0,0,0,0,21,24,0,0,0,27,0,0,0,0,0,109,0.24,0.24,1.87
4640,777,38,38,0,0,3420,0,0,0,0,2,1,0,0,0,1439,886,434,149,0,911,362,0,0,0,434,53,260,117,1764,1,1,0,2,1,0,13,4,0,1,311,0,0,52,5,2,1,6,4,0,0,0,1,0,11,35,33,0,0,134,136,16,200,104,73,1,4,3,14,50,0,0,0,100,0,0,0.0,0.0,0.2
4713,777,0,0,0,0,0,0,0,0,0,0,0,0,0,0,0,0,0,0,0,0,0,0,0,0,0,0,0,0,0,0,0,0,0,0,0,0,0,0,0,0,0,0,0,0,0,0,0,0,0,0,0,0,0,0,0,0,0,0,0,0,0,0,0,0,0,0,0,0,0,0,0,0,0,0,0,0.0,0.0,0.0
4717,777,29,29,0,17,2434,4,4,3,1,44,4,0,39,15,1432,1219,493,376,13,115,73,93,32,41,166,153,433,227,1818,569,62,10,27,19,50,62,75,14,9,127,24,3,18,7,8,8,10,3,0,0,1,0,0,2,0,0,10,0,0,0,0,0,0,55,62,0,3,0,40,4,0,0,0,0,188,1.91,1.91,4.7
4727,777,0,0,0,0,0,0,0,0,0,0,0,0,0,0,0,0,0,0,0,0,0,0,0,0,0,0,0,0,0,0,0,0,0,0,0,0,0,0,0,0,0,0,0,0,0,0,0,0,0,0,0,0,0,0,0,0,0,0,0,0,0,0,0,0,0,0,0,0,0,0,0,0,0,0,0,0.0,0.0,0.0
4748,777,0,0,0,0,0,0,0,0,0,0,0,0,0,0,0,0,0,0,0,0,0,0,0,0,0,0,0,0,0,0,0,0,0,0,0,0,0,0,0,0,0,0,0,0,0,0,0,0,0,0,0,0,0,0,0,0,0,0,0,0,0,0,0,0,0,0,0,0,0,0,0,0,0,0,0,0.0,0.0,0.0
4815,777,0,0,0,0,0,0,0,0,0,0,0,0,0,0,0,0,0,0,0,0,0,0,0,0,0,0,0,0,0,0,0,0,0,0,0,0,0,0,0,0,0,0,0,0,0,0,0,0,0,0,0,0,0,0,0,0,0,0,0,0,0,0,0,0,0,0,0,0,0,0,0,0,0,0,0,0.0,0.0,0.0
4818,777,7,1,6,1,90,1,0,0,0,3,0,0,2,1,43,40,9,8,1,4,3,4,3,3,5,5,10,3,54,13,1,0,0,0,0,2,7,0,3,5,0,0,1,1,2,2,1,0,0,0,0,0,0,0,0,0,1,0,0,0,0,0,0,0,4,0,0,0,4,1,0,0,0,0,6,0.13,0.13,0.45
4845,777,0,0,0,0,0,0,0,0,0,0,0,0,0,0,0,0,0,0,0,0,0,0,0,0,0,0,0,0,0,0,0,0,0,0,0,0,0,0,0,0,0,0,0,0,0,0,0,0,0,0,0,0,0,0,0,0,0,0,0,0,0,0,0,0,0,0,0,0,0,0,0,0,0,0,0,0.0,0.0,0.0
4874,777,24,9,15,3,1050,1,0,0,0,4,0,0,4,1,442,361,132,97,13,41,13,19,2,0,69,25,104,58,752,188,13,1,31,17,5,75,37,18,10,40,2,6,44,20,12,10,22,5,0,0,2,0,0,1,0,0,4,0,0,0,0,0,0,19,17,0,3,0,13,1,0,0,0,0,99,1.15,1.15,0.2
4880,777,22,21,1,6,1794,1,1,0,0,11,1,0,16,3,886,748,183,145,14,77,36,34,13,0,88,41,167,84,1407,272,24,1,65,38,30,131,87,27,13,82,16,6,68,27,18,27,31,2,0,0,1,0,0,5,0,0,2,0,0,0,0,0,0,54,26,0,3,0,25,1,0,0,0,0,165,0.92,0.92,1.46
4930,777,0,0,0,0,0,0,0,0,0,0,0,0,0,0,0,0,0,0,0,0,0,0,0,0,0,0,0,0,0,0,0,0,0,0,0,0,0,0,0,0,0,0,0,0,0,0,0,0,0,0,0,0,0,0,0,0,0,0,0,0,0,0,0,0,0,0,0,0,0,0,0,0,0,0,0,0.0,0.0,0.0
4936,777,0,0,0,0,0,0,0,0,0,0,0,0,0,0,0,0,0,0,0,0,0,0,0,0,0,0,0,0,0,0,0,0,0,0,0,0,0,0,0,0,0,0,0,0,0,0,0,0,0,0,0,0,0,0,0,0,0,0,0,0,0,0,0,0,0,0,0,0,0,0,0,0,0,0,0,0.0,0.0,0.0
4979,777,24,1,23,1,377,0,0,0,0,3,1,1,7,1,104,81,55,41,3,3,1,27,5,0,9,25,63,48,217,118,20,1,2,2,22,23,41,0,2,14,14,0,2,1,13,7,8,1,0,0,5,0,0,0,0,0,2,0,0,0,0,0,0,3,9,0,0,0,12,0,0,0,0,0,18,0.69,0.69,0.57
4985,777,38,38,0,0,3420,0,0,0,0,0,0,0,0,0,1394,1078,118,25,1,486,173,0,0,0,118,7,143,46,1776,0,0,0,4,1,0,28,1,1,0,318,0,0,45,21,1,0,6,3,0,0,0,0,0,9,22,22,0,0,173,179,30,203,115,66,0,4,3,28,51,0,0,0,98,1,0,0.0,0.0,0.02
4999,777,0,0,0,0,0,0,0,0,0,0,0,0,0,0,0,0,0,0,0,0,0,0,0,0,0,0,0,0,0,0,0,0,0,0,0,0,0,0,0,0,0,0,0,0,0,0,0,0,0,0,0,0,0,0,0,0,0,0,0,0,0,0,0,0,0,0,0,0,0,0,0,0,0,0,0,0.0,0.0,0.0
5066,777,17,11,6,3,944,0,0,1,0,2,1,1,3,0,639,602,55,47,5,27,13,0,0,0,34,3,158,82,717,34,5,0,7,3,2,19,12,8,2,19,2,5,34,11,6,2,1,0,0,0,0,0,0,1,0,0,0,0,0,0,0,36,36,10,9,0,0,0,15,0,0,0,0,0,54,0.28,0.28,0.1
5067,777,38,34,4,20,2886,2,2,4,0,47,7,1,30,7,2205,1989,749,630,17,120,69,72,19,47,208,115,648,353,2661,847,94,11,54,28,62,101,145,22,27,146,34,6,34,4,21,37,22,10,0,0,5,0,0,6,0,0,19,0,0,0,0,5,5,48,79,0,1,0,30,2,0,0,0,0,262,2.71,2.71,4.11
5101,777,0,0,0,0,0,0,0,0,0,0,0,0,0,0,0,0,0,0,0,0,0,0,0,0,0,0,0,0,0,0,0,0,0,0,0,0,0,0,0,0,0,0,0,0,0,0,0,0,0,0,0,0,0,0,0,0,0,0,0,0,0,0,0,0,0,0,0,0,0,0,0,0,0,0,0,0.0,0.0,0.0
5140,777,38,38,0,0,3420,6,0,0,0,12,0,8,30,14,2792,2485,561,410,12,298,137,1,0,0,425,38,494,290,3261,198,71,2,22,13,1,216,78,28,2,87,1,26,275,174,60,19,18,4,0,0,1,1,0,10,0,0,3,0,0,0,0,141,123,43,41,0,3,0,53,6,0,0,0,0,352,3.77,3.77,1.44
5175,777,0,0,0,0,0,0,0,0,0,0,0,0,0,0,0,0,0,0,0,0,0,0,0,0,0,0,0,0,0,0,0,0,0,0,0,0,0,0,0,0,0,0,0,0,0,0,0,0,0,0,0,0,0,0,0,0,0,0,0,0,0,0,0,0,0,0,0,0,0,0,0,0,0,0,0,0.0,0.0,0.0
5178,777,27,23,4,7,2148,7,6,7,3,49,11,11,68,19,793,610,486,354,5,40,20,119,20,58,52,198,306,181,1323,912,187,15,17,12,103,60,141,4,9,81,50,1,7,8,19,10,16,1,0,0,14,0,0,4,0,0,21,0,0,0,0,0,0,20,40,0,2,0,35,6,0,1,0,0,109,8.23,7.45,5.44
5220,777,16,11,5,2,1091,0,0,0,0,4,0,2,17,4,796,672,146,78,5,154,71,4,1,0,117,25,155,72,975,63,19,1,14,10,2,66,48,18,6,43,1,12,71,46,27,15,6,1,0,0,1,0,0,4,0,0,1,0,0,0,0,4,4,24,18,0,2,0,13,0,0,0,0,0,115,0.97,0.97,0.6
5272,777,0,0,0,0,0,0,0,0,0,0,0,0,0,0,0,0,0,0,0,0,0,0,0,0,0,0,0,0,0,0,0,0,0,0,0,0,0,0,0,0,0,0,0,0,0,0,0,0,0,0,0,0,0,0,0,0,0,0,0,0,0,0,0,0,0,0,0,0,0,0,0,0,0,0,0,0.0,0.0,0.0
5682,777,0,0,0,0,0,0,0,0,0,0,0,0,0,0,0,0,0,0,0,0,0,0,0,0,0,0,0,0,0,0,0,0,0,0,0,0,0,0,0,0,0,0,0,0,0,0,0,0,0,0,0,0,0,0,0,0,0,0,0,0,0,0,0,0,0,0,0,0,0,0,0,0,0,0,0,0.0,0.0,0.0
5748,777,20,20,0,0,1800,0,0,1,1,1,0,0,0,0,540,252,108,21,0,414,127,0,0,0,109,5,32,14,762,0,0,0,0,0,0,6,3,1,0,142,0,0,29,5,2,1,1,0,0,0,0,1,0,0,0,0,0,0,86,91,15,164,70,9,0,6,5,15,37,0,0,0,77,0,0,0.0,0.0,0.0
5758,777,31,21,10,11,1852,0,0,6,1,26,4,0,14,5,731,591,234,179,9,56,12,106,33,38,86,126,118,73,1226,427,27,1,36,28,18,87,70,15,12,63,11,4,61,35,26,14,12,3,0,0,3,0,0,5,0,0,1,0,0,0,0,0,0,47,15,0,0,0,23,0,0,0,0,0,113,0.67,0.67,3.28
5793,777,34,33,1,19,2588,9,1,2,0,36,4,6,52,18,1600,1301,436,306,60,159,86,17,4,0,240,64,262,140,2128,370,67,13,90,45,23,188,169,31,50,138,13,27,73,57,54,46,36,9,1,1,5,0,0,2,0,0,9,0,0,0,0,0,0,49,80,0,3,0,31,9,0,0,0,0,355,5.44,5.44,3.17
5865,777,25,21,4,7,1862,0,0,4,1,32,5,2,24,7,1129,959,376,281,23,95,60,46,14,25,178,90,201,109,1484,355,34,13,58,36,21,129,85,18,23,94,13,14,19,22,17,25,41,0,0,0,1,0,0,2,0,0,9,0,0,0,0,0,0,32,53,0,1,0,27,0,0,0,0,0,203,1.14,1.14,3.26
5866,777,0,0,0,0,0,0,0,0,0,0,0,0,0,0,0,0,0,0,0,0,0,0,0,0,0,0,0,0,0,0,0,0,0,0,0,0,0,0,0,0,0,0,0,0,0,0,0,0,0,0,0,0,0,0,0,0,0,0,0,0,0,0,0,0,0,0,0,0,0,0,0,0,0,0,0,0.0,0.0,0.0
6451,777,35,35,0,0,3150,0,0,0,0,0,0,0,0,0,1204,701,237,68,0,746,252,0,0,0,237,5,87,27,1584,0,0,0,1,1,0,29,5,0,1,291,0,0,59,22,4,0,8,1,0,0,0,0,0,4,15,14,0,0,143,147,25,357,152,46,2,7,6,24,71,0,0,0,127,0,0,0.0,0.0,0.04
6593,777,0,0,0,0,0,0,0,0,0,0,0,0,0,0,0,0,0,0,0,0,0,0,0,0,0,0,0,0,0,0,0,0,0,0,0,0,0,0,0,0,0,0,0,0,0,0,0,0,0,0,0,0,0,0,0,0,0,0,0,0,0,0,0,0,0,0,0,0,0,0,0,0,0,0,0,0.0,0.0,0.0
6712,777,30,20,10,4,1842,0,0,0,0,18,3,1,14,6,796,687,195,158,13,59,33,48,15,0,58,50,151,92,1216,293,41,0,40,24,5,81,60,31,5,56,2,10,65,27,32,18,11,4,0,0,1,0,1,3,0,0,2,0,0,0,0,0,0,38,16,0,1,0,31,0,0,0,0,0,146,1.5,1.5,1.47
7336,777,0,0,0,0,0,0,0,0,0,0,0,0,0,0,0,0,0,0,0,0,0,0,0,0,0,0,0,0,0,0,0,0,0,0,0,0,0,0,0,0,0,0,0,0,0,0,0,0,0,0,0,0,0,0,0,0,0,0,0,0,0,0,0,0,0,0,0,0,0,0,0,0,0,0,0,0.0,0.0,0.0
7975,777,37,37,0,0,3330,0,0,0,0,3,0,0,0,0,1091,707,271,85,1,573,196,0,0,0,272,23,118,57,1438,0,0,1,1,1,0,25,1,1,0,305,0,0,37,10,1,0,14,1,0,0,0,0,0,19,32,32,0,0,175,184,39,130,69,47,6,0,0,33,26,0,0,0,60,0,0,0.0,0.0,0.07
8127,777,33,18,15,8,1759,1,0,0,0,12,0,1,14,4,643,502,165,102,19,58,16,15,4,0,73,33,137,81,925,189,23,1,48,25,25,94,101,27,22,64,15,8,39,26,24,31,11,7,0,1,2,1,0,1,0,0,2,0,0,0,0,0,0,35,27,0,3,0,40,1,0,0,0,0,186,0.87,0.87,0.48
8143,777,37,37,0,0,3330,2,0,3,0,18,2,4,21,10,1559,1257,323,151,17,243,100,7,2,0,229,49,307,166,2093,156,84,9,51,29,5,234,111,32,13,88,1,52,242,147,64,32,35,8,0,0,2,1,0,11,0,0,3,0,0,0,0,98,98,54,31,0,3,0,48,2,0,0,0,0,376,2.53,2.53,2.1
8163,777,33,31,2,0,2837,1,0,0,0,7,1,0,24,3,2492,2301,273,190,10,172,82,5,1,0,215,18,482,212,2862,114,43,1,35,22,5,127,90,30,21,136,5,27,142,76,50,15,12,10,0,0,1,1,1,7,0,0,2,0,0,0,0,155,154,58,76,0,4,0,40,1,0,0,0,0,231,1.83,1.83,0.56
8171,777,4,0,4,0,38,0,0,0,0,0,0,0,1,1,12,9,4,3,0,1,1,4,0,0,1,3,5,3,26,17,4,0,2,2,2,3,4,0,1,3,2,0,0,0,1,0,1,0,0,0,0,0,0,0,0,0,0,0,0,0,0,0,0,0,3,0,0,0,1,0,0,0,0,0,5,0.04,0.04,0.02
8245,777,0,0,0,0,0,0,0,0,0,0,0,0,0,0,0,0,0,0,0,0,0,0,0,0,0,0,0,0,0,0,0,0,0,0,0,0,0,0,0,0,0,0,0,0,0,0,0,0,0,0,0,0,0,0,0,0,0,0,0,0,0,0,0,0,0,0,0,0,0,0,0,0,0,0,0,0.0,0.0,0.0
8246,777,7,0,7,0,40,0,0,0,0,0,0,1,2,1,13,4,11,3,0,1,0,0,0,0,4,4,0,0,27,12,5,0,0,0,2,10,11,0,0,2,2,0,0,8,8,2,2,2,0,0,2,0,0,0,0,0,0,0,0,0,0,0,0,0,2,0,1,0,3,0,0,0,0,0,2,0.25,0.25,0.04
8321,777,0,0,0,0,0,0,0,0,0,0,0,0,0,0,0,0,0,0,0,0,0,0,0,0,0,0,0,0,0,0,0,0,0,0,0,0,0,0,0,0,0,0,0,0,0,0,0,0,0,0,0,0,0,0,0,0,0,0,0,0,0,0,0,0,0,0,0,0,0,0,0,0,0,0,0,0.0,0.0,0.0
8454,777,32,11,21,9,1243,7,2,1,0,8,1,7,38,16,156,101,83,51,4,4,1,5,1,0,17,9,56,36,381,196,85,0,4,2,35,50,97,3,5,28,21,2,5,19,45,12,14,1,0,0,9,0,0,0,0,0,9,0,0,0,0,0,0,1,18,0,2,0,24,7,0,0,0,0,41,7.6,7.6,0.54
8456,777,3,0,3,0,34,0,0,0,0,0,0,1,2,0,37,35,14,14,1,4,3,6,1,4,6,7,13,4,54,22,5,0,1,1,2,2,4,0,1,4,1,0,0,0,0,1,1,0,0,0,0,0,0,0,0,0,0,0,0,0,0,0,0,2,2,0,0,0,0,0,0,0,0,0,5,0.21,0.21,0.06
8589,777,31,19,12,11,1568,0,0,0,0,21,1,1,17,0,678,551,231,169,11,55,24,45,12,23,110,70,121,71,946,245,28,0,27,15,21,79,81,15,15,66,14,8,28,17,24,23,25,7,0,0,0,1,0,2,0,0,0,0,0,0,0,1,1,25,41,0,1,0,18,0,0,0,0,0,148,1.11,1.11,1.94
8658,777,37,33,4,20,2852,16,12,3,0,23,4,19,83,38,476,346,234,164,11,8,4,7,2,0,25,20,185,110,887,489,177,3,22,14,73,116,166,6,4,49,43,2,15,36,57,35,32,4,0,0,24,0,0,3,0,0,16,0,0,0,0,0,0,10,23,0,1,0,38,16,0,0,0,0,94,15.4,15.4,1.18
8707,777,29,25,4,3,2199,1,0,2,0,7,0,1,10,3,1054,836,211,110,11,103,29,14,1,0,123,44,180,94,1505,194,45,1,40,26,7,151,125,21,19,76,6,12,152,98,64,36,13,9,1,1,3,1,1,5,0,0,3,0,0,0,0,3,3,41,32,0,0,0,34,1,0,0,0,0,225,1.08,1.08,0.36
8868,777,38,38,0,6,3405,9,7,11,4,45,16,5,79,28,793,585,382,251,25,45,16,148,27,57,69,153,395,269,1616,818,165,6,50,29,142,185,242,27,26,159,77,7,39,33,57,19,49,5,0,0,17,0,0,7,0,0,26,0,0,0,0,0,0,68,65,0,6,0,63,8,0,1,0,0,281,7.22,6.44,5.21
8882,777,0,0,0,0,0,0,0,0,0,0,0,0,0,0,0,0,0,0,0,0,0,0,0,0,0,0,0,0,0,0,0,0,0,0,0,0,0,0,0,0,0,0,0,0,0,0,0,0,0,0,0,0,0,0,0,0,0,0,0,0,0,0,0,0,0,0,0,0,0,0,0,0,0,0,0,0.0,0.0,0.0
8900,777,17,15,2,1,1323,0,0,0,0,5,1,2,9,1,936,842,122,82,3,88,37,4,1,0,84,14,221,105,1109,65,21,1,5,2,7,54,44,11,2,47,3,9,83,40,27,10,9,1,0,0,0,0,0,3,0,0,0,0,0,0,0,50,50,34,13,0,1,0,23,0,0,0,0,0,107,1.3,1.3,0.42
8938,777,0,0,0,0,0,0,0,0,0,0,0,0,0,0,0,0,0,0,0,0,0,0,0,0,0,0,0,0,0,0,0,0,0,0,0,0,0,0,0,0,0,0,0,0,0,0,0,0,0,0,0,0,0,0,0,0,0,0,0,0,0,0,0,0,0,0,0,0,0,0,0,0,0,0,0,0.0,0.0,0.0
8945,777,2,0,2,0,8,0,0,0,0,0,0,0,0,0,6,3,1,0,0,2,0,0,0,0,1,0,0,0,10,0,0,0,1,0,0,1,1,0,0,1,0,0,2,0,0,1,0,0,0,0,1,0,0,0,0,0,0,0,0,0,0,0,0,1,0,0,1,0,1,0,0,0,0,0,3,0.0,0.0,0.0
8980,777,0,0,0,0,0,0,0,0,0,0,0,0,0,0,0,0,0,0,0,0,0,0,0,0,0,0,0,0,0,0,0,0,0,0,0,0,0,0,0,0,0,0,0,0,0,0,0,0,0,0,0,0,0,0,0,0,0,0,0,0,0,0,0,0,0,0,0,0,0,0,0,0,0,0,0,0.0,0.0,0.0
9199,777,14,14,0,7,1146,2,1,2,0,6,3,3,18,6,152,104,67,46,6,4,0,5,1,0,11,7,37,10,282,135,42,1,8,4,17,30,46,2,3,15,9,1,12,9,14,13,3,3,0,0,6,0,0,1,0,0,3,0,0,0,0,0,0,5,7,0,4,0,20,1,0,1,0,0,37,2.77,1.99,0.85
9251,777,22,22,0,0,1980,0,0,0,0,0,0,0,0,0,846,492,216,52,0,512,168,0,0,0,216,15,87,44,1071,0,0,0,1,0,0,13,0,0,0,202,0,0,29,6,0,0,7,1,0,0,0,0,0,5,16,16,0,0,98,98,17,119,42,26,1,2,2,14,27,0,0,0,63,0,0,0.0,0.0,0.05
9257,777,2,0,2,0,19,0,0,0,0,0,0,0,1,0,8,6,2,0,0,1,0,0,0,0,1,0,2,0,14,2,2,0,0,0,0,1,0,0,0,0,0,1,4,1,0,0,0,0,0,0,0,0,0,0,0,0,0,0,0,0,0,0,0,0,0,0,0,0,2,0,0,0,0,0,5,0.04,0.04,0.0
9426,777,0,0,0,0,0,0,0,0,0,0,0,0,0,0,0,0,0,0,0,0,0,0,0,0,0,0,0,0,0,0,0,0,0,0,0,0,0,0,0,0,0,0,0,0,0,0,0,0,0,0,0,0,0,0,0,0,0,0,0,0,0,0,0,0,0,0,0,0,0,0,0,0,0,0,0,0.0,0.0,0.0
9457,777,0,0,0,0,0,0,0,0,0,0,0,0,0,0,0,0,0,0,0,0,0,0,0,0,0,0,0,0,0,0,0,0,0,0,0,0,0,0,0,0,0,0,0,0,0,0,0,0,0,0,0,0,0,0,0,0,0,0,0,0,0,0,0,0,0,0,0,0,0,0,0,0,0,0,0,0.0,0.0,0.0
9566,777,23,19,4,5,1655,1,0,2,0,4,2,1,14,4,851,733,113,66,4,110,47,4,1,0,87,10,253,138,1067,55,27,0,22,17,3,98,42,13,4,62,2,11,105,59,20,16,16,3,0,1,0,2,0,5,0,0,2,0,0,0,0,16,16,30,30,0,2,0,19,1,0,0,0,0,151,1.12,1.12,0.5
9576,777,35,30,5,13,2726,14,7,1,0,20,2,20,74,34,460,269,244,130,7,10,5,10,1,0,56,30,108,52,893,436,135,1,10,4,51,184,282,4,4,46,29,9,36,128,189,45,38,3,0,0,26,0,2,4,0,0,18,0,0,0,0,0,0,7,21,0,2,0,34,10,1,4,0,0,105,15.57,11.67,1.06
9595,777,0,0,0,0,0,0,0,0,0,0,0,0,0,0,0,0,0,0,0,0,0,0,0,0,0,0,0,0,0,0,0,0,0,0,0,0,0,0,0,0,0,0,0,0,0,0,0,0,0,0,0,0,0,0,0,0,0,0,0,0,0,0,0,0,0,0,0,0,0,0,0,0,0,0,0,0.0,0.0,0.0
9651,777,3,3,0,0,270,0,0,0,0,0,0,0,0,0,88,44,17,5,0,58,14,0,0,0,17,0,11,3,122,0,0,0,0,0,0,3,0,0,0,26,0,0,5,1,0,0,2,0,0,0,0,0,0,0,4,4,0,0,17,17,3,21,9,5,0,1,1,3,7,0,0,0,0,0,0,0.0,0.0,0.0
9662,777,33,19,14,18,1618,3,3,2,0,23,10,3,42,13,499,366,254,173,29,38,20,125,24,7,72,120,198,102,908,492,57,4,16,12,39,56,83,6,25,47,19,4,17,7,12,9,13,2,0,0,5,1,0,1,0,0,7,0,0,0,0,0,0,23,17,0,2,0,20,3,0,0,0,0,90,3.07,3.07,2.66
10000,777,0,0,0,0,0,0,0,0,0,0,0,0,0,0,0,0,0,0,0,0,0,0,0,0,0,0,0,0,0,0,0,0,0,0,0,0,0,0,0,0,0,0,0,0,0,0,0,0,0,0,0,0,0,0,0,0,0,0,0,0,0,0,0,0,0,0,0,0,0,0,0,0,0,0,0,0.0,0.0,0.0
10079,777,27,27,0,1,2417,0,0,0,0,0,0,0,1,1,610,368,86,16,0,336,96,0,0,0,86,7,42,11,989,2,2,0,1,1,0,17,1,0,0,255,0,0,35,15,0,1,2,2,0,0,0,0,0,7,28,26,0,0,197,204,35,199,109,25,0,2,2,29,38,0,0,0,89,0,0,0.16,0.16,0.0
10361,777,12,5,7,0,564,0,0,1,0,2,0,0,4,1,245,205,54,34,3,39,16,7,0,0,44,28,57,31,363,55,9,0,6,5,1,24,20,6,1,10,1,1,30,9,13,6,8,1,0,1,0,0,0,2,0,0,0,0,0,0,0,6,6,3,7,0,0,0,7,0,0,0,0,0,43,0.15,0.15,0.13
10394,777,12,9,3,10,638,1,0,0,0,8,2,0,13,6,180,143,80,61,5,8,3,13,1,0,17,19,73,34,318,146,23,0,11,4,17,42,44,2,7,18,9,3,6,6,12,11,11,1,0,0,1,0,0,0,0,0,3,0,0,0,0,0,0,9,6,0,0,0,9,1,0,0,0,0,40,0.48,0.48,0.25
10439,777,18,18,0,3,1590,0,0,0,0,9,0,0,12,1,629,533,171,133,13,67,36,38,7,1,93,59,137,73,1093,259,10,0,31,21,34,85,73,25,13,81,15,3,71,25,14,13,15,3,0,0,0,0,0,6,0,0,3,0,0,0,0,0,0,57,21,0,3,0,19,0,0,0,0,0,130,0.41,0.41,0.84
10443,777,15,11,4,4,1000,3,2,0,0,6,1,3,20,11,158,117,76,55,6,6,2,2,0,0,19,5,76,36,341,149,55,0,22,16,26,64,83,3,5,34,13,2,11,20,41,12,9,1,0,0,3,0,0,0,0,0,7,0,0,0,0,0,0,6,21,0,1,0,21,3,0,0,0,0,71,2.97,2.97,0.34
10458,777,24,11,13,7,1172,1,1,0,0,20,3,0,10,3,711,592,265,210,12,71,27,55,13,3,123,66,117,73,962,296,28,2,12,9,4,30,27,8,4,40,1,3,32,14,15,4,1,0,0,0,5,0,0,3,0,0,3,0,0,0,0,0,0,18,19,0,0,0,16,1,0,0,0,0,55,1.1,1.1,1.4
10476,777,0,0,0,0,0,0,0,0,0,0,0,0,0,0,0,0,0,0,0,0,0,0,0,0,0,0,0,0,0,0,0,0,0,0,0,0,0,0,0,0,0,0,0,0,0,0,0,0,0,0,0,0,0,0,0,0,0,0,0,0,0,0,0,0,0,0,0,0,0,0,0,0,0,0,0,0.0,0.0,0.0
10479,777,3,2,1,0,212,0,0,0,0,0,0,0,0,0,79,45,12,4,0,49,15,0,0,0,12,0,3,1,106,0,0,0,0,0,0,0,0,1,0,22,0,0,3,0,0,0,0,0,0,0,0,0,0,0,3,3,0,0,12,13,1,10,7,4,0,0,0,1,4,0,0,0,9,0,0,0.0,0.0,0.0
10539,777,18,18,0,6,1519,2,2,2,0,13,4,0,11,6,866,728,255,164,11,96,42,12,1,5,152,52,104,47,1084,160,7,6,31,18,14,66,55,22,12,73,10,11,35,17,16,16,18,2,0,0,0,1,0,2,0,0,3,0,0,0,0,0,0,26,44,0,4,0,29,2,0,0,0,1,173,0.94,0.94,1.36
10564,777,0,0,0,0,0,0,0,0,0,0,0,0,0,0,0,0,0,0,0,0,0,0,0,0,0,0,0,0,0,0,0,0,0,0,0,0,0,0,0,0,0,0,0,0,0,0,0,0,0,0,0,0,0,0,0,0,0,0,0,0,0,0,0,0,0,0,0,0,0,0,0,0,0,0,0,0.0,0.0,0.0
10580,777,0,0,0,0,0,0,0,0,0,0,0,0,0,0,0,0,0,0,0,0,0,0,0,0,0,0,0,0,0,0,0,0,0,0,0,0,0,0,0,0,0,0,0,0,0,0,0,0,0,0,0,0,0,0,0,0,0,0,0,0,0,0,0,0,0,0,0,0,0,0,0,0,0,0,0,0.0,0.0,0.0
10651,777,21,7,14,5,599,0,0,2,0,5,3,0,5,1,320,255,77,47,5,26,10,16,3,0,41,31,71,37,482,110,11,0,10,7,9,26,40,9,4,20,6,2,25,13,13,14,0,4,0,0,0,0,0,1,0,0,0,0,0,0,0,0,0,10,10,0,1,0,14,0,0,0,0,0,46,0.28,0.28,0.64
10766,777,18,8,10,0,872,0,0,1,0,11,0,0,3,0,498,429,127,86,9,57,26,44,10,26,67,52,122,70,685,151,4,0,25,16,4,42,35,24,7,62,3,6,26,9,16,8,5,1,0,1,0,0,0,1,0,0,5,0,0,0,0,0,0,27,30,0,1,0,19,0,0,0,0,0,143,0.07,0.07,0.52
10768,777,0,0,0,0,0,0,0,0,0,0,0,0,0,0,0,0,0,0,0,0,0,0,0,0,0,0,0,0,0,0,0,0,0,0,0,0,0,0,0,0,0,0,0,0,0,0,0,0,0,0,0,0,0,0,0,0,0,0,0,0,0,0,0,0,0,0,0,0,0,0,0,0,0,0,0,0.0,0.0,0.0
10801,777,0,0,0,0,0,0,0,0,0,0,0,0,0,0,0,0,0,0,0,0,0,0,0,0,0,0,0,0,0,0,0,0,0,0,0,0,0,0,0,0,0,0,0,0,0,0,0,0,0,0,0,0,0,0,0,0,0,0,0,0,0,0,0,0,0,0,0,0,0,0,0,0,0,0,0,0.0,0.0,0.0
10827,777,0,0,0,0,0,0,0,0,0,0,0,0,0,0,0,0,0,0,0,0,0,0,0,0,0,0,0,0,0,0,0,0,0,0,0,0,0,0,0,0,0,0,0,0,0,0,0,0,0,0,0,0,0,0,0,0,0,0,0,0,0,0,0,0,0,0,0,0,0,0,0,0,0,0,0,0.0,0.0,0.0
10933,777,0,0,0,0,0,0,0,0,0,0,0,0,0,0,0,0,0,0,0,0,0,0,0,0,0,0,0,0,0,0,0,0,0,0,0,0,0,0,0,0,0,0,0,0,0,0,0,0,0,0,0,0,0,0,0,0,0,0,0,0,0,0,0,0,0,0,0,0,0,0,0,0,0,0,0,0.0,0.0,0.0
10947,777,25,14,11,8,1328,0,0,1,0,4,1,0,5,0,481,370,117,75,1,59,23,25,3,0,54,29,124,75,817,175,14,0,15,11,24,66,68,8,8,72,9,5,41,19,21,15,17,2,0,0,2,1,0,3,0,0,3,0,0,0,0,0,0,44,25,0,4,0,22,0,0,0,0,0,68,0.18,0.18,0.54
11071,777,36,27,9,17,2199,9,3,3,0,25,2,9,74,19,518,329,186,109,12,26,16,7,2,0,64,23,132,57,925,329,106,1,35,21,45,163,226,8,19,55,28,3,30,85,127,46,34,5,0,0,19,0,2,2,0,0,9,0,0,0,0,0,0,13,33,0,1,0,28,5,0,4,0,0,132,11.58,8.46,0.9
11130,777,0,0,0,0,0,0,0,0,0,0,0,0,0,0,0,0,0,0,0,0,0,0,0,0,0,0,0,0,0,0,0,0,0,0,0,0,0,0,0,0,0,0,0,0,0,0,0,0,0,0,0,0,0,0,0,0,0,0,0,0,0,0,0,0,0,0,0,0,0,0,0,0,0,0,0,0.0,0.0,0.0
11224,777,0,0,0,0,0,0,0,0,0,0,0,0,0,0,0,0,0,0,0,0,0,0,0,0,0,0,0,0,0,0,0,0,0,0,0,0,0,0,0,0,0,0,0,0,0,0,0,0,0,0,0,0,0,0,0,0,0,0,0,0,0,0,0,0,0,0,0,0,0,0,0,0,0,0,0,0.0,0.0,0.0
11284,777,3,2,1,2,127,0,0,0,0,1,0,0,1,0,48,39,10,5,1,6,1,8,2,0,6,4,17,10,88,19,2,0,4,2,3,7,9,2,3,3,1,0,4,1,0,3,0,1,0,0,0,0,0,0,0,0,0,0,0,0,0,0,0,2,1,0,0,0,2,0,0,0,0,0,10,0.07,0.07,0.08
11373,777,1,1,0,0,90,0,0,0,0,0,0,0,0,0,20,15,3,1,0,8,3,0,0,0,3,0,0,0,33,0,0,0,0,0,0,1,0,0,0,8,0,0,3,1,0,0,0,0,0,0,0,0,0,0,1,1,0,0,7,7,1,5,2,1,0,0,0,1,1,0,0,0,2,0,0,0.0,0.0,0.0
11419,777,24,16,8,9,1370,1,1,6,1,39,6,0,22,8,828,701,398,305,0,74,38,22,6,5,126,112,326,143,999,408,38,20,19,8,31,40,57,7,12,70,13,0,6,3,5,9,9,0,0,0,2,0,0,3,0,0,19,0,0,0,0,0,0,14,37,0,0,0,13,1,0,0,0,0,102,1.25,1.25,3.65
11428,777,0,0,0,0,0,0,0,0,0,0,0,0,0,0,0,0,0,0,0,0,0,0,0,0,0,0,0,0,0,0,0,0,0,0,0,0,0,0,0,0,0,0,0,0,0,0,0,0,0,0,0,0,0,0,0,0,0,0,0,0,0,0,0,0,0,0,0,0,0,0,0,0,0,0,0,0.0,0.0,0.0
11575,777,0,0,0,0,0,0,0,0,0,0,0,0,0,0,0,0,0,0,0,0,0,0,0,0,0,0,0,0,0,0,0,0,0,0,0,0,0,0,0,0,0,0,0,0,0,0,0,0,0,0,0,0,0,0,0,0,0,0,0,0,0,0,0,0,0,0,0,0,0,0,0,0,0,0,0,0.0,0.0,0.0
12136,777,34,32,2,2,2903,1,1,6,2,34,9,0,21,5,1807,1512,600,441,14,251,138,99,23,61,363,193,348,179,2295,431,16,8,50,33,30,155,102,29,16,179,17,20,85,56,35,23,41,8,0,0,0,0,0,9,0,0,9,0,0,0,0,0,0,76,94,0,0,0,39,1,0,0,0,0,362,1.01,1.01,3.73
12185,777,0,0,0,0,0,0,0,0,0,0,0,0,0,0,0,0,0,0,0,0,0,0,0,0,0,0,0,0,0,0,0,0,0,0,0,0,0,0,0,0,0,0,0,0,0,0,0,0,0,0,0,0,0,0,0,0,0,0,0,0,0,0,0,0,0,0,0,0,0,0,0,0,0,0,0,0.0,0.0,0.0
12520,777,6,1,5,1,126,0,0,1,0,4,1,0,2,0,148,135,53,44,0,6,3,0,0,0,26,7,45,25,178,38,0,3,2,1,6,6,6,2,0,10,5,0,4,0,0,0,2,0,0,0,0,0,0,0,0,0,1,0,0,0,0,1,1,3,6,0,0,0,3,0,0,0,0,0,18,0.13,0.13,0.42
12582,777,25,25,0,8,2101,2,1,3,0,13,2,0,29,7,1065,930,326,260,23,44,20,19,4,0,117,46,218,105,1364,339,34,4,43,20,23,94,74,28,19,114,9,7,24,13,12,21,31,1,0,1,0,0,0,4,0,0,4,0,0,0,0,0,0,47,63,0,2,0,26,2,0,0,0,0,218,1.99,1.99,1.84
12707,777,0,0,0,0,0,0,0,0,0,0,0,0,0,0,0,0,0,0,0,0,0,0,0,0,0,0,0,0,0,0,0,0,0,0,0,0,0,0,0,0,0,0,0,0,0,0,0,0,0,0,0,0,0,0,0,0,0,0,0,0,0,0,0,0,0,0,0,0,0,0,0,0,0,0,0,0.0,0.0,0.0
13274,777,34,34,0,0,3036,0,0,0,0,5,1,1,11,2,2098,2003,221,177,12,100,61,5,1,0,152,20,511,286,2439,108,26,1,22,8,10,100,49,23,4,108,6,29,122,32,24,11,40,0,0,1,0,0,0,8,0,0,3,0,0,0,0,26,26,57,48,0,1,0,44,0,0,0,0,0,196,1.27,1.27,0.59
13286,777,12,2,10,1,279,2,1,0,0,4,1,3,9,3,44,25,20,10,0,2,0,1,0,0,6,3,6,0,75,40,22,0,4,2,1,10,11,0,2,6,1,0,3,5,6,2,0,0,0,0,0,0,0,0,0,0,1,0,0,0,0,0,0,2,3,0,0,0,8,2,0,0,0,0,13,2.05,2.05,0.36
13344,777,35,34,1,8,3020,3,1,3,1,30,4,0,30,10,1393,1191,425,330,24,132,56,131,26,47,188,194,345,140,2167,639,41,2,66,32,26,137,129,22,35,88,17,14,84,32,27,41,30,9,0,0,4,0,0,8,0,0,3,0,0,0,0,0,0,45,40,0,1,0,38,3,0,0,0,0,186,1.14,1.14,2.94
13491,777,0,0,0,0,0,0,0,0,0,0,0,0,0,0,0,0,0,0,0,0,0,0,0,0,0,0,0,0,0,0,0,0,0,0,0,0,0,0,0,0,0,0,0,0,0,0,0,0,0,0,0,0,0,0,0,0,0,0,0,0,0,0,0,0,0,0,0,0,0,0,0,0,0,0,0,0.0,0.0,0.0
13515,777,29,21,8,4,1896,2,1,1,0,12,5,2,24,6,709,539,182,107,21,86,34,38,6,9,115,45,132,71,1227,265,40,1,56,37,23,127,81,28,11,70,10,11,90,40,34,13,30,4,0,0,2,0,0,6,0,0,2,0,0,0,0,0,0,38,30,0,4,0,26,2,0,0,0,0,183,1.83,1.83,1.16
13522,777,21,17,4,0,1559,0,0,0,0,4,0,2,7,1,687,604,84,43,7,76,27,3,1,0,69,10,156,81,916,28,13,0,16,8,6,69,63,9,7,43,5,24,111,47,35,16,2,4,0,0,0,2,0,1,0,0,0,0,0,0,0,16,16,28,15,0,4,0,37,0,0,0,0,0,160,0.56,0.56,0.25
13549,777,16,8,8,2,789,0,0,0,0,1,1,0,2,0,757,685,47,30,1,48,20,0,0,0,43,6,123,80,874,14,4,4,17,8,1,58,25,9,2,22,1,5,66,41,17,6,0,2,0,0,1,0,0,2,0,0,0,0,0,0,0,14,14,11,11,0,1,0,14,0,0,0,0,0,97,0.11,0.11,0.4
13559,777,14,14,0,2,1202,1,0,0,0,0,0,0,2,1,569,481,61,31,4,65,22,1,0,0,50,9,110,58,723,20,2,0,14,8,0,38,42,11,5,40,0,11,83,22,24,13,2,1,0,0,1,1,0,1,0,0,0,0,0,0,0,1,1,28,12,0,3,0,26,1,0,0,0,1,120,0.61,0.61,0.12
13565,777,0,0,0,0,0,0,0,0,0,0,0,0,0,0,0,0,0,0,0,0,0,0,0,0,0,0,0,0,0,0,0,0,0,0,0,0,0,0,0,0,0,0,0,0,0,0,0,0,0,0,0,0,0,0,0,0,0,0,0,0,0,0,0,0,0,0,0,0,0,0,0,0,0,0,0,0.0,0.0,0.0
13622,777,11,5,6,1,497,0,0,0,0,0,0,0,1,0,155,125,22,6,4,19,5,0,0,0,14,3,12,2,253,12,7,0,4,3,0,25,27,5,2,10,0,7,60,21,21,4,1,0,0,0,0,0,0,0,0,0,0,0,0,0,0,0,0,6,4,0,2,0,11,0,0,0,0,0,76,0.08,0.08,0.02
13703,777,12,11,1,0,1003,0,0,0,0,1,0,0,0,0,400,267,81,16,0,185,55,0,0,0,81,9,47,20,507,0,0,0,0,0,0,6,2,0,0,89,0,0,10,5,2,0,1,2,0,0,0,0,0,1,8,8,0,0,56,58,12,84,40,20,0,3,3,11,17,0,0,0,25,0,0,0.0,0.0,0.0
13706,777,31,13,18,13,1199,1,0,3,0,26,8,11,48,13,445,343,232,164,8,26,12,59,11,22,55,82,177,86,734,403,73,5,19,13,34,55,78,4,20,56,10,0,15,6,13,11,13,7,0,0,2,0,0,0,0,0,7,0,0,0,0,0,0,22,27,0,1,0,20,1,0,0,0,0,94,5.81,5.81,3.4
13796,777,35,33,2,3,2953,2,0,0,0,9,1,1,18,7,1450,1267,200,130,14,95,38,6,3,0,159,18,258,136,1921,118,46,0,37,20,7,140,112,29,10,85,6,22,185,85,81,17,19,3,0,0,1,0,0,6,0,0,1,0,0,0,0,0,0,48,36,0,6,0,53,2,0,0,0,0,274,1.4,1.4,0.56
13797,777,19,6,13,7,553,0,0,0,0,9,1,2,14,3,119,72,62,41,5,8,3,50,7,1,15,37,72,45,257,149,28,1,7,4,13,28,29,1,8,19,4,0,8,7,7,1,8,0,0,0,1,0,0,0,0,0,3,0,0,0,0,0,0,5,11,0,1,0,16,0,0,0,0,0,35,0.91,0.91,0.71
13815,777,23,15,8,3,1380,1,1,0,0,7,1,0,5,3,596,510,190,152,18,40,15,20,1,0,91,24,140,91,968,239,19,1,44,30,25,97,64,9,11,59,17,4,34,12,19,12,25,2,0,0,1,0,0,4,0,0,7,0,0,0,0,0,0,34,18,0,5,0,25,1,0,0,0,0,93,1.13,1.13,0.37
13917,777,0,0,0,0,0,0,0,0,0,0,0,0,0,0,0,0,0,0,0,0,0,0,0,0,0,0,0,0,0,0,0,0,0,0,0,0,0,0,0,0,0,0,0,0,0,0,0,0,0,0,0,0,0,0,0,0,0,0,0,0,0,0,0,0,0,0,0,0,0,0,0,0,0,0,0,0.0,0.0,0.0
13961,777,36,32,4,24,2691,10,9,7,1,39,8,1,78,25,777,631,346,265,11,65,37,115,32,70,73,147,267,115,1264,619,105,10,29,19,38,89,95,15,24,82,23,3,48,5,20,13,37,7,0,0,13,0,0,4,0,0,10,0,0,0,0,0,0,34,38,0,2,0,38,10,0,0,0,0,177,5.88,5.88,4.77
13988,777,37,37,0,0,3330,0,0,0,0,1,0,0,0,0,1115,599,335,62,0,689,174,0,0,0,335,21,129,30,1458,0,0,0,1,0,0,21,4,2,0,299,0,0,54,17,2,2,5,5,0,0,0,2,0,11,26,26,0,0,141,145,23,240,126,48,1,6,5,22,51,0,0,0,106,0,0,0.0,0.0,0.11
14063,777,0,0,0,0,0,0,0,0,0,0,0,0,0,0,0,0,0,0,0,0,0,0,0,0,0,0,0,0,0,0,0,0,0,0,0,0,0,0,0,0,0,0,0,0,0,0,0,0,0,0,0,0,0,0,0,0,0,0,0,0,0,0,0,0,0,0,0,0,0,0,0,0,0,0,0,0.0,0.0,0.0
14164,777,25,23,2,4,2084,0,0,2,0,18,2,0,0,0,738,566,241,172,20,71,24,42,16,0,129,55,182,99,1352,352,15,2,33,23,32,83,82,40,7,75,15,7,94,22,24,23,12,4,0,0,1,0,0,3,0,0,3,0,0,0,0,0,0,50,22,0,2,0,43,0,0,0,0,0,174,0.0,0.0,1.0
14238,777,22,2,20,2,604,0,0,2,0,5,0,2,9,2,260,203,85,56,3,13,4,4,2,0,31,9,23,7,377,91,10,0,16,10,7,50,34,9,5,18,6,3,23,20,10,13,13,3,0,0,0,0,0,0,0,0,3,0,0,0,0,0,0,9,6,0,0,0,7,0,0,0,0,0,69,0.49,0.49,0.37
14428,777,0,0,0,0,0,0,0,0,0,0,0,0,0,0,0,0,0,0,0,0,0,0,0,0,0,0,0,0,0,0,0,0,0,0,0,0,0,0,0,0,0,0,0,0,0,0,0,0,0,0,0,0,0,0,0,0,0,0,0,0,0,0,0,0,0,0,0,0,0,0,0,0,0,0,0,0.0,0.0,0.0
14445,777,37,22,15,21,1928,3,1,0,0,18,1,5,36,11,920,838,330,288,15,14,9,13,1,0,76,24,255,135,1223,448,76,0,35,21,46,72,73,22,6,71,31,1,18,7,13,10,17,1,0,0,3,0,0,0,0,0,7,0,0,0,0,0,0,23,41,0,1,0,27,3,0,0,0,0,148,4.71,4.71,1.12
14446,777,24,10,14,9,980,0,0,2,0,14,4,1,17,6,359,302,149,117,15,22,10,15,3,0,40,22,139,83,554,205,43,4,20,14,22,48,68,9,19,52,12,2,6,10,11,16,11,3,0,0,2,0,0,0,0,0,9,0,0,0,0,0,0,16,27,0,2,0,18,0,0,0,0,0,89,1.26,1.26,1.07
14450,777,10,0,10,0,118,0,0,1,0,2,0,2,5,1,74,68,33,30,2,3,2,2,0,0,6,4,32,16,115,56,8,0,4,3,11,11,13,0,2,16,4,1,2,0,0,0,2,0,0,0,0,0,0,0,0,0,2,0,0,0,0,0,0,3,11,0,1,0,2,0,0,0,0,0,23,0.71,0.71,0.11
14451,777,12,2,10,2,416,2,1,0,0,7,1,1,15,6,87,70,28,20,10,2,1,1,0,0,6,4,52,35,216,80,26,1,8,6,22,28,53,2,3,17,11,1,10,8,22,7,7,2,0,0,3,0,0,0,0,0,1,0,0,0,0,0,0,6,10,0,2,0,12,2,0,0,0,0,38,1.77,1.77,0.46
14456,777,21,5,16,5,645,4,2,1,0,7,0,5,27,9,94,73,51,40,4,5,1,7,2,3,5,11,45,31,206,129,48,1,4,3,25,21,36,0,2,10,13,0,2,3,7,2,6,0,0,0,1,0,0,0,0,0,1,0,0,0,0,0,0,3,6,0,1,0,10,4,0,0,0,0,16,4.03,4.03,0.35
14457,777,2,0,2,0,2,0,0,0,0,1,0,0,1,0,5,4,3,2,1,0,0,0,0,0,2,0,3,1,8,4,1,0,0,0,1,0,1,0,0,1,0,0,0,0,0,0,0,0,0,0,0,0,0,0,0,0,0,0,0,0,0,0,0,0,1,0,0,0,0,0,0,0,0,0,1,0.08,0.08,0.0
14538,777,35,35,0,1,3041,0,0,1,0,5,2,0,0,0,1305,871,233,54,0,620,199,0,0,0,233,14,221,96,1677,0,0,0,2,0,1,26,3,1,0,303,1,0,26,14,1,2,14,3,0,1,0,0,0,9,23,21,0,0,169,173,42,130,69,56,1,2,2,39,47,0,0,0,98,0,0,0.0,0.0,0.04
14548,777,12,9,3,5,704,0,0,1,0,8,3,0,5,1,354,289,148,116,14,31,10,16,3,0,62,27,54,31,546,179,16,3,15,9,3,36,31,9,8,28,2,4,25,12,15,5,6,0,0,0,3,0,0,3,0,0,4,0,0,0,0,0,0,5,19,0,0,0,6,0,0,0,0,0,53,0.45,0.45,0.69
14569,777,35,35,0,0,3150,3,1,3,0,18,5,6,32,9,2309,2070,495,398,13,188,77,17,3,2,312,44,587,330,2808,291,62,3,46,31,22,194,112,50,11,138,18,23,164,103,55,25,38,6,0,0,0,0,1,14,0,0,5,0,0,0,0,37,36,87,46,0,2,0,35,3,0,0,0,0,278,4.05,4.05,2.37
14571,777,29,20,9,5,1961,2,0,4,3,27,8,0,22,7,1324,1178,369,301,16,103,57,126,30,81,164,142,277,131,1845,481,16,6,48,33,24,112,77,33,10,102,13,6,41,31,16,27,22,4,0,0,1,0,0,4,0,0,7,0,0,0,0,0,0,45,50,0,0,0,20,2,0,0,0,0,128,1.04,1.04,3.2
14575,777,34,31,3,1,2782,3,0,0,0,5,1,2,16,5,2283,2124,241,183,9,125,50,5,1,0,165,19,343,176,2686,121,17,4,35,23,7,134,95,35,9,119,5,17,178,75,60,20,18,3,0,1,2,0,0,9,0,0,5,0,0,0,0,27,27,59,55,0,2,0,37,3,0,0,0,0,265,1.44,1.44,1.03
14580,777,23,12,11,9,1018,3,2,0,0,13,1,1,19,5,429,350,180,146,8,37,23,22,1,10,61,39,79,41,606,223,37,7,24,13,25,50,65,9,11,60,15,1,9,7,14,16,12,2,0,0,0,0,1,1,0,0,10,0,0,0,0,0,0,14,36,0,1,0,15,3,0,0,0,0,102,1.56,1.56,1.62
14608,777,34,32,2,14,2802,1,1,2,0,21,7,3,18,4,884,674,288,172,29,90,33,67,16,0,136,94,269,148,1547,448,70,2,66,43,72,138,165,34,26,134,34,5,73,24,29,39,29,6,0,0,10,0,1,4,0,0,16,0,0,0,0,0,0,58,60,0,3,0,44,1,0,0,0,0,178,2.08,2.08,3.11
14624,777,22,17,5,5,1492,1,0,0,0,22,1,0,6,1,800,640,247,182,17,76,33,77,14,0,87,102,227,140,1292,387,28,1,48,30,16,87,65,29,23,98,7,3,55,18,12,15,9,5,0,0,2,0,0,4,0,0,1,0,0,0,0,0,0,59,38,0,0,0,19,0,0,1,0,0,136,1.07,0.29,1.58
14656,777,27,20,7,6,1822,3,3,1,0,14,3,1,16,4,679,519,194,139,18,58,21,56,6,1,73,55,178,114,1247,340,69,4,48,29,34,79,102,25,12,74,18,8,64,19,26,33,3,0,0,0,4,2,0,3,0,0,3,0,0,0,0,0,0,46,25,0,2,0,29,3,0,0,0,0,218,1.6,1.6,1.8
14671,777,6,2,4,1,203,1,0,0,0,4,0,1,4,2,70,61,20,18,3,3,1,7,4,2,9,6,13,10,108,38,7,0,5,2,2,8,12,0,3,2,1,1,2,2,5,2,1,0,0,0,1,0,0,0,0,0,1,0,0,0,0,0,0,1,0,0,0,0,3,0,0,1,0,0,10,1.21,0.43,0.18
14706,777,31,30,1,12,2635,8,7,4,1,37,10,3,39,15,1026,846,482,368,30,67,23,112,21,43,150,156,299,160,1580,674,84,9,52,25,72,147,144,12,19,134,49,4,28,21,25,32,48,6,0,0,2,1,0,5,0,0,21,0,0,0,0,0,0,48,65,0,2,0,39,8,0,0,0,0,230,4.35,4.35,5.34
14716,777,37,19,18,12,1961,7,5,1,0,23,4,9,58,21,585,472,318,244,9,16,8,75,15,2,56,76,286,161,945,570,141,2,13,5,56,56,100,3,14,67,24,1,16,7,16,17,23,1,0,0,3,0,0,3,0,0,11,0,0,0,0,0,0,18,38,0,3,0,31,7,0,0,0,0,100,6.84,6.84,2.72
14723,777,37,37,0,0,3330,0,0,0,0,2,0,0,0,0,1295,845,213,51,0,696,248,0,0,0,214,17,169,62,1674,0,0,1,1,0,0,16,6,1,1,300,0,0,47,7,2,3,6,1,0,0,0,3,0,10,16,16,0,0,160,165,27,199,89,60,2,8,5,23,49,0,0,0,109,0,0,0.0,0.0,0.22
14732,777,0,0,0,0,0,0,0,0,0,0,0,0,0,0,0,0,0,0,0,0,0,0,0,0,0,0,0,0,0,0,0,0,0,0,0,0,0,0,0,0,0,0,0,0,0,0,0,0,0,0,0,0,0,0,0,0,0,0,0,0,0,0,0,0,0,0,0,0,0,0,0,0,0,0,0,0.0,0.0,0.0
14801,777,23,9,14,10,873,0,0,2,0,21,3,1,10,3,378,316,211,169,6,3,2,23,3,5,22,46,119,62,527,313,56,0,7,3,22,28,38,2,7,26,9,0,9,3,6,3,2,0,0,0,3,0,0,0,0,0,3,0,0,0,0,0,0,12,11,0,0,0,10,0,0,0,0,0,44,0.61,0.61,1.87
14805,777,33,23,10,10,2084,7,6,5,1,54,11,6,55,19,1210,1067,463,373,13,79,50,119,40,92,107,166,301,137,1662,731,94,13,34,16,55,96,104,9,14,102,33,3,12,6,18,18,31,4,0,0,3,0,0,7,0,0,10,0,0,0,0,0,0,38,54,0,0,0,19,7,0,0,0,0,160,6.03,6.03,4.76
14807,777,31,10,21,9,1073,6,2,1,0,11,2,7,30,16,216,142,96,56,13,8,6,10,0,0,14,13,72,40,413,199,64,0,12,7,24,67,93,3,4,31,18,1,11,32,49,18,18,0,0,0,3,0,0,0,0,0,7,0,0,0,0,0,0,7,17,0,4,0,23,4,1,2,0,0,57,7.25,4.91,1.58
14830,777,12,7,5,7,464,0,0,0,0,6,0,0,6,2,188,161,58,47,3,15,10,11,2,3,27,15,40,18,266,72,5,1,10,6,6,25,19,0,4,17,4,2,4,2,2,7,9,1,0,0,0,0,0,0,0,0,0,0,0,0,0,0,0,7,10,0,2,0,8,0,0,0,0,0,33,0.25,0.25,0.28
14846,777,34,31,3,16,2738,7,3,4,0,54,9,8,70,24,1128,943,535,424,20,77,30,114,19,63,153,154,419,206,1789,832,114,11,40,22,94,138,181,17,21,150,44,6,39,24,38,30,35,6,0,0,4,0,0,4,0,0,26,0,0,0,0,0,0,61,63,0,4,0,44,5,0,2,0,0,251,9.06,7.5,4.6
14897,777,23,10,13,3,1006,2,0,2,2,25,6,1,16,4,449,380,123,83,12,35,15,54,27,31,65,61,83,37,667,173,20,1,38,23,17,67,63,12,22,43,12,6,11,10,12,13,17,2,0,0,1,0,0,1,0,0,5,0,0,0,0,0,0,15,23,0,1,0,20,2,0,0,0,0,110,1.23,1.23,1.87
15111,777,0,0,0,0,0,0,0,0,0,0,0,0,0,0,0,0,0,0,0,0,0,0,0,0,0,0,0,0,0,0,0,0,0,0,0,0,0,0,0,0,0,0,0,0,0,0,0,0,0,0,0,0,0,0,0,0,0,0,0,0,0,0,0,0,0,0,0,0,0,0,0,0,0,0,0,0.0,0.0,0.0
15114,777,0,0,0,0,0,0,0,0,0,0,0,0,0,0,0,0,0,0,0,0,0,0,0,0,0,0,0,0,0,0,0,0,0,0,0,0,0,0,0,0,0,0,0,0,0,0,0,0,0,0,0,0,0,0,0,0,0,0,0,0,0,0,0,0,0,0,0,0,0,0,0,0,0,0,0,0.0,0.0,0.0
15139,777,23,11,12,9,1064,1,1,3,0,20,6,2,23,6,338,279,170,133,1,12,6,20,5,5,31,32,185,96,548,264,54,3,11,5,52,45,82,2,17,50,28,0,4,2,8,7,18,0,0,0,1,0,0,0,0,0,8,0,0,0,0,0,0,12,30,0,1,0,18,1,0,0,0,0,67,1.49,1.49,1.84
15202,777,36,35,1,6,3099,4,4,5,2,63,17,3,40,13,2136,1865,671,534,18,183,88,178,47,95,292,258,623,327,2769,775,56,12,70,35,32,145,96,37,14,180,18,12,78,50,24,26,11,3,0,0,1,0,0,13,0,0,12,0,0,0,0,0,0,71,97,0,0,0,25,4,0,0,0,0,376,3.15,3.15,7.32
15259,777,37,35,2,16,3110,15,10,4,0,49,5,10,83,32,1208,980,583,439,24,75,42,43,9,1,165,90,341,196,1744,761,126,10,20,15,70,130,192,13,22,110,37,3,32,41,76,26,41,1,0,0,5,0,1,7,0,0,20,0,0,0,0,0,0,32,58,0,5,0,45,14,0,1,0,0,178,10.81,10.03,2.91
15269,777,1,0,1,0,45,0,0,0,0,0,0,0,0,0,19,6,3,1,0,19,6,0,0,0,3,0,0,0,21,0,0,0,0,0,0,0,0,0,0,4,0,0,1,0,0,0,0,0,0,0,0,0,0,0,0,0,0,0,0,0,1,8,4,0,0,0,0,1,0,0,0,0,0,0,0,0.0,0.0,0.0
15340,777,17,3,14,2,481,4,4,1,0,6,2,3,15,8,75,60,29,24,2,0,0,1,0,0,5,4,25,19,161,71,25,1,2,1,7,20,62,1,4,18,5,1,4,9,41,10,7,2,0,0,6,0,1,0,0,0,4,0,0,0,0,0,0,5,9,0,0,0,4,4,0,0,0,0,26,3.68,3.68,0.77
15572,777,26,9,17,8,986,2,2,0,0,11,2,1,25,8,547,428,215,145,4,62,25,17,3,4,99,45,179,90,782,226,27,5,27,17,35,80,80,12,14,62,15,4,18,13,15,17,22,3,0,1,1,1,0,0,0,0,11,0,0,0,0,0,0,17,34,0,4,0,14,2,0,0,0,0,123,1.81,1.81,0.79
15656,777,0,0,0,0,0,0,0,0,0,0,0,0,0,0,0,0,0,0,0,0,0,0,0,0,0,0,0,0,0,0,0,0,0,0,0,0,0,0,0,0,0,0,0,0,0,0,0,0,0,0,0,0,0,0,0,0,0,0,0,0,0,0,0,0,0,0,0,0,0,0,0,0,0,0,0,0.0,0.0,0.0
15702,777,0,0,0,0,0,0,0,0,0,0,0,0,0,0,0,0,0,0,0,0,0,0,0,0,0,0,0,0,0,0,0,0,0,0,0,0,0,0,0,0,0,0,0,0,0,0,0,0,0,0,0,0,0,0,0,0,0,0,0,0,0,0,0,0,0,0,0,0,0,0,0,0,0,0,0,0.0,0.0,0.0
15715,777,23,23,0,0,2070,0,0,0,0,1,0,0,0,0,694,416,147,41,0,414,143,0,0,0,147,12,99,42,957,0,0,0,1,0,0,22,1,0,0,217,0,0,47,17,1,0,6,2,0,0,0,0,0,4,16,15,0,0,99,100,35,173,81,52,1,3,3,30,37,0,0,0,65,0,0,0.0,0.0,0.04
15802,777,26,1,25,1,318,2,2,1,0,3,2,1,17,5,113,81,62,42,4,4,1,17,0,0,14,17,47,32,223,120,36,1,8,6,13,20,34,4,5,9,4,2,7,3,5,11,7,3,0,0,2,0,0,0,0,0,1,0,0,0,0,0,0,4,4,0,0,0,9,2,0,0,0,0,30,1.45,1.45,0.61
16006,777,0,0,0,0,0,0,0,0,0,0,0,0,0,0,0,0,0,0,0,0,0,0,0,0,0,0,0,0,0,0,0,0,0,0,0,0,0,0,0,0,0,0,0,0,0,0,0,0,0,0,0,0,0,0,0,0,0,0,0,0,0,0,0,0,0,0,0,0,0,0,0,0,0,0,0,0.0,0.0,0.0
16035,777,38,37,1,0,3375,0,0,0,0,3,1,2,16,1,1539,1333,203,122,14,203,84,2,0,0,159,23,241,123,1980,83,35,1,31,17,2,143,71,29,10,108,2,36,218,89,39,21,20,6,0,0,1,0,0,9,0,0,0,0,0,0,0,5,5,77,31,0,5,0,51,0,0,0,0,1,311,0.83,0.83,0.68
16044,777,26,20,6,8,1734,1,1,2,1,28,3,3,18,6,730,625,219,172,15,17,9,68,19,52,78,69,188,103,1057,294,35,2,49,27,14,103,109,18,10,71,9,9,36,23,34,53,25,9,0,0,2,0,0,4,0,0,5,0,0,0,0,0,0,24,42,0,2,0,22,1,0,0,0,0,183,2.23,2.23,1.91
16130,777,0,0,0,0,0,0,0,0,0,0,0,0,0,0,0,0,0,0,0,0,0,0,0,0,0,0,0,0,0,0,0,0,0,0,0,0,0,0,0,0,0,0,0,0,0,0,0,0,0,0,0,0,0,0,0,0,0,0,0,0,0,0,0,0,0,0,0,0,0,0,0,0,0,0,0,0.0,0.0,0.0
16169,777,0,0,0,0,0,0,0,0,0,0,0,0,0,0,0,0,0,0,0,0,0,0,0,0,0,0,0,0,0,0,0,0,0,0,0,0,0,0,0,0,0,0,0,0,0,0,0,0,0,0,0,0,0,0,0,0,0,0,0,0,0,0,0,0,0,0,0,0,0,0,0,0,0,0,0,0.0,0.0,0.0
16204,777,0,0,0,0,0,0,0,0,0,0,0,0,0,0,0,0,0,0,0,0,0,0,0,0,0,0,0,0,0,0,0,0,0,0,0,0,0,0,0,0,0,0,0,0,0,0,0,0,0,0,0,0,0,0,0,0,0,0,0,0,0,0,0,0,0,0,0,0,0,0,0,0,0,0,0,0.0,0.0,0.0
16256,777,0,0,0,0,0,0,0,0,0,0,0,0,0,0,0,0,0,0,0,0,0,0,0,0,0,0,0,0,0,0,0,0,0,0,0,0,0,0,0,0,0,0,0,0,0,0,0,0,0,0,0,0,0,0,0,0,0,0,0,0,0,0,0,0,0,0,0,0,0,0,0,0,0,0,0,0.0,0.0,0.0
16286,777,21,17,4,5,1513,1,0,0,0,25,2,0,16,3,1618,1458,414,340,12,131,90,6,1,0,177,44,318,157,1869,355,26,6,41,22,19,118,59,14,15,107,11,3,41,39,11,14,31,3,0,0,0,0,0,3,0,0,10,0,0,0,0,1,1,28,69,0,1,0,15,1,0,0,0,0,206,1.15,1.15,2.45
16431,777,26,24,2,2,2140,2,1,0,0,7,0,1,10,4,1752,1629,279,237,8,102,53,9,3,0,196,18,467,259,2012,123,8,1,13,6,6,82,54,23,2,73,3,17,117,58,31,15,9,3,0,0,0,0,0,11,0,0,2,0,0,0,0,19,19,43,28,0,0,0,22,2,0,0,0,0,167,0.57,0.57,0.65
16582,777,23,0,23,0,214,1,1,0,0,1,1,2,15,3,56,38,29,17,2,0,0,2,0,0,6,5,14,6,134,71,20,1,1,1,11,21,51,0,0,7,8,1,14,10,34,6,10,1,0,0,3,0,0,0,0,0,1,0,0,0,0,0,0,3,3,0,0,0,3,1,0,0,0,0,23,2.0,2.0,0.07
16642,777,0,0,0,0,0,0,0,0,0,0,0,0,0,0,0,0,0,0,0,0,0,0,0,0,0,0,0,0,0,0,0,0,0,0,0,0,0,0,0,0,0,0,0,0,0,0,0,0,0,0,0,0,0,0,0,0,0,0,0,0,0,0,0,0,0,0,0,0,0,0,0,0,0,0,0,0.0,0.0,0.0
16723,777,31,30,1,1,2667,0,0,0,0,1,0,0,0,0,784,448,151,39,0,482,150,0,0,0,151,12,100,33,1038,0,0,0,1,1,0,11,3,0,2,198,0,0,26,5,1,0,5,2,0,0,0,0,0,7,16,16,0,0,102,104,15,197,116,34,1,5,4,14,39,0,0,0,95,0,0,0.0,0.0,0.06
16758,777,0,0,0,0,0,0,0,0,0,0,0,0,0,0,0,0,0,0,0,0,0,0,0,0,0,0,0,0,0,0,0,0,0,0,0,0,0,0,0,0,0,0,0,0,0,0,0,0,0,0,0,0,0,0,0,0,0,0,0,0,0,0,0,0,0,0,0,0,0,0,0,0,0,0,0,0.0,0.0,0.0
16784,777,0,0,0,0,0,0,0,0,0,0,0,0,0,0,0,0,0,0,0,0,0,0,0,0,0,0,0,0,0,0,0,0,0,0,0,0,0,0,0,0,0,0,0,0,0,0,0,0,0,0,0,0,0,0,0,0,0,0,0,0,0,0,0,0,0,0,0,0,0,0,0,0,0,0,0,0.0,0.0,0.0
16788,777,1,0,1,0,2,0,0,0,0,0,0,0,0,0,0,0,0,0,0,0,0,0,0,0,0,0,0,0,5,3,0,0,1,1,0,2,2,0,0,0,0,0,0,0,2,0,1,0,0,0,0,0,0,0,0,0,0,0,0,0,0,0,0,0,0,0,0,0,0,0,0,0,0,0,1,0.0,0.0,0.0
16803,777,0,0,0,0,0,0,0,0,0,0,0,0,0,0,0,0,0,0,0,0,0,0,0,0,0,0,0,0,0,0,0,0,0,0,0,0,0,0,0,0,0,0,0,0,0,0,0,0,0,0,0,0,0,0,0,0,0,0,0,0,0,0,0,0,0,0,0,0,0,0,0,0,0,0,0,0.0,0.0,0.0
19620,777,5,4,1,1,353,0,0,0,0,5,1,0,4,2,255,231,93,80,5,15,8,18,1,2,41,22,61,35,359,110,2,2,10,6,2,16,18,2,9,17,1,1,11,4,6,1,2,0,0,0,1,0,0,0,0,0,0,0,0,0,0,0,0,9,8,0,0,0,6,0,0,0,0,0,24,0.07,0.07,0.36
19680,777,14,3,11,3,421,3,3,0,0,3,0,6,19,12,108,83,52,40,8,2,0,0,0,0,11,6,36,23,214,120,42,1,4,0,19,23,48,3,1,19,11,0,5,10,19,9,1,3,0,0,7,0,0,0,0,0,3,0,0,0,0,0,0,4,12,0,0,0,6,3,0,0,0,0,30,2.71,2.71,0.26
19731,777,35,35,0,4,3123,1,0,1,0,19,1,3,26,6,1731,1482,376,283,33,158,83,26,10,0,215,188,358,155,2370,437,26,6,81,46,17,184,111,50,19,182,12,18,83,57,32,50,36,10,0,0,0,1,1,6,0,0,16,0,0,0,0,0,0,68,98,0,4,0,49,1,0,0,0,0,416,2.47,2.47,2.2
19758,777,0,0,0,0,0,0,0,0,0,0,0,0,0,0,0,0,0,0,0,0,0,0,0,0,0,0,0,0,0,0,0,0,0,0,0,0,0,0,0,0,0,0,0,0,0,0,0,0,0,0,0,0,0,0,0,0,0,0,0,0,0,0,0,0,0,0,0,0,0,0,0,0,0,0,0,0.0,0.0,0.0
19778,777,22,10,12,5,1027,4,2,3,0,12,4,5,22,8,370,281,150,97,8,23,8,4,0,0,49,28,66,28,556,184,34,12,26,13,24,79,93,10,6,57,17,2,19,28,43,22,20,1,0,0,3,0,0,2,0,0,8,0,0,0,0,0,0,18,31,0,0,0,10,4,0,0,0,0,113,3.36,3.36,1.45
19814,777,0,0,0,0,0,0,0,0,0,0,0,0,0,0,0,0,0,0,0,0,0,0,0,0,0,0,0,0,0,0,0,0,0,0,0,0,0,0,0,0,0,0,0,0,0,0,0,0,0,0,0,0,0,0,0,0,0,0,0,0,0,0,0,0,0,0,0,0,0,0,0,0,0,0,0,0.0,0.0,0.0
19831,777,28,10,18,10,1023,0,0,1,0,12,2,2,17,4,292,238,138,107,7,10,3,42,9,18,22,50,105,56,504,275,35,2,12,4,36,33,59,6,5,31,11,1,13,11,17,1,0,0,0,0,4,0,0,0,0,0,5,0,0,0,0,0,0,12,14,0,3,0,29,0,0,0,0,0,63,1.37,1.37,1.16
19858,777,33,23,10,8,2197,5,2,2,0,8,1,1,33,9,1044,856,211,135,31,100,41,4,0,0,121,21,157,70,1521,201,45,1,110,66,43,193,120,30,24,92,30,12,58,36,26,28,37,8,0,0,0,0,0,4,0,0,5,0,0,0,0,0,0,38,49,0,2,0,37,5,0,0,0,0,302,2.72,2.72,0.65
19864,777,29,24,5,3,2148,2,0,0,0,15,3,7,26,9,1103,906,199,96,5,156,58,1,0,0,144,19,331,195,1493,111,72,3,33,18,8,168,117,20,6,69,6,24,185,106,77,29,30,4,0,1,3,0,1,6,0,0,1,0,0,0,0,66,66,41,27,0,2,0,34,2,0,0,0,0,264,2.46,2.46,0.63
19888,777,28,15,13,7,1444,2,2,3,0,22,2,1,16,4,707,635,248,206,14,23,16,9,4,0,76,20,216,101,917,284,48,4,41,22,28,79,65,9,13,85,13,4,10,9,12,16,14,3,1,1,2,1,0,1,0,0,11,0,0,0,0,0,0,31,43,0,3,0,30,2,0,0,0,0,149,1.2,1.2,1.45
19919,777,21,12,9,9,1039,0,0,1,0,15,5,0,10,2,441,373,190,157,17,25,7,51,11,0,30,51,156,113,732,365,69,0,11,10,32,57,61,6,12,52,17,0,13,7,10,8,21,1,0,0,4,0,0,1,0,0,9,0,0,0,0,0,0,18,25,0,0,0,13,0,0,0,0,0,30,0.5,0.5,1.55
19929,777,0,0,0,0,0,0,0,0,0,0,0,0,0,0,0,0,0,0,0,0,0,0,0,0,0,0,0,0,0,0,0,0,0,0,0,0,0,0,0,0,0,0,0,0,0,0,0,0,0,0,0,0,0,0,0,0,0,0,0,0,0,0,0,0,0,0,0,0,0,0,0,0,0,0,0,0.0,0.0,0.0
20053,777,0,0,0,0,0,0,0,0,0,0,0,0,0,0,0,0,0,0,0,0,0,0,0,0,0,0,0,0,0,0,0,0,0,0,0,0,0,0,0,0,0,0,0,0,0,0,0,0,0,0,0,0,0,0,0,0,0,0,0,0,0,0,0,0,0,0,0,0,0,0,0,0,0,0,0,0.0,0.0,0.0
20077,777,0,0,0,0,0,0,0,0,0,0,0,0,0,0,0,0,0,0,0,0,0,0,0,0,0,0,0,0,0,0,0,0,0,0,0,0,0,0,0,0,0,0,0,0,0,0,0,0,0,0,0,0,0,0,0,0,0,0,0,0,0,0,0,0,0,0,0,0,0,0,0,0,0,0,0,0.0,0.0,0.0
20113,777,27,20,7,7,1807,0,0,1,0,4,1,1,10,3,706,565,128,57,9,85,24,7,1,0,74,19,160,91,1026,109,47,0,37,22,14,105,89,18,8,59,6,16,119,60,45,23,5,4,0,0,0,1,0,4,0,0,2,0,0,0,0,0,0,39,18,0,3,0,32,0,0,0,0,0,192,0.69,0.69,0.73
20118,777,7,0,7,0,99,0,0,0,0,2,0,0,1,0,41,26,20,12,1,8,2,6,0,3,12,8,7,5,73,23,3,1,3,0,1,6,6,2,0,3,0,0,4,3,1,4,0,1,0,0,0,0,0,0,0,0,0,0,0,0,0,0,0,3,0,0,0,0,2,0,0,0,0,0,9,0.04,0.04,0.07
20226,777,13,13,0,0,1170,1,0,0,0,3,2,1,11,3,612,537,59,35,7,44,21,5,4,0,44,18,110,47,791,40,18,2,19,13,2,74,44,15,6,40,1,7,68,50,31,6,5,0,0,0,0,0,0,1,0,0,1,0,0,0,0,2,2,19,20,0,1,0,20,1,0,0,0,0,107,1.38,1.38,0.83
20337,777,26,18,8,17,1452,2,1,2,0,15,3,2,19,6,378,285,146,99,7,22,13,19,3,6,43,37,133,71,605,228,29,4,10,4,27,43,74,13,6,57,11,0,16,6,14,28,18,5,0,0,9,0,0,0,0,0,6,0,0,0,0,0,0,23,28,0,4,0,29,1,0,1,0,0,96,2.37,1.59,1.57
20473,777,7,6,1,0,585,0,0,0,0,0,0,0,0,0,241,184,15,3,0,86,30,0,0,0,15,0,31,7,312,0,0,0,0,0,0,2,1,0,0,53,0,0,10,1,0,1,1,2,0,0,0,1,0,1,9,9,0,0,32,32,7,28,14,9,0,1,1,7,10,0,0,0,19,0,0,0.0,0.0,0.0
20486,777,31,21,10,18,2006,6,5,6,0,36,8,8,53,15,757,583,410,281,25,74,31,58,14,4,85,105,298,145,1194,678,114,13,27,17,70,96,113,9,18,80,39,3,14,6,13,13,39,2,0,0,5,0,0,4,0,0,10,0,0,0,0,0,0,32,38,0,0,0,15,6,0,0,0,0,133,5.6,5.6,3.59
20489,777,13,3,10,2,452,0,0,1,0,12,1,1,8,1,139,107,83,65,6,5,3,19,5,14,11,26,74,46,260,138,23,1,10,6,30,24,47,3,5,31,9,0,4,4,6,6,5,1,0,0,1,0,0,0,0,0,4,0,0,0,0,0,0,13,14,0,0,0,9,0,0,0,0,0,48,0.5,0.5,1.46
20497,777,1,1,0,0,90,0,0,0,0,0,0,0,0,0,27,18,3,2,0,14,5,0,0,0,3,0,1,0,36,0,0,0,0,0,0,0,0,0,0,9,0,0,1,0,0,0,0,0,0,0,0,0,0,1,0,0,0,0,4,4,1,11,9,2,0,1,0,1,0,0,0,0,3,0,0,0.0,0.0,0.0
20505,777,12,9,3,2,800,0,0,1,0,4,0,0,1,0,754,652,133,91,4,78,32,15,5,4,96,32,146,84,902,66,5,0,16,9,1,46,26,18,5,54,1,2,42,17,13,7,11,2,0,0,0,0,0,3,0,0,2,0,0,0,0,29,29,26,26,0,1,0,10,0,0,0,0,0,78,0.05,0.05,0.47
20547,777,0,0,0,0,0,0,0,0,0,0,0,0,0,0,0,0,0,0,0,0,0,0,0,0,0,0,0,0,0,0,0,0,0,0,0,0,0,0,0,0,0,0,0,0,0,0,0,0,0,0,0,0,0,0,0,0,0,0,0,0,0,0,0,0,0,0,0,0,0,0,0,0,0,0,0,0.0,0.0,0.0
20559,777,26,26,0,0,2340,0,0,0,0,0,0,0,0,0,815,644,73,20,0,274,108,0,0,0,73,9,105,59,1064,1,0,0,0,0,0,11,3,0,1,229,0,0,37,6,1,1,7,1,0,0,0,1,0,8,14,14,0,0,113,119,19,58,44,43,3,2,2,16,31,0,0,0,57,0,0,0.0,0.0,0.03
20607,777,27,23,4,10,1953,2,2,1,0,17,3,1,32,11,839,694,262,209,13,34,22,10,2,0,91,22,195,98,1198,331,55,2,43,24,40,149,147,30,20,120,26,3,40,63,47,47,27,10,0,0,1,0,0,3,0,0,11,0,0,0,0,0,0,55,54,0,2,0,27,2,0,0,0,0,238,2.36,2.36,1.35
20810,777,12,7,5,6,583,2,1,3,0,11,2,6,18,4,166,123,89,63,4,3,1,6,0,0,20,5,44,25,270,135,39,1,8,5,11,36,48,1,6,14,8,1,8,17,25,8,8,1,0,0,3,0,0,0,0,0,3,0,0,0,0,0,0,4,7,0,0,0,4,2,0,0,0,0,32,3.31,3.31,0.64
20874,777,32,25,7,13,2222,12,6,0,0,9,2,20,63,32,315,196,140,67,10,18,11,11,5,0,40,27,113,66,684,284,88,4,10,5,58,110,182,6,9,57,41,6,46,67,98,21,19,2,0,0,18,0,1,5,0,0,13,0,0,0,0,0,0,9,35,0,1,0,29,8,0,4,0,0,125,14.42,11.3,1.32
20961,777,0,0,0,0,0,0,0,0,0,0,0,0,0,0,0,0,0,0,0,0,0,0,0,0,0,0,0,0,0,0,0,0,0,0,0,0,0,0,0,0,0,0,0,0,0,0,0,0,0,0,0,0,0,0,0,0,0,0,0,0,0,0,0,0,0,0,0,0,0,0,0,0,0,0,0,0.0,0.0,0.0
21297,777,0,0,0,0,0,0,0,0,0,0,0,0,0,0,0,0,0,0,0,0,0,0,0,0,0,0,0,0,0,0,0,0,0,0,0,0,0,0,0,0,0,0,0,0,0,0,0,0,0,0,0,0,0,0,0,0,0,0,0,0,0,0,0,0,0,0,0,0,0,0,0,0,0,0,0,0.0,0.0,0.0
21317,777,0,0,0,0,0,0,0,0,0,0,0,0,0,0,0,0,0,0,0,0,0,0,0,0,0,0,0,0,0,0,0,0,0,0,0,0,0,0,0,0,0,0,0,0,0,0,0,0,0,0,0,0,0,0,0,0,0,0,0,0,0,0,0,0,0,0,0,0,0,0,0,0,0,0,0,0.0,0.0,0.0
21519,777,20,10,10,10,951,2,1,0,0,21,3,1,17,4,345,280,173,136,7,18,13,42,8,20,34,50,107,51,530,259,31,4,10,6,30,37,79,4,9,46,15,2,2,6,23,18,10,5,0,0,2,0,0,0,0,0,10,0,0,0,0,0,0,11,25,0,1,0,19,2,0,0,0,0,65,2.31,2.31,1.55
21529,777,21,18,3,3,1676,0,0,0,0,1,0,2,9,1,1168,1040,203,145,2,124,53,4,0,0,155,21,358,228,1350,79,16,1,22,14,8,59,47,11,9,80,4,18,61,25,23,7,5,1,0,0,0,0,0,4,0,0,3,0,0,0,0,65,65,45,32,0,0,0,19,0,0,0,0,1,112,1.33,1.33,0.39
21532,777,0,0,0,0,0,0,0,0,0,0,0,0,0,0,0,0,0,0,0,0,0,0,0,0,0,0,0,0,0,0,0,0,0,0,0,0,0,0,0,0,0,0,0,0,0,0,0,0,0,0,0,0,0,0,0,0,0,0,0,0,0,0,0,0,0,0,0,0,0,0,0,0,0,0,0,0.0,0.0,0.0
21584,777,33,22,11,17,1900,7,5,2,0,16,4,2,63,20,666,565,291,228,5,38,16,12,2,3,76,48,238,100,973,415,65,18,19,14,44,98,90,11,7,79,24,1,10,10,25,16,40,1,0,0,1,0,0,2,0,0,17,0,0,0,0,0,0,25,37,0,0,0,14,7,0,0,0,0,120,5.18,5.18,2.66
21614,777,35,34,1,9,2911,0,0,1,0,21,3,3,15,3,1729,1553,350,296,21,86,54,13,3,0,181,25,499,235,2075,273,27,3,57,40,32,130,109,25,11,133,20,16,50,50,31,35,14,5,0,0,1,1,0,5,0,0,7,0,0,0,0,0,0,47,79,0,3,0,45,0,0,0,0,1,280,1.54,1.54,1.5
21737,777,14,8,6,9,703,3,2,1,0,2,1,5,17,6,88,55,53,31,2,5,3,2,0,0,8,11,30,18,180,106,30,1,7,6,16,17,41,0,2,13,7,1,9,8,19,5,1,0,0,0,0,0,0,0,0,0,4,0,0,0,0,0,0,0,9,0,0,0,9,3,0,0,0,0,30,2.59,2.59,0.08
21785,777,0,0,0,0,0,0,0,0,0,0,0,0,0,0,0,0,0,0,0,0,0,0,0,0,0,0,0,0,0,0,0,0,0,0,0,0,0,0,0,0,0,0,0,0,0,0,0,0,0,0,0,0,0,0,0,0,0,0,0,0,0,0,0,0,0,0,0,0,0,0,0,0,0,0,0,0.0,0.0,0.0
21885,777,0,0,0,0,0,0,0,0,0,0,0,0,0,0,0,0,0,0,0,0,0,0,0,0,0,0,0,0,0,0,0,0,0,0,0,0,0,0,0,0,0,0,0,0,0,0,0,0,0,0,0,0,0,0,0,0,0,0,0,0,0,0,0,0,0,0,0,0,0,0,0,0,0,0,0,0.0,0.0,0.0
21887,777,16,14,2,9,1190,1,0,1,0,13,1,2,11,4,524,444,147,120,21,32,20,23,6,0,50,22,126,54,748,217,35,0,23,16,21,66,72,18,13,73,13,4,6,9,14,26,22,2,0,0,1,0,0,0,0,0,16,0,0,0,0,0,0,19,38,0,1,0,23,1,0,0,0,0,124,1.23,1.23,0.7
21912,777,4,1,3,0,103,0,0,0,0,1,0,0,0,0,22,16,5,2,0,6,2,0,0,0,4,0,6,4,43,1,0,0,0,0,0,0,2,1,0,3,0,2,10,0,1,1,0,0,0,0,0,0,0,0,0,0,0,0,0,0,0,0,0,3,0,0,1,0,3,0,0,0,0,0,13,0.0,0.0,0.0
21991,777,0,0,0,0,0,0,0,0,0,0,0,0,0,0,0,0,0,0,0,0,0,0,0,0,0,0,0,0,0,0,0,0,0,0,0,0,0,0,0,0,0,0,0,0,0,0,0,0,0,0,0,0,0,0,0,0,0,0,0,0,0,0,0,0,0,0,0,0,0,0,0,0,0,0,0,0.0,0.0,0.0
21998,777,34,30,4,13,2643,5,4,6,0,53,12,3,46,13,931,813,472,397,15,45,30,187,38,71,57,201,488,268,1510,890,107,3,19,11,82,100,148,6,26,84,25,0,13,9,24,16,25,2,1,1,6,0,0,5,0,0,13,0,0,0,0,0,0,28,43,0,1,0,33,5,0,0,0,0,122,4.59,4.59,6.84
22043,777,4,4,0,3,321,0,0,0,0,0,0,0,1,1,133,110,17,9,2,18,9,0,0,0,11,3,26,8,196,12,9,0,5,4,1,20,14,5,3,11,1,5,27,13,10,0,2,1,0,0,0,0,0,1,0,0,0,0,0,0,0,1,1,8,3,0,0,0,5,0,0,0,0,1,42,0.01,0.01,0.06
22542,777,19,18,1,2,1636,1,1,3,0,39,5,1,18,9,1073,922,364,268,13,76,36,119,40,57,124,171,255,134,1394,480,46,2,29,18,19,61,70,12,18,76,10,4,24,13,17,17,12,2,0,0,4,0,0,5,0,0,17,0,0,0,0,0,0,23,36,0,2,0,17,1,0,0,0,0,145,1.39,1.39,3.95
22802,777,26,23,3,12,1892,1,0,1,0,10,1,1,13,3,1018,873,208,159,22,44,19,7,1,0,91,19,215,80,1337,213,29,3,56,36,20,115,95,35,11,130,8,7,48,31,45,19,8,7,0,0,1,1,0,5,0,0,7,0,0,0,0,0,0,59,64,0,2,0,25,1,0,0,0,0,278,0.72,0.72,0.84
22857,777,34,34,0,0,3060,0,0,0,0,1,0,0,0,0,879,706,50,14,0,295,128,0,0,0,49,0,103,42,1160,1,1,0,0,0,0,22,2,1,1,235,0,0,43,16,1,0,4,8,0,0,0,0,0,15,17,16,0,0,113,118,20,105,80,68,3,1,0,14,29,0,0,0,78,0,0,0.0,0.0,0.13
23194,777,25,15,10,4,1437,1,1,4,1,21,7,1,12,3,811,708,217,165,5,85,43,61,19,37,114,87,160,87,1081,239,22,2,27,16,12,66,66,30,20,85,6,8,34,23,15,20,13,8,0,0,0,0,0,4,0,0,6,0,0,0,0,0,0,32,47,0,3,0,21,1,0,0,0,0,183,0.82,0.82,2.27
23396,777,35,35,0,6,3066,9,4,21,9,136,33,8,85,24,1994,1639,871,662,20,230,138,183,55,90,353,326,383,216,2647,965,91,39,54,32,51,124,148,20,39,167,30,5,42,21,33,25,35,5,0,0,4,1,0,7,0,0,16,0,0,0,0,0,0,54,97,0,4,0,46,5,2,4,0,0,287,10.79,6.11,12.28
23581,777,3,0,3,0,15,0,0,0,0,0,0,0,0,0,13,11,3,1,0,2,0,0,0,0,2,1,3,0,23,7,0,0,3,1,1,3,2,0,0,3,1,0,1,0,1,0,0,0,0,0,0,0,0,0,0,0,0,0,0,0,0,0,0,2,1,0,0,0,1,0,0,0,0,0,4,0.0,0.0,0.0
23593,777,36,36,0,10,3100,1,0,0,0,8,2,2,12,4,2168,1943,318,249,14,144,66,3,1,0,241,30,487,281,2638,114,19,4,53,28,7,220,99,29,10,117,5,24,190,124,50,33,41,7,0,0,0,1,0,8,0,0,1,0,0,0,0,22,22,70,46,0,3,0,45,1,0,0,0,0,293,1.19,1.19,0.98
23599,777,0,0,0,0,0,0,0,0,0,0,0,0,0,0,0,0,0,0,0,0,0,0,0,0,0,0,0,0,0,0,0,0,0,0,0,0,0,0,0,0,0,0,0,0,0,0,0,0,0,0,0,0,0,0,0,0,0,0,0,0,0,0,0,0,0,0,0,0,0,0,0,0,0,0,0,0.0,0.0,0.0
23659,777,0,0,0,0,0,0,0,0,0,0,0,0,0,0,0,0,0,0,0,0,0,0,0,0,0,0,0,0,0,0,0,0,0,0,0,0,0,0,0,0,0,0,0,0,0,0,0,0,0,0,0,0,0,0,0,0,0,0,0,0,0,0,0,0,0,0,0,0,0,0,0,0,0,0,0,0.0,0.0,0.0
23702,777,30,21,9,17,1844,3,3,4,0,44,5,1,30,10,657,586,372,329,8,37,24,91,13,7,40,105,349,199,1005,613,66,1,14,7,50,59,78,8,9,68,22,2,14,3,9,12,12,0,0,0,3,0,0,2,0,0,8,0,0,0,0,0,0,23,37,0,5,0,26,3,0,0,0,0,106,2.77,2.77,3.02
23704,777,0,0,0,0,0,0,0,0,0,0,0,0,0,0,0,0,0,0,0,0,0,0,0,0,0,0,0,0,0,0,0,0,0,0,0,0,0,0,0,0,0,0,0,0,0,0,0,0,0,0,0,0,0,0,0,0,0,0,0,0,0,0,0,0,0,0,0,0,0,0,0,0,0,0,0,0.0,0.0,0.0
23747,777,26,24,2,19,1814,6,3,2,0,26,5,9,48,20,517,423,268,203,23,26,17,70,15,4,65,86,272,157,937,496,84,4,19,13,63,100,113,3,12,57,26,0,13,8,26,13,40,3,0,1,5,0,1,2,0,0,10,0,0,0,0,0,0,22,25,0,1,0,28,3,0,3,0,0,91,8.77,6.43,3.38
23764,777,30,23,7,7,2056,0,0,0,0,10,4,2,13,8,882,713,287,206,24,84,34,51,10,0,145,61,321,170,1485,412,38,0,44,27,72,121,133,18,10,111,29,3,52,23,26,28,21,4,0,0,4,0,0,8,0,0,10,0,0,0,0,0,0,60,41,0,0,0,31,0,0,0,0,0,116,0.9,0.9,1.77
23793,777,30,28,2,0,2532,1,0,0,0,10,0,0,13,2,1706,1497,232,157,21,154,56,14,3,0,190,37,510,296,2130,102,19,0,62,36,27,151,94,22,7,119,17,21,99,39,33,28,40,5,0,0,0,1,1,7,0,0,2,0,0,0,0,72,72,69,48,0,3,0,40,1,0,0,0,0,205,1.71,1.71,0.35
23811,777,37,36,1,2,3206,2,1,3,1,36,5,2,46,19,1325,1084,424,306,31,150,47,142,29,23,186,145,392,223,2387,721,68,0,96,62,68,216,170,47,37,164,28,17,88,39,39,30,52,6,0,1,4,1,0,9,0,0,11,0,0,0,0,0,0,95,58,0,4,0,47,2,0,0,0,0,247,2.01,2.01,3.97
23813,777,0,0,0,0,0,0,0,0,0,0,0,0,0,0,0,0,0,0,0,0,0,0,0,0,0,0,0,0,0,0,0,0,0,0,0,0,0,0,0,0,0,0,0,0,0,0,0,0,0,0,0,0,0,0,0,0,0,0,0,0,0,0,0,0,0,0,0,0,0,0,0,0,0,0,0,0.0,0.0,0.0
23815,777,34,18,16,9,1929,1,1,2,0,21,4,3,23,7,1647,1509,551,480,15,91,62,15,1,2,222,60,473,204,2013,504,51,13,40,24,35,102,99,18,21,144,23,6,29,11,27,17,29,2,0,0,0,0,0,1,0,0,9,0,0,0,0,0,0,53,82,0,3,0,37,1,0,0,0,0,237,2.21,2.21,2.77
23841,777,38,38,0,1,3414,2,2,7,3,56,12,0,45,14,1793,1564,593,490,51,131,60,207,53,110,262,251,463,192,2654,762,27,10,120,71,31,209,132,59,46,184,15,10,85,30,17,39,42,12,0,0,0,0,0,11,0,0,15,0,0,0,0,0,0,83,86,0,3,0,50,2,0,0,0,0,458,2.1,2.1,6.18
23911,777,0,0,0,0,0,0,0,0,0,0,0,0,0,0,0,0,0,0,0,0,0,0,0,0,0,0,0,0,0,0,0,0,0,0,0,0,0,0,0,0,0,0,0,0,0,0,0,0,0,0,0,0,0,0,0,0,0,0,0,0,0,0,0,0,0,0,0,0,0,0,0,0,0,0,0,0.0,0.0,0.0
23946,777,0,0,0,0,0,0,0,0,0,0,0,0,0,0,0,0,0,0,0,0,0,0,0,0,0,0,0,0,0,0,0,0,0,0,0,0,0,0,0,0,0,0,0,0,0,0,0,0,0,0,0,0,0,0,0,0,0,0,0,0,0,0,0,0,0,0,0,0,0,0,0,0,0,0,0,0.0,0.0,0.0
23968,777,37,37,0,5,3285,10,8,6,0,47,13,4,84,32,1068,797,529,375,26,60,37,50,3,1,108,123,415,223,1805,874,181,20,42,23,156,158,284,13,23,139,80,3,32,26,62,46,49,7,0,0,3,1,0,7,0,0,26,0,0,0,0,0,0,51,62,0,1,0,48,10,0,0,0,0,230,6.84,6.84,4.32
24252,777,34,29,5,7,2616,1,1,3,0,29,5,4,24,6,1132,962,347,270,9,67,41,57,17,0,125,112,243,137,1785,542,47,3,53,30,25,135,92,27,21,135,16,9,92,52,21,25,14,5,0,0,4,0,0,5,0,0,9,0,0,0,0,0,0,67,59,0,3,0,40,1,0,0,0,0,180,1.93,1.93,2.57
24334,777,38,36,2,5,3253,1,1,2,0,29,4,3,19,7,1107,809,354,235,62,146,39,104,22,0,109,108,328,209,2025,545,55,2,101,63,54,170,136,34,21,187,26,12,100,26,41,23,28,6,0,0,5,0,0,12,0,0,6,0,0,0,0,0,0,101,80,0,4,0,47,1,0,0,0,0,245,1.59,1.59,2.53
24369,777,36,22,14,12,1968,3,2,3,0,19,6,2,31,9,568,441,204,145,10,80,24,69,22,2,76,77,182,107,993,340,74,1,23,14,43,86,97,12,11,96,15,2,37,11,28,15,36,1,0,0,3,0,0,5,0,0,7,0,0,0,0,0,0,59,30,0,2,0,32,3,0,0,0,0,74,3.01,3.01,2.51
24626,777,21,12,9,11,923,1,1,0,0,19,3,2,11,5,653,588,180,141,11,49,29,43,11,33,73,57,146,74,852,203,16,0,23,13,10,52,40,15,6,52,3,4,12,9,12,13,15,3,0,0,0,1,0,0,0,0,3,0,0,0,0,0,0,26,23,0,1,0,15,1,0,0,0,0,105,0.53,0.53,1.42
24630,777,32,20,12,8,1957,11,8,4,0,20,5,10,61,26,317,197,165,99,11,17,10,18,0,0,36,24,96,54,726,323,125,2,27,16,50,139,189,5,12,61,30,3,51,69,104,23,33,5,0,0,10,0,0,3,0,0,15,0,0,0,0,0,0,19,27,0,2,0,27,11,0,0,0,0,147,8.64,8.64,1.46
24659,777,35,32,3,0,2972,1,0,2,0,11,5,4,20,6,1753,1457,257,126,14,247,88,1,1,0,179,23,379,217,2245,143,80,0,31,14,13,144,114,37,9,139,10,41,209,89,73,20,17,7,0,0,2,1,1,9,0,0,1,0,0,0,0,65,53,82,56,0,4,0,44,1,0,0,0,1,319,2.24,2.24,1.71
24797,777,22,14,8,11,1168,0,0,1,0,15,1,1,24,5,324,264,129,93,20,20,7,42,10,9,45,54,120,44,555,219,23,4,23,17,25,44,59,10,12,62,19,3,13,7,11,11,7,1,0,0,2,0,0,3,0,0,12,0,0,0,0,0,0,22,28,0,2,0,9,0,0,0,0,0,111,1.37,1.37,1.91
24807,777,0,0,0,0,0,0,0,0,0,0,0,0,0,0,0,0,0,0,0,0,0,0,0,0,0,0,0,0,0,0,0,0,0,0,0,0,0,0,0,0,0,0,0,0,0,0,0,0,0,0,0,0,0,0,0,0,0,0,0,0,0,0,0,0,0,0,0,0,0,0,0,0,0,0,0,0.0,0.0,0.0
24983,777,33,33,0,3,2960,0,0,1,0,22,1,0,9,2,1188,948,404,308,22,163,53,93,20,0,214,154,224,132,2016,537,23,2,51,28,31,139,125,30,30,107,11,9,145,50,38,29,28,6,0,0,0,0,0,9,0,0,10,0,0,0,0,0,0,58,39,0,2,0,47,0,0,0,0,1,231,0.28,0.28,2.46
25067,777,18,17,1,8,1418,1,1,3,0,15,0,2,7,4,818,722,238,198,13,46,31,2,0,2,102,34,182,83,1048,189,11,4,37,17,32,116,88,18,19,65,15,8,20,36,20,17,30,5,0,0,0,0,0,2,0,0,5,0,0,0,0,0,0,25,35,0,0,0,15,1,0,0,0,0,149,0.53,0.53,0.84
25183,777,35,24,11,8,2198,5,3,0,0,11,1,4,26,14,898,698,267,159,14,75,34,14,0,0,119,27,124,49,1230,265,57,1,43,24,15,136,127,16,24,66,8,15,83,68,54,37,22,3,0,1,5,0,0,6,0,0,3,0,0,0,0,0,0,24,39,0,3,0,41,5,0,0,0,0,224,5.73,5.73,0.52
25267,777,0,0,0,0,0,0,0,0,0,0,0,0,0,0,0,0,0,0,0,0,0,0,0,0,0,0,0,0,0,0,0,0,0,0,0,0,0,0,0,0,0,0,0,0,0,0,0,0,0,0,0,0,0,0,0,0,0,0,0,0,0,0,0,0,0,0,0,0,0,0,0,0,0,0,0,0.0,0.0,0.0
25408,777,28,17,11,3,1685,0,0,0,0,8,1,1,11,3,743,640,152,119,11,54,26,9,2,0,84,30,156,73,1008,152,14,1,37,21,8,63,49,19,12,71,3,10,47,12,14,15,7,2,0,0,1,0,0,3,0,0,5,0,0,0,0,1,1,40,26,0,1,0,23,0,0,0,0,0,113,0.79,0.79,0.85
25474,777,37,37,0,10,3200,17,14,4,0,39,8,7,83,41,936,749,459,341,57,52,26,49,8,0,76,138,456,242,1702,938,176,5,45,32,137,184,271,13,20,143,63,7,29,59,61,56,21,7,0,0,19,1,0,11,0,0,24,0,0,0,0,0,0,47,72,0,3,0,52,16,1,1,0,0,236,11.1,9.54,3.12
25892,777,24,17,7,3,1491,0,0,0,0,3,1,0,11,2,954,829,122,71,8,97,35,7,0,0,100,62,241,135,1305,114,21,0,27,12,5,120,79,25,9,45,4,11,135,79,44,21,13,8,0,0,0,0,0,4,0,0,0,0,0,0,0,5,5,32,13,0,3,0,25,0,0,0,0,0,192,0.62,0.62,0.28
26151,777,33,33,0,1,2877,0,0,1,0,7,3,2,16,4,2275,1958,386,227,5,362,166,15,4,0,331,43,556,335,2749,111,35,0,45,27,4,141,82,36,16,114,3,19,229,79,31,31,13,7,0,1,0,0,0,8,0,0,1,0,0,0,0,13,11,65,48,0,3,0,44,0,0,0,0,0,329,1.43,1.43,1.83
26335,777,28,19,9,13,1636,5,5,2,0,17,4,5,49,16,798,711,329,275,12,26,13,43,10,28,79,69,244,134,1098,483,72,7,10,4,42,48,71,10,6,58,16,1,20,3,5,19,15,2,0,0,4,0,0,2,0,0,15,0,0,0,0,0,0,18,25,0,1,0,18,5,0,0,0,0,100,4.61,4.61,2.35
26408,777,36,21,15,20,1759,6,4,2,0,30,5,2,49,13,658,536,287,224,25,39,24,10,0,4,74,48,182,98,1051,389,73,5,49,27,55,124,152,15,22,109,35,4,20,21,37,41,45,6,0,0,1,0,0,0,0,0,14,0,0,0,0,0,0,47,48,0,0,0,24,6,0,0,0,0,197,3.38,3.38,2.23
26681,777,0,0,0,0,0,0,0,0,0,0,0,0,0,0,0,0,0,0,0,0,0,0,0,0,0,0,0,0,0,0,0,0,0,0,0,0,0,0,0,0,0,0,0,0,0,0,0,0,0,0,0,0,0,0,0,0,0,0,0,0,0,0,0,0,0,0,0,0,0,0,0,0,0,0,0,0.0,0.0,0.0
26974,777,0,0,0,0,0,0,0,0,0,0,0,0,0,0,0,0,0,0,0,0,0,0,0,0,0,0,0,0,0,0,0,0,0,0,0,0,0,0,0,0,0,0,0,0,0,0,0,0,0,0,0,0,0,0,0,0,0,0,0,0,0,0,0,0,0,0,0,0,0,0,0,0,0,0,0,0.0,0.0,0.0
27277,777,34,31,3,4,2710,1,1,4,0,39,6,1,20,6,1445,1268,403,331,40,90,43,43,13,1,153,49,221,158,2029,516,84,2,55,40,9,120,108,32,22,113,7,8,87,36,33,45,29,8,0,1,5,0,0,9,0,0,5,0,0,0,0,0,0,45,63,0,1,0,37,1,0,0,0,0,182,2.34,2.34,3.23
31442,777,24,8,16,6,849,1,0,1,0,5,1,3,16,6,151,105,79,52,7,1,1,3,1,0,12,4,76,40,324,158,42,0,6,3,36,65,130,3,5,26,20,0,9,35,76,14,16,0,0,0,6,0,0,0,0,0,6,0,0,0,0,0,0,5,15,0,2,0,27,1,0,0,0,0,44,2.14,2.14,0.22
31642,777,0,0,0,0,0,0,0,0,0,0,0,0,0,0,0,0,0,0,0,0,0,0,0,0,0,0,0,0,0,0,0,0,0,0,0,0,0,0,0,0,0,0,0,0,0,0,0,0,0,0,0,0,0,0,0,0,0,0,0,0,0,0,0,0,0,0,0,0,0,0,0,0,0,0,0,0.0,0.0,0.0
31671,777,0,0,0,0,0,0,0,0,0,0,0,0,0,0,0,0,0,0,0,0,0,0,0,0,0,0,0,0,0,0,0,0,0,0,0,0,0,0,0,0,0,0,0,0,0,0,0,0,0,0,0,0,0,0,0,0,0,0,0,0,0,0,0,0,0,0,0,0,0,0,0,0,0,0,0,0.0,0.0,0.0
31861,777,0,0,0,0,0,0,0,0,0,0,0,0,0,0,0,0,0,0,0,0,0,0,0,0,0,0,0,0,0,0,0,0,0,0,0,0,0,0,0,0,0,0,0,0,0,0,0,0,0,0,0,0,0,0,0,0,0,0,0,0,0,0,0,0,0,0,0,0,0,0,0,0,0,0,0,0.0,0.0,0.0
31873,777,0,0,0,0,0,0,0,0,0,0,0,0,0,0,0,0,0,0,0,0,0,0,0,0,0,0,0,0,0,0,0,0,0,0,0,0,0,0,0,0,0,0,0,0,0,0,0,0,0,0,0,0,0,0,0,0,0,0,0,0,0,0,0,0,0,0,0,0,0,0,0,0,0,0,0,0.0,0.0,0.0
31883,777,0,0,0,0,0,0,0,0,0,0,0,0,0,0,0,0,0,0,0,0,0,0,0,0,0,0,0,0,0,0,0,0,0,0,0,0,0,0,0,0,0,0,0,0,0,0,0,0,0,0,0,0,0,0,0,0,0,0,0,0,0,0,0,0,0,0,0,0,0,0,0,0,0,0,0,0.0,0.0,0.0
31904,777,0,0,0,0,0,0,0,0,0,0,0,0,0,0,0,0,0,0,0,0,0,0,0,0,0,0,0,0,0,0,0,0,0,0,0,0,0,0,0,0,0,0,0,0,0,0,0,0,0,0,0,0,0,0,0,0,0,0,0,0,0,0,0,0,0,0,0,0,0,0,0,0,0,0,0,0.0,0.0,0.0
31936,777,32,32,0,11,2786,6,4,3,0,30,7,3,43,22,941,790,413,327,25,19,6,55,7,0,47,63,476,250,1576,772,102,3,70,43,125,191,218,16,27,178,64,2,19,11,36,30,37,2,0,0,12,0,0,5,0,0,26,0,0,0,0,0,0,68,84,0,2,0,44,4,0,2,0,0,283,6.68,5.12,4.41
32159,777,0,0,0,0,0,0,0,0,0,0,0,0,0,0,0,0,0,0,0,0,0,0,0,0,0,0,0,0,0,0,0,0,0,0,0,0,0,0,0,0,0,0,0,0,0,0,0,0,0,0,0,0,0,0,0,0,0,0,0,0,0,0,0,0,0,0,0,0,0,0,0,0,0,0,0,0.0,0.0,0.0
32229,777,34,32,2,6,2798,1,1,2,1,53,8,0,32,8,1470,1102,567,382,34,294,134,237,61,73,338,270,343,204,2429,663,39,4,76,50,35,140,130,31,38,133,9,10,102,19,25,32,26,10,0,0,1,0,0,9,0,0,9,0,0,0,0,0,0,79,45,0,3,0,40,1,0,0,0,0,218,1.05,1.05,4.37
32280,777,4,4,0,0,360,0,0,0,0,0,0,0,0,0,118,87,12,1,0,41,13,0,0,0,12,2,15,3,158,0,0,0,2,1,0,5,0,0,0,35,0,0,6,1,0,0,1,0,0,0,0,0,0,1,8,7,0,0,13,13,2,15,9,7,0,1,1,2,6,0,0,0,14,0,0,0.0,0.0,0.0
32289,777,6,1,5,0,100,1,0,0,0,0,0,0,2,1,25,20,6,5,1,2,2,5,1,3,1,7,6,4,45,18,2,0,3,2,3,5,6,0,0,5,1,0,0,1,3,0,0,0,0,0,0,0,0,0,0,0,1,0,0,0,0,0,0,1,3,0,0,0,4,1,0,0,0,0,8,0.7,0.7,0.03
32638,777,31,27,4,0,2528,3,0,0,0,4,0,3,23,8,1171,963,192,98,9,198,89,4,1,0,160,26,269,138,1600,78,40,0,40,25,2,134,71,49,14,103,2,30,194,84,39,16,9,2,0,0,2,0,0,6,0,0,2,0,0,0,0,0,0,60,41,0,4,0,43,3,0,0,0,2,313,2.47,2.47,0.7
32728,777,36,26,10,16,2230,14,8,1,0,20,4,13,55,22,319,199,198,119,9,3,1,8,3,0,27,24,118,63,652,384,142,4,7,5,55,74,160,1,8,55,25,3,19,30,67,35,31,5,0,0,4,0,0,4,0,0,20,0,0,0,0,0,0,5,30,0,0,0,14,11,0,3,0,0,85,12.26,9.92,1.94
32894,777,36,32,4,16,2747,7,7,5,0,54,10,8,87,21,750,589,434,339,20,26,15,87,11,33,60,113,391,212,1316,782,187,5,28,14,63,162,172,13,14,87,28,4,21,56,54,42,44,3,0,0,30,0,1,6,0,0,20,0,0,0,0,0,0,22,45,0,2,0,39,7,0,0,0,0,152,8.35,8.35,4.67
33032,777,36,32,4,24,2759,6,5,1,0,31,3,10,70,22,465,356,194,137,15,8,4,4,0,0,25,21,144,62,839,413,140,3,13,5,55,113,171,8,8,80,39,6,29,47,85,26,37,2,0,0,30,0,2,2,0,0,19,0,0,0,0,0,0,17,44,0,5,0,40,6,0,0,0,0,135,10.64,10.64,1.48
33046,777,0,0,0,0,0,0,0,0,0,0,0,0,0,0,0,0,0,0,0,0,0,0,0,0,0,0,0,0,0,0,0,0,0,0,0,0,0,0,0,0,0,0,0,0,0,0,0,0,0,0,0,0,0,0,0,0,0,0,0,0,0,0,0,0,0,0,0,0,0,0,0,0,0,0,0,0.0,0.0,0.0
33124,777,34,33,1,2,2937,0,0,1,0,12,2,4,31,5,1839,1627,253,171,15,153,71,2,0,0,185,21,321,175,2295,136,58,1,39,23,10,174,139,31,17,118,8,19,207,110,87,27,22,5,0,0,5,0,0,6,0,0,1,0,0,0,0,70,70,53,64,0,5,0,48,0,0,0,0,0,297,3.06,3.06,0.76
33162,777,28,19,9,18,1568,8,8,1,0,20,4,4,35,15,332,253,144,107,8,28,22,37,7,0,35,50,226,139,708,340,77,2,23,15,84,88,134,12,13,61,31,1,16,12,20,18,14,3,0,0,0,0,0,0,0,0,11,0,0,0,0,0,0,17,33,0,4,0,26,8,0,0,0,0,113,5.25,5.25,1.32
33185,777,5,1,4,1,110,0,0,0,0,1,0,0,5,0,82,69,50,41,3,5,1,3,1,0,11,7,27,10,103,60,9,1,0,0,1,3,2,0,0,4,0,1,1,1,1,0,2,0,0,0,0,0,0,0,0,0,1,0,0,0,0,0,0,2,1,0,0,0,2,0,0,0,0,0,6,0.29,0.29,0.08
33231,777,36,36,0,1,3233,6,2,7,4,78,14,4,71,23,2187,1919,791,660,26,209,130,205,68,104,293,258,529,272,2996,1051,69,7,56,32,51,131,155,30,39,187,27,8,58,19,24,41,30,8,0,1,2,0,0,8,0,0,20,0,0,0,0,0,0,75,92,0,3,0,52,6,1,0,0,0,338,4.76,3.98,6.83
33245,777,20,11,9,8,984,0,0,0,0,6,0,0,5,0,543,474,163,134,17,40,19,13,4,0,73,18,135,91,798,151,14,2,28,16,11,68,40,14,3,46,4,2,54,18,14,12,14,3,0,0,0,0,0,2,0,0,4,0,0,0,0,1,1,22,20,0,1,0,10,0,0,0,0,0,94,0.19,0.19,0.35
33280,777,0,0,0,0,0,0,0,0,0,0,0,0,0,0,0,0,0,0,0,0,0,0,0,0,0,0,0,0,0,0,0,0,0,0,0,0,0,0,0,0,0,0,0,0,0,0,0,0,0,0,0,0,0,0,0,0,0,0,0,0,0,0,0,0,0,0,0,0,0,0,0,0,0,0,0,0.0,0.0,0.0
33342,777,0,0,0,0,0,0,0,0,0,0,0,0,0,0,0,0,0,0,0,0,0,0,0,0,0,0,0,0,0,0,0,0,0,0,0,0,0,0,0,0,0,0,0,0,0,0,0,0,0,0,0,0,0,0,0,0,0,0,0,0,0,0,0,0,0,0,0,0,0,0,0,0,0,0,0,0.0,0.0,0.0
35670,777,36,26,10,16,2316,4,3,1,0,10,1,5,44,14,493,318,185,109,16,19,9,3,0,0,59,17,85,38,829,320,97,4,9,3,43,121,231,4,14,37,27,7,38,80,124,52,21,4,0,0,10,0,0,2,0,0,7,0,0,0,0,0,0,5,25,0,2,0,41,3,1,1,0,0,95,5.3,3.74,1.12
35699,777,0,0,0,0,0,0,0,0,0,0,0,0,0,0,0,0,0,0,0,0,0,0,0,0,0,0,0,0,0,0,0,0,0,0,0,0,0,0,0,0,0,0,0,0,0,0,0,0,0,0,0,0,0,0,0,0,0,0,0,0,0,0,0,0,0,0,0,0,0,0,0,0,0,0,0,0.0,0.0,0.0
35718,777,12,5,7,5,432,0,0,0,0,0,0,0,1,0,146,121,17,9,1,20,11,1,1,0,13,1,21,6,224,14,7,0,8,4,2,20,28,5,3,13,1,6,30,11,16,7,0,1,0,0,1,0,0,0,0,0,0,0,0,0,0,3,3,10,3,0,0,0,5,0,0,0,0,0,49,0.2,0.2,0.01
35731,777,3,0,3,0,13,0,0,0,0,0,0,0,0,0,9,8,2,1,0,1,1,0,0,0,2,0,1,0,14,1,0,0,0,0,0,1,2,1,0,0,0,0,1,0,2,0,1,0,0,0,0,0,0,0,0,0,0,0,0,0,0,0,0,0,0,0,0,0,0,0,0,0,0,0,2,0.0,0.0,0.0
35752,777,15,11,4,4,938,0,0,0,0,3,1,0,1,0,626,553,76,44,5,74,26,2,1,0,67,12,135,85,774,17,6,1,16,9,3,36,32,16,4,40,0,10,75,17,15,10,1,6,0,0,1,0,0,2,0,0,0,0,0,0,0,33,33,21,19,0,1,0,11,0,0,0,0,0,117,0.05,0.05,0.53
37221,777,0,0,0,0,0,0,0,0,0,0,0,0,0,0,0,0,0,0,0,0,0,0,0,0,0,0,0,0,0,0,0,0,0,0,0,0,0,0,0,0,0,0,0,0,0,0,0,0,0,0,0,0,0,0,0,0,0,0,0,0,0,0,0,0,0,0,0,0,0,0,0,0,0,0,0,0.0,0.0,0.0
37776,777,31,18,13,3,1724,0,0,2,0,13,3,3,19,7,871,692,225,137,4,98,44,12,5,0,122,83,136,62,1193,233,51,2,29,16,13,122,102,25,16,102,9,4,61,65,48,25,25,7,0,0,0,0,1,6,0,0,5,0,0,0,0,0,0,44,53,0,2,0,25,0,0,0,0,2,220,1.84,1.84,1.48
39606,777,0,0,0,0,0,0,0,0,0,0,0,0,0,0,0,0,0,0,0,0,0,0,0,0,0,0,0,0,0,0,0,0,0,0,0,0,0,0,0,0,0,0,0,0,0,0,0,0,0,0,0,0,0,0,0,0,0,0,0,0,0,0,0,0,0,0,0,0,0,0,0,0,0,0,0,0.0,0.0,0.0
40159,777,6,2,4,2,177,0,0,0,0,0,0,0,1,0,76,68,18,15,3,3,0,2,0,0,9,2,12,5,100,15,0,0,1,0,0,7,7,2,4,10,0,0,2,2,1,2,4,1,0,0,0,0,0,0,0,0,1,0,0,0,0,0,0,3,6,0,0,0,2,0,0,0,0,0,15,0.03,0.03,0.04
40211,777,0,0,0,0,0,0,0,0,0,0,0,0,0,0,0,0,0,0,0,0,0,0,0,0,0,0,0,0,0,0,0,0,0,0,0,0,0,0,0,0,0,0,0,0,0,0,0,0,0,0,0,0,0,0,0,0,0,0,0,0,0,0,0,0,0,0,0,0,0,0,0,0,0,0,0,0.0,0.0,0.0
42331,777,7,1,6,1,101,0,0,0,0,0,0,0,2,1,61,51,17,9,3,4,0,1,0,0,11,3,8,4,90,17,1,0,3,2,1,5,11,0,4,4,1,1,8,2,3,3,0,0,0,0,0,0,0,0,0,0,1,0,0,0,0,0,0,1,2,0,0,0,1,0,0,0,0,0,16,0.08,0.08,0.04
42569,777,8,5,3,4,408,0,0,0,0,7,0,1,9,3,93,57,41,18,2,2,1,0,0,0,8,6,7,3,144,61,23,0,2,1,6,21,48,2,1,10,6,1,4,18,32,11,1,0,0,0,3,0,0,0,0,0,2,0,0,0,0,0,0,2,6,0,0,0,11,0,0,0,0,0,19,0.93,0.93,0.21
42894,777,25,21,4,11,1778,2,1,2,0,7,2,0,10,6,1010,880,227,181,23,68,33,3,2,0,109,7,218,96,1310,184,10,2,53,23,17,96,91,33,18,96,11,9,42,27,22,35,13,8,0,0,1,0,0,4,0,0,8,0,0,0,0,0,0,42,46,0,2,0,28,2,0,0,0,0,232,0.63,0.63,0.63
43010,777,29,28,1,1,2553,3,0,1,0,10,1,1,10,7,1085,938,134,76,22,123,56,6,2,0,95,11,228,114,1435,85,41,2,50,28,7,109,93,27,11,68,5,21,116,48,46,30,11,4,0,0,2,0,1,4,0,0,0,0,0,0,0,2,2,35,33,0,4,0,47,3,0,0,0,0,216,2.28,2.28,1.45
43586,777,8,1,7,1,171,0,0,1,0,1,0,0,1,0,94,80,25,18,3,6,5,3,0,0,12,4,17,12,140,25,2,1,7,3,2,18,10,0,2,3,1,0,13,8,4,2,3,1,0,0,0,0,0,0,0,0,0,0,0,0,0,0,0,1,2,0,0,0,5,0,0,0,0,0,23,0.04,0.04,0.05
43940,777,0,0,0,0,0,0,0,0,0,0,0,0,0,0,0,0,0,0,0,0,0,0,0,0,0,0,0,0,0,0,0,0,0,0,0,0,0,0,0,0,0,0,0,0,0,0,0,0,0,0,0,0,0,0,0,0,0,0,0,0,0,0,0,0,0,0,0,0,0,0,0,0,0,0,0,0.0,0.0,0.0
47133,777,3,3,0,0,270,0,0,0,0,0,0,0,0,0,68,47,15,5,0,44,23,0,0,0,15,0,11,5,81,0,0,0,0,0,0,1,0,0,0,8,0,0,1,1,0,0,0,0,0,0,0,0,0,1,1,1,0,0,4,4,0,14,10,4,0,0,0,0,4,0,0,0,8,0,0,0.0,0.0,0.01
48690,777,0,0,0,0,0,0,0,0,0,0,0,0,0,0,0,0,0,0,0,0,0,0,0,0,0,0,0,0,0,0,0,0,0,0,0,0,0,0,0,0,0,0,0,0,0,0,0,0,0,0,0,0,0,0,0,0,0,0,0,0,0,0,0,0,0,0,0,0,0,0,0,0,0,0,0,0.0,0.0,0.0
49144,777,0,0,0,0,0,0,0,0,0,0,0,0,0,0,0,0,0,0,0,0,0,0,0,0,0,0,0,0,0,0,0,0,0,0,0,0,0,0,0,0,0,0,0,0,0,0,0,0,0,0,0,0,0,0,0,0,0,0,0,0,0,0,0,0,0,0,0,0,0,0,0,0,0,0,0,0.0,0.0,0.0
49259,777,32,14,18,12,1313,0,0,1,0,15,2,1,17,4,426,344,202,154,7,12,8,82,12,15,34,78,171,112,731,404,59,3,14,11,47,65,88,3,12,32,18,0,6,13,22,8,25,0,0,0,2,0,0,0,0,0,3,0,0,0,0,0,0,15,14,0,2,0,28,0,0,0,0,0,55,1.65,1.65,1.74
49269,777,0,0,0,0,0,0,0,0,0,0,0,0,0,0,0,0,0,0,0,0,0,0,0,0,0,0,0,0,0,0,0,0,0,0,0,0,0,0,0,0,0,0,0,0,0,0,0,0,0,0,0,0,0,0,0,0,0,0,0,0,0,0,0,0,0,0,0,0,0,0,0,0,0,0,0,0.0,0.0,0.0
49270,777,14,2,12,1,289,0,0,1,0,6,1,0,4,0,121,102,45,35,7,6,3,9,0,2,10,18,47,21,192,73,15,2,7,4,15,16,28,3,4,18,9,1,3,1,5,4,5,1,0,0,2,0,0,0,0,0,3,0,0,0,0,0,0,10,5,0,1,0,9,0,0,0,0,0,32,0.18,0.18,0.37
49293,777,26,24,2,12,1965,10,5,1,0,24,3,6,64,25,820,703,376,302,11,53,35,36,5,4,90,65,316,181,1222,576,93,7,25,12,80,84,106,15,10,83,35,0,12,0,4,13,37,5,0,0,2,0,0,2,0,0,21,0,0,0,0,0,0,28,34,0,2,0,33,5,1,5,0,0,135,10.55,5.87,2.49
49316,777,0,0,0,0,0,0,0,0,0,0,0,0,0,0,0,0,0,0,0,0,0,0,0,0,0,0,0,0,0,0,0,0,0,0,0,0,0,0,0,0,0,0,0,0,0,0,0,0,0,0,0,0,0,0,0,0,0,0,0,0,0,0,0,0,0,0,0,0,0,0,0,0,0,0,0,0.0,0.0,0.0
49374,777,34,19,15,14,1722,2,2,1,1,19,1,2,23,5,382,252,176,97,24,43,10,69,18,23,56,81,131,76,702,328,59,2,29,18,32,67,81,4,15,56,12,1,32,16,16,20,15,6,0,0,14,0,0,2,0,0,11,0,0,0,0,0,0,13,32,0,3,0,24,2,0,0,0,0,121,2.45,2.45,1.31
49476,777,0,0,0,0,0,0,0,0,0,0,0,0,0,0,0,0,0,0,0,0,0,0,0,0,0,0,0,0,0,0,0,0,0,0,0,0,0,0,0,0,0,0,0,0,0,0,0,0,0,0,0,0,0,0,0,0,0,0,0,0,0,0,0,0,0,0,0,0,0,0,0,0,0,0,0,0.0,0.0,0.0
49481,777,31,25,6,10,2225,7,6,5,1,61,12,8,71,27,773,593,453,341,23,39,14,122,40,65,51,155,399,207,1382,892,185,3,41,21,83,167,160,16,16,117,32,1,11,22,30,33,54,2,0,0,14,0,0,8,0,0,27,0,0,0,0,0,0,28,62,0,0,0,16,6,0,1,0,0,184,7.57,6.79,7.16
49485,777,0,0,0,0,0,0,0,0,0,0,0,0,0,0,0,0,0,0,0,0,0,0,0,0,0,0,0,0,0,0,0,0,0,0,0,0,0,0,0,0,0,0,0,0,0,0,0,0,0,0,0,0,0,0,0,0,0,0,0,0,0,0,0,0,0,0,0,0,0,0,0,0,0,0,0,0.0,0.0,0.0
49494,777,1,0,1,0,1,0,0,0,0,0,0,0,0,0,0,0,0,0,0,0,0,0,0,0,0,0,1,0,1,0,0,0,0,0,0,0,1,0,0,0,0,0,0,0,0,1,0,0,0,0,0,0,0,0,0,0,0,0,0,0,0,0,0,0,0,0,0,0,0,0,0,0,0,0,0,0.0,0.0,0.0
49495,777,17,14,3,2,1328,0,0,1,0,10,1,0,3,0,653,580,239,206,8,34,20,36,9,0,77,54,176,95,1007,314,18,2,22,15,27,61,50,6,8,81,9,2,39,9,9,7,16,1,0,0,2,0,0,5,0,0,5,0,0,0,0,0,0,39,37,0,2,0,14,0,0,0,0,0,68,0.13,0.13,0.89
49726,777,36,26,10,13,2252,3,2,1,0,33,11,2,29,8,1122,907,440,307,18,179,98,126,38,65,234,197,231,105,1603,469,40,13,41,23,41,83,116,21,34,117,25,4,37,8,21,20,15,3,0,0,2,0,0,4,0,0,10,0,0,0,0,0,0,40,67,0,4,0,33,3,0,0,0,0,220,2.21,2.21,6.06
49731,777,33,24,9,15,2057,4,3,4,0,42,12,3,29,11,951,726,450,309,22,92,37,97,28,43,167,154,257,151,1420,550,80,14,57,35,66,116,155,25,45,139,33,4,16,19,27,19,23,0,0,0,4,0,0,3,0,0,26,0,0,0,0,0,0,61,52,0,4,0,32,4,0,0,0,0,241,2.61,2.61,5.43
49738,777,0,0,0,0,0,0,0,0,0,0,0,0,0,0,0,0,0,0,0,0,0,0,0,0,0,0,0,0,0,0,0,0,0,0,0,0,0,0,0,0,0,0,0,0,0,0,0,0,0,0,0,0,0,0,0,0,0,0,0,0,0,0,0,0,0,0,0,0,0,0,0,0,0,0,0,0.0,0.0,0.0
49759,777,28,22,6,14,1908,0,0,0,0,20,5,1,19,4,825,693,241,178,18,57,31,42,11,22,106,74,236,125,1154,292,37,9,63,37,28,116,95,14,24,108,16,1,23,14,15,30,28,3,0,0,1,0,1,1,0,0,13,0,0,0,0,0,0,43,52,0,3,0,28,0,0,0,0,0,208,1.64,1.64,3.24
49796,777,28,24,4,6,2176,9,4,1,0,19,3,11,48,21,474,338,214,136,21,22,8,24,3,0,43,37,185,130,863,385,99,2,18,9,63,95,146,8,10,80,43,4,28,24,65,12,42,2,0,0,14,0,2,7,0,0,9,0,0,0,0,0,0,28,43,0,4,0,29,6,0,3,0,0,137,10.93,8.59,1.17
49884,777,13,8,5,2,814,1,0,0,0,0,0,0,2,1,494,433,48,28,3,45,15,1,0,0,40,4,124,62,589,15,7,0,6,4,0,25,21,6,3,19,0,7,42,15,10,9,3,2,0,0,0,0,0,0,0,0,1,0,0,0,0,0,0,7,11,0,0,0,13,1,0,0,0,0,61,0.8,0.8,0.05
49908,777,25,21,4,4,1838,1,0,1,0,8,3,1,15,4,1190,1037,86,41,9,109,47,2,0,0,57,8,254,121,1521,71,42,0,22,14,5,131,68,27,3,88,5,26,141,87,48,13,19,2,0,0,1,1,0,4,0,0,1,0,0,0,0,7,6,51,36,0,3,0,27,1,0,0,0,1,216,1.73,1.73,0.86
49909,777,36,34,2,6,2996,5,4,3,0,29,4,0,38,13,1860,1653,572,465,20,73,23,7,0,0,227,52,563,272,2367,574,31,8,59,36,49,160,124,48,17,128,26,12,53,27,22,38,42,5,0,0,0,0,0,9,0,0,9,0,0,0,0,0,0,54,65,0,2,0,42,5,0,0,0,0,298,1.89,1.89,2.26
50151,777,25,21,4,5,1893,1,0,2,0,7,3,1,15,6,1010,857,157,77,7,136,68,1,0,0,119,14,248,157,1319,68,48,0,26,14,1,104,85,24,6,63,0,14,160,66,60,19,10,4,0,0,0,1,0,5,0,0,1,0,0,0,0,17,17,41,21,0,3,0,26,1,0,0,0,0,219,0.9,0.9,0.75
50234,777,32,30,2,1,2751,3,0,4,0,7,5,4,27,7,1733,1528,299,205,13,175,78,5,1,0,190,23,316,193,2158,193,46,4,38,20,5,171,91,23,7,64,4,34,182,99,60,21,34,4,0,0,0,0,0,17,0,0,2,0,0,0,0,46,46,30,32,0,0,0,20,3,0,0,0,0,277,2.94,2.94,1.75
50245,777,11,7,4,6,605,0,0,0,0,0,0,0,5,2,316,278,61,44,6,7,1,1,0,0,32,3,70,24,408,57,2,0,18,11,6,32,19,9,2,31,4,3,14,5,3,8,6,4,0,0,0,0,0,0,0,0,0,0,0,0,0,0,0,16,15,0,0,0,17,0,0,0,0,0,74,0.36,0.36,0.1
50453,777,0,0,0,0,0,0,0,0,0,0,0,0,0,0,0,0,0,0,0,0,0,0,0,0,0,0,0,0,0,0,0,0,0,0,0,0,0,0,0,0,0,0,0,0,0,0,0,0,0,0,0,0,0,0,0,0,0,0,0,0,0,0,0,0,0,0,0,0,0,0,0,0,0,0,0,0.0,0.0,0.0
50460,777,37,32,5,19,2735,8,7,2,0,37,6,3,55,23,897,717,330,237,26,61,29,80,14,27,79,106,375,200,1541,624,108,4,42,22,106,134,188,15,29,141,41,7,27,12,25,28,47,4,0,0,9,1,1,2,0,0,24,0,0,0,0,0,0,59,58,0,5,0,59,8,0,0,0,0,232,5.11,5.11,2.85
50498,777,0,0,0,0,0,0,0,0,0,0,0,0,0,0,0,0,0,0,0,0,0,0,0,0,0,0,0,0,0,0,0,0,0,0,0,0,0,0,0,0,0,0,0,0,0,0,0,0,0,0,0,0,0,0,0,0,0,0,0,0,0,0,0,0,0,0,0,0,0,0,0,0,0,0,0,0.0,0.0,0.0
50501,777,0,0,0,0,0,0,0,0,0,0,0,0,0,0,0,0,0,0,0,0,0,0,0,0,0,0,0,0,0,0,0,0,0,0,0,0,0,0,0,0,0,0,0,0,0,0,0,0,0,0,0,0,0,0,0,0,0,0,0,0,0,0,0,0,0,0,0,0,0,0,0,0,0,0,0,0.0,0.0,0.0
50623,777,24,14,10,11,1176,1,1,1,0,14,2,1,15,4,282,221,132,99,14,13,7,42,9,5,21,47,170,103,555,284,52,1,23,13,39,69,80,10,12,50,19,2,12,11,14,16,22,1,0,0,9,0,0,0,0,0,4,0,0,0,0,0,0,28,18,0,1,0,17,1,0,0,0,0,96,1.05,1.05,1.51
50643,777,16,2,14,2,246,0,0,0,0,1,0,1,14,3,97,79,40,30,1,7,6,4,1,0,10,3,19,8,146,69,18,0,2,1,7,8,25,1,1,9,5,0,1,5,14,4,0,0,0,0,1,0,0,0,0,0,2,0,0,0,0,0,0,0,7,0,2,0,9,0,0,0,0,0,14,0.9,0.9,0.13
50727,777,37,34,3,4,3134,1,0,0,0,21,2,3,28,13,1367,1170,483,400,17,93,44,108,23,25,162,132,367,215,2065,664,58,2,57,39,28,136,116,26,37,130,18,7,81,32,32,22,36,6,0,0,7,0,0,10,0,0,12,0,0,0,0,0,0,56,62,0,5,0,41,1,0,0,0,0,170,2.06,2.06,3.31
50842,777,33,31,2,1,2826,1,0,0,0,9,1,1,15,2,1479,1242,217,133,24,174,66,13,5,0,141,130,287,113,2081,248,44,3,55,35,13,170,131,43,18,65,11,19,196,107,82,18,5,4,0,0,0,0,0,10,0,0,0,0,0,0,0,0,0,47,18,0,4,0,42,1,0,0,0,0,311,2.42,2.42,1.56
50848,777,24,5,19,3,608,2,1,1,0,11,2,5,25,9,245,182,82,48,3,7,3,5,2,0,21,17,40,18,393,154,48,2,9,6,17,40,61,1,3,19,13,2,11,20,32,9,6,3,0,0,1,0,0,0,0,0,2,0,0,0,0,0,0,10,7,0,1,0,8,2,0,0,0,0,44,2.74,2.74,0.34
50856,777,0,0,0,0,0,0,0,0,0,0,0,0,0,0,0,0,0,0,0,0,0,0,0,0,0,0,0,0,0,0,0,0,0,0,0,0,0,0,0,0,0,0,0,0,0,0,0,0,0,0,0,0,0,0,0,0,0,0,0,0,0,0,0,0,0,0,0,0,0,0,0,0,0,0,0,0.0,0.0,0.0
51185,777,30,21,9,17,1670,1,1,1,0,19,2,7,20,4,328,231,169,113,9,10,5,18,7,0,21,27,149,92,676,324,77,1,29,18,75,106,176,3,13,64,37,1,18,32,49,40,17,3,0,0,3,0,0,0,0,0,12,0,0,0,0,0,0,26,26,0,2,0,31,1,0,0,0,0,114,2.07,2.07,1.63
51199,777,32,32,0,3,2787,3,2,4,0,24,7,3,26,4,1189,935,313,199,16,121,46,86,14,0,171,195,331,193,2020,508,58,3,69,46,29,183,131,40,14,131,15,10,156,79,53,35,26,5,0,0,3,0,0,8,0,0,3,0,0,0,0,38,38,79,49,0,1,0,40,3,0,0,0,1,273,1.62,1.62,2.65
51202,777,33,29,4,13,2503,10,9,2,0,34,4,4,90,35,880,708,374,283,33,42,22,50,11,5,76,79,405,239,1515,645,137,9,39,23,100,164,189,21,18,127,53,3,22,28,46,27,54,4,0,0,2,0,2,3,0,0,20,0,0,0,0,0,0,51,56,0,2,0,35,10,0,0,0,0,211,6.9,6.9,3.36
51223,777,30,17,13,9,1599,0,0,1,0,26,5,1,20,5,715,615,255,206,15,37,25,54,12,7,63,60,230,141,1268,419,67,0,43,32,53,101,106,19,24,82,23,1,64,18,12,17,19,2,0,0,1,0,0,2,0,0,3,0,0,0,0,0,0,47,32,0,1,0,27,0,0,0,0,0,128,1.26,1.26,2.39
51224,777,0,0,0,0,0,0,0,0,0,0,0,0,0,0,0,0,0,0,0,0,0,0,0,0,0,0,0,0,0,0,0,0,0,0,0,0,0,0,0,0,0,0,0,0,0,0,0,0,0,0,0,0,0,0,0,0,0,0,0,0,0,0,0,0,0,0,0,0,0,0,0,0,0,0,0,0.0,0.0,0.0
51229,777,3,2,1,0,225,0,0,0,0,0,0,0,0,0,192,173,27,15,1,11,3,1,0,0,18,2,41,19,229,12,3,1,3,2,1,11,6,5,0,9,1,3,14,6,4,1,2,0,0,0,0,0,0,0,0,0,0,0,0,0,0,7,7,6,3,0,0,0,4,0,0,0,0,0,25,0.0,0.0,0.12
51364,777,19,19,0,11,1545,2,2,5,0,23,3,3,26,9,444,380,211,178,9,27,19,122,28,49,31,118,264,133,931,492,57,0,29,19,104,107,156,3,12,95,54,0,6,11,18,23,15,3,0,0,10,0,0,2,0,0,12,0,0,0,0,0,0,31,52,0,1,0,20,2,0,0,0,0,133,1.92,1.92,2.41
51423,777,30,28,2,22,2157,5,4,4,1,41,7,4,28,12,754,621,321,238,15,71,43,83,21,28,104,118,219,99,1175,458,55,5,29,17,66,107,132,12,14,89,46,5,15,11,21,31,48,5,0,0,0,0,0,2,0,0,21,0,0,0,0,0,0,32,36,0,1,0,28,5,0,0,0,0,150,3.0,3.0,4.11
51479,777,0,0,0,0,0,0,0,0,0,0,0,0,0,0,0,0,0,0,0,0,0,0,0,0,0,0,0,0,0,0,0,0,0,0,0,0,0,0,0,0,0,0,0,0,0,0,0,0,0,0,0,0,0,0,0,0,0,0,0,0,0,0,0,0,0,0,0,0,0,0,0,0,0,0,0,0.0,0.0,0.0
51498,777,20,17,3,4,1578,0,0,0,0,9,1,1,9,3,851,697,169,124,11,122,49,18,3,0,100,23,242,115,1161,138,24,0,27,18,12,69,75,11,17,69,6,19,84,26,32,14,10,6,0,0,2,0,0,2,0,0,1,0,0,0,0,0,0,49,19,0,2,0,33,0,0,0,0,0,141,0.42,0.42,0.68
51510,777,0,0,0,0,0,0,0,0,0,0,0,0,0,0,0,0,0,0,0,0,0,0,0,0,0,0,0,0,0,0,0,0,0,0,0,0,0,0,0,0,0,0,0,0,0,0,0,0,0,0,0,0,0,0,0,0,0,0,0,0,0,0,0,0,0,0,0,0,0,0,0,0,0,0,0,0.0,0.0,0.0
51511,777,0,0,0,0,0,0,0,0,0,0,0,0,0,0,0,0,0,0,0,0,0,0,0,0,0,0,0,0,0,0,0,0,0,0,0,0,0,0,0,0,0,0,0,0,0,0,0,0,0,0,0,0,0,0,0,0,0,0,0,0,0,0,0,0,0,0,0,0,0,0,0,0,0,0,0,0.0,0.0,0.0
51557,777,0,0,0,0,0,0,0,0,0,0,0,0,0,0,0,0,0,0,0,0,0,0,0,0,0,0,0,0,0,0,0,0,0,0,0,0,0,0,0,0,0,0,0,0,0,0,0,0,0,0,0,0,0,0,0,0,0,0,0,0,0,0,0,0,0,0,0,0,0,0,0,0,0,0,0,0.0,0.0,0.0
51574,777,0,0,0,0,0,0,0,0,0,0,0,0,0,0,0,0,0,0,0,0,0,0,0,0,0,0,0,0,0,0,0,0,0,0,0,0,0,0,0,0,0,0,0,0,0,0,0,0,0,0,0,0,0,0,0,0,0,0,0,0,0,0,0,0,0,0,0,0,0,0,0,0,0,0,0,0.0,0.0,0.0
51593,777,38,37,1,4,3334,4,3,4,1,54,9,1,44,10,2383,2038,748,582,50,223,119,176,51,87,379,237,639,296,3300,792,62,9,104,63,104,297,245,41,40,306,62,16,49,66,46,57,80,8,0,0,2,1,0,7,0,0,25,0,0,0,0,0,0,127,154,0,5,0,50,3,0,1,0,0,515,2.94,2.16,4.79
51609,777,8,3,5,1,320,0,0,0,0,0,0,0,1,0,99,77,27,18,2,4,1,3,1,0,15,1,26,15,177,29,4,0,8,5,6,18,17,5,2,8,5,1,14,5,5,4,2,2,0,0,0,0,0,1,0,0,0,0,0,0,0,0,0,6,2,0,0,0,2,0,0,0,0,0,28,0.08,0.08,0.02
51610,777,14,2,12,2,400,0,0,0,0,1,0,1,7,2,104,89,40,32,4,4,2,11,2,1,7,10,60,22,208,96,18,0,5,5,22,24,39,1,7,22,14,0,6,5,3,7,8,1,0,0,0,0,0,0,0,0,3,0,0,0,0,0,0,9,10,0,2,0,11,0,0,0,0,0,33,0.87,0.87,0.48
51690,777,0,0,0,0,0,0,0,0,0,0,0,0,0,0,0,0,0,0,0,0,0,0,0,0,0,0,0,0,0,0,0,0,0,0,0,0,0,0,0,0,0,0,0,0,0,0,0,0,0,0,0,0,0,0,0,0,0,0,0,0,0,0,0,0,0,0,0,0,0,0,0,0,0,0,0,0.0,0.0,0.0
51692,777,0,0,0,0,0,0,0,0,0,0,0,0,0,0,0,0,0,0,0,0,0,0,0,0,0,0,0,0,0,0,0,0,0,0,0,0,0,0,0,0,0,0,0,0,0,0,0,0,0,0,0,0,0,0,0,0,0,0,0,0,0,0,0,0,0,0,0,0,0,0,0,0,0,0,0,0.0,0.0,0.0
51754,777,0,0,0,0,0,0,0,0,0,0,0,0,0,0,0,0,0,0,0,0,0,0,0,0,0,0,0,0,0,0,0,0,0,0,0,0,0,0,0,0,0,0,0,0,0,0,0,0,0,0,0,0,0,0,0,0,0,0,0,0,0,0,0,0,0,0,0,0,0,0,0,0,0,0,0,0.0,0.0,0.0
51813,777,28,12,16,9,1102,1,0,0,0,3,0,4,36,11,189,132,93,58,5,2,1,6,0,0,14,10,85,48,377,198,66,2,5,3,25,59,92,1,8,25,22,0,11,25,34,25,19,4,0,0,5,0,1,0,0,0,4,0,0,0,0,0,0,9,12,0,0,0,18,1,0,0,0,0,42,4.54,4.54,0.23
51830,777,32,20,12,16,1790,3,2,3,0,25,8,3,42,14,436,303,227,152,17,28,16,21,3,0,80,49,214,133,925,427,100,8,32,20,96,113,170,11,15,60,59,1,26,19,31,30,34,2,0,0,11,0,1,2,0,0,19,0,0,0,0,0,0,13,28,0,3,0,20,3,0,0,0,1,131,2.9,2.9,2.9
51901,777,0,0,0,0,0,0,0,0,0,0,0,0,0,0,0,0,0,0,0,0,0,0,0,0,0,0,0,0,0,0,0,0,0,0,0,0,0,0,0,0,0,0,0,0,0,0,0,0,0,0,0,0,0,0,0,0,0,0,0,0,0,0,0,0,0,0,0,0,0,0,0,0,0,0,0,0.0,0.0,0.0
51917,777,0,0,0,0,0,0,0,0,0,0,0,0,0,0,0,0,0,0,0,0,0,0,0,0,0,0,0,0,0,0,0,0,0,0,0,0,0,0,0,0,0,0,0,0,0,0,0,0,0,0,0,0,0,0,0,0,0,0,0,0,0,0,0,0,0,0,0,0,0,0,0,0,0,0,0,0.0,0.0,0.0
51942,777,29,22,7,2,2104,0,0,3,0,13,2,1,12,2,1037,806,194,81,8,175,53,11,2,0,168,94,208,111,1495,137,22,2,39,20,5,166,94,39,13,75,5,15,168,114,60,17,13,5,0,0,2,0,0,6,0,0,1,0,0,0,0,5,5,46,28,0,5,0,24,0,0,0,0,2,260,0.89,0.89,1.16
52053,777,0,0,0,0,0,0,0,0,0,0,0,0,0,0,0,0,0,0,0,0,0,0,0,0,0,0,0,0,0,0,0,0,0,0,0,0,0,0,0,0,0,0,0,0,0,0,0,0,0,0,0,0,0,0,0,0,0,0,0,0,0,0,0,0,0,0,0,0,0,0,0,0,0,0,0,0.0,0.0,0.0
52951,777,8,6,2,6,428,0,0,0,0,5,2,0,1,1,154,106,57,31,2,28,9,22,7,0,30,22,30,17,283,91,3,0,13,11,6,27,18,6,3,16,3,1,20,6,6,3,3,0,0,0,1,0,0,0,0,0,3,0,0,0,0,0,0,8,5,0,1,0,13,0,0,0,0,0,40,0.02,0.02,0.36
52989,777,32,11,21,11,1158,6,5,0,0,0,0,2,43,17,135,81,79,41,6,7,1,0,0,0,27,6,55,35,302,155,67,2,11,8,32,49,119,1,5,23,14,1,15,25,70,14,7,1,0,0,11,0,0,1,0,0,3,0,0,0,0,0,0,11,9,0,0,0,17,6,0,0,0,0,51,4.7,4.7,0.38
53063,777,23,10,13,8,1075,3,2,4,0,24,4,2,25,7,413,305,197,126,8,23,16,44,8,1,35,80,197,101,634,340,56,6,6,4,36,43,57,7,6,57,15,1,10,7,11,5,12,0,0,0,3,0,0,0,0,0,10,0,0,0,0,0,0,17,30,0,0,0,20,3,0,0,0,0,81,2.1,2.1,3.36
53074,777,0,0,0,0,0,0,0,0,0,0,0,0,0,0,0,0,0,0,0,0,0,0,0,0,0,0,0,0,0,0,0,0,0,0,0,0,0,0,0,0,0,0,0,0,0,0,0,0,0,0,0,0,0,0,0,0,0,0,0,0,0,0,0,0,0,0,0,0,0,0,0,0,0,0,0,0.0,0.0,0.0
53085,777,0,0,0,0,0,0,0,0,0,0,0,0,0,0,0,0,0,0,0,0,0,0,0,0,0,0,0,0,0,0,0,0,0,0,0,0,0,0,0,0,0,0,0,0,0,0,0,0,0,0,0,0,0,0,0,0,0,0,0,0,0,0,0,0,0,0,0,0,0,0,0,0,0,0,0,0.0,0.0,0.0
53093,777,0,0,0,0,0,0,0,0,0,0,0,0,0,0,0,0,0,0,0,0,0,0,0,0,0,0,0,0,0,0,0,0,0,0,0,0,0,0,0,0,0,0,0,0,0,0,0,0,0,0,0,0,0,0,0,0,0,0,0,0,0,0,0,0,0,0,0,0,0,0,0,0,0,0,0,0.0,0.0,0.0
53612,777,8,6,2,3,471,0,0,0,0,0,0,0,0,0,439,408,32,25,2,34,19,0,0,0,25,4,59,27,499,13,1,0,7,4,0,17,15,10,1,16,0,4,27,8,9,6,2,2,0,0,0,0,0,0,0,0,1,0,0,0,0,17,17,7,8,0,0,0,10,0,0,0,0,0,48,0.0,0.0,0.06
53671,777,0,0,0,0,0,0,0,0,0,0,0,0,0,0,0,0,0,0,0,0,0,0,0,0,0,0,0,0,0,0,0,0,0,0,0,0,0,0,0,0,0,0,0,0,0,0,0,0,0,0,0,0,0,0,0,0,0,0,0,0,0,0,0,0,0,0,0,0,0,0,0,0,0,0,0,0.0,0.0,0.0
53991,777,0,0,0,0,0,0,0,0,0,0,0,0,0,0,0,0,0,0,0,0,0,0,0,0,0,0,0,0,0,0,0,0,0,0,0,0,0,0,0,0,0,0,0,0,0,0,0,0,0,0,0,0,0,0,0,0,0,0,0,0,0,0,0,0,0,0,0,0,0,0,0,0,0,0,0,0.0,0.0,0.0
54156,777,30,19,11,14,1784,5,3,5,0,59,13,4,39,15,772,640,494,386,8,22,14,59,16,1,46,113,571,388,1319,846,194,18,23,15,113,171,153,13,10,88,49,0,2,4,8,23,61,0,0,0,3,0,2,2,0,0,20,0,0,0,0,0,0,29,39,0,0,0,18,5,0,0,0,0,126,2.87,2.87,5.86
54760,777,0,0,0,0,0,0,0,0,0,0,0,0,0,0,0,0,0,0,0,0,0,0,0,0,0,0,0,0,0,0,0,0,0,0,0,0,0,0,0,0,0,0,0,0,0,0,0,0,0,0,0,0,0,0,0,0,0,0,0,0,0,0,0,0,0,0,0,0,0,0,0,0,0,0,0,0.0,0.0,0.0
54893,777,14,14,0,1,1255,0,0,0,0,1,0,1,5,3,566,490,65,37,8,71,30,0,0,0,52,3,110,54,711,24,10,0,14,10,3,38,22,13,1,32,3,12,49,18,13,5,4,1,0,0,1,0,0,6,0,0,1,0,0,0,0,44,44,16,15,0,1,0,17,0,0,0,0,1,88,1.1,1.1,0.03
54989,777,37,37,0,2,3290,0,0,5,0,24,7,2,17,5,2319,1801,621,330,27,477,182,26,8,0,516,129,594,387,2990,196,53,14,62,35,17,196,178,56,29,154,14,47,253,92,100,34,37,8,0,0,1,0,1,10,0,0,2,0,0,0,0,79,75,84,68,0,6,0,53,0,0,0,0,0,419,1.53,1.53,4.72
55556,777,0,0,0,0,0,0,0,0,0,0,0,0,0,0,0,0,0,0,0,0,0,0,0,0,0,0,0,0,0,0,0,0,0,0,0,0,0,0,0,0,0,0,0,0,0,0,0,0,0,0,0,0,0,0,0,0,0,0,0,0,0,0,0,0,0,0,0,0,0,0,0,0,0,0,0,0.0,0.0,0.0
55700,777,0,0,0,0,0,0,0,0,0,0,0,0,0,0,0,0,0,0,0,0,0,0,0,0,0,0,0,0,0,0,0,0,0,0,0,0,0,0,0,0,0,0,0,0,0,0,0,0,0,0,0,0,0,0,0,0,0,0,0,0,0,0,0,0,0,0,0,0,0,0,0,0,0,0,0,0.0,0.0,0.0
55776,777,18,18,0,9,1521,4,2,1,0,23,6,1,23,11,789,608,314,203,15,49,25,35,7,11,134,71,161,70,1141,350,25,10,39,22,53,123,142,8,12,76,27,6,17,38,51,28,30,5,1,1,5,1,0,1,0,0,9,0,0,0,0,0,0,34,33,0,2,0,32,2,0,2,0,0,146,2.85,1.29,2.0
62934,777,0,0,0,0,0,0,0,0,0,0,0,0,0,0,0,0,0,0,0,0,0,0,0,0,0,0,0,0,0,0,0,0,0,0,0,0,0,0,0,0,0,0,0,0,0,0,0,0,0,0,0,0,0,0,0,0,0,0,0,0,0,0,0,0,0,0,0,0,0,0,0,0,0,0,0,0.0,0.0,0.0
63257,777,18,17,1,14,1395,6,4,0,0,12,1,9,50,22,250,161,127,73,8,9,2,9,2,0,33,26,41,20,453,216,75,2,11,8,21,56,96,6,8,31,11,2,21,27,36,32,16,6,0,0,9,0,0,1,0,0,8,0,0,0,0,0,0,9,14,0,2,0,16,6,0,0,0,0,71,5.75,5.75,0.81
63289,777,37,30,7,28,2465,4,4,5,0,34,9,4,47,17,668,542,257,192,32,24,7,36,10,0,46,53,260,140,1277,561,98,6,50,25,127,156,233,15,41,130,74,4,17,24,48,20,51,3,0,0,5,1,0,1,0,0,16,0,0,0,0,0,0,40,74,0,4,0,32,4,0,0,0,0,216,4.53,4.53,3.6
63553,777,1,0,1,0,16,0,0,1,0,1,0,0,0,0,2,2,0,0,0,0,0,1,0,1,0,1,1,1,7,1,0,0,1,0,1,1,3,0,0,2,0,0,1,0,2,0,0,0,0,0,0,0,0,0,0,0,0,0,0,0,0,0,0,2,0,0,0,0,2,0,0,0,0,0,4,0.0,0.0,0.0
63633,777,37,31,6,11,2662,2,0,4,0,35,4,2,52,12,1438,1245,457,366,39,95,48,20,9,11,176,65,279,136,1862,513,65,5,53,26,45,113,137,21,40,112,29,9,35,17,20,35,32,7,0,0,0,0,0,6,0,0,12,0,0,0,0,0,0,41,59,0,2,0,41,2,0,0,0,0,229,3.89,3.89,1.69
63634,777,16,16,0,0,1440,0,0,0,0,0,0,0,0,0,558,299,140,23,0,351,93,0,0,0,142,12,51,22,700,0,0,0,0,0,0,7,3,0,0,100,0,0,16,5,2,1,3,2,0,0,0,1,0,3,3,3,0,0,60,74,9,84,32,14,0,4,4,9,29,0,0,0,38,0,0,0.0,0.0,0.0
63656,777,23,22,1,5,1817,0,0,1,0,5,0,1,2,0,782,683,95,62,14,65,25,3,0,0,71,10,181,96,1033,40,9,0,38,24,6,69,46,17,7,89,1,13,98,25,25,8,3,5,0,1,1,0,0,1,0,0,1,0,0,0,0,17,17,63,25,0,3,0,37,0,0,0,0,0,165,0.25,0.25,0.32
63733,777,25,23,2,3,1969,0,0,1,0,6,0,0,4,0,814,699,180,134,11,67,24,23,4,0,113,38,169,98,1265,192,15,0,39,23,25,121,99,31,16,90,13,14,81,34,28,32,35,7,0,1,1,1,1,6,0,0,5,0,0,0,0,0,0,52,33,0,1,0,26,0,0,0,0,0,164,0.13,0.13,0.62
63741,777,36,35,1,7,3121,10,7,4,1,68,11,9,72,31,2040,1755,743,574,36,158,95,89,16,55,293,194,526,256,2608,834,102,25,53,22,76,137,173,21,36,140,41,2,28,26,26,36,45,10,0,0,1,0,0,5,0,0,15,0,0,0,0,0,0,51,74,0,2,0,46,8,0,2,0,0,244,11.26,9.7,7.26
63851,777,31,25,6,16,2112,0,0,2,0,13,0,2,13,2,1042,891,231,171,40,72,47,11,1,0,118,34,162,72,1431,218,8,3,90,49,31,129,133,41,36,113,17,14,56,24,27,40,8,6,0,0,1,2,0,1,0,0,5,0,0,0,0,0,0,57,51,0,4,0,45,0,0,0,0,0,313,0.64,0.64,0.52
64140,777,0,0,0,0,0,0,0,0,0,0,0,0,0,0,0,0,0,0,0,0,0,0,0,0,0,0,0,0,0,0,0,0,0,0,0,0,0,0,0,0,0,0,0,0,0,0,0,0,0,0,0,0,0,0,0,0,0,0,0,0,0,0,0,0,0,0,0,0,0,0,0,0,0,0,0,0.0,0.0,0.0
64145,777,0,0,0,0,0,0,0,0,0,0,0,0,0,0,0,0,0,0,0,0,0,0,0,0,0,0,0,0,0,0,0,0,0,0,0,0,0,0,0,0,0,0,0,0,0,0,0,0,0,0,0,0,0,0,0,0,0,0,0,0,0,0,0,0,0,0,0,0,0,0,0,0,0,0,0,0.0,0.0,0.0
64282,777,26,15,11,12,1372,3,3,2,0,10,2,3,20,6,280,196,132,79,7,14,7,6,1,0,25,18,82,40,523,253,55,1,16,12,44,66,142,4,8,42,32,3,20,28,70,22,13,4,0,0,11,0,0,0,0,0,9,0,0,0,0,0,0,14,19,0,2,0,30,3,0,0,0,0,85,3.22,3.22,0.37
64328,777,0,0,0,0,0,0,0,0,0,0,0,0,0,0,0,0,0,0,0,0,0,0,0,0,0,0,0,0,0,0,0,0,0,0,0,0,0,0,0,0,0,0,0,0,0,0,0,0,0,0,0,0,0,0,0,0,0,0,0,0,0,0,0,0,0,0,0,0,0,0,0,0,0,0,0,0.0,0.0,0.0
64370,777,0,0,0,0,0,0,0,0,0,0,0,0,0,0,0,0,0,0,0,0,0,0,0,0,0,0,0,0,0,0,0,0,0,0,0,0,0,0,0,0,0,0,0,0,0,0,0,0,0,0,0,0,0,0,0,0,0,0,0,0,0,0,0,0,0,0,0,0,0,0,0,0,0,0,0,0.0,0.0,0.0
64461,777,0,0,0,0,0,0,0,0,0,0,0,0,0,0,0,0,0,0,0,0,0,0,0,0,0,0,0,0,0,0,0,0,0,0,0,0,0,0,0,0,0,0,0,0,0,0,0,0,0,0,0,0,0,0,0,0,0,0,0,0,0,0,0,0,0,0,0,0,0,0,0,0,0,0,0,0.0,0.0,0.0
64521,777,0,0,0,0,0,0,0,0,0,0,0,0,0,0,0,0,0,0,0,0,0,0,0,0,0,0,0,0,0,0,0,0,0,0,0,0,0,0,0,0,0,0,0,0,0,0,0,0,0,0,0,0,0,0,0,0,0,0,0,0,0,0,0,0,0,0,0,0,0,0,0,0,0,0,0,0.0,0.0,0.0
64523,777,38,34,4,13,3001,5,2,1,0,19,1,2,27,9,1928,1684,530,414,24,113,53,12,3,0,244,63,415,208,2331,449,51,9,68,38,18,153,103,39,21,116,10,5,78,65,33,33,15,4,0,0,1,0,0,10,0,0,7,0,0,0,0,0,0,25,84,0,0,0,25,5,0,0,0,0,307,2.84,2.84,2.27
65641,777,0,0,0,0,0,0,0,0,0,0,0,0,0,0,0,0,0,0,0,0,0,0,0,0,0,0,0,0,0,0,0,0,0,0,0,0,0,0,0,0,0,0,0,0,0,0,0,0,0,0,0,0,0,0,0,0,0,0,0,0,0,0,0,0,0,0,0,0,0,0,0,0,0,0,0,0.0,0.0,0.0
65781,777,0,0,0,0,0,0,0,0,0,0,0,0,0,0,0,0,0,0,0,0,0,0,0,0,0,0,0,0,0,0,0,0,0,0,0,0,0,0,0,0,0,0,0,0,0,0,0,0,0,0,0,0,0,0,0,0,0,0,0,0,0,0,0,0,0,0,0,0,0,0,0,0,0,0,0,0.0,0.0,0.0
65961,777,31,29,2,15,2480,5,5,2,0,28,4,7,54,15,639,529,270,204,13,16,9,59,14,30,49,67,379,203,1221,568,116,6,45,25,93,170,168,16,13,120,39,4,30,7,16,49,67,6,0,0,6,0,1,5,0,0,14,0,0,0,0,0,0,53,53,0,4,0,42,5,0,0,0,0,215,5.43,5.43,3.35
65970,777,35,34,1,8,2958,27,24,8,0,25,9,30,126,59,384,252,186,107,3,14,4,3,1,0,38,20,126,76,778,398,213,6,15,9,38,130,111,5,6,41,23,1,42,73,45,24,25,2,0,0,5,0,0,9,0,0,13,0,0,0,0,0,0,8,20,0,1,0,32,24,1,3,0,0,104,25.5,22.38,2.67
65987,777,32,30,2,0,2761,0,0,2,0,7,5,4,23,7,1422,1259,163,99,11,103,53,0,0,0,111,14,271,163,1815,96,55,1,23,10,4,175,96,29,7,109,4,23,195,140,71,15,11,2,0,0,0,0,0,8,0,0,1,0,0,0,0,29,29,63,45,0,3,0,41,0,0,0,0,0,272,3.36,3.36,1.45
66036,777,30,17,13,9,1635,11,10,1,0,9,0,12,61,34,306,211,110,64,11,6,4,2,0,0,36,10,71,33,556,240,95,2,5,3,50,85,124,3,3,38,30,2,15,64,57,17,6,2,0,0,7,0,0,1,0,0,6,0,0,0,0,0,0,7,25,0,3,0,29,11,0,0,0,0,64,9.21,9.21,0.28
66094,777,0,0,0,0,0,0,0,0,0,0,0,0,0,0,0,0,0,0,0,0,0,0,0,0,0,0,0,0,0,0,0,0,0,0,0,0,0,0,0,0,0,0,0,0,0,0,0,0,0,0,0,0,0,0,0,0,0,0,0,0,0,0,0,0,0,0,0,0,0,0,0,0,0,0,0,0.0,0.0,0.0
66104,777,30,11,19,9,1073,1,1,4,0,13,4,7,29,13,261,189,133,86,14,15,4,37,9,5,19,39,134,83,520,309,70,2,12,8,42,55,75,1,6,52,26,1,10,8,18,10,14,3,0,0,5,0,0,0,0,0,16,0,0,0,0,0,0,13,23,0,0,0,8,1,0,0,0,0,77,4.12,4.12,1.27
66204,777,31,30,1,2,2615,1,0,0,0,10,1,2,5,1,2104,1954,311,258,3,116,59,9,4,0,187,21,392,225,2412,182,22,7,35,22,12,131,100,17,7,113,9,7,133,73,59,22,16,2,0,0,1,0,0,15,0,0,2,0,0,0,0,26,26,65,46,0,0,0,20,1,0,0,0,0,193,0.88,0.88,1.21
66222,777,0,0,0,0,0,0,0,0,0,0,0,0,0,0,0,0,0,0,0,0,0,0,0,0,0,0,0,0,0,0,0,0,0,0,0,0,0,0,0,0,0,0,0,0,0,0,0,0,0,0,0,0,0,0,0,0,0,0,0,0,0,0,0,0,0,0,0,0,0,0,0,0,0,0,0,0.0,0.0,0.0
66277,777,0,0,0,0,0,0,0,0,0,0,0,0,0,0,0,0,0,0,0,0,0,0,0,0,0,0,0,0,0,0,0,0,0,0,0,0,0,0,0,0,0,0,0,0,0,0,0,0,0,0,0,0,0,0,0,0,0,0,0,0,0,0,0,0,0,0,0,0,0,0,0,0,0,0,0,0.0,0.0,0.0
66284,777,25,20,5,8,1726,0,0,1,0,3,1,0,8,1,1253,1154,144,120,7,60,30,2,1,0,109,5,280,123,1569,60,16,0,19,10,9,114,74,40,4,81,5,19,129,69,34,27,17,5,2,2,1,0,0,3,0,0,2,0,0,0,0,2,2,41,38,0,0,0,24,0,0,0,0,0,206,0.72,0.72,0.6
66318,777,10,7,3,3,681,1,0,0,0,3,1,0,6,2,351,294,90,66,1,39,21,3,0,0,63,6,88,56,464,50,9,0,13,5,6,44,20,11,3,29,2,2,41,30,8,3,1,1,0,0,1,0,1,0,0,0,0,0,0,0,0,0,0,16,13,0,1,0,9,1,0,0,0,0,67,0.34,0.34,0.11
66360,777,33,31,2,18,2621,11,10,3,0,47,6,13,73,32,796,629,395,296,16,28,15,106,35,49,65,129,271,144,1326,732,150,13,25,11,65,86,179,8,14,91,29,1,14,15,77,23,28,4,0,0,7,0,1,0,0,0,20,0,0,0,0,0,0,31,40,0,3,0,37,11,0,0,0,0,139,11.98,11.98,4.99
66378,777,0,0,0,0,0,0,0,0,0,0,0,0,0,0,0,0,0,0,0,0,0,0,0,0,0,0,0,0,0,0,0,0,0,0,0,0,0,0,0,0,0,0,0,0,0,0,0,0,0,0,0,0,0,0,0,0,0,0,0,0,0,0,0,0,0,0,0,0,0,0,0,0,0,0,0,0.0,0.0,0.0
66494,777,1,1,0,1,45,0,0,0,0,0,0,0,0,0,19,14,8,4,0,0,0,1,0,0,6,1,0,0,33,10,0,0,0,0,2,0,3,0,0,0,1,0,1,0,0,1,0,0,0,0,0,0,0,0,0,0,0,0,0,0,0,0,0,0,0,0,0,0,2,0,0,0,0,0,1,0.0,0.0,0.0
66499,777,0,0,0,0,0,0,0,0,0,0,0,0,0,0,0,0,0,0,0,0,0,0,0,0,0,0,0,0,0,0,0,0,0,0,0,0,0,0,0,0,0,0,0,0,0,0,0,0,0,0,0,0,0,0,0,0,0,0,0,0,0,0,0,0,0,0,0,0,0,0,0,0,0,0,0,0.0,0.0,0.0
66524,777,0,0,0,0,0,0,0,0,0,0,0,0,0,0,0,0,0,0,0,0,0,0,0,0,0,0,0,0,0,0,0,0,0,0,0,0,0,0,0,0,0,0,0,0,0,0,0,0,0,0,0,0,0,0,0,0,0,0,0,0,0,0,0,0,0,0,0,0,0,0,0,0,0,0,0,0.0,0.0,0.0
66538,777,29,17,12,11,1485,0,0,2,0,8,3,0,12,1,490,399,147,108,15,17,9,3,0,0,56,12,153,73,794,182,24,1,68,45,53,125,104,22,7,78,28,12,9,22,16,29,20,9,0,0,0,0,1,3,0,0,4,0,0,0,0,0,0,30,44,0,1,0,18,0,0,0,0,0,189,0.54,0.54,0.71
66560,777,22,12,10,8,1167,0,0,1,0,8,2,0,3,1,532,445,129,95,12,57,27,34,6,25,73,47,85,42,728,111,8,0,29,17,11,65,46,17,8,38,5,3,31,20,13,15,14,1,0,0,0,0,0,0,0,0,0,0,0,0,0,0,0,17,21,0,5,0,25,0,0,0,0,0,119,0.21,0.21,1.06
66570,777,2,0,2,0,7,0,0,0,0,0,0,0,0,0,4,2,0,0,0,0,0,1,1,0,0,0,1,0,9,3,1,0,0,0,1,0,4,0,0,1,1,0,0,0,2,1,0,0,0,0,0,0,0,0,0,0,0,0,0,0,0,0,0,0,1,0,0,0,0,0,0,0,0,0,1,0.0,0.0,0.01
66578,777,0,0,0,0,0,0,0,0,0,0,0,0,0,0,0,0,0,0,0,0,0,0,0,0,0,0,0,0,0,0,0,0,0,0,0,0,0,0,0,0,0,0,0,0,0,0,0,0,0,0,0,0,0,0,0,0,0,0,0,0,0,0,0,0,0,0,0,0,0,0,0,0,0,0,0,0.0,0.0,0.0
66635,777,23,22,1,5,1872,4,3,1,0,11,4,1,17,6,1128,985,162,104,21,96,47,1,0,0,115,19,240,136,1446,92,43,0,58,29,8,155,79,30,11,88,6,14,94,73,29,32,16,9,1,2,1,0,0,4,0,0,2,0,0,0,0,16,16,51,35,0,1,0,31,4,0,0,0,0,197,1.39,1.39,1.25
66644,777,0,0,0,0,0,0,0,0,0,0,0,0,0,0,0,0,0,0,0,0,0,0,0,0,0,0,0,0,0,0,0,0,0,0,0,0,0,0,0,0,0,0,0,0,0,0,0,0,0,0,0,0,0,0,0,0,0,0,0,0,0,0,0,0,0,0,0,0,0,0,0,0,0,0,0,0.0,0.0,0.0
66657,777,23,11,12,9,1037,0,0,1,0,22,1,1,12,3,401,344,195,164,17,8,2,14,4,5,21,42,120,67,629,343,69,2,21,12,41,71,63,9,7,42,23,0,3,6,7,9,17,1,0,0,0,0,0,1,0,0,8,0,0,0,0,0,0,14,20,0,2,0,13,0,0,0,0,0,76,1.47,1.47,2.1
66659,777,33,32,1,5,2802,1,0,1,0,9,1,2,24,9,1304,1057,231,114,10,195,78,11,3,0,186,38,406,267,1782,118,47,3,32,18,16,146,123,36,8,103,12,29,217,88,65,34,10,6,0,0,5,0,0,9,0,0,3,0,0,0,0,8,8,54,46,0,2,0,40,1,0,0,0,0,312,1.62,1.62,0.91
66669,777,0,0,0,0,0,0,0,0,0,0,0,0,0,0,0,0,0,0,0,0,0,0,0,0,0,0,0,0,0,0,0,0,0,0,0,0,0,0,0,0,0,0,0,0,0,0,0,0,0,0,0,0,0,0,0,0,0,0,0,0,0,0,0,0,0,0,0,0,0,0,0,0,0,0,0,0.0,0.0,0.0
66670,777,0,0,0,0,0,0,0,0,0,0,0,0,0,0,0,0,0,0,0,0,0,0,0,0,0,0,0,0,0,0,0,0,0,0,0,0,0,0,0,0,0,0,0,0,0,0,0,0,0,0,0,0,0,0,0,0,0,0,0,0,0,0,0,0,0,0,0,0,0,0,0,0,0,0,0,0.0,0.0,0.0
66692,777,35,26,9,9,2364,1,0,2,1,38,6,0,16,6,848,683,239,179,25,74,25,167,58,45,110,153,351,231,1692,501,47,0,67,39,78,141,152,38,34,115,32,4,67,19,23,18,24,3,0,0,3,1,0,3,0,0,5,0,0,0,0,0,0,73,37,0,4,0,44,1,0,0,0,0,172,0.86,0.86,3.49
66728,777,0,0,0,0,0,0,0,0,0,0,0,0,0,0,0,0,0,0,0,0,0,0,0,0,0,0,0,0,0,0,0,0,0,0,0,0,0,0,0,0,0,0,0,0,0,0,0,0,0,0,0,0,0,0,0,0,0,0,0,0,0,0,0,0,0,0,0,0,0,0,0,0,0,0,0,0.0,0.0,0.0
67178,777,18,16,2,4,1374,2,0,2,0,4,1,2,17,6,1047,936,252,203,8,78,38,2,1,0,139,18,307,176,1249,174,32,3,18,13,8,56,48,15,1,50,4,10,61,29,24,16,7,2,0,0,0,1,0,5,0,0,0,0,0,0,0,23,23,25,25,0,0,0,13,2,0,0,0,0,103,2.25,2.25,0.7
67189,777,0,0,0,0,0,0,0,0,0,0,0,0,0,0,0,0,0,0,0,0,0,0,0,0,0,0,0,0,0,0,0,0,0,0,0,0,0,0,0,0,0,0,0,0,0,0,0,0,0,0,0,0,0,0,0,0,0,0,0,0,0,0,0,0,0,0,0,0,0,0,0,0,0,0,0,0.0,0.0,0.0
67191,777,18,13,5,1,1231,0,0,0,0,5,1,0,5,0,939,844,165,117,5,97,44,2,1,0,133,34,273,172,1109,56,5,3,19,12,4,47,25,12,3,67,2,12,62,12,9,9,2,0,0,1,0,0,0,4,0,0,1,0,0,0,0,39,39,40,26,0,1,0,15,0,0,0,0,1,105,0.15,0.15,0.6
67221,777,0,0,0,0,0,0,0,0,0,0,0,0,0,0,0,0,0,0,0,0,0,0,0,0,0,0,0,0,0,0,0,0,0,0,0,0,0,0,0,0,0,0,0,0,0,0,0,0,0,0,0,0,0,0,0,0,0,0,0,0,0,0,0,0,0,0,0,0,0,0,0,0,0,0,0,0.0,0.0,0.0
67407,777,26,16,10,16,1217,3,0,1,0,22,7,2,26,10,411,313,238,171,13,20,11,80,16,38,17,95,201,119,735,492,115,2,21,10,49,75,96,5,21,35,17,1,8,10,12,15,15,0,0,0,4,0,0,0,0,0,9,0,0,0,0,0,0,9,17,0,0,0,9,3,0,0,0,0,70,1.23,1.23,2.86
67450,777,0,0,0,0,0,0,0,0,0,0,0,0,0,0,0,0,0,0,0,0,0,0,0,0,0,0,0,0,0,0,0,0,0,0,0,0,0,0,0,0,0,0,0,0,0,0,0,0,0,0,0,0,0,0,0,0,0,0,0,0,0,0,0,0,0,0,0,0,0,0,0,0,0,0,0,0.0,0.0,0.0
67510,777,21,14,7,1,1342,1,0,0,0,2,0,2,5,2,757,646,93,57,13,104,48,2,0,0,73,7,143,76,980,42,12,1,30,17,0,65,37,11,7,53,0,15,87,23,14,16,7,5,0,0,1,0,0,2,0,0,1,0,0,0,0,22,20,35,17,0,0,0,23,1,0,0,0,0,144,1.32,1.32,0.15
67546,777,0,0,0,0,0,0,0,0,0,0,0,0,0,0,0,0,0,0,0,0,0,0,0,0,0,0,0,0,0,0,0,0,0,0,0,0,0,0,0,0,0,0,0,0,0,0,0,0,0,0,0,0,0,0,0,0,0,0,0,0,0,0,0,0,0,0,0,0,0,0,0,0,0,0,0,0.0,0.0,0.0
67631,777,0,0,0,0,0,0,0,0,0,0,0,0,0,0,0,0,0,0,0,0,0,0,0,0,0,0,0,0,0,0,0,0,0,0,0,0,0,0,0,0,0,0,0,0,0,0,0,0,0,0,0,0,0,0,0,0,0,0,0,0,0,0,0,0,0,0,0,0,0,0,0,0,0,0,0,0.0,0.0,0.0
67776,777,30,28,2,5,2457,3,0,5,0,27,4,7,25,7,1085,925,434,344,19,52,20,46,6,1,170,72,242,150,1656,528,91,9,66,37,45,147,110,24,9,97,25,6,53,40,20,38,29,5,0,0,0,0,1,11,0,0,7,0,0,0,0,0,0,54,36,0,0,0,20,3,0,0,0,0,148,4.71,4.71,1.53
67784,777,31,22,9,16,1931,7,6,1,0,15,2,12,36,18,275,198,133,82,15,7,4,2,0,0,22,11,88,40,538,271,93,0,9,2,43,112,150,0,4,44,29,6,15,65,74,32,37,6,0,0,8,1,1,1,0,0,6,0,0,0,0,0,0,11,27,0,2,0,30,7,0,0,0,0,74,6.02,6.02,0.67
67849,777,25,17,8,7,1567,1,0,0,0,11,1,0,14,2,1316,1189,355,299,11,61,35,3,1,0,150,23,276,142,1571,306,17,1,42,30,20,105,85,24,10,90,15,6,44,33,28,30,18,6,0,0,0,0,0,4,0,0,13,0,0,0,0,4,3,20,57,0,0,0,18,1,0,0,0,0,206,0.68,0.68,1.12
67910,777,32,32,0,0,2880,0,0,0,0,0,0,0,0,0,941,556,157,38,0,571,193,0,0,0,157,6,144,49,1180,2,1,0,1,1,0,11,1,0,1,225,0,0,26,7,0,0,4,0,0,0,0,0,0,8,11,11,0,0,82,84,33,147,74,47,0,4,4,30,39,0,0,0,79,0,0,0.0,0.0,0.0
67928,777,30,17,13,12,1414,2,1,3,1,32,9,1,13,6,692,583,188,135,21,41,13,81,36,35,74,101,137,77,1022,304,29,1,23,12,15,61,67,12,14,68,5,2,28,10,21,18,21,2,0,0,1,1,0,0,0,0,9,0,0,0,0,0,0,32,27,0,2,0,23,2,0,0,0,0,64,1.66,1.66,4.08
68086,777,0,0,0,0,0,0,0,0,0,0,0,0,0,0,0,0,0,0,0,0,0,0,0,0,0,0,0,0,0,0,0,0,0,0,0,0,0,0,0,0,0,0,0,0,0,0,0,0,0,0,0,0,0,0,0,0,0,0,0,0,0,0,0,0,0,0,0,0,0,0,0,0,0,0,0,0.0,0.0,0.0
68150,777,33,19,14,14,1786,4,3,12,0,60,19,2,55,13,1277,1104,610,480,8,64,31,80,24,55,140,170,475,247,1758,897,148,29,26,18,89,112,132,7,19,91,34,1,7,1,7,17,34,1,0,0,1,0,0,3,0,0,16,0,0,0,0,0,0,28,47,0,0,0,18,4,0,0,0,0,135,4.28,4.28,8.87
68210,777,0,0,0,0,0,0,0,0,0,0,0,0,0,0,0,0,0,0,0,0,0,0,0,0,0,0,0,0,0,0,0,0,0,0,0,0,0,0,0,0,0,0,0,0,0,0,0,0,0,0,0,0,0,0,0,0,0,0,0,0,0,0,0,0,0,0,0,0,0,0,0,0,0,0,0,0.0,0.0,0.0
68219,777,9,0,9,0,89,0,0,0,0,1,0,1,4,1,29,24,16,12,1,0,0,2,0,0,1,3,11,7,46,31,8,0,1,1,2,5,7,0,0,4,1,0,1,4,3,2,0,0,0,0,1,0,0,0,0,0,2,0,0,0,0,0,0,0,2,0,0,0,3,0,0,0,0,0,6,0.44,0.44,0.02
68581,777,0,0,0,0,0,0,0,0,0,0,0,0,0,0,0,0,0,0,0,0,0,0,0,0,0,0,0,0,0,0,0,0,0,0,0,0,0,0,0,0,0,0,0,0,0,0,0,0,0,0,0,0,0,0,0,0,0,0,0,0,0,0,0,0,0,0,0,0,0,0,0,0,0,0,0,0.0,0.0,0.0
68582,777,15,12,3,9,932,0,0,1,0,4,3,0,6,0,492,413,175,137,22,40,10,24,4,1,64,29,156,85,808,253,28,3,19,15,26,61,75,13,15,43,11,4,29,15,16,18,20,5,0,0,1,0,0,2,0,0,3,0,0,0,0,0,0,19,21,0,1,0,13,0,0,0,0,0,65,0.18,0.18,0.84
68583,777,16,5,11,4,490,0,0,2,0,9,2,1,10,2,149,118,68,49,6,4,3,13,3,0,9,12,78,40,255,137,28,2,8,3,12,32,27,2,3,15,4,1,3,3,7,6,8,0,0,0,2,0,0,1,0,0,2,0,0,0,0,0,0,7,6,0,0,0,7,0,0,0,0,0,29,0.81,0.81,0.94
68593,777,27,15,12,12,1231,1,1,4,0,21,5,0,19,5,510,394,235,172,11,45,18,31,11,1,100,57,186,110,815,285,22,6,29,17,47,102,104,8,12,65,33,3,7,6,26,24,47,10,0,0,3,1,0,1,0,0,12,0,0,0,0,1,1,18,35,0,2,0,27,1,0,0,0,0,111,0.91,0.91,2.08
68676,777,23,4,19,4,524,0,0,1,0,9,1,0,10,0,218,167,107,76,4,8,6,20,2,1,23,22,85,44,360,169,21,0,18,14,18,35,42,3,4,26,9,0,12,1,13,7,11,3,0,0,0,0,1,0,0,0,5,0,0,0,0,0,0,8,13,0,1,0,14,0,0,0,0,0,59,0.4,0.4,0.77
68827,777,34,26,8,15,2267,2,2,3,0,27,4,1,12,6,1264,1097,379,308,19,83,41,58,12,0,127,72,312,161,1807,506,48,9,53,24,28,101,87,31,22,122,16,5,39,15,18,20,20,3,1,1,1,1,0,3,0,0,10,0,0,0,0,0,0,63,49,0,2,0,36,2,0,0,0,1,126,1.56,1.56,2.97
68857,777,0,0,0,0,0,0,0,0,0,0,0,0,0,0,0,0,0,0,0,0,0,0,0,0,0,0,0,0,0,0,0,0,0,0,0,0,0,0,0,0,0,0,0,0,0,0,0,0,0,0,0,0,0,0,0,0,0,0,0,0,0,0,0,0,0,0,0,0,0,0,0,0,0,0,0,0.0,0.0,0.0
68987,777,24,14,10,10,1268,1,1,4,0,29,6,7,33,7,473,413,243,204,5,13,13,59,8,0,4,56,289,167,745,480,112,0,15,12,37,55,68,4,9,45,12,0,6,3,13,9,23,2,0,0,2,0,0,1,0,0,9,0,0,0,0,0,0,12,24,0,0,0,20,1,0,0,0,0,71,3.44,3.44,3.68
69070,777,10,5,5,1,515,0,0,0,0,0,0,0,4,0,239,186,31,11,1,31,6,3,0,0,20,15,50,22,347,30,9,0,5,2,2,26,24,16,3,14,2,8,46,19,11,9,1,0,0,0,0,0,0,0,0,0,1,0,0,0,0,20,20,10,3,0,0,0,13,0,0,0,0,0,75,0.31,0.31,0.01
69176,777,32,27,5,10,2344,2,1,3,0,41,7,6,53,23,904,795,394,330,21,33,23,45,11,15,57,63,388,221,1415,690,139,4,38,25,65,128,126,17,20,113,25,3,29,13,19,23,38,2,0,0,12,0,1,4,0,0,10,0,0,0,0,0,0,42,61,0,3,0,33,2,0,0,0,0,198,5.46,5.46,4.74
69274,777,28,19,9,9,1757,2,2,5,1,34,7,3,42,10,802,665,339,258,22,58,36,52,14,33,89,101,272,145,1255,524,51,8,34,21,68,118,127,15,18,87,30,1,12,12,25,21,44,5,0,1,0,0,0,1,0,0,21,0,0,0,0,0,0,22,44,0,1,0,34,2,0,0,0,0,149,3.06,3.06,3.85
69397,777,0,0,0,0,0,0,0,0,0,0,0,0,0,0,0,0,0,0,0,0,0,0,0,0,0,0,0,0,0,0,0,0,0,0,0,0,0,0,0,0,0,0,0,0,0,0,0,0,0,0,0,0,0,0,0,0,0,0,0,0,0,0,0,0,0,0,0,0,0,0,0,0,0,0,0,0.0,0.0,0.0
69595,777,34,29,5,14,2562,1,1,5,0,44,14,0,32,6,1232,977,414,279,23,141,68,89,28,43,226,160,272,148,1700,399,29,21,70,37,41,140,148,27,43,165,27,3,42,24,31,35,31,4,1,1,0,1,0,5,0,0,17,0,0,0,0,0,0,54,94,0,4,0,43,1,0,0,0,0,303,1.52,1.52,7.47
69603,777,0,0,0,0,0,0,0,0,0,0,0,0,0,0,0,0,0,0,0,0,0,0,0,0,0,0,0,0,0,0,0,0,0,0,0,0,0,0,0,0,0,0,0,0,0,0,0,0,0,0,0,0,0,0,0,0,0,0,0,0,0,0,0,0,0,0,0,0,0,0,0,0,0,0,0,0.0,0.0,0.0
69750,777,0,0,0,0,0,0,0,0,0,0,0,0,0,0,0,0,0,0,0,0,0,0,0,0,0,0,0,0,0,0,0,0,0,0,0,0,0,0,0,0,0,0,0,0,0,0,0,0,0,0,0,0,0,0,0,0,0,0,0,0,0,0,0,0,0,0,0,0,0,0,0,0,0,0,0,0.0,0.0,0.0
69766,777,2,0,2,0,25,0,0,0,0,0,0,0,0,0,3,3,1,1,0,0,0,0,0,0,0,0,0,0,10,1,0,0,3,0,0,4,4,0,1,2,0,0,1,0,1,3,1,0,0,0,0,0,0,0,0,0,0,0,0,0,0,0,0,1,1,0,0,0,0,0,0,0,0,0,4,0.0,0.0,0.0
69914,777,26,22,4,15,1707,1,0,2,0,9,0,3,32,8,756,647,221,194,10,42,20,21,3,0,85,47,187,100,1160,355,56,1,32,19,18,104,80,15,8,73,10,5,50,48,29,26,10,5,0,0,4,0,0,4,0,0,5,0,0,0,0,0,0,28,40,0,0,0,8,1,0,0,0,0,102,3.36,3.36,0.76
70143,777,0,0,0,0,0,0,0,0,0,0,0,0,0,0,0,0,0,0,0,0,0,0,0,0,0,0,0,0,0,0,0,0,0,0,0,0,0,0,0,0,0,0,0,0,0,0,0,0,0,0,0,0,0,0,0,0,0,0,0,0,0,0,0,0,0,0,0,0,0,0,0,0,0,0,0,0.0,0.0,0.0
70228,777,0,0,0,0,0,0,0,0,0,0,0,0,0,0,0,0,0,0,0,0,0,0,0,0,0,0,0,0,0,0,0,0,0,0,0,0,0,0,0,0,0,0,0,0,0,0,0,0,0,0,0,0,0,0,0,0,0,0,0,0,0,0,0,0,0,0,0,0,0,0,0,0,0,0,0,0.0,0.0,0.0
70241,777,0,0,0,0,0,0,0,0,0,0,0,0,0,0,0,0,0,0,0,0,0,0,0,0,0,0,0,0,0,0,0,0,0,0,0,0,0,0,0,0,0,0,0,0,0,0,0,0,0,0,0,0,0,0,0,0,0,0,0,0,0,0,0,0,0,0,0,0,0,0,0,0,0,0,0,0.0,0.0,0.0
70249,777,14,11,3,2,1026,2,2,0,0,7,1,0,5,3,399,314,118,79,9,47,13,27,8,0,56,35,69,29,637,154,15,0,20,12,5,34,36,4,15,27,2,3,29,7,5,12,5,2,0,0,1,0,0,3,0,0,1,0,0,0,0,0,0,18,8,0,2,0,18,2,0,0,0,0,57,1.34,1.34,0.45
70287,777,0,0,0,0,0,0,0,0,0,0,0,0,0,0,0,0,0,0,0,0,0,0,0,0,0,0,0,0,0,0,0,0,0,0,0,0,0,0,0,0,0,0,0,0,0,0,0,0,0,0,0,0,0,0,0,0,0,0,0,0,0,0,0,0,0,0,0,0,0,0,0,0,0,0,0,0.0,0.0,0.0
71432,777,17,12,5,5,976,0,0,2,1,12,2,1,10,2,590,533,205,182,10,20,7,22,6,7,47,20,169,99,875,327,27,1,35,22,32,81,63,13,6,49,12,1,18,14,9,17,10,2,0,0,0,0,0,4,0,0,5,0,0,0,0,0,0,24,20,0,1,0,8,0,0,0,0,0,67,0.53,0.53,2.01
71590,777,0,0,0,0,0,0,0,0,0,0,0,0,0,0,0,0,0,0,0,0,0,0,0,0,0,0,0,0,0,0,0,0,0,0,0,0,0,0,0,0,0,0,0,0,0,0,0,0,0,0,0,0,0,0,0,0,0,0,0,0,0,0,0,0,0,0,0,0,0,0,0,0,0,0,0,0.0,0.0,0.0
71623,777,35,31,4,15,2543,0,0,2,0,32,6,1,37,8,1563,1319,512,374,31,150,71,96,20,49,259,144,390,173,2030,487,25,3,35,26,29,107,88,31,23,147,17,7,37,13,13,24,42,4,0,0,1,0,0,5,0,0,15,0,0,0,0,0,0,45,87,0,3,0,38,0,0,0,0,0,257,1.75,1.75,2.87
71744,777,6,6,0,0,540,0,0,0,0,1,1,0,0,0,177,107,38,13,0,100,31,0,0,0,38,2,26,12,225,0,0,0,0,0,0,5,1,0,1,39,0,0,7,1,0,0,3,0,0,0,0,0,0,0,2,2,0,0,15,15,6,16,9,9,0,0,0,4,11,0,0,0,13,0,0,0.0,0.0,0.05
71923,777,31,31,0,0,2790,0,0,0,0,1,0,0,0,0,1071,718,175,32,1,503,157,0,0,0,175,13,156,57,1365,0,0,0,1,1,0,16,2,0,1,247,0,0,37,12,1,0,3,1,0,0,0,0,0,7,27,27,0,0,131,135,22,130,77,53,1,2,2,21,50,0,0,0,83,0,0,0.0,0.0,0.04
71986,777,0,0,0,0,0,0,0,0,0,0,0,0,0,0,0,0,0,0,0,0,0,0,0,0,0,0,0,0,0,0,0,0,0,0,0,0,0,0,0,0,0,0,0,0,0,0,0,0,0,0,0,0,0,0,0,0,0,0,0,0,0,0,0,0,0,0,0,0,0,0,0,0,0,0,0,0.0,0.0,0.0
72239,777,26,23,3,9,1908,2,2,3,0,20,4,2,18,6,881,733,244,186,18,74,40,16,3,0,105,32,212,108,1434,360,52,3,66,42,33,140,144,25,35,103,22,7,71,44,46,30,22,8,0,0,2,0,0,5,0,0,10,0,0,0,0,0,0,49,44,0,1,0,26,2,0,0,0,0,269,1.92,1.92,1.86
72265,777,21,9,12,8,916,1,1,2,0,5,2,3,11,6,187,154,79,61,12,2,1,11,0,0,18,13,86,49,412,165,40,0,24,13,53,69,86,5,5,43,28,3,10,11,13,15,20,0,0,0,1,0,0,1,0,0,3,0,0,0,0,0,0,18,22,0,1,0,15,1,0,0,0,0,83,1.56,1.56,0.85
72371,777,35,31,4,17,2674,15,12,5,0,29,6,12,73,28,693,522,287,196,11,22,11,18,1,0,72,55,284,135,1246,557,145,14,27,18,93,196,210,7,4,72,55,5,27,74,80,38,56,5,0,0,16,0,3,3,0,0,16,0,0,0,0,0,0,20,36,0,2,0,36,15,0,0,0,0,138,14.91,14.91,1.96
72455,777,0,0,0,0,0,0,0,0,0,0,0,0,0,0,0,0,0,0,0,0,0,0,0,0,0,0,0,0,0,0,0,0,0,0,0,0,0,0,0,0,0,0,0,0,0,0,0,0,0,0,0,0,0,0,0,0,0,0,0,0,0,0,0,0,0,0,0,0,0,0,0,0,0,0,0,0.0,0.0,0.0
72541,777,0,0,0,0,0,0,0,0,0,0,0,0,0,0,0,0,0,0,0,0,0,0,0,0,0,0,0,0,0,0,0,0,0,0,0,0,0,0,0,0,0,0,0,0,0,0,0,0,0,0,0,0,0,0,0,0,0,0,0,0,0,0,0,0,0,0,0,0,0,0,0,0,0,0,0,0.0,0.0,0.0
73894,777,0,0,0,0,0,0,0,0,0,0,0,0,0,0,0,0,0,0,0,0,0,0,0,0,0,0,0,0,0,0,0,0,0,0,0,0,0,0,0,0,0,0,0,0,0,0,0,0,0,0,0,0,0,0,0,0,0,0,0,0,0,0,0,0,0,0,0,0,0,0,0,0,0,0,0,0.0,0.0,0.0
74585,777,7,3,4,2,240,0,0,0,0,0,0,0,1,1,84,64,23,13,3,13,4,6,0,0,19,7,12,5,148,25,1,0,10,4,5,20,13,2,4,14,1,2,17,7,2,2,2,0,0,0,1,0,0,1,0,0,1,0,0,0,0,0,0,6,7,0,0,0,2,0,0,0,0,0,31,0.03,0.03,0.04
74608,777,0,0,0,0,0,0,0,0,0,0,0,0,0,0,0,0,0,0,0,0,0,0,0,0,0,0,0,0,0,0,0,0,0,0,0,0,0,0,0,0,0,0,0,0,0,0,0,0,0,0,0,0,0,0,0,0,0,0,0,0,0,0,0,0,0,0,0,0,0,0,0,0,0,0,0,0.0,0.0,0.0
74761,777,29,27,2,8,2455,9,4,5,2,45,7,4,42,23,1451,1250,565,446,23,134,81,82,21,44,216,164,430,213,2034,651,55,21,62,43,76,168,165,15,26,135,46,3,36,13,22,45,75,6,0,0,2,0,2,6,0,0,18,0,0,0,0,0,0,54,63,0,4,0,37,7,0,2,0,0,251,5.59,4.03,4.96
74960,777,35,27,8,21,2350,3,1,1,0,10,0,1,23,8,788,657,228,163,34,47,25,7,1,0,106,15,226,115,1154,250,40,1,51,25,47,122,124,18,21,100,31,21,24,26,31,28,30,1,1,1,1,1,0,1,0,0,7,0,0,0,0,0,0,46,47,0,5,0,50,3,0,0,0,0,214,2.5,2.5,0.41
74964,777,29,14,15,12,1270,2,2,1,0,13,1,1,23,9,342,257,143,98,13,22,13,34,10,1,21,41,97,58,578,275,29,1,18,9,31,54,82,2,14,38,17,1,10,14,25,13,16,2,0,0,1,0,0,0,0,0,6,0,0,0,0,0,0,15,17,0,3,0,24,2,0,0,0,0,69,1.27,1.27,0.91
74965,777,38,38,0,2,3380,1,1,5,0,32,4,1,16,6,1560,1302,464,368,33,120,38,143,34,1,172,136,438,279,2597,702,53,0,103,52,64,212,187,48,30,188,24,10,143,44,54,39,32,5,0,0,0,0,0,11,0,0,8,0,0,0,0,0,0,105,75,0,6,0,51,1,0,0,0,0,301,1.35,1.35,3.07
74976,777,37,34,3,15,2859,3,3,1,0,27,4,2,44,13,1393,1182,376,265,31,129,53,88,14,56,189,121,439,218,2006,480,49,10,60,38,49,185,148,36,24,195,26,15,81,37,31,45,60,5,0,0,1,1,0,6,0,0,13,0,0,0,0,0,0,83,99,0,5,0,41,3,0,0,0,0,386,3.8,3.8,2.94
75203,777,0,0,0,0,0,0,0,0,0,0,0,0,0,0,0,0,0,0,0,0,0,0,0,0,0,0,0,0,0,0,0,0,0,0,0,0,0,0,0,0,0,0,0,0,0,0,0,0,0,0,0,0,0,0,0,0,0,0,0,0,0,0,0,0,0,0,0,0,0,0,0,0,0,0,0,0.0,0.0,0.0
75249,777,0,0,0,0,0,0,0,0,0,0,0,0,0,0,0,0,0,0,0,0,0,0,0,0,0,0,0,0,0,0,0,0,0,0,0,0,0,0,0,0,0,0,0,0,0,0,0,0,0,0,0,0,0,0,0,0,0,0,0,0,0,0,0,0,0,0,0,0,0,0,0,0,0,0,0,0.0,0.0,0.0
75381,777,0,0,0,0,0,0,0,0,0,0,0,0,0,0,0,0,0,0,0,0,0,0,0,0,0,0,0,0,0,0,0,0,0,0,0,0,0,0,0,0,0,0,0,0,0,0,0,0,0,0,0,0,0,0,0,0,0,0,0,0,0,0,0,0,0,0,0,0,0,0,0,0,0,0,0,0.0,0.0,0.0
75382,777,33,27,6,18,2388,5,4,3,0,60,5,8,51,18,1421,1201,730,585,29,69,40,32,5,20,130,117,354,152,1875,941,161,12,34,26,71,99,149,11,18,115,36,2,13,7,40,22,19,1,0,0,2,0,0,2,0,0,21,0,0,0,0,0,0,25,69,0,2,0,32,5,0,0,0,0,176,6.83,6.83,5.14
75543,777,32,31,1,9,2637,0,0,0,0,21,4,0,18,3,957,730,261,169,28,105,30,91,24,3,155,86,302,203,1730,446,51,1,65,44,61,178,154,27,30,112,26,7,83,18,32,31,56,4,1,1,3,0,0,3,0,0,9,0,0,0,0,0,0,69,34,0,5,0,45,0,0,0,0,1,184,1.1,1.1,2.89
75582,777,35,35,0,2,3043,4,0,1,0,6,1,1,16,6,1770,1601,159,111,21,152,68,3,0,0,120,6,367,198,2146,96,33,0,39,19,9,119,100,22,11,122,5,22,131,47,54,28,22,9,0,1,2,1,0,8,0,0,0,0,0,0,0,118,106,68,54,0,1,0,47,4,0,0,0,0,212,2.82,2.82,0.38
75692,777,35,35,0,0,3150,0,0,0,0,5,1,0,0,0,1321,841,322,86,0,678,203,0,0,0,324,39,240,97,1688,0,0,0,0,0,0,35,2,0,2,334,0,0,37,24,0,0,14,4,0,0,0,0,0,10,9,9,0,0,137,143,50,163,52,67,1,3,2,45,46,0,0,0,109,0,0,0.0,0.0,0.1
75709,777,38,38,0,0,3420,0,0,0,0,1,0,0,0,0,1549,1178,223,50,0,563,197,0,0,0,223,27,183,82,1869,0,0,0,1,1,0,16,5,0,2,331,0,0,32,11,1,2,3,3,0,0,0,1,0,10,22,20,0,0,133,135,24,103,59,84,0,6,5,24,46,0,0,0,106,1,0,0.0,0.0,0.06
75735,777,29,21,8,15,1776,11,8,0,0,10,0,10,53,21,277,180,123,66,8,17,10,6,1,0,42,17,57,26,589,248,71,3,17,10,24,114,160,7,5,33,17,5,37,68,84,50,26,5,0,0,3,0,0,0,0,0,3,0,0,0,0,0,0,7,23,0,4,0,35,9,0,2,0,0,99,7.94,6.38,0.41
75883,777,6,0,6,0,37,0,0,0,0,1,0,0,0,0,27,23,6,3,0,1,1,3,1,2,3,2,9,3,42,12,1,0,1,1,4,1,7,0,0,4,2,0,0,0,3,0,0,0,0,0,0,0,0,0,0,0,1,0,0,0,0,0,0,2,1,0,0,0,2,0,0,0,0,0,5,0.0,0.0,0.0
75989,777,5,3,2,0,378,0,0,0,0,0,0,0,0,0,171,130,20,5,0,57,18,0,0,0,20,0,31,12,212,0,0,0,0,0,1,3,1,1,0,34,1,0,2,2,0,0,0,0,0,0,0,0,0,0,5,5,0,0,23,23,4,15,5,3,0,0,0,4,5,0,0,0,8,0,0,0.0,0.0,0.0
76090,777,36,36,0,1,3211,3,1,3,0,13,2,3,23,10,2521,2198,499,333,25,282,133,23,10,0,383,51,919,598,3041,214,50,1,53,30,8,209,133,47,21,113,6,28,189,114,80,27,43,9,0,0,4,1,0,9,0,0,3,0,0,0,0,11,11,49,61,0,5,0,44,3,0,0,0,1,317,3.31,3.31,1.57
76104,777,35,35,0,1,3087,1,0,2,0,7,3,2,24,7,1656,1460,176,92,25,171,84,5,2,0,120,11,412,215,2224,115,74,1,60,38,10,204,129,45,11,94,6,18,252,119,75,34,19,4,0,1,0,2,0,11,0,0,1,0,0,0,0,2,2,61,32,0,4,0,45,1,0,0,0,0,370,2.45,2.45,0.83
76204,777,34,32,2,4,2865,1,1,5,0,28,6,0,7,2,2157,1922,704,600,34,118,61,66,16,1,237,78,514,264,2886,787,40,5,57,40,47,157,110,30,21,169,18,8,100,42,27,17,30,5,0,0,4,1,1,12,0,0,8,0,0,0,0,0,0,87,74,0,1,0,28,1,0,0,0,0,195,0.34,0.34,2.23
76216,777,21,8,13,8,699,3,3,3,0,12,3,2,30,9,162,141,78,64,5,1,1,11,0,8,8,15,69,43,322,178,53,4,13,7,27,46,46,2,4,20,15,2,2,3,6,10,21,3,0,0,6,0,0,0,0,0,5,0,0,0,0,0,0,2,13,0,1,0,5,3,0,0,0,0,39,2.78,2.78,0.77
76296,777,0,0,0,0,0,0,0,0,0,0,0,0,0,0,0,0,0,0,0,0,0,0,0,0,0,0,0,0,0,0,0,0,0,0,0,0,0,0,0,0,0,0,0,0,0,0,0,0,0,0,0,0,0,0,0,0,0,0,0,0,0,0,0,0,0,0,0,0,0,0,0,0,0,0,0,0.0,0.0,0.0
76310,777,13,9,4,3,873,1,1,1,0,3,1,0,14,6,169,107,84,47,10,12,6,14,3,0,29,9,38,27,342,129,37,0,21,12,15,65,77,7,9,20,11,2,30,30,34,19,10,2,0,0,4,0,0,0,0,0,5,0,0,0,0,0,0,2,13,0,0,0,19,1,0,0,0,0,80,1.64,1.64,0.38
76353,777,29,29,0,7,2403,4,3,3,0,27,8,1,27,13,824,653,274,191,29,70,26,63,14,0,92,76,144,74,1412,422,75,1,74,48,20,138,128,26,21,97,7,1,97,44,54,35,18,7,0,0,8,0,0,10,0,0,6,0,0,0,0,0,0,52,39,0,4,0,33,4,0,0,0,0,196,2.45,2.45,3.94
76426,777,7,3,4,2,355,0,0,0,0,2,0,0,0,0,100,83,25,21,1,10,5,2,0,0,10,2,34,19,163,28,5,0,12,7,2,18,18,3,2,15,0,3,9,2,9,5,2,0,0,0,0,0,0,0,0,0,1,0,0,0,0,1,1,8,6,0,0,0,5,0,0,0,0,0,27,0.0,0.0,0.41
76614,777,31,13,18,10,1342,4,3,1,0,30,5,4,35,8,359,278,157,112,9,25,13,93,29,49,34,102,249,143,787,414,68,0,19,11,78,97,141,6,10,72,38,2,12,16,35,19,23,1,0,0,3,1,0,0,0,0,10,0,0,0,0,0,0,27,35,0,3,0,23,4,0,0,0,0,111,2.47,2.47,2.43
77990,777,0,0,0,0,0,0,0,0,0,0,0,0,0,0,0,0,0,0,0,0,0,0,0,0,0,0,0,0,0,0,0,0,0,0,0,0,0,0,0,0,0,0,0,0,0,0,0,0,0,0,0,0,0,0,0,0,0,0,0,0,0,0,0,0,0,0,0,0,0,0,0,0,0,0,0,0.0,0.0,0.0
78211,777,0,0,0,0,0,0,0,0,0,0,0,0,0,0,0,0,0,0,0,0,0,0,0,0,0,0,0,0,0,0,0,0,0,0,0,0,0,0,0,0,0,0,0,0,0,0,0,0,0,0,0,0,0,0,0,0,0,0,0,0,0,0,0,0,0,0,0,0,0,0,0,0,0,0,0,0.0,0.0,0.0
81542,777,28,21,7,15,1810,11,9,4,0,21,3,11,65,19,400,307,225,162,9,5,3,8,1,0,17,25,176,93,745,455,136,2,11,7,60,92,147,3,3,42,26,2,27,31,51,35,12,0,0,0,10,0,0,2,0,0,14,0,0,0,0,0,0,4,24,0,3,0,25,11,0,0,0,0,85,10.1,10.1,2.45
92626,777,0,0,0,0,0,0,0,0,0,0,0,0,0,0,0,0,0,0,0,0,0,0,0,0,0,0,0,0,0,0,0,0,0,0,0,0,0,0,0,0,0,0,0,0,0,0,0,0,0,0,0,0,0,0,0,0,0,0,0,0,0,0,0,0,0,0,0,0,0,0,0,0,0,0,0,0.0,0.0,0.0
92629,777,0,0,0,0,0,0,0,0,0,0,0,0,0,0,0,0,0,0,0,0,0,0,0,0,0,0,0,0,0,0,0,0,0,0,0,0,0,0,0,0,0,0,0,0,0,0,0,0,0,0,0,0,0,0,0,0,0,0,0,0,0,0,0,0,0,0,0,0,0,0,0,0,0,0,0,0.0,0.0,0.0
92635,777,19,17,2,4,1427,0,0,0,0,6,0,1,5,2,816,701,110,67,1,97,40,11,3,0,83,23,177,90,1057,61,9,0,23,13,7,68,42,14,4,53,5,12,95,24,20,11,11,2,0,1,0,0,0,1,0,0,0,0,0,0,0,3,3,36,17,0,1,0,33,0,0,0,0,0,143,0.53,0.53,0.29
92706,777,0,0,0,0,0,0,0,0,0,0,0,0,0,0,0,0,0,0,0,0,0,0,0,0,0,0,0,0,0,0,0,0,0,0,0,0,0,0,0,0,0,0,0,0,0,0,0,0,0,0,0,0,0,0,0,0,0,0,0,0,0,0,0,0,0,0,0,0,0,0,0,0,0,0,0,0.0,0.0,0.0
92734,777,0,0,0,0,0,0,0,0,0,0,0,0,0,0,0,0,0,0,0,0,0,0,0,0,0,0,0,0,0,0,0,0,0,0,0,0,0,0,0,0,0,0,0,0,0,0,0,0,0,0,0,0,0,0,0,0,0,0,0,0,0,0,0,0,0,0,0,0,0,0,0,0,0,0,0,0.0,0.0,0.0
98258,777,0,0,0,0,0,0,0,0,0,0,0,0,0,0,0,0,0,0,0,0,0,0,0,0,0,0,0,0,0,0,0,0,0,0,0,0,0,0,0,0,0,0,0,0,0,0,0,0,0,0,0,0,0,0,0,0,0,0,0,0,0,0,0,0,0,0,0,0,0,0,0,0,0,0,0,0.0,0.0,0.0
98281,777,0,0,0,0,0,0,0,0,0,0,0,0,0,0,0,0,0,0,0,0,0,0,0,0,0,0,0,0,0,0,0,0,0,0,0,0,0,0,0,0,0,0,0,0,0,0,0,0,0,0,0,0,0,0,0,0,0,0,0,0,0,0,0,0,0,0,0,0,0,0,0,0,0,0,0,0.0,0.0,0.0
98288,777,0,0,0,0,0,0,0,0,0,0,0,0,0,0,0,0,0,0,0,0,0,0,0,0,0,0,0,0,0,0,0,0,0,0,0,0,0,0,0,0,0,0,0,0,0,0,0,0,0,0,0,0,0,0,0,0,0,0,0,0,0,0,0,0,0,0,0,0,0,0,0,0,0,0,0,0.0,0.0,0.0
98300,777,31,17,14,9,1684,1,1,5,1,33,8,2,25,11,538,447,242,190,25,27,12,135,28,45,35,134,304,165,1008,575,84,3,22,12,67,91,132,12,19,87,29,0,8,5,24,23,24,1,0,0,8,0,1,3,0,0,14,0,0,0,0,0,0,38,35,0,2,0,24,1,0,0,0,0,129,2.01,2.01,3.87
98301,777,0,0,0,0,0,0,0,0,0,0,0,0,0,0,0,0,0,0,0,0,0,0,0,0,0,0,0,0,0,0,0,0,0,0,0,0,0,0,0,0,0,0,0,0,0,0,0,0,0,0,0,0,0,0,0,0,0,0,0,0,0,0,0,0,0,0,0,0,0,0,0,0,0,0,0,0.0,0.0,0.0
98302,777,0,0,0,0,0,0,0,0,0,0,0,0,0,0,0,0,0,0,0,0,0,0,0,0,0,0,0,0,0,0,0,0,0,0,0,0,0,0,0,0,0,0,0,0,0,0,0,0,0,0,0,0,0,0,0,0,0,0,0,0,0,0,0,0,0,0,0,0,0,0,0,0,0,0,0,0.0,0.0,0.0
98315,777,0,0,0,0,0,0,0,0,0,0,0,0,0,0,0,0,0,0,0,0,0,0,0,0,0,0,0,0,0,0,0,0,0,0,0,0,0,0,0,0,0,0,0,0,0,0,0,0,0,0,0,0,0,0,0,0,0,0,0,0,0,0,0,0,0,0,0,0,0,0,0,0,0,0,0,0.0,0.0,0.0
99281,777,11,4,7,1,402,0,0,1,0,7,2,0,3,0,285,241,113,82,3,16,9,2,0,0,32,14,74,41,387,128,25,4,5,3,10,17,20,7,4,15,8,1,6,1,1,5,9,2,0,0,0,0,0,0,0,0,5,0,0,0,0,0,0,4,6,0,0,0,7,0,0,0,0,0,19,0.19,0.19,1.39
99282,777,12,4,8,4,377,0,0,0,0,1,1,0,3,0,284,263,70,63,5,14,12,1,0,0,29,5,59,18,347,68,3,2,8,7,8,22,16,5,0,20,6,0,4,3,1,8,8,0,0,0,0,0,0,0,0,0,0,0,0,0,0,0,0,8,12,0,1,0,10,0,0,0,0,0,37,0.21,0.21,0.55
104260,777,0,0,0,0,0,0,0,0,0,0,0,0,0,0,0,0,0,0,0,0,0,0,0,0,0,0,0,0,0,0,0,0,0,0,0,0,0,0,0,0,0,0,0,0,0,0,0,0,0,0,0,0,0,0,0,0,0,0,0,0,0,0,0,0,0,0,0,0,0,0,0,0,0,0,0,0.0,0.0,0.0
107809,777,0,0,0,0,0,0,0,0,0,0,0,0,0,0,0,0,0,0,0,0,0,0,0,0,0,0,0,0,0,0,0,0,0,0,0,0,0,0,0,0,0,0,0,0,0,0,0,0,0,0,0,0,0,0,0,0,0,0,0,0,0,0,0,0,0,0,0,0,0,0,0,0,0,0,0,0.0,0.0,0.0
107812,777,0,0,0,0,0,0,0,0,0,0,0,0,0,0,0,0,0,0,0,0,0,0,0,0,0,0,0,0,0,0,0,0,0,0,0,0,0,0,0,0,0,0,0,0,0,0,0,0,0,0,0,0,0,0,0,0,0,0,0,0,0,0,0,0,0,0,0,0,0,0,0,0,0,0,0,0.0,0.0,0.0
107819,777,0,0,0,0,0,0,0,0,0,0,0,0,0,0,0,0,0,0,0,0,0,0,0,0,0,0,0,0,0,0,0,0,0,0,0,0,0,0,0,0,0,0,0,0,0,0,0,0,0,0,0,0,0,0,0,0,0,0,0,0,0,0,0,0,0,0,0,0,0,0,0,0,0,0,0,0.0,0.0,0.0
107820,777,0,0,0,0,0,0,0,0,0,0,0,0,0,0,0,0,0,0,0,0,0,0,0,0,0,0,0,0,0,0,0,0,0,0,0,0,0,0,0,0,0,0,0,0,0,0,0,0,0,0,0,0,0,0,0,0,0,0,0,0,0,0,0,0,0,0,0,0,0,0,0,0,0,0,0,0.0,0.0,0.0
107822,777,0,0,0,0,0,0,0,0,0,0,0,0,0,0,0,0,0,0,0,0,0,0,0,0,0,0,0,0,0,0,0,0,0,0,0,0,0,0,0,0,0,0,0,0,0,0,0,0,0,0,0,0,0,0,0,0,0,0,0,0,0,0,0,0,0,0,0,0,0,0,0,0,0,0,0,0.0,0.0,0.0
107823,777,0,0,0,0,0,0,0,0,0,0,0,0,0,0,0,0,0,0,0,0,0,0,0,0,0,0,0,0,0,0,0,0,0,0,0,0,0,0,0,0,0,0,0,0,0,0,0,0,0,0,0,0,0,0,0,0,0,0,0,0,0,0,0,0,0,0,0,0,0,0,0,0,0,0,0,0.0,0.0,0.0
107844,777,0,0,0,0,0,0,0,0,0,0,0,0,0,0,0,0,0,0,0,0,0,0,0,0,0,0,0,0,0,0,0,0,0,0,0,0,0,0,0,0,0,0,0,0,0,0,0,0,0,0,0,0,0,0,0,0,0,0,0,0,0,0,0,0,0,0,0,0,0,0,0,0,0,0,0,0.0,0.0,0.0
107846,777,28,11,17,7,1047,0,0,0,0,2,0,0,0,0,505,453,111,94,7,19,7,2,1,0,38,5,111,46,668,108,7,0,26,18,15,57,52,5,5,43,10,6,23,9,15,17,20,5,0,0,0,0,0,1,0,0,3,0,0,0,0,0,0,24,16,0,0,0,17,0,0,0,0,0,60,0.0,0.0,0.2
107887,777,0,0,0,0,0,0,0,0,0,0,0,0,0,0,0,0,0,0,0,0,0,0,0,0,0,0,0,0,0,0,0,0,0,0,0,0,0,0,0,0,0,0,0,0,0,0,0,0,0,0,0,0,0,0,0,0,0,0,0,0,0,0,0,0,0,0,0,0,0,0,0,0,0,0,0,0.0,0.0,0.0
107891,777,0,0,0,0,0,0,0,0,0,0,0,0,0,0,0,0,0,0,0,0,0,0,0,0,0,0,0,0,0,0,0,0,0,0,0,0,0,0,0,0,0,0,0,0,0,0,0,0,0,0,0,0,0,0,0,0,0,0,0,0,0,0,0,0,0,0,0,0,0,0,0,0,0,0,0,0.0,0.0,0.0
107895,777,0,0,0,0,0,0,0,0,0,0,0,0,0,0,0,0,0,0,0,0,0,0,0,0,0,0,0,0,0,0,0,0,0,0,0,0,0,0,0,0,0,0,0,0,0,0,0,0,0,0,0,0,0,0,0,0,0,0,0,0,0,0,0,0,0,0,0,0,0,0,0,0,0,0,0,0.0,0.0,0.0
108096,777,25,21,4,10,1764,2,1,0,0,7,0,4,19,7,849,742,192,139,12,65,42,0,0,0,98,28,185,75,1149,178,25,3,48,30,16,122,69,25,11,72,10,17,59,45,23,20,25,3,0,0,0,0,0,3,0,0,5,0,0,0,0,0,0,28,39,0,0,0,26,2,0,0,0,0,219,1.68,1.68,0.69
108314,777,0,0,0,0,0,0,0,0,0,0,0,0,0,0,0,0,0,0,0,0,0,0,0,0,0,0,0,0,0,0,0,0,0,0,0,0,0,0,0,0,0,0,0,0,0,0,0,0,0,0,0,0,0,0,0,0,0,0,0,0,0,0,0,0,0,0,0,0,0,0,0,0,0,0,0,0.0,0.0,0.0
108319,777,1,0,1,0,14,0,0,0,0,0,0,0,0,0,5,4,2,1,0,0,0,0,0,0,0,0,1,0,11,4,1,0,0,0,2,2,3,1,0,1,1,0,0,2,1,0,0,0,0,0,0,0,0,0,0,0,1,0,0,0,0,0,0,0,0,0,0,0,0,0,0,0,0,0,2,0.0,0.0,0.01
108612,777,6,0,6,0,88,0,0,1,0,1,1,0,0,0,36,28,15,10,0,2,1,0,0,0,9,2,11,4,55,11,2,0,2,0,2,8,8,0,2,5,0,0,3,1,1,3,3,0,0,0,0,0,0,0,0,0,0,0,0,0,0,0,0,1,4,0,1,0,2,0,0,0,0,0,10,0.0,0.0,0.36
108628,777,2,2,0,0,180,0,0,0,0,0,0,0,2,0,115,104,21,17,2,13,6,2,0,0,16,2,29,14,145,10,2,0,1,0,0,7,3,1,0,8,0,2,11,4,3,0,1,0,0,0,0,0,0,0,0,0,0,0,0,0,0,2,2,5,3,0,0,0,8,0,0,0,0,0,15,0.1,0.1,0.03
108816,777,28,25,3,9,2080,2,2,2,0,12,2,1,16,5,956,830,233,180,24,68,38,8,0,0,133,22,209,90,1294,189,18,3,59,30,27,111,119,25,24,114,15,19,50,24,27,42,18,5,0,0,0,2,0,7,0,0,6,0,0,0,0,1,1,48,60,0,3,0,26,2,0,0,0,0,267,1.16,1.16,1.8
108851,777,0,0,0,0,0,0,0,0,0,0,0,0,0,0,0,0,0,0,0,0,0,0,0,0,0,0,0,0,0,0,0,0,0,0,0,0,0,0,0,0,0,0,0,0,0,0,0,0,0,0,0,0,0,0,0,0,0,0,0,0,0,0,0,0,0,0,0,0,0,0,0,0,0,0,0,0.0,0.0,0.0
108877,777,28,27,1,5,2361,2,1,1,0,9,2,3,21,10,1317,1087,263,148,15,208,88,17,4,0,187,62,272,148,1670,163,47,1,32,21,10,104,103,32,13,79,8,15,117,64,49,33,7,3,1,1,0,0,0,3,0,0,1,0,0,0,0,19,18,53,25,0,2,0,45,2,0,0,0,1,197,2.23,2.23,1.49
108922,777,30,24,6,5,2179,1,0,1,0,25,5,1,25,6,1261,1075,411,324,21,112,47,102,20,41,189,121,335,195,2021,541,50,3,54,31,69,158,133,28,16,134,38,14,77,26,32,17,41,4,0,0,0,0,0,3,0,0,12,0,0,0,0,0,0,59,63,0,5,0,39,1,0,0,0,0,173,1.01,1.01,2.78
108926,777,0,0,0,0,0,0,0,0,0,0,0,0,0,0,0,0,0,0,0,0,0,0,0,0,0,0,0,0,0,0,0,0,0,0,0,0,0,0,0,0,0,0,0,0,0,0,0,0,0,0,0,0,0,0,0,0,0,0,0,0,0,0,0,0,0,0,0,0,0,0,0,0,0,0,0,0.0,0.0,0.0
108928,777,0,0,0,0,0,0,0,0,0,0,0,0,0,0,0,0,0,0,0,0,0,0,0,0,0,0,0,0,0,0,0,0,0,0,0,0,0,0,0,0,0,0,0,0,0,0,0,0,0,0,0,0,0,0,0,0,0,0,0,0,0,0,0,0,0,0,0,0,0,0,0,0,0,0,0,0.0,0.0,0.0
108936,777,28,16,12,2,1653,1,1,2,0,22,1,0,13,3,1047,934,266,229,13,39,22,13,4,1,94,23,257,140,1353,303,28,3,36,20,47,92,94,20,11,95,31,10,25,15,24,13,22,2,0,0,1,0,0,6,0,0,8,0,0,0,0,0,0,34,53,0,3,0,22,1,0,0,0,0,187,0.48,0.48,1.27
108947,777,22,9,13,8,960,3,3,0,0,3,0,2,20,6,263,190,113,74,11,12,2,24,3,0,15,26,104,54,481,226,50,0,23,18,25,45,59,9,10,33,7,2,13,6,18,6,8,0,0,0,3,0,0,0,0,0,5,0,0,0,0,0,0,14,14,0,2,0,18,3,0,0,0,0,45,2.13,2.13,0.39
108956,777,0,0,0,0,0,0,0,0,0,0,0,0,0,0,0,0,0,0,0,0,0,0,0,0,0,0,0,0,0,0,0,0,0,0,0,0,0,0,0,0,0,0,0,0,0,0,0,0,0,0,0,0,0,0,0,0,0,0,0,0,0,0,0,0,0,0,0,0,0,0,0,0,0,0,0,0.0,0.0,0.0
109117,777,34,26,8,22,2091,2,1,2,1,48,15,5,45,11,831,620,367,231,28,73,38,79,16,41,103,145,206,109,1259,523,84,19,36,20,60,100,157,9,33,101,34,1,21,22,39,30,24,4,0,0,10,0,0,1,0,0,19,0,0,0,0,0,0,32,50,0,3,0,28,2,0,0,0,0,167,4.53,4.53,6.12
109137,777,0,0,0,0,0,0,0,0,0,0,0,0,0,0,0,0,0,0,0,0,0,0,0,0,0,0,0,0,0,0,0,0,0,0,0,0,0,0,0,0,0,0,0,0,0,0,0,0,0,0,0,0,0,0,0,0,0,0,0,0,0,0,0,0,0,0,0,0,0,0,0,0,0,0,0,0.0,0.0,0.0
109138,777,0,0,0,0,0,0,0,0,0,0,0,0,0,0,0,0,0,0,0,0,0,0,0,0,0,0,0,0,0,0,0,0,0,0,0,0,0,0,0,0,0,0,0,0,0,0,0,0,0,0,0,0,0,0,0,0,0,0,0,0,0,0,0,0,0,0,0,0,0,0,0,0,0,0,0,0.0,0.0,0.0
109478,777,0,0,0,0,0,0,0,0,0,0,0,0,0,0,0,0,0,0,0,0,0,0,0,0,0,0,0,0,0,0,0,0,0,0,0,0,0,0,0,0,0,0,0,0,0,0,0,0,0,0,0,0,0,0,0,0,0,0,0,0,0,0,0,0,0,0,0,0,0,0,0,0,0,0,0,0.0,0.0,0.0
109707,777,0,0,0,0,0,0,0,0,0,0,0,0,0,0,0,0,0,0,0,0,0,0,0,0,0,0,0,0,0,0,0,0,0,0,0,0,0,0,0,0,0,0,0,0,0,0,0,0,0,0,0,0,0,0,0,0,0,0,0,0,0,0,0,0,0,0,0,0,0,0,0,0,0,0,0,0.0,0.0,0.0
109713,777,0,0,0,0,0,0,0,0,0,0,0,0,0,0,0,0,0,0,0,0,0,0,0,0,0,0,0,0,0,0,0,0,0,0,0,0,0,0,0,0,0,0,0,0,0,0,0,0,0,0,0,0,0,0,0,0,0,0,0,0,0,0,0,0,0,0,0,0,0,0,0,0,0,0,0,0.0,0.0,0.0
110117,777,1,0,1,0,8,0,0,0,0,0,0,0,0,0,3,3,1,1,0,0,0,0,0,0,0,0,1,1,3,2,1,0,0,0,0,0,0,0,0,0,0,0,0,0,0,0,0,0,0,0,0,0,0,0,0,0,0,0,0,0,0,0,0,0,0,0,0,0,1,0,0,0,0,0,0,0.0,0.0,0.01
110203,777,14,12,2,0,1101,0,0,0,0,4,0,0,10,3,659,547,137,74,4,117,50,14,4,0,121,43,159,72,872,58,12,2,32,20,6,67,38,13,7,66,5,15,65,26,15,10,5,1,0,1,0,0,0,0,0,0,1,0,0,0,0,1,1,37,28,0,1,0,27,0,0,0,0,0,125,0.57,0.57,0.4
110234,777,0,0,0,0,0,0,0,0,0,0,0,0,0,0,0,0,0,0,0,0,0,0,0,0,0,0,0,0,0,0,0,0,0,0,0,0,0,0,0,0,0,0,0,0,0,0,0,0,0,0,0,0,0,0,0,0,0,0,0,0,0,0,0,0,0,0,0,0,0,0,0,0,0,0,0,0.0,0.0,0.0
110430,777,2,1,1,1,134,0,0,0,0,0,0,0,0,0,109,96,14,9,3,8,2,1,0,0,9,3,35,26,128,7,0,0,4,0,1,10,4,0,1,6,1,1,7,5,1,1,1,0,0,0,0,0,0,0,0,0,0,0,0,0,0,5,5,3,3,0,0,0,2,0,0,0,0,0,12,0.0,0.0,0.01
110526,777,0,0,0,0,0,0,0,0,0,0,0,0,0,0,0,0,0,0,0,0,0,0,0,0,0,0,0,0,0,0,0,0,0,0,0,0,0,0,0,0,0,0,0,0,0,0,0,0,0,0,0,0,0,0,0,0,0,0,0,0,0,0,0,0,0,0,0,0,0,0,0,0,0,0,0,0.0,0.0,0.0
110549,777,9,6,3,4,554,0,0,1,0,1,1,2,4,2,374,323,48,33,7,46,23,6,0,0,32,6,92,57,460,40,10,0,8,4,3,25,29,6,6,32,3,3,28,13,15,5,3,2,0,0,0,0,0,0,0,0,0,0,0,0,0,6,6,25,7,0,1,0,8,0,0,0,0,0,45,0.33,0.33,0.13
110958,777,3,3,0,0,270,0,0,0,0,0,0,0,0,0,98,46,21,2,0,64,13,0,0,0,21,6,13,4,131,0,0,0,0,0,0,2,0,0,0,33,0,0,6,0,0,0,1,0,0,0,0,0,0,1,1,1,0,0,14,14,0,15,3,9,0,0,0,0,2,0,0,0,10,0,0,0.0,0.0,0.02
111022,777,2,2,0,1,135,0,0,0,0,1,0,1,2,1,128,120,15,13,1,10,8,0,0,0,8,0,37,21,148,11,3,0,3,3,2,9,2,4,0,4,1,0,4,3,0,0,0,0,0,0,0,0,0,0,0,0,0,0,0,0,0,6,6,3,1,0,0,0,1,0,0,0,0,0,11,0.26,0.26,0.06
111965,777,0,0,0,0,0,0,0,0,0,0,0,0,0,0,0,0,0,0,0,0,0,0,0,0,0,0,0,0,0,0,0,0,0,0,0,0,0,0,0,0,0,0,0,0,0,0,0,0,0,0,0,0,0,0,0,0,0,0,0,0,0,0,0,0,0,0,0,0,0,0,0,0,0,0,0,0.0,0.0,0.0
111987,777,0,0,0,0,0,0,0,0,0,0,0,0,0,0,0,0,0,0,0,0,0,0,0,0,0,0,0,0,0,0,0,0,0,0,0,0,0,0,0,0,0,0,0,0,0,0,0,0,0,0,0,0,0,0,0,0,0,0,0,0,0,0,0,0,0,0,0,0,0,0,0,0,0,0,0,0.0,0.0,0.0
111988,777,31,19,12,5,1837,0,0,1,0,21,3,0,2,1,542,413,158,100,10,35,14,91,22,0,69,88,136,89,941,300,25,0,29,15,16,66,68,15,14,62,7,8,57,23,31,8,9,3,0,0,2,0,0,3,0,0,4,0,0,0,0,0,0,34,24,0,0,0,37,0,0,0,0,0,108,0.33,0.33,1.6
112203,777,33,32,1,5,2802,3,2,1,0,18,4,1,27,7,2053,1883,482,394,18,101,65,7,2,0,228,41,389,179,2496,389,16,12,87,46,32,172,137,59,24,177,19,15,28,15,29,54,55,11,0,1,0,1,0,5,0,0,8,0,0,0,0,0,0,60,109,0,2,0,46,3,0,0,0,0,366,1.45,1.45,2.38
112246,777,0,0,0,0,0,0,0,0,0,0,0,0,0,0,0,0,0,0,0,0,0,0,0,0,0,0,0,0,0,0,0,0,0,0,0,0,0,0,0,0,0,0,0,0,0,0,0,0,0,0,0,0,0,0,0,0,0,0,0,0,0,0,0,0,0,0,0,0,0,0,0,0,0,0,0,0.0,0.0,0.0
112377,777,0,0,0,0,0,0,0,0,0,0,0,0,0,0,0,0,0,0,0,0,0,0,0,0,0,0,0,0,0,0,0,0,0,0,0,0,0,0,0,0,0,0,0,0,0,0,0,0,0,0,0,0,0,0,0,0,0,0,0,0,0,0,0,0,0,0,0,0,0,0,0,0,0,0,0,0.0,0.0,0.0
112378,777,0,0,0,0,0,0,0,0,0,0,0,0,0,0,0,0,0,0,0,0,0,0,0,0,0,0,0,0,0,0,0,0,0,0,0,0,0,0,0,0,0,0,0,0,0,0,0,0,0,0,0,0,0,0,0,0,0,0,0,0,0,0,0,0,0,0,0,0,0,0,0,0,0,0,0,0.0,0.0,0.0
112449,777,1,0,1,0,3,0,0,0,0,0,0,0,0,0,5,3,2,1,0,1,0,0,0,0,2,0,0,0,5,0,0,0,0,0,0,0,2,0,0,0,0,0,0,0,1,1,0,0,0,0,0,0,0,0,0,0,0,0,0,0,0,0,0,0,0,0,0,0,0,0,0,0,0,0,0,0.0,0.0,0.0
112473,777,0,0,0,0,0,0,0,0,0,0,0,0,0,0,0,0,0,0,0,0,0,0,0,0,0,0,0,0,0,0,0,0,0,0,0,0,0,0,0,0,0,0,0,0,0,0,0,0,0,0,0,0,0,0,0,0,0,0,0,0,0,0,0,0,0,0,0,0,0,0,0,0,0,0,0,0.0,0.0,0.0
112510,777,0,0,0,0,0,0,0,0,0,0,0,0,0,0,0,0,0,0,0,0,0,0,0,0,0,0,0,0,0,0,0,0,0,0,0,0,0,0,0,0,0,0,0,0,0,0,0,0,0,0,0,0,0,0,0,0,0,0,0,0,0,0,0,0,0,0,0,0,0,0,0,0,0,0,0,0.0,0.0,0.0
112581,777,0,0,0,0,0,0,0,0,0,0,0,0,0,0,0,0,0,0,0,0,0,0,0,0,0,0,0,0,0,0,0,0,0,0,0,0,0,0,0,0,0,0,0,0,0,0,0,0,0,0,0,0,0,0,0,0,0,0,0,0,0,0,0,0,0,0,0,0,0,0,0,0,0,0,0,0.0,0.0,0.0
112589,777,37,35,2,5,3124,1,0,1,0,17,0,1,13,6,1079,798,286,179,12,133,41,49,13,0,177,114,166,96,1814,407,37,2,57,32,35,195,124,15,8,114,21,16,144,116,59,23,17,6,0,1,4,1,0,9,0,0,6,0,0,0,0,6,6,64,44,0,3,0,46,1,0,0,0,0,231,1.67,1.67,1.0
112590,777,0,0,0,0,0,0,0,0,0,0,0,0,0,0,0,0,0,0,0,0,0,0,0,0,0,0,0,0,0,0,0,0,0,0,0,0,0,0,0,0,0,0,0,0,0,0,0,0,0,0,0,0,0,0,0,0,0,0,0,0,0,0,0,0,0,0,0,0,0,0,0,0,0,0,0,0.0,0.0,0.0
112601,777,0,0,0,0,0,0,0,0,0,0,0,0,0,0,0,0,0,0,0,0,0,0,0,0,0,0,0,0,0,0,0,0,0,0,0,0,0,0,0,0,0,0,0,0,0,0,0,0,0,0,0,0,0,0,0,0,0,0,0,0,0,0,0,0,0,0,0,0,0,0,0,0,0,0,0,0.0,0.0,0.0
112651,777,0,0,0,0,0,0,0,0,0,0,0,0,0,0,0,0,0,0,0,0,0,0,0,0,0,0,0,0,0,0,0,0,0,0,0,0,0,0,0,0,0,0,0,0,0,0,0,0,0,0,0,0,0,0,0,0,0,0,0,0,0,0,0,0,0,0,0,0,0,0,0,0,0,0,0,0.0,0.0,0.0
112653,777,0,0,0,0,0,0,0,0,0,0,0,0,0,0,0,0,0,0,0,0,0,0,0,0,0,0,0,0,0,0,0,0,0,0,0,0,0,0,0,0,0,0,0,0,0,0,0,0,0,0,0,0,0,0,0,0,0,0,0,0,0,0,0,0,0,0,0,0,0,0,0,0,0,0,0,0.0,0.0,0.0
112701,777,0,0,0,0,0,0,0,0,0,0,0,0,0,0,0,0,0,0,0,0,0,0,0,0,0,0,0,0,0,0,0,0,0,0,0,0,0,0,0,0,0,0,0,0,0,0,0,0,0,0,0,0,0,0,0,0,0,0,0,0,0,0,0,0,0,0,0,0,0,0,0,0,0,0,0,0.0,0.0,0.0
112739,777,27,20,7,16,1750,4,4,3,0,15,2,6,37,15,632,522,208,150,4,24,9,7,0,1,60,18,152,81,842,253,64,4,19,14,15,46,82,5,13,61,9,5,25,12,23,33,12,0,0,0,2,0,0,1,0,0,9,0,0,0,0,0,0,18,34,0,2,0,23,4,0,0,0,1,114,4.94,4.94,2.34
112745,777,0,0,0,0,0,0,0,0,0,0,0,0,0,0,0,0,0,0,0,0,0,0,0,0,0,0,0,0,0,0,0,0,0,0,0,0,0,0,0,0,0,0,0,0,0,0,0,0,0,0,0,0,0,0,0,0,0,0,0,0,0,0,0,0,0,0,0,0,0,0,0,0,0,0,0,0.0,0.0,0.0
112917,777,14,4,10,3,350,0,0,0,0,4,0,0,4,0,102,88,37,29,5,4,3,7,1,0,6,7,40,23,207,86,11,0,7,3,24,33,46,6,6,22,10,1,4,2,5,11,11,2,0,0,0,0,0,1,0,0,2,0,0,0,0,0,0,11,9,0,0,0,2,0,0,0,0,0,40,0.2,0.2,0.14
112918,777,0,0,0,0,0,0,0,0,0,0,0,0,0,0,0,0,0,0,0,0,0,0,0,0,0,0,0,0,0,0,0,0,0,0,0,0,0,0,0,0,0,0,0,0,0,0,0,0,0,0,0,0,0,0,0,0,0,0,0,0,0,0,0,0,0,0,0,0,0,0,0,0,0,0,0,0.0,0.0,0.0
112948,777,34,29,5,7,2648,5,5,3,0,23,6,7,41,15,1354,1167,402,326,41,54,17,38,9,0,127,46,368,213,2068,608,103,1,68,36,69,161,182,20,22,109,34,12,72,51,46,45,18,5,0,0,1,0,0,10,0,0,11,0,0,0,0,0,0,51,47,0,0,0,25,5,0,0,0,0,172,6.12,6.12,2.67
113713,777,0,0,0,0,0,0,0,0,0,0,0,0,0,0,0,0,0,0,0,0,0,0,0,0,0,0,0,0,0,0,0,0,0,0,0,0,0,0,0,0,0,0,0,0,0,0,0,0,0,0,0,0,0,0,0,0,0,0,0,0,0,0,0,0,0,0,0,0,0,0,0,0,0,0,0,0.0,0.0,0.0
114056,777,0,0,0,0,0,0,0,0,0,0,0,0,0,0,0,0,0,0,0,0,0,0,0,0,0,0,0,0,0,0,0,0,0,0,0,0,0,0,0,0,0,0,0,0,0,0,0,0,0,0,0,0,0,0,0,0,0,0,0,0,0,0,0,0,0,0,0,0,0,0,0,0,0,0,0,0.0,0.0,0.0
114058,777,0,0,0,0,0,0,0,0,0,0,0,0,0,0,0,0,0,0,0,0,0,0,0,0,0,0,0,0,0,0,0,0,0,0,0,0,0,0,0,0,0,0,0,0,0,0,0,0,0,0,0,0,0,0,0,0,0,0,0,0,0,0,0,0,0,0,0,0,0,0,0,0,0,0,0,0.0,0.0,0.0
114296,777,0,0,0,0,0,0,0,0,0,0,0,0,0,0,0,0,0,0,0,0,0,0,0,0,0,0,0,0,0,0,0,0,0,0,0,0,0,0,0,0,0,0,0,0,0,0,0,0,0,0,0,0,0,0,0,0,0,0,0,0,0,0,0,0,0,0,0,0,0,0,0,0,0,0,0,0.0,0.0,0.0
114362,777,0,0,0,0,0,0,0,0,0,0,0,0,0,0,0,0,0,0,0,0,0,0,0,0,0,0,0,0,0,0,0,0,0,0,0,0,0,0,0,0,0,0,0,0,0,0,0,0,0,0,0,0,0,0,0,0,0,0,0,0,0,0,0,0,0,0,0,0,0,0,0,0,0,0,0,0.0,0.0,0.0
114470,777,0,0,0,0,0,0,0,0,0,0,0,0,0,0,0,0,0,0,0,0,0,0,0,0,0,0,0,0,0,0,0,0,0,0,0,0,0,0,0,0,0,0,0,0,0,0,0,0,0,0,0,0,0,0,0,0,0,0,0,0,0,0,0,0,0,0,0,0,0,0,0,0,0,0,0,0.0,0.0,0.0
114564,777,20,5,15,1,698,0,0,0,0,4,0,0,2,0,382,350,91,80,9,16,9,0,0,0,39,6,80,47,506,105,13,0,8,5,9,38,34,5,4,30,7,1,11,6,11,10,16,3,0,0,1,0,0,2,0,0,1,0,0,0,0,0,0,12,17,0,0,0,8,0,0,0,0,0,25,0.1,0.1,0.2
114565,777,0,0,0,0,0,0,0,0,0,0,0,0,0,0,0,0,0,0,0,0,0,0,0,0,0,0,0,0,0,0,0,0,0,0,0,0,0,0,0,0,0,0,0,0,0,0,0,0,0,0,0,0,0,0,0,0,0,0,0,0,0,0,0,0,0,0,0,0,0,0,0,0,0,0,0,0.0,0.0,0.0
114566,777,6,0,6,0,165,0,0,0,0,1,0,0,6,0,87,79,30,26,4,9,5,2,0,0,11,7,38,20,121,43,6,1,1,0,7,5,14,0,3,10,2,0,1,1,3,2,0,0,0,0,0,0,0,0,0,0,2,0,0,0,0,0,0,3,5,0,0,0,0,0,0,0,0,0,13,0.23,0.23,0.08
114590,777,24,8,16,6,811,7,6,0,0,6,0,4,23,12,81,65,33,24,4,2,0,3,2,0,4,5,62,36,223,121,39,0,6,5,21,39,73,1,3,23,13,1,0,9,28,24,16,0,0,0,2,0,0,1,0,0,5,0,0,0,0,0,0,5,13,0,0,0,14,7,0,0,0,0,31,4.28,4.28,0.62
114649,777,0,0,0,0,0,0,0,0,0,0,0,0,0,0,0,0,0,0,0,0,0,0,0,0,0,0,0,0,0,0,0,0,0,0,0,0,0,0,0,0,0,0,0,0,0,0,0,0,0,0,0,0,0,0,0,0,0,0,0,0,0,0,0,0,0,0,0,0,0,0,0,0,0,0,0,0.0,0.0,0.0
114885,777,0,0,0,0,0,0,0,0,0,0,0,0,0,0,0,0,0,0,0,0,0,0,0,0,0,0,0,0,0,0,0,0,0,0,0,0,0,0,0,0,0,0,0,0,0,0,0,0,0,0,0,0,0,0,0,0,0,0,0,0,0,0,0,0,0,0,0,0,0,0,0,0,0,0,0,0.0,0.0,0.0
115105,777,8,5,3,5,406,0,0,0,0,3,0,2,7,3,78,57,34,21,2,2,0,6,1,0,5,9,39,27,177,89,16,0,10,7,14,25,36,5,4,9,5,0,11,5,8,11,3,1,0,0,1,0,0,0,0,0,2,0,0,0,0,0,0,3,4,0,1,0,6,0,0,0,0,0,35,0.77,0.77,0.12
115114,777,27,24,3,7,2142,0,0,0,0,11,1,4,30,6,796,641,133,88,19,80,22,19,2,0,111,79,146,74,1395,202,54,0,62,39,19,160,124,30,17,93,5,17,114,47,58,34,44,11,0,0,1,2,0,4,0,0,0,0,0,0,0,0,0,64,29,0,4,0,40,0,0,0,0,2,219,2.51,2.51,0.62
115151,777,3,0,3,0,26,0,0,0,0,0,0,0,0,0,25,21,8,5,0,0,0,0,0,0,5,0,5,3,39,4,1,0,6,3,2,10,7,0,2,1,2,0,1,1,0,3,1,2,0,0,0,0,0,0,0,0,0,0,0,0,0,0,0,1,0,0,0,0,1,0,0,0,0,0,8,0.0,0.0,0.01
115166,777,21,8,13,7,685,0,0,0,0,0,0,1,6,1,286,239,59,38,6,23,11,4,0,0,31,10,63,22,447,78,10,0,15,7,12,33,33,8,6,35,5,6,23,9,9,7,9,1,0,0,0,0,0,0,0,0,0,0,0,0,0,0,0,19,16,0,0,0,9,0,0,0,0,0,51,0.44,0.44,0.17
115169,777,0,0,0,0,0,0,0,0,0,0,0,0,0,0,0,0,0,0,0,0,0,0,0,0,0,0,0,0,0,0,0,0,0,0,0,0,0,0,0,0,0,0,0,0,0,0,0,0,0,0,0,0,0,0,0,0,0,0,0,0,0,0,0,0,0,0,0,0,0,0,0,0,0,0,0,0.0,0.0,0.0
115172,777,27,17,10,16,1175,1,0,1,0,11,2,1,18,5,535,456,155,124,13,24,15,14,6,4,65,29,115,54,733,159,17,2,56,30,11,86,70,7,24,58,5,5,17,13,21,16,11,3,0,0,0,0,0,0,0,0,9,0,0,0,0,0,0,30,19,0,1,0,20,1,0,0,0,0,143,1.47,1.47,0.77
115255,777,23,15,8,9,1322,0,0,3,0,11,2,1,7,1,584,523,99,80,7,28,19,15,4,4,47,24,71,24,748,110,12,1,24,12,6,52,61,15,19,51,5,6,19,14,20,16,9,3,0,0,0,0,0,2,0,0,4,0,0,0,0,0,0,26,21,0,4,0,23,0,0,0,0,0,114,0.49,0.49,0.86
115256,777,33,24,9,21,1912,8,5,3,0,22,5,6,32,13,384,293,169,115,7,15,8,3,0,0,41,24,109,47,680,287,86,4,24,12,64,92,149,5,11,53,42,2,21,35,56,20,20,0,0,0,8,0,0,1,0,0,13,0,0,0,0,0,0,8,32,0,3,0,29,7,0,1,0,1,105,6.59,5.81,1.53
115336,777,1,1,0,1,45,0,0,0,0,0,0,0,0,0,11,8,5,3,2,0,0,0,0,0,3,0,2,2,19,4,0,0,3,1,0,5,1,0,0,2,0,0,0,2,1,0,0,0,0,0,0,0,0,0,0,0,0,0,0,0,0,0,0,0,2,0,0,0,3,0,0,0,0,0,4,0.0,0.0,0.01
115371,777,33,13,20,6,1407,3,1,1,0,12,1,11,47,16,270,163,115,57,9,7,1,0,0,0,23,6,75,43,599,274,101,1,7,5,36,141,144,5,1,26,22,2,43,99,92,17,17,1,0,0,6,0,0,1,0,0,8,0,0,0,0,0,0,5,13,0,3,0,28,3,1,0,0,0,83,5.49,4.71,0.39
115419,777,0,0,0,0,0,0,0,0,0,0,0,0,0,0,0,0,0,0,0,0,0,0,0,0,0,0,0,0,0,0,0,0,0,0,0,0,0,0,0,0,0,0,0,0,0,0,0,0,0,0,0,0,0,0,0,0,0,0,0,0,0,0,0,0,0,0,0,0,0,0,0,0,0,0,0,0.0,0.0,0.0
115438,777,0,0,0,0,0,0,0,0,0,0,0,0,0,0,0,0,0,0,0,0,0,0,0,0,0,0,0,0,0,0,0,0,0,0,0,0,0,0,0,0,0,0,0,0,0,0,0,0,0,0,0,0,0,0,0,0,0,0,0,0,0,0,0,0,0,0,0,0,0,0,0,0,0,0,0,0.0,0.0,0.0
115440,777,0,0,0,0,0,0,0,0,0,0,0,0,0,0,0,0,0,0,0,0,0,0,0,0,0,0,0,0,0,0,0,0,0,0,0,0,0,0,0,0,0,0,0,0,0,0,0,0,0,0,0,0,0,0,0,0,0,0,0,0,0,0,0,0,0,0,0,0,0,0,0,0,0,0,0,0.0,0.0,0.0
115444,777,0,0,0,0,0,0,0,0,0,0,0,0,0,0,0,0,0,0,0,0,0,0,0,0,0,0,0,0,0,0,0,0,0,0,0,0,0,0,0,0,0,0,0,0,0,0,0,0,0,0,0,0,0,0,0,0,0,0,0,0,0,0,0,0,0,0,0,0,0,0,0,0,0,0,0,0.0,0.0,0.0
116496,777,10,10,0,1,868,0,0,0,0,0,0,0,0,0,287,202,32,7,0,119,36,0,0,0,33,3,43,15,397,0,0,0,1,1,0,5,3,1,1,76,0,0,9,2,1,1,2,0,0,0,0,1,0,2,10,10,0,0,50,54,3,38,28,12,0,2,1,3,18,0,0,0,34,0,0,0.0,0.0,0.0
116665,777,34,27,7,12,2260,2,2,1,0,26,3,0,9,2,1070,913,389,307,11,82,28,79,15,0,155,79,238,147,1614,482,43,2,41,26,17,114,79,14,10,88,7,8,71,33,33,22,30,4,0,0,4,0,0,3,0,0,2,0,0,0,0,0,0,44,42,0,3,0,37,2,0,0,0,0,134,1.5,1.5,0.69
116888,777,29,28,1,9,2378,5,2,3,1,63,9,1,55,14,939,726,357,250,31,78,42,157,45,102,129,189,234,125,1525,575,55,2,65,36,48,155,137,20,24,119,26,9,52,48,29,36,24,3,0,0,0,1,0,5,0,0,25,0,0,0,0,0,0,45,49,0,4,0,36,5,0,0,0,0,266,2.88,2.88,4.47
116913,777,0,0,0,0,0,0,0,0,0,0,0,0,0,0,0,0,0,0,0,0,0,0,0,0,0,0,0,0,0,0,0,0,0,0,0,0,0,0,0,0,0,0,0,0,0,0,0,0,0,0,0,0,0,0,0,0,0,0,0,0,0,0,0,0,0,0,0,0,0,0,0,0,0,0,0,0.0,0.0,0.0
117286,777,0,0,0,0,0,0,0,0,0,0,0,0,0,0,0,0,0,0,0,0,0,0,0,0,0,0,0,0,0,0,0,0,0,0,0,0,0,0,0,0,0,0,0,0,0,0,0,0,0,0,0,0,0,0,0,0,0,0,0,0,0,0,0,0,0,0,0,0,0,0,0,0,0,0,0,0.0,0.0,0.0
117318,777,26,13,13,2,1391,2,1,4,0,11,3,1,17,6,633,538,185,154,12,35,20,8,2,0,73,13,185,85,908,198,27,3,33,21,27,86,102,18,11,77,18,10,47,27,38,29,13,3,0,0,3,0,0,3,0,0,5,0,0,0,0,0,0,37,35,0,2,0,23,2,0,0,0,0,183,1.63,1.63,1.11
117447,777,0,0,0,0,0,0,0,0,0,0,0,0,0,0,0,0,0,0,0,0,0,0,0,0,0,0,0,0,0,0,0,0,0,0,0,0,0,0,0,0,0,0,0,0,0,0,0,0,0,0,0,0,0,0,0,0,0,0,0,0,0,0,0,0,0,0,0,0,0,0,0,0,0,0,0,0.0,0.0,0.0
117450,777,0,0,0,0,0,0,0,0,0,0,0,0,0,0,0,0,0,0,0,0,0,0,0,0,0,0,0,0,0,0,0,0,0,0,0,0,0,0,0,0,0,0,0,0,0,0,0,0,0,0,0,0,0,0,0,0,0,0,0,0,0,0,0,0,0,0,0,0,0,0,0,0,0,0,0,0.0,0.0,0.0
117452,777,0,0,0,0,0,0,0,0,0,0,0,0,0,0,0,0,0,0,0,0,0,0,0,0,0,0,0,0,0,0,0,0,0,0,0,0,0,0,0,0,0,0,0,0,0,0,0,0,0,0,0,0,0,0,0,0,0,0,0,0,0,0,0,0,0,0,0,0,0,0,0,0,0,0,0,0.0,0.0,0.0
117487,777,0,0,0,0,0,0,0,0,0,0,0,0,0,0,0,0,0,0,0,0,0,0,0,0,0,0,0,0,0,0,0,0,0,0,0,0,0,0,0,0,0,0,0,0,0,0,0,0,0,0,0,0,0,0,0,0,0,0,0,0,0,0,0,0,0,0,0,0,0,0,0,0,0,0,0,0.0,0.0,0.0
117497,777,19,4,15,4,521,1,1,1,0,4,1,6,13,5,93,65,47,30,3,5,4,1,0,1,9,7,17,9,162,82,37,1,5,5,17,23,44,0,1,14,6,1,2,15,20,6,2,3,0,0,4,0,0,0,0,0,2,0,0,0,0,0,0,2,10,0,2,0,11,1,0,0,0,0,22,3.13,3.13,0.54
117515,777,0,0,0,0,0,0,0,0,0,0,0,0,0,0,0,0,0,0,0,0,0,0,0,0,0,0,0,0,0,0,0,0,0,0,0,0,0,0,0,0,0,0,0,0,0,0,0,0,0,0,0,0,0,0,0,0,0,0,0,0,0,0,0,0,0,0,0,0,0,0,0,0,0,0,0,0.0,0.0,0.0
117518,777,0,0,0,0,0,0,0,0,0,0,0,0,0,0,0,0,0,0,0,0,0,0,0,0,0,0,0,0,0,0,0,0,0,0,0,0,0,0,0,0,0,0,0,0,0,0,0,0,0,0,0,0,0,0,0,0,0,0,0,0,0,0,0,0,0,0,0,0,0,0,0,0,0,0,0,0.0,0.0,0.0
117521,777,0,0,0,0,0,0,0,0,0,0,0,0,0,0,0,0,0,0,0,0,0,0,0,0,0,0,0,0,0,0,0,0,0,0,0,0,0,0,0,0,0,0,0,0,0,0,0,0,0,0,0,0,0,0,0,0,0,0,0,0,0,0,0,0,0,0,0,0,0,0,0,0,0,0,0,0.0,0.0,0.0
117552,777,0,0,0,0,0,0,0,0,0,0,0,0,0,0,0,0,0,0,0,0,0,0,0,0,0,0,0,0,0,0,0,0,0,0,0,0,0,0,0,0,0,0,0,0,0,0,0,0,0,0,0,0,0,0,0,0,0,0,0,0,0,0,0,0,0,0,0,0,0,0,0,0,0,0,0,0.0,0.0,0.0
117557,777,0,0,0,0,0,0,0,0,0,0,0,0,0,0,0,0,0,0,0,0,0,0,0,0,0,0,0,0,0,0,0,0,0,0,0,0,0,0,0,0,0,0,0,0,0,0,0,0,0,0,0,0,0,0,0,0,0,0,0,0,0,0,0,0,0,0,0,0,0,0,0,0,0,0,0,0.0,0.0,0.0
117564,777,1,0,1,0,2,0,0,0,0,0,0,0,0,0,1,0,0,0,0,1,0,0,0,0,0,0,0,0,3,0,0,0,0,0,0,0,0,0,0,0,0,0,2,0,0,0,0,0,0,0,0,0,0,0,0,0,0,0,0,0,0,0,0,0,0,0,0,0,0,0,0,0,0,0,2,0.0,0.0,0.0
117565,777,0,0,0,0,0,0,0,0,0,0,0,0,0,0,0,0,0,0,0,0,0,0,0,0,0,0,0,0,0,0,0,0,0,0,0,0,0,0,0,0,0,0,0,0,0,0,0,0,0,0,0,0,0,0,0,0,0,0,0,0,0,0,0,0,0,0,0,0,0,0,0,0,0,0,0,0.0,0.0,0.0
117579,777,13,9,4,5,659,0,0,0,0,5,3,0,3,0,275,221,70,51,8,43,18,34,3,18,39,36,63,34,500,109,7,1,30,22,7,46,29,13,9,35,0,1,30,7,7,7,7,2,0,0,1,0,1,0,0,0,2,0,0,0,0,0,0,24,9,0,2,0,16,0,0,0,0,0,74,0.18,0.18,0.32
117584,777,0,0,0,0,0,0,0,0,0,0,0,0,0,0,0,0,0,0,0,0,0,0,0,0,0,0,0,0,0,0,0,0,0,0,0,0,0,0,0,0,0,0,0,0,0,0,0,0,0,0,0,0,0,0,0,0,0,0,0,0,0,0,0,0,0,0,0,0,0,0,0,0,0,0,0,0.0,0.0,0.0
117590,777,0,0,0,0,0,0,0,0,0,0,0,0,0,0,0,0,0,0,0,0,0,0,0,0,0,0,0,0,0,0,0,0,0,0,0,0,0,0,0,0,0,0,0,0,0,0,0,0,0,0,0,0,0,0,0,0,0,0,0,0,0,0,0,0,0,0,0,0,0,0,0,0,0,0,0,0.0,0.0,0.0
117596,777,24,18,6,9,1479,2,0,2,0,8,3,0,11,5,539,448,149,108,12,52,21,12,4,0,79,19,146,73,766,155,26,2,11,8,26,29,55,17,1,57,17,4,44,9,16,12,2,5,0,0,0,0,0,2,0,0,2,0,0,0,0,0,0,30,25,0,1,0,28,2,0,0,0,0,132,1.5,1.5,1.29
117600,777,0,0,0,0,0,0,0,0,0,0,0,0,0,0,0,0,0,0,0,0,0,0,0,0,0,0,0,0,0,0,0,0,0,0,0,0,0,0,0,0,0,0,0,0,0,0,0,0,0,0,0,0,0,0,0,0,0,0,0,0,0,0,0,0,0,0,0,0,0,0,0,0,0,0,0,0.0,0.0,0.0
117608,777,0,0,0,0,0,0,0,0,0,0,0,0,0,0,0,0,0,0,0,0,0,0,0,0,0,0,0,0,0,0,0,0,0,0,0,0,0,0,0,0,0,0,0,0,0,0,0,0,0,0,0,0,0,0,0,0,0,0,0,0,0,0,0,0,0,0,0,0,0,0,0,0,0,0,0,0.0,0.0,0.0
117615,777,0,0,0,0,0,0,0,0,0,0,0,0,0,0,0,0,0,0,0,0,0,0,0,0,0,0,0,0,0,0,0,0,0,0,0,0,0,0,0,0,0,0,0,0,0,0,0,0,0,0,0,0,0,0,0,0,0,0,0,0,0,0,0,0,0,0,0,0,0,0,0,0,0,0,0,0.0,0.0,0.0
117619,777,0,0,0,0,0,0,0,0,0,0,0,0,0,0,0,0,0,0,0,0,0,0,0,0,0,0,0,0,0,0,0,0,0,0,0,0,0,0,0,0,0,0,0,0,0,0,0,0,0,0,0,0,0,0,0,0,0,0,0,0,0,0,0,0,0,0,0,0,0,0,0,0,0,0,0,0.0,0.0,0.0
117644,777,0,0,0,0,0,0,0,0,0,0,0,0,0,0,0,0,0,0,0,0,0,0,0,0,0,0,0,0,0,0,0,0,0,0,0,0,0,0,0,0,0,0,0,0,0,0,0,0,0,0,0,0,0,0,0,0,0,0,0,0,0,0,0,0,0,0,0,0,0,0,0,0,0,0,0,0.0,0.0,0.0
117647,777,23,15,8,2,1493,1,1,4,1,15,3,2,12,4,840,754,234,192,14,34,21,42,6,19,94,50,194,81,1121,275,25,0,29,18,11,89,45,20,12,69,9,3,34,45,17,5,4,0,0,0,2,0,0,2,0,0,2,0,0,0,0,0,0,36,31,0,3,0,22,1,0,0,0,0,155,1.36,1.36,2.1
117732,777,25,19,6,10,1721,3,3,1,0,30,4,8,32,13,574,473,283,229,16,19,12,46,8,0,39,59,261,167,925,510,91,0,18,12,58,82,123,9,17,62,23,1,17,15,21,31,21,5,0,0,4,0,0,1,0,0,11,0,0,0,0,0,0,14,37,0,3,0,20,3,0,0,0,0,107,4.04,4.04,2.74
117753,777,0,0,0,0,0,0,0,0,0,0,0,0,0,0,0,0,0,0,0,0,0,0,0,0,0,0,0,0,0,0,0,0,0,0,0,0,0,0,0,0,0,0,0,0,0,0,0,0,0,0,0,0,0,0,0,0,0,0,0,0,0,0,0,0,0,0,0,0,0,0,0,0,0,0,0,0.0,0.0,0.0
117754,777,3,2,1,2,165,0,0,0,0,0,0,0,0,0,62,44,18,9,1,8,1,3,1,0,9,8,13,7,107,27,0,0,4,4,4,12,8,1,0,10,2,1,7,6,2,3,1,0,0,0,0,1,0,0,0,0,1,0,0,0,0,0,0,5,4,0,0,0,4,0,0,0,0,0,13,0.0,0.0,0.01
117758,777,6,0,6,0,57,0,0,0,0,0,0,0,1,1,19,14,8,6,2,3,2,0,0,0,3,0,9,6,31,15,0,0,1,1,1,1,5,0,0,4,0,0,0,0,1,3,0,1,0,0,0,0,0,0,0,0,0,0,0,0,0,0,0,2,2,0,0,0,2,0,0,0,0,0,5,0.04,0.04,0.03
117763,777,21,10,11,10,997,1,0,1,0,8,1,6,32,5,132,56,67,26,5,10,3,2,0,0,34,10,26,14,332,132,61,0,8,3,19,108,112,2,5,15,12,3,24,78,69,21,18,2,0,0,5,0,0,0,0,0,5,0,0,0,0,0,0,0,10,0,2,0,13,1,0,0,0,1,52,3.3,3.3,0.15
117800,777,0,0,0,0,0,0,0,0,0,0,0,0,0,0,0,0,0,0,0,0,0,0,0,0,0,0,0,0,0,0,0,0,0,0,0,0,0,0,0,0,0,0,0,0,0,0,0,0,0,0,0,0,0,0,0,0,0,0,0,0,0,0,0,0,0,0,0,0,0,0,0,0,0,0,0,0.0,0.0,0.0
118031,777,22,8,14,5,881,0,0,0,0,3,0,1,13,1,502,427,123,97,9,27,13,1,0,0,59,9,123,52,699,120,9,1,46,29,14,79,69,20,16,51,11,5,20,11,15,24,15,1,0,0,0,0,0,1,0,0,1,0,0,0,0,0,0,19,31,0,1,0,23,0,0,0,0,0,142,0.72,0.72,0.16
118077,777,25,20,5,5,1792,1,1,2,0,13,2,0,3,2,837,744,205,169,14,65,22,33,4,0,107,29,193,106,1253,248,26,2,48,27,12,100,72,26,14,63,5,9,88,32,31,18,14,2,0,0,1,0,0,4,0,0,3,0,0,0,0,4,4,31,29,0,0,0,19,1,0,0,0,1,171,0.36,0.36,1.67
118080,777,31,10,21,8,1082,3,1,1,0,16,1,4,20,9,413,319,183,129,17,10,2,40,2,15,37,48,115,58,675,304,46,3,36,16,23,96,84,7,7,61,9,2,17,30,27,29,22,2,0,0,5,0,1,0,0,0,5,0,0,0,0,0,0,35,21,0,4,0,17,3,0,0,0,0,123,2.6,2.6,1.62
118083,777,18,18,0,0,1620,0,0,1,1,2,0,0,0,0,593,345,135,29,0,326,82,0,0,0,135,7,91,26,804,0,0,0,0,0,0,11,0,0,0,167,0,0,20,10,0,0,2,0,0,0,0,0,0,7,13,13,0,0,101,104,23,87,28,29,0,1,1,20,28,0,0,0,55,0,0,0.0,0.0,0.01
118112,777,0,0,0,0,0,0,0,0,0,0,0,0,0,0,0,0,0,0,0,0,0,0,0,0,0,0,0,0,0,0,0,0,0,0,0,0,0,0,0,0,0,0,0,0,0,0,0,0,0,0,0,0,0,0,0,0,0,0,0,0,0,0,0,0,0,0,0,0,0,0,0,0,0,0,0,0.0,0.0,0.0
118436,777,0,0,0,0,0,0,0,0,0,0,0,0,0,0,0,0,0,0,0,0,0,0,0,0,0,0,0,0,0,0,0,0,0,0,0,0,0,0,0,0,0,0,0,0,0,0,0,0,0,0,0,0,0,0,0,0,0,0,0,0,0,0,0,0,0,0,0,0,0,0,0,0,0,0,0,0.0,0.0,0.0
118442,777,15,1,14,2,353,0,0,0,0,3,3,1,10,5,111,89,53,42,5,5,1,11,5,0,8,12,58,26,192,107,20,0,7,5,16,17,28,2,1,14,9,0,0,1,2,9,2,2,0,0,4,0,0,0,0,0,5,0,0,0,0,0,0,4,5,0,0,0,9,0,0,0,0,0,23,0.64,0.64,1.19
118443,777,0,0,0,0,0,0,0,0,0,0,0,0,0,0,0,0,0,0,0,0,0,0,0,0,0,0,0,0,0,0,0,0,0,0,0,0,0,0,0,0,0,0,0,0,0,0,0,0,0,0,0,0,0,0,0,0,0,0,0,0,0,0,0,0,0,0,0,0,0,0,0,0,0,0,0,0.0,0.0,0.0
118444,777,0,0,0,0,0,0,0,0,0,0,0,0,0,0,0,0,0,0,0,0,0,0,0,0,0,0,0,0,0,0,0,0,0,0,0,0,0,0,0,0,0,0,0,0,0,0,0,0,0,0,0,0,0,0,0,0,0,0,0,0,0,0,0,0,0,0,0,0,0,0,0,0,0,0,0,0.0,0.0,0.0
118579,777,24,10,14,9,980,0,0,2,0,20,2,4,22,8,325,276,165,137,8,9,6,28,8,0,30,33,165,102,539,282,41,1,10,9,38,49,55,1,3,54,21,0,13,5,12,2,10,0,0,0,2,0,0,0,0,0,7,0,0,0,0,0,0,19,28,0,0,0,13,0,0,0,0,0,77,1.92,1.92,1.21
118591,777,32,18,14,9,1739,0,0,0,0,4,0,2,9,3,987,873,171,132,10,75,36,3,1,0,97,10,232,135,1240,112,22,1,32,21,6,83,65,31,8,73,5,11,85,44,34,17,5,1,0,0,2,1,0,1,0,0,2,0,0,0,0,5,5,40,31,0,3,0,33,0,0,0,0,0,156,1.34,1.34,0.59
118633,777,28,16,12,14,1561,4,3,1,0,12,0,2,25,10,402,327,147,108,9,23,13,49,7,1,25,48,169,92,637,302,48,1,11,6,31,29,62,2,13,61,11,1,17,1,13,5,1,0,0,0,2,0,0,2,0,0,4,0,0,0,0,0,0,23,34,0,0,0,14,4,0,0,0,0,92,2.13,2.13,1.18
118959,777,0,0,0,0,0,0,0,0,0,0,0,0,0,0,0,0,0,0,0,0,0,0,0,0,0,0,0,0,0,0,0,0,0,0,0,0,0,0,0,0,0,0,0,0,0,0,0,0,0,0,0,0,0,0,0,0,0,0,0,0,0,0,0,0,0,0,0,0,0,0,0,0,0,0,0,0.0,0.0,0.0
119034,777,0,0,0,0,0,0,0,0,0,0,0,0,0,0,0,0,0,0,0,0,0,0,0,0,0,0,0,0,0,0,0,0,0,0,0,0,0,0,0,0,0,0,0,0,0,0,0,0,0,0,0,0,0,0,0,0,0,0,0,0,0,0,0,0,0,0,0,0,0,0,0,0,0,0,0,0.0,0.0,0.0
119036,777,0,0,0,0,0,0,0,0,0,0,0,0,0,0,0,0,0,0,0,0,0,0,0,0,0,0,0,0,0,0,0,0,0,0,0,0,0,0,0,0,0,0,0,0,0,0,0,0,0,0,0,0,0,0,0,0,0,0,0,0,0,0,0,0,0,0,0,0,0,0,0,0,0,0,0,0.0,0.0,0.0
119041,777,22,12,10,5,1142,0,0,0,0,8,1,0,4,0,761,700,117,96,16,26,8,7,4,0,55,18,128,59,993,119,14,1,36,22,10,61,55,18,12,50,4,7,39,16,18,15,2,7,0,0,0,0,0,0,0,0,4,0,0,0,0,17,17,27,19,0,1,0,27,0,0,0,0,0,99,0.3,0.3,0.61
119059,777,1,0,1,0,9,0,0,0,0,0,0,0,0,0,4,4,3,3,0,0,0,0,0,0,1,0,2,0,7,3,0,0,0,0,1,1,3,0,0,0,0,0,0,0,1,1,1,0,0,0,0,0,0,0,0,0,0,0,0,0,0,0,0,0,0,0,0,0,0,0,0,0,0,0,0,0.0,0.0,0.0
119072,777,36,35,1,12,3024,3,3,4,0,37,3,1,28,8,1562,1366,456,346,40,179,110,52,12,13,241,122,362,162,2120,417,22,14,103,67,52,199,160,35,41,182,32,12,36,19,20,49,49,7,0,0,0,0,0,5,0,0,17,0,0,0,0,0,0,89,76,0,5,0,50,3,0,0,0,0,369,1.99,1.99,2.96
119288,777,0,0,0,0,0,0,0,0,0,0,0,0,0,0,0,0,0,0,0,0,0,0,0,0,0,0,0,0,0,0,0,0,0,0,0,0,0,0,0,0,0,0,0,0,0,0,0,0,0,0,0,0,0,0,0,0,0,0,0,0,0,0,0,0,0,0,0,0,0,0,0,0,0,0,0,0.0,0.0,0.0
119290,777,0,0,0,0,0,0,0,0,0,0,0,0,0,0,0,0,0,0,0,0,0,0,0,0,0,0,0,0,0,0,0,0,0,0,0,0,0,0,0,0,0,0,0,0,0,0,0,0,0,0,0,0,0,0,0,0,0,0,0,0,0,0,0,0,0,0,0,0,0,0,0,0,0,0,0,0.0,0.0,0.0
119292,777,0,0,0,0,0,0,0,0,0,0,0,0,0,0,0,0,0,0,0,0,0,0,0,0,0,0,0,0,0,0,0,0,0,0,0,0,0,0,0,0,0,0,0,0,0,0,0,0,0,0,0,0,0,0,0,0,0,0,0,0,0,0,0,0,0,0,0,0,0,0,0,0,0,0,0,0.0,0.0,0.0
119381,777,31,26,5,15,2323,1,1,0,0,14,2,0,21,4,868,696,305,217,24,88,41,51,11,0,151,71,347,235,1468,365,41,6,69,48,56,141,136,27,23,135,20,11,41,13,22,35,20,10,0,0,0,1,0,3,0,0,10,0,0,0,0,0,0,78,47,0,4,0,39,1,0,0,0,0,148,1.09,1.09,1.73
119427,777,0,0,0,0,0,0,0,0,0,0,0,0,0,0,0,0,0,0,0,0,0,0,0,0,0,0,0,0,0,0,0,0,0,0,0,0,0,0,0,0,0,0,0,0,0,0,0,0,0,0,0,0,0,0,0,0,0,0,0,0,0,0,0,0,0,0,0,0,0,0,0,0,0,0,0,0.0,0.0,0.0
119462,777,0,0,0,0,0,0,0,0,0,0,0,0,0,0,0,0,0,0,0,0,0,0,0,0,0,0,0,0,0,0,0,0,0,0,0,0,0,0,0,0,0,0,0,0,0,0,0,0,0,0,0,0,0,0,0,0,0,0,0,0,0,0,0,0,0,0,0,0,0,0,0,0,0,0,0,0.0,0.0,0.0
119476,777,20,9,11,4,989,0,0,0,0,5,0,0,1,0,633,578,120,106,5,27,11,3,1,0,67,6,151,96,819,112,9,1,32,19,10,60,60,8,5,34,8,7,47,20,28,17,7,4,0,0,1,0,0,2,0,0,0,0,0,0,0,2,2,19,15,0,0,0,8,0,0,0,0,0,95,0.1,0.1,0.63
119531,777,0,0,0,0,0,0,0,0,0,0,0,0,0,0,0,0,0,0,0,0,0,0,0,0,0,0,0,0,0,0,0,0,0,0,0,0,0,0,0,0,0,0,0,0,0,0,0,0,0,0,0,0,0,0,0,0,0,0,0,0,0,0,0,0,0,0,0,0,0,0,0,0,0,0,0,0.0,0.0,0.0
119533,777,0,0,0,0,0,0,0,0,0,0,0,0,0,0,0,0,0,0,0,0,0,0,0,0,0,0,0,0,0,0,0,0,0,0,0,0,0,0,0,0,0,0,0,0,0,0,0,0,0,0,0,0,0,0,0,0,0,0,0,0,0,0,0,0,0,0,0,0,0,0,0,0,0,0,0,0.0,0.0,0.0
119537,777,0,0,0,0,0,0,0,0,0,0,0,0,0,0,0,0,0,0,0,0,0,0,0,0,0,0,0,0,0,0,0,0,0,0,0,0,0,0,0,0,0,0,0,0,0,0,0,0,0,0,0,0,0,0,0,0,0,0,0,0,0,0,0,0,0,0,0,0,0,0,0,0,0,0,0,0.0,0.0,0.0
119607,777,0,0,0,0,0,0,0,0,0,0,0,0,0,0,0,0,0,0,0,0,0,0,0,0,0,0,0,0,0,0,0,0,0,0,0,0,0,0,0,0,0,0,0,0,0,0,0,0,0,0,0,0,0,0,0,0,0,0,0,0,0,0,0,0,0,0,0,0,0,0,0,0,0,0,0,0.0,0.0,0.0
119611,777,0,0,0,0,0,0,0,0,0,0,0,0,0,0,0,0,0,0,0,0,0,0,0,0,0,0,0,0,0,0,0,0,0,0,0,0,0,0,0,0,0,0,0,0,0,0,0,0,0,0,0,0,0,0,0,0,0,0,0,0,0,0,0,0,0,0,0,0,0,0,0,0,0,0,0,0.0,0.0,0.0
119613,777,0,0,0,0,0,0,0,0,0,0,0,0,0,0,0,0,0,0,0,0,0,0,0,0,0,0,0,0,0,0,0,0,0,0,0,0,0,0,0,0,0,0,0,0,0,0,0,0,0,0,0,0,0,0,0,0,0,0,0,0,0,0,0,0,0,0,0,0,0,0,0,0,0,0,0,0.0,0.0,0.0
119614,777,18,11,7,9,766,1,1,1,0,9,2,0,12,3,213,153,81,53,4,21,10,11,4,0,25,21,57,24,323,135,20,2,13,8,11,32,33,4,5,29,5,1,10,4,9,8,8,1,0,0,2,0,0,0,0,0,2,0,0,0,0,0,0,12,15,0,0,0,11,1,0,0,0,0,57,0.86,0.86,0.93
119874,777,0,0,0,0,0,0,0,0,0,0,0,0,0,0,0,0,0,0,0,0,0,0,0,0,0,0,0,0,0,0,0,0,0,0,0,0,0,0,0,0,0,0,0,0,0,0,0,0,0,0,0,0,0,0,0,0,0,0,0,0,0,0,0,0,0,0,0,0,0,0,0,0,0,0,0,0.0,0.0,0.0
120048,777,0,0,0,0,0,0,0,0,0,0,0,0,0,0,0,0,0,0,0,0,0,0,0,0,0,0,0,0,0,0,0,0,0,0,0,0,0,0,0,0,0,0,0,0,0,0,0,0,0,0,0,0,0,0,0,0,0,0,0,0,0,0,0,0,0,0,0,0,0,0,0,0,0,0,0,0.0,0.0,0.0
120049,777,1,0,1,0,1,0,0,0,0,0,0,0,0,0,0,0,0,0,0,0,0,0,0,0,0,0,0,0,0,0,0,0,0,0,0,0,0,0,0,0,0,0,0,0,0,0,0,0,0,0,0,0,0,0,0,0,0,0,0,0,0,0,0,0,0,0,0,0,0,0,0,0,0,0,0,0.0,0.0,0.0
120175,777,0,0,0,0,0,0,0,0,0,0,0,0,0,0,0,0,0,0,0,0,0,0,0,0,0,0,0,0,0,0,0,0,0,0,0,0,0,0,0,0,0,0,0,0,0,0,0,0,0,0,0,0,0,0,0,0,0,0,0,0,0,0,0,0,0,0,0,0,0,0,0,0,0,0,0,0.0,0.0,0.0
120417,777,0,0,0,0,0,0,0,0,0,0,0,0,0,0,0,0,0,0,0,0,0,0,0,0,0,0,0,0,0,0,0,0,0,0,0,0,0,0,0,0,0,0,0,0,0,0,0,0,0,0,0,0,0,0,0,0,0,0,0,0,0,0,0,0,0,0,0,0,0,0,0,0,0,0,0,0.0,0.0,0.0
120676,777,0,0,0,0,0,0,0,0,0,0,0,0,0,0,0,0,0,0,0,0,0,0,0,0,0,0,0,0,0,0,0,0,0,0,0,0,0,0,0,0,0,0,0,0,0,0,0,0,0,0,0,0,0,0,0,0,0,0,0,0,0,0,0,0,0,0,0,0,0,0,0,0,0,0,0,0.0,0.0,0.0
121610,777,26,9,17,9,1037,1,1,1,0,14,1,1,25,10,339,259,175,125,13,27,20,44,12,10,24,61,191,146,669,365,61,1,21,11,67,90,113,9,18,48,23,0,8,8,14,14,17,1,0,0,3,0,1,0,0,0,7,0,0,0,0,0,0,22,19,0,0,0,15,1,0,0,0,0,86,1.21,1.21,1.47
121695,777,0,0,0,0,0,0,0,0,0,0,0,0,0,0,0,0,0,0,0,0,0,0,0,0,0,0,0,0,0,0,0,0,0,0,0,0,0,0,0,0,0,0,0,0,0,0,0,0,0,0,0,0,0,0,0,0,0,0,0,0,0,0,0,0,0,0,0,0,0,0,0,0,0,0,0,0.0,0.0,0.0
121704,777,0,0,0,0,0,0,0,0,0,0,0,0,0,0,0,0,0,0,0,0,0,0,0,0,0,0,0,0,0,0,0,0,0,0,0,0,0,0,0,0,0,0,0,0,0,0,0,0,0,0,0,0,0,0,0,0,0,0,0,0,0,0,0,0,0,0,0,0,0,0,0,0,0,0,0,0.0,0.0,0.0
121744,777,0,0,0,0,0,0,0,0,0,0,0,0,0,0,0,0,0,0,0,0,0,0,0,0,0,0,0,0,0,0,0,0,0,0,0,0,0,0,0,0,0,0,0,0,0,0,0,0,0,0,0,0,0,0,0,0,0,0,0,0,0,0,0,0,0,0,0,0,0,0,0,0,0,0,0,0.0,0.0,0.0
121972,777,8,0,8,0,105,0,0,1,0,1,1,1,3,1,48,37,22,16,3,1,0,4,0,0,0,3,25,17,82,48,10,0,6,2,6,10,15,1,3,6,0,0,0,1,3,3,1,0,0,0,0,0,0,0,0,0,0,0,0,0,0,0,0,2,4,0,1,0,1,0,0,0,0,0,13,0.26,0.26,0.13
122005,777,22,11,11,9,979,1,0,0,0,5,1,0,7,2,405,327,78,55,16,36,19,9,1,0,39,12,78,32,594,89,7,0,40,21,9,73,56,16,15,54,6,4,14,11,16,17,17,4,0,0,0,1,0,0,0,0,4,0,0,0,0,0,0,31,19,0,2,0,23,1,0,0,0,0,127,0.44,0.44,0.32
122056,777,3,3,0,0,270,0,0,0,0,1,0,0,0,0,112,68,16,5,0,61,17,0,0,0,16,2,8,3,146,0,0,0,0,0,1,1,1,0,0,21,1,0,4,1,0,0,0,0,0,0,0,0,0,0,2,2,0,0,11,13,4,37,15,5,0,1,1,4,4,0,0,0,10,0,0,0.0,0.0,0.0
122126,777,38,34,4,8,3037,2,2,1,0,29,1,4,34,7,1048,790,349,222,41,100,42,86,13,22,182,132,159,78,1723,438,47,3,67,47,23,175,153,25,31,102,9,12,99,65,68,31,39,9,0,0,1,1,0,8,0,0,12,0,0,0,0,0,0,50,40,0,2,0,42,2,0,0,0,1,203,2.27,2.27,2.05
122133,777,0,0,0,0,0,0,0,0,0,0,0,0,0,0,0,0,0,0,0,0,0,0,0,0,0,0,0,0,0,0,0,0,0,0,0,0,0,0,0,0,0,0,0,0,0,0,0,0,0,0,0,0,0,0,0,0,0,0,0,0,0,0,0,0,0,0,0,0,0,0,0,0,0,0,0,0.0,0.0,0.0
122142,777,0,0,0,0,0,0,0,0,0,0,0,0,0,0,0,0,0,0,0,0,0,0,0,0,0,0,0,0,0,0,0,0,0,0,0,0,0,0,0,0,0,0,0,0,0,0,0,0,0,0,0,0,0,0,0,0,0,0,0,0,0,0,0,0,0,0,0,0,0,0,0,0,0,0,0,0.0,0.0,0.0
122149,777,2,0,2,0,58,0,0,0,0,0,0,1,1,0,4,2,1,0,1,0,0,0,0,0,0,0,3,1,17,5,1,0,0,0,3,2,6,2,0,1,2,0,0,1,3,0,0,0,0,0,1,0,0,0,0,0,0,0,0,0,0,0,0,1,0,0,1,0,2,0,0,0,0,0,3,0.13,0.13,0.0
122155,777,0,0,0,0,0,0,0,0,0,0,0,0,0,0,0,0,0,0,0,0,0,0,0,0,0,0,0,0,0,0,0,0,0,0,0,0,0,0,0,0,0,0,0,0,0,0,0,0,0,0,0,0,0,0,0,0,0,0,0,0,0,0,0,0,0,0,0,0,0,0,0,0,0,0,0,0.0,0.0,0.0
122282,777,0,0,0,0,0,0,0,0,0,0,0,0,0,0,0,0,0,0,0,0,0,0,0,0,0,0,0,0,0,0,0,0,0,0,0,0,0,0,0,0,0,0,0,0,0,0,0,0,0,0,0,0,0,0,0,0,0,0,0,0,0,0,0,0,0,0,0,0,0,0,0,0,0,0,0,0.0,0.0,0.0
122289,777,0,0,0,0,0,0,0,0,0,0,0,0,0,0,0,0,0,0,0,0,0,0,0,0,0,0,0,0,0,0,0,0,0,0,0,0,0,0,0,0,0,0,0,0,0,0,0,0,0,0,0,0,0,0,0,0,0,0,0,0,0,0,0,0,0,0,0,0,0,0,0,0,0,0,0,0.0,0.0,0.0
122388,777,0,0,0,0,0,0,0,0,0,0,0,0,0,0,0,0,0,0,0,0,0,0,0,0,0,0,0,0,0,0,0,0,0,0,0,0,0,0,0,0,0,0,0,0,0,0,0,0,0,0,0,0,0,0,0,0,0,0,0,0,0,0,0,0,0,0,0,0,0,0,0,0,0,0,0,0.0,0.0,0.0
122429,777,0,0,0,0,0,0,0,0,0,0,0,0,0,0,0,0,0,0,0,0,0,0,0,0,0,0,0,0,0,0,0,0,0,0,0,0,0,0,0,0,0,0,0,0,0,0,0,0,0,0,0,0,0,0,0,0,0,0,0,0,0,0,0,0,0,0,0,0,0,0,0,0,0,0,0,0.0,0.0,0.0
122772,777,0,0,0,0,0,0,0,0,0,0,0,0,0,0,0,0,0,0,0,0,0,0,0,0,0,0,0,0,0,0,0,0,0,0,0,0,0,0,0,0,0,0,0,0,0,0,0,0,0,0,0,0,0,0,0,0,0,0,0,0,0,0,0,0,0,0,0,0,0,0,0,0,0,0,0,0.0,0.0,0.0
122934,777,0,0,0,0,0,0,0,0,0,0,0,0,0,0,0,0,0,0,0,0,0,0,0,0,0,0,0,0,0,0,0,0,0,0,0,0,0,0,0,0,0,0,0,0,0,0,0,0,0,0,0,0,0,0,0,0,0,0,0,0,0,0,0,0,0,0,0,0,0,0,0,0,0,0,0,0.0,0.0,0.0
122944,777,1,0,1,0,1,0,0,0,0,0,0,0,0,0,0,0,0,0,0,0,0,0,0,0,0,0,0,0,0,0,0,0,0,0,0,0,0,0,0,0,0,0,0,0,0,0,0,0,0,0,0,0,0,0,0,0,0,0,0,0,0,0,0,0,0,0,0,0,0,0,0,0,0,0,0,0.0,0.0,0.0
122945,777,1,0,1,0,1,0,0,0,0,0,0,0,0,0,2,1,0,0,0,0,0,0,0,0,0,0,0,0,3,1,0,0,0,0,0,0,2,0,1,0,0,0,1,0,1,0,0,0,0,0,0,0,0,0,0,0,0,0,0,0,0,0,0,0,0,0,0,0,0,0,0,0,0,0,1,0.0,0.0,0.0
123128,777,0,0,0,0,0,0,0,0,0,0,0,0,0,0,0,0,0,0,0,0,0,0,0,0,0,0,0,0,0,0,0,0,0,0,0,0,0,0,0,0,0,0,0,0,0,0,0,0,0,0,0,0,0,0,0,0,0,0,0,0,0,0,0,0,0,0,0,0,0,0,0,0,0,0,0,0.0,0.0,0.0
123143,777,0,0,0,0,0,0,0,0,0,0,0,0,0,0,0,0,0,0,0,0,0,0,0,0,0,0,0,0,0,0,0,0,0,0,0,0,0,0,0,0,0,0,0,0,0,0,0,0,0,0,0,0,0,0,0,0,0,0,0,0,0,0,0,0,0,0,0,0,0,0,0,0,0,0,0,0.0,0.0,0.0
123557,777,0,0,0,0,0,0,0,0,0,0,0,0,0,0,0,0,0,0,0,0,0,0,0,0,0,0,0,0,0,0,0,0,0,0,0,0,0,0,0,0,0,0,0,0,0,0,0,0,0,0,0,0,0,0,0,0,0,0,0,0,0,0,0,0,0,0,0,0,0,0,0,0,0,0,0,0.0,0.0,0.0
123566,777,0,0,0,0,0,0,0,0,0,0,0,0,0,0,0,0,0,0,0,0,0,0,0,0,0,0,0,0,0,0,0,0,0,0,0,0,0,0,0,0,0,0,0,0,0,0,0,0,0,0,0,0,0,0,0,0,0,0,0,0,0,0,0,0,0,0,0,0,0,0,0,0,0,0,0,0.0,0.0,0.0
123585,777,0,0,0,0,0,0,0,0,0,0,0,0,0,0,0,0,0,0,0,0,0,0,0,0,0,0,0,0,0,0,0,0,0,0,0,0,0,0,0,0,0,0,0,0,0,0,0,0,0,0,0,0,0,0,0,0,0,0,0,0,0,0,0,0,0,0,0,0,0,0,0,0,0,0,0,0.0,0.0,0.0
123672,777,0,0,0,0,0,0,0,0,0,0,0,0,0,0,0,0,0,0,0,0,0,0,0,0,0,0,0,0,0,0,0,0,0,0,0,0,0,0,0,0,0,0,0,0,0,0,0,0,0,0,0,0,0,0,0,0,0,0,0,0,0,0,0,0,0,0,0,0,0,0,0,0,0,0,0,0.0,0.0,0.0
123961,777,0,0,0,0,0,0,0,0,0,0,0,0,0,0,0,0,0,0,0,0,0,0,0,0,0,0,0,0,0,0,0,0,0,0,0,0,0,0,0,0,0,0,0,0,0,0,0,0,0,0,0,0,0,0,0,0,0,0,0,0,0,0,0,0,0,0,0,0,0,0,0,0,0,0,0,0.0,0.0,0.0
123998,777,7,7,0,0,630,0,0,0,0,0,0,0,0,0,218,137,47,9,0,122,41,0,0,0,47,3,45,19,261,0,0,0,0,0,0,4,0,0,0,33,0,0,10,3,0,0,1,1,0,0,0,0,0,2,4,4,0,0,18,18,4,14,7,5,0,1,1,3,7,0,0,0,10,0,0,0.0,0.0,0.0
124052,777,38,37,1,7,3284,22,14,1,0,24,6,20,84,43,630,436,240,147,23,25,13,19,7,0,73,31,178,87,1215,484,169,4,38,22,66,203,322,12,15,93,42,8,64,112,179,73,26,7,0,0,23,0,0,9,0,0,15,0,0,0,0,0,0,33,45,0,5,0,50,14,1,8,0,0,214,20.6,13.58,1.83
124083,777,0,0,0,0,0,0,0,0,0,0,0,0,0,0,0,0,0,0,0,0,0,0,0,0,0,0,0,0,0,0,0,0,0,0,0,0,0,0,0,0,0,0,0,0,0,0,0,0,0,0,0,0,0,0,0,0,0,0,0,0,0,0,0,0,0,0,0,0,0,0,0,0,0,0,0,0.0,0.0,0.0
124179,777,0,0,0,0,0,0,0,0,0,0,0,0,0,0,0,0,0,0,0,0,0,0,0,0,0,0,0,0,0,0,0,0,0,0,0,0,0,0,0,0,0,0,0,0,0,0,0,0,0,0,0,0,0,0,0,0,0,0,0,0,0,0,0,0,0,0,0,0,0,0,0,0,0,0,0,0.0,0.0,0.0
124181,777,1,0,1,0,8,0,0,0,0,0,0,0,0,0,7,6,1,1,0,0,0,0,0,0,0,0,3,0,11,3,0,0,0,0,1,1,1,0,0,1,0,0,0,0,0,0,1,0,0,0,0,0,0,0,0,0,0,0,0,0,0,0,0,0,1,0,0,0,0,0,0,0,0,0,1,0.0,0.0,0.0
124319,777,1,0,1,0,1,0,0,0,0,0,0,0,0,0,0,0,0,0,0,0,0,0,0,0,0,0,0,0,0,0,0,0,0,0,0,0,0,0,0,0,0,0,0,0,0,0,0,0,0,0,0,0,0,0,0,0,0,0,0,0,0,0,0,0,0,0,0,0,0,0,0,0,0,0,0,0.0,0.0,0.0
124320,777,0,0,0,0,0,0,0,0,0,0,0,0,0,0,0,0,0,0,0,0,0,0,0,0,0,0,0,0,0,0,0,0,0,0,0,0,0,0,0,0,0,0,0,0,0,0,0,0,0,0,0,0,0,0,0,0,0,0,0,0,0,0,0,0,0,0,0,0,0,0,0,0,0,0,0,0.0,0.0,0.0
124329,777,0,0,0,0,0,0,0,0,0,0,0,0,0,0,0,0,0,0,0,0,0,0,0,0,0,0,0,0,0,0,0,0,0,0,0,0,0,0,0,0,0,0,0,0,0,0,0,0,0,0,0,0,0,0,0,0,0,0,0,0,0,0,0,0,0,0,0,0,0,0,0,0,0,0,0,0.0,0.0,0.0
124366,777,0,0,0,0,0,0,0,0,0,0,0,0,0,0,0,0,0,0,0,0,0,0,0,0,0,0,0,0,0,0,0,0,0,0,0,0,0,0,0,0,0,0,0,0,0,0,0,0,0,0,0,0,0,0,0,0,0,0,0,0,0,0,0,0,0,0,0,0,0,0,0,0,0,0,0,0.0,0.0,0.0
124383,777,0,0,0,0,0,0,0,0,0,0,0,0,0,0,0,0,0,0,0,0,0,0,0,0,0,0,0,0,0,0,0,0,0,0,0,0,0,0,0,0,0,0,0,0,0,0,0,0,0,0,0,0,0,0,0,0,0,0,0,0,0,0,0,0,0,0,0,0,0,0,0,0,0,0,0,0.0,0.0,0.0
124396,777,31,23,8,20,1662,0,0,0,0,9,1,1,20,2,748,644,153,105,14,60,34,0,0,0,67,19,186,94,1045,181,4,2,37,20,32,102,102,29,18,105,19,6,32,29,21,31,24,5,0,0,0,1,0,2,0,0,12,0,0,0,0,0,0,31,62,0,1,0,19,0,0,0,0,0,209,0.78,0.78,0.72
124462,777,35,33,2,2,2964,4,0,0,0,6,1,6,28,14,1695,1519,254,192,8,148,85,8,1,0,177,24,415,245,2114,144,50,1,44,32,3,176,97,31,12,118,3,33,184,114,61,24,11,4,0,0,2,1,0,4,0,0,0,0,0,0,0,2,2,68,50,0,5,0,52,4,0,0,0,0,292,4.8,4.8,0.96
124531,777,34,34,0,6,2937,0,0,0,0,7,1,0,10,1,1347,1170,156,92,14,137,52,6,2,0,115,15,207,123,1787,79,30,0,44,26,5,139,71,37,15,114,3,33,221,80,38,13,12,1,0,0,0,0,0,1,0,0,2,0,0,0,0,9,9,72,40,0,6,0,70,0,0,0,0,2,334,0.73,0.73,0.59
124846,777,0,0,0,0,0,0,0,0,0,0,0,0,0,0,0,0,0,0,0,0,0,0,0,0,0,0,0,0,0,0,0,0,0,0,0,0,0,0,0,0,0,0,0,0,0,0,0,0,0,0,0,0,0,0,0,0,0,0,0,0,0,0,0,0,0,0,0,0,0,0,0,0,0,0,0,0.0,0.0,0.0
124907,777,2,0,2,0,25,0,0,0,0,0,0,0,1,0,17,17,3,3,0,1,1,0,0,0,2,0,5,1,20,5,0,0,0,0,0,0,1,0,0,1,0,0,0,0,0,1,0,0,0,0,0,0,0,0,0,0,0,0,0,0,0,0,0,0,1,0,0,0,0,0,0,0,0,0,1,0.04,0.04,0.01
124944,777,33,33,0,7,2894,0,0,1,0,19,0,1,18,5,1106,944,304,227,40,82,38,21,4,0,101,60,336,177,1550,376,36,4,46,24,42,123,107,34,17,114,25,11,44,11,19,32,40,9,0,0,2,0,0,8,0,0,16,0,0,0,0,0,0,44,54,0,2,0,42,0,0,0,0,0,248,1.43,1.43,1.46
124989,777,0,0,0,0,0,0,0,0,0,0,0,0,0,0,0,0,0,0,0,0,0,0,0,0,0,0,0,0,0,0,0,0,0,0,0,0,0,0,0,0,0,0,0,0,0,0,0,0,0,0,0,0,0,0,0,0,0,0,0,0,0,0,0,0,0,0,0,0,0,0,0,0,0,0,0,0.0,0.0,0.0
125041,777,0,0,0,0,0,0,0,0,0,0,0,0,0,0,0,0,0,0,0,0,0,0,0,0,0,0,0,0,0,0,0,0,0,0,0,0,0,0,0,0,0,0,0,0,0,0,0,0,0,0,0,0,0,0,0,0,0,0,0,0,0,0,0,0,0,0,0,0,0,0,0,0,0,0,0,0.0,0.0,0.0
125042,777,0,0,0,0,0,0,0,0,0,0,0,0,0,0,0,0,0,0,0,0,0,0,0,0,0,0,0,0,0,0,0,0,0,0,0,0,0,0,0,0,0,0,0,0,0,0,0,0,0,0,0,0,0,0,0,0,0,0,0,0,0,0,0,0,0,0,0,0,0,0,0,0,0,0,0,0.0,0.0,0.0
125051,777,0,0,0,0,0,0,0,0,0,0,0,0,0,0,0,0,0,0,0,0,0,0,0,0,0,0,0,0,0,0,0,0,0,0,0,0,0,0,0,0,0,0,0,0,0,0,0,0,0,0,0,0,0,0,0,0,0,0,0,0,0,0,0,0,0,0,0,0,0,0,0,0,0,0,0,0.0,0.0,0.0
125075,777,17,8,9,7,663,1,0,0,0,2,0,0,4,2,478,440,52,38,7,18,4,1,1,0,23,5,134,52,599,53,8,0,11,8,11,42,24,11,4,26,8,2,20,11,7,2,9,1,0,0,2,0,0,1,0,0,2,0,0,0,0,4,4,16,8,0,1,0,13,1,0,0,0,0,44,0.62,0.62,0.13
125106,777,0,0,0,0,0,0,0,0,0,0,0,0,0,0,0,0,0,0,0,0,0,0,0,0,0,0,0,0,0,0,0,0,0,0,0,0,0,0,0,0,0,0,0,0,0,0,0,0,0,0,0,0,0,0,0,0,0,0,0,0,0,0,0,0,0,0,0,0,0,0,0,0,0,0,0,0.0,0.0,0.0
125169,777,0,0,0,0,0,0,0,0,0,0,0,0,0,0,0,0,0,0,0,0,0,0,0,0,0,0,0,0,0,0,0,0,0,0,0,0,0,0,0,0,0,0,0,0,0,0,0,0,0,0,0,0,0,0,0,0,0,0,0,0,0,0,0,0,0,0,0,0,0,0,0,0,0,0,0,0.0,0.0,0.0
125185,777,0,0,0,0,0,0,0,0,0,0,0,0,0,0,0,0,0,0,0,0,0,0,0,0,0,0,0,0,0,0,0,0,0,0,0,0,0,0,0,0,0,0,0,0,0,0,0,0,0,0,0,0,0,0,0,0,0,0,0,0,0,0,0,0,0,0,0,0,0,0,0,0,0,0,0,0.0,0.0,0.0
125524,777,0,0,0,0,0,0,0,0,0,0,0,0,0,0,0,0,0,0,0,0,0,0,0,0,0,0,0,0,0,0,0,0,0,0,0,0,0,0,0,0,0,0,0,0,0,0,0,0,0,0,0,0,0,0,0,0,0,0,0,0,0,0,0,0,0,0,0,0,0,0,0,0,0,0,0,0.0,0.0,0.0
125733,777,0,0,0,0,0,0,0,0,0,0,0,0,0,0,0,0,0,0,0,0,0,0,0,0,0,0,0,0,0,0,0,0,0,0,0,0,0,0,0,0,0,0,0,0,0,0,0,0,0,0,0,0,0,0,0,0,0,0,0,0,0,0,0,0,0,0,0,0,0,0,0,0,0,0,0,0.0,0.0,0.0
125827,777,0,0,0,0,0,0,0,0,0,0,0,0,0,0,0,0,0,0,0,0,0,0,0,0,0,0,0,0,0,0,0,0,0,0,0,0,0,0,0,0,0,0,0,0,0,0,0,0,0,0,0,0,0,0,0,0,0,0,0,0,0,0,0,0,0,0,0,0,0,0,0,0,0,0,0,0.0,0.0,0.0
125829,777,0,0,0,0,0,0,0,0,0,0,0,0,0,0,0,0,0,0,0,0,0,0,0,0,0,0,0,0,0,0,0,0,0,0,0,0,0,0,0,0,0,0,0,0,0,0,0,0,0,0,0,0,0,0,0,0,0,0,0,0,0,0,0,0,0,0,0,0,0,0,0,0,0,0,0,0.0,0.0,0.0
126108,777,26,15,11,14,1251,1,1,1,0,13,2,0,21,7,428,340,163,117,14,46,26,25,5,5,65,60,173,98,711,238,25,5,28,15,32,95,76,10,3,44,20,3,20,9,21,20,41,5,0,0,0,0,0,0,0,0,5,0,0,0,0,0,0,17,22,0,0,0,30,1,0,0,0,0,105,1.04,1.04,1.06
126110,777,20,15,5,7,1407,2,1,2,0,7,1,2,26,8,436,357,168,126,8,15,4,32,4,0,49,33,149,81,647,256,46,3,14,7,30,58,70,4,7,48,14,0,13,11,13,20,27,6,0,0,3,0,1,4,0,0,10,0,0,0,0,0,0,14,24,0,1,0,19,1,0,1,0,0,79,3.27,2.49,0.85
126123,777,0,0,0,0,0,0,0,0,0,0,0,0,0,0,0,0,0,0,0,0,0,0,0,0,0,0,0,0,0,0,0,0,0,0,0,0,0,0,0,0,0,0,0,0,0,0,0,0,0,0,0,0,0,0,0,0,0,0,0,0,0,0,0,0,0,0,0,0,0,0,0,0,0,0,0,0.0,0.0,0.0
126317,777,14,9,5,9,658,1,0,0,0,7,2,1,6,2,161,122,67,43,11,6,2,27,5,0,9,26,80,46,309,156,16,1,11,8,31,30,68,2,9,20,12,0,11,9,14,17,3,2,0,0,4,0,0,0,0,0,4,0,0,0,0,0,0,7,9,0,0,0,8,1,0,0,0,0,45,0.35,0.35,0.62
126426,777,28,14,14,15,1314,2,1,0,0,18,1,1,17,5,690,590,173,130,17,43,21,39,14,12,74,49,143,70,907,198,14,3,27,14,15,52,59,21,20,81,8,2,15,12,13,13,9,1,0,0,0,0,0,1,0,0,10,0,0,0,0,0,0,29,42,0,1,0,22,2,0,0,0,0,147,1.44,1.44,1.39
126670,777,0,0,0,0,0,0,0,0,0,0,0,0,0,0,0,0,0,0,0,0,0,0,0,0,0,0,0,0,0,0,0,0,0,0,0,0,0,0,0,0,0,0,0,0,0,0,0,0,0,0,0,0,0,0,0,0,0,0,0,0,0,0,0,0,0,0,0,0,0,0,0,0,0,0,0,0.0,0.0,0.0
126789,777,37,17,20,16,1565,9,7,1,0,12,1,10,43,17,208,129,82,45,20,1,1,2,0,0,18,5,70,35,561,253,95,0,15,4,57,133,204,1,3,26,30,5,43,92,115,33,12,3,0,0,9,0,0,0,0,0,8,0,0,0,0,0,0,4,14,0,2,0,19,9,0,0,0,0,89,8.9,8.9,0.23
126824,777,20,14,6,7,1340,0,0,1,0,12,2,0,4,1,585,500,174,145,13,20,4,27,5,0,68,26,172,120,894,228,39,0,31,19,24,66,66,7,12,70,12,5,25,8,13,17,22,4,0,0,3,0,0,0,0,0,1,0,0,0,0,0,0,44,25,0,2,0,25,0,0,0,0,0,68,0.18,0.18,0.72
126920,777,20,8,12,7,756,2,2,0,0,4,2,1,13,6,85,56,40,22,7,3,1,1,0,0,10,6,58,40,228,99,31,0,5,1,42,42,80,1,3,14,21,1,5,15,29,6,11,0,0,0,3,0,0,1,0,0,2,0,0,0,0,0,0,7,5,0,1,0,9,2,0,0,0,0,26,2.13,2.13,0.22
126943,777,24,7,17,4,821,1,1,1,0,9,0,6,20,11,373,309,203,157,10,16,5,40,7,4,14,44,202,144,598,377,79,5,9,5,45,41,60,5,2,39,9,0,6,0,4,9,15,2,0,0,4,0,1,2,0,0,4,0,0,0,0,0,0,15,20,0,0,0,7,1,0,0,0,0,59,2.5,2.5,1.59
126962,777,0,0,0,0,0,0,0,0,0,0,0,0,0,0,0,0,0,0,0,0,0,0,0,0,0,0,0,0,0,0,0,0,0,0,0,0,0,0,0,0,0,0,0,0,0,0,0,0,0,0,0,0,0,0,0,0,0,0,0,0,0,0,0,0,0,0,0,0,0,0,0,0,0,0,0,0.0,0.0,0.0
127393,777,21,21,0,5,1830,0,0,5,1,20,6,1,9,3,736,557,195,118,21,104,35,76,11,21,119,86,105,59,1198,258,26,0,52,32,13,70,57,31,13,69,6,4,66,10,18,13,3,1,0,0,1,0,0,2,0,0,0,0,0,0,0,0,0,45,24,0,5,0,40,0,0,0,0,0,153,0.32,0.32,1.98
127401,777,0,0,0,0,0,0,0,0,0,0,0,0,0,0,0,0,0,0,0,0,0,0,0,0,0,0,0,0,0,0,0,0,0,0,0,0,0,0,0,0,0,0,0,0,0,0,0,0,0,0,0,0,0,0,0,0,0,0,0,0,0,0,0,0,0,0,0,0,0,0,0,0,0,0,0,0.0,0.0,0.0
127536,777,0,0,0,0,0,0,0,0,0,0,0,0,0,0,0,0,0,0,0,0,0,0,0,0,0,0,0,0,0,0,0,0,0,0,0,0,0,0,0,0,0,0,0,0,0,0,0,0,0,0,0,0,0,0,0,0,0,0,0,0,0,0,0,0,0,0,0,0,0,0,0,0,0,0,0,0.0,0.0,0.0
127537,777,0,0,0,0,0,0,0,0,0,0,0,0,0,0,0,0,0,0,0,0,0,0,0,0,0,0,0,0,0,0,0,0,0,0,0,0,0,0,0,0,0,0,0,0,0,0,0,0,0,0,0,0,0,0,0,0,0,0,0,0,0,0,0,0,0,0,0,0,0,0,0,0,0,0,0,0.0,0.0,0.0
127594,777,35,32,3,13,2757,8,6,3,0,28,7,15,57,24,527,357,235,145,24,18,7,22,5,1,67,45,218,144,1088,450,141,4,41,24,100,190,241,18,9,94,45,3,31,87,86,50,43,6,0,1,10,0,2,5,0,0,10,0,0,0,0,0,0,44,40,0,2,0,34,8,1,0,0,0,190,12.08,11.3,2.05
127659,777,2,0,2,0,7,0,0,0,0,0,0,0,0,0,7,7,2,2,0,0,0,0,0,0,0,0,0,0,13,3,1,0,0,0,0,0,0,1,0,0,0,1,2,0,0,0,0,0,0,0,0,0,0,0,0,0,0,0,0,0,0,0,0,0,0,0,0,0,1,0,0,0,0,0,4,0.0,0.0,0.0
127668,777,4,1,3,1,127,1,1,0,0,1,0,1,4,1,16,9,7,3,0,0,0,0,0,0,1,1,3,1,37,19,9,0,0,0,4,7,9,1,0,3,3,0,3,5,4,1,2,0,0,0,2,0,0,0,0,0,0,0,0,0,0,0,0,0,3,0,0,0,1,1,0,0,0,0,7,0.79,0.79,0.01
127721,777,0,0,0,0,0,0,0,0,0,0,0,0,0,0,0,0,0,0,0,0,0,0,0,0,0,0,0,0,0,0,0,0,0,0,0,0,0,0,0,0,0,0,0,0,0,0,0,0,0,0,0,0,0,0,0,0,0,0,0,0,0,0,0,0,0,0,0,0,0,0,0,0,0,0,0,0.0,0.0,0.0
127722,777,0,0,0,0,0,0,0,0,0,0,0,0,0,0,0,0,0,0,0,0,0,0,0,0,0,0,0,0,0,0,0,0,0,0,0,0,0,0,0,0,0,0,0,0,0,0,0,0,0,0,0,0,0,0,0,0,0,0,0,0,0,0,0,0,0,0,0,0,0,0,0,0,0,0,0,0.0,0.0,0.0
127723,777,0,0,0,0,0,0,0,0,0,0,0,0,0,0,0,0,0,0,0,0,0,0,0,0,0,0,0,0,0,0,0,0,0,0,0,0,0,0,0,0,0,0,0,0,0,0,0,0,0,0,0,0,0,0,0,0,0,0,0,0,0,0,0,0,0,0,0,0,0,0,0,0,0,0,0,0.0,0.0,0.0
127725,777,0,0,0,0,0,0,0,0,0,0,0,0,0,0,0,0,0,0,0,0,0,0,0,0,0,0,0,0,0,0,0,0,0,0,0,0,0,0,0,0,0,0,0,0,0,0,0,0,0,0,0,0,0,0,0,0,0,0,0,0,0,0,0,0,0,0,0,0,0,0,0,0,0,0,0,0.0,0.0,0.0
127728,777,0,0,0,0,0,0,0,0,0,0,0,0,0,0,0,0,0,0,0,0,0,0,0,0,0,0,0,0,0,0,0,0,0,0,0,0,0,0,0,0,0,0,0,0,0,0,0,0,0,0,0,0,0,0,0,0,0,0,0,0,0,0,0,0,0,0,0,0,0,0,0,0,0,0,0,0.0,0.0,0.0
127736,777,0,0,0,0,0,0,0,0,0,0,0,0,0,0,0,0,0,0,0,0,0,0,0,0,0,0,0,0,0,0,0,0,0,0,0,0,0,0,0,0,0,0,0,0,0,0,0,0,0,0,0,0,0,0,0,0,0,0,0,0,0,0,0,0,0,0,0,0,0,0,0,0,0,0,0,0.0,0.0,0.0
127754,777,0,0,0,0,0,0,0,0,0,0,0,0,0,0,0,0,0,0,0,0,0,0,0,0,0,0,0,0,0,0,0,0,0,0,0,0,0,0,0,0,0,0,0,0,0,0,0,0,0,0,0,0,0,0,0,0,0,0,0,0,0,0,0,0,0,0,0,0,0,0,0,0,0,0,0,0.0,0.0,0.0
127797,777,0,0,0,0,0,0,0,0,0,0,0,0,0,0,0,0,0,0,0,0,0,0,0,0,0,0,0,0,0,0,0,0,0,0,0,0,0,0,0,0,0,0,0,0,0,0,0,0,0,0,0,0,0,0,0,0,0,0,0,0,0,0,0,0,0,0,0,0,0,0,0,0,0,0,0,0.0,0.0,0.0
127804,777,0,0,0,0,0,0,0,0,0,0,0,0,0,0,0,0,0,0,0,0,0,0,0,0,0,0,0,0,0,0,0,0,0,0,0,0,0,0,0,0,0,0,0,0,0,0,0,0,0,0,0,0,0,0,0,0,0,0,0,0,0,0,0,0,0,0,0,0,0,0,0,0,0,0,0,0.0,0.0,0.0
127824,777,0,0,0,0,0,0,0,0,0,0,0,0,0,0,0,0,0,0,0,0,0,0,0,0,0,0,0,0,0,0,0,0,0,0,0,0,0,0,0,0,0,0,0,0,0,0,0,0,0,0,0,0,0,0,0,0,0,0,0,0,0,0,0,0,0,0,0,0,0,0,0,0,0,0,0,0.0,0.0,0.0
127826,777,1,1,0,0,90,0,0,0,0,2,2,0,1,0,33,25,10,3,1,3,1,3,2,0,7,9,9,8,58,22,1,0,1,1,3,4,6,0,3,4,1,0,2,0,0,0,1,0,0,0,0,0,0,0,0,0,0,0,0,0,0,0,0,3,1,0,0,0,2,0,0,0,0,0,7,0.02,0.02,0.16
127827,777,0,0,0,0,0,0,0,0,0,0,0,0,0,0,0,0,0,0,0,0,0,0,0,0,0,0,0,0,0,0,0,0,0,0,0,0,0,0,0,0,0,0,0,0,0,0,0,0,0,0,0,0,0,0,0,0,0,0,0,0,0,0,0,0,0,0,0,0,0,0,0,0,0,0,0,0.0,0.0,0.0
127828,777,0,0,0,0,0,0,0,0,0,0,0,0,0,0,0,0,0,0,0,0,0,0,0,0,0,0,0,0,0,0,0,0,0,0,0,0,0,0,0,0,0,0,0,0,0,0,0,0,0,0,0,0,0,0,0,0,0,0,0,0,0,0,0,0,0,0,0,0,0,0,0,0,0,0,0,0.0,0.0,0.0
127846,777,1,0,1,0,14,0,0,0,0,0,0,0,0,0,8,8,4,4,0,1,1,0,0,0,2,0,2,0,9,2,0,0,0,0,0,0,0,0,0,2,0,0,0,0,0,0,0,0,0,0,0,0,0,0,0,0,1,0,0,0,0,0,0,1,0,0,0,0,0,0,0,0,0,0,2,0.0,0.0,0.01
127847,777,0,0,0,0,0,0,0,0,0,0,0,0,0,0,0,0,0,0,0,0,0,0,0,0,0,0,0,0,0,0,0,0,0,0,0,0,0,0,0,0,0,0,0,0,0,0,0,0,0,0,0,0,0,0,0,0,0,0,0,0,0,0,0,0,0,0,0,0,0,0,0,0,0,0,0,0.0,0.0,0.0
127852,777,2,0,2,0,25,0,0,0,0,2,0,0,0,0,19,18,12,11,0,0,0,0,0,0,2,2,4,1,23,16,2,1,0,0,2,0,6,0,1,1,2,0,0,0,2,1,0,0,0,0,0,0,0,0,0,0,0,0,0,0,0,0,0,0,1,0,0,0,0,0,0,0,0,0,1,0.0,0.0,0.21
127854,777,0,0,0,0,0,0,0,0,0,0,0,0,0,0,0,0,0,0,0,0,0,0,0,0,0,0,0,0,0,0,0,0,0,0,0,0,0,0,0,0,0,0,0,0,0,0,0,0,0,0,0,0,0,0,0,0,0,0,0,0,0,0,0,0,0,0,0,0,0,0,0,0,0,0,0,0.0,0.0,0.0
127864,777,0,0,0,0,0,0,0,0,0,0,0,0,0,0,0,0,0,0,0,0,0,0,0,0,0,0,0,0,0,0,0,0,0,0,0,0,0,0,0,0,0,0,0,0,0,0,0,0,0,0,0,0,0,0,0,0,0,0,0,0,0,0,0,0,0,0,0,0,0,0,0,0,0,0,0,0.0,0.0,0.0
127888,777,0,0,0,0,0,0,0,0,0,0,0,0,0,0,0,0,0,0,0,0,0,0,0,0,0,0,0,0,0,0,0,0,0,0,0,0,0,0,0,0,0,0,0,0,0,0,0,0,0,0,0,0,0,0,0,0,0,0,0,0,0,0,0,0,0,0,0,0,0,0,0,0,0,0,0,0.0,0.0,0.0
127911,777,0,0,0,0,0,0,0,0,0,0,0,0,0,0,0,0,0,0,0,0,0,0,0,0,0,0,0,0,0,0,0,0,0,0,0,0,0,0,0,0,0,0,0,0,0,0,0,0,0,0,0,0,0,0,0,0,0,0,0,0,0,0,0,0,0,0,0,0,0,0,0,0,0,0,0,0.0,0.0,0.0
128022,777,0,0,0,0,0,0,0,0,0,0,0,0,0,0,0,0,0,0,0,0,0,0,0,0,0,0,0,0,0,0,0,0,0,0,0,0,0,0,0,0,0,0,0,0,0,0,0,0,0,0,0,0,0,0,0,0,0,0,0,0,0,0,0,0,0,0,0,0,0,0,0,0,0,0,0,0.0,0.0,0.0
128023,777,0,0,0,0,0,0,0,0,0,0,0,0,0,0,0,0,0,0,0,0,0,0,0,0,0,0,0,0,0,0,0,0,0,0,0,0,0,0,0,0,0,0,0,0,0,0,0,0,0,0,0,0,0,0,0,0,0,0,0,0,0,0,0,0,0,0,0,0,0,0,0,0,0,0,0,0.0,0.0,0.0
128136,777,0,0,0,0,0,0,0,0,0,0,0,0,0,0,0,0,0,0,0,0,0,0,0,0,0,0,0,0,0,0,0,0,0,0,0,0,0,0,0,0,0,0,0,0,0,0,0,0,0,0,0,0,0,0,0,0,0,0,0,0,0,0,0,0,0,0,0,0,0,0,0,0,0,0,0,0.0,0.0,0.0
128139,777,0,0,0,0,0,0,0,0,0,0,0,0,0,0,0,0,0,0,0,0,0,0,0,0,0,0,0,0,0,0,0,0,0,0,0,0,0,0,0,0,0,0,0,0,0,0,0,0,0,0,0,0,0,0,0,0,0,0,0,0,0,0,0,0,0,0,0,0,0,0,0,0,0,0,0,0.0,0.0,0.0
128264,777,0,0,0,0,0,0,0,0,0,0,0,0,0,0,0,0,0,0,0,0,0,0,0,0,0,0,0,0,0,0,0,0,0,0,0,0,0,0,0,0,0,0,0,0,0,0,0,0,0,0,0,0,0,0,0,0,0,0,0,0,0,0,0,0,0,0,0,0,0,0,0,0,0,0,0,0.0,0.0,0.0
128364,777,0,0,0,0,0,0,0,0,0,0,0,0,0,0,0,0,0,0,0,0,0,0,0,0,0,0,0,0,0,0,0,0,0,0,0,0,0,0,0,0,0,0,0,0,0,0,0,0,0,0,0,0,0,0,0,0,0,0,0,0,0,0,0,0,0,0,0,0,0,0,0,0,0,0,0,0.0,0.0,0.0
128366,777,3,0,3,0,107,0,0,0,0,2,0,0,1,0,45,37,6,4,0,3,2,0,0,0,1,1,10,1,63,10,2,0,5,2,5,7,11,1,0,4,4,1,0,1,4,2,1,0,0,0,0,0,0,0,0,0,0,0,0,0,0,0,0,0,4,0,0,0,0,0,0,0,0,0,11,0.03,0.03,0.02
128372,777,0,0,0,0,0,0,0,0,0,0,0,0,0,0,0,0,0,0,0,0,0,0,0,0,0,0,0,0,0,0,0,0,0,0,0,0,0,0,0,0,0,0,0,0,0,0,0,0,0,0,0,0,0,0,0,0,0,0,0,0,0,0,0,0,0,0,0,0,0,0,0,0,0,0,0,0.0,0.0,0.0
128411,777,16,6,10,4,677,1,0,0,0,6,0,1,11,1,169,131,58,40,6,6,3,5,3,0,15,10,53,30,312,117,20,0,25,12,23,50,72,4,6,28,15,2,9,15,23,20,7,0,0,0,2,0,0,2,0,0,3,0,0,0,0,0,0,12,13,0,0,0,13,1,0,0,0,0,68,0.67,0.67,0.35
128449,777,4,0,4,0,69,0,0,0,0,0,0,0,3,1,20,19,6,5,1,1,1,0,0,0,2,1,14,9,35,14,4,0,0,0,4,3,6,0,0,1,1,0,0,1,1,1,1,0,0,0,0,0,0,0,0,0,0,0,0,0,0,0,0,1,0,0,0,0,0,0,0,0,0,0,1,0.24,0.24,0.02
128456,777,19,17,2,2,1539,0,0,0,0,4,0,1,6,1,681,579,75,38,11,78,30,1,0,0,55,6,171,84,925,43,21,1,24,16,6,83,47,12,4,49,4,13,125,52,32,5,7,0,0,0,2,0,0,2,0,0,0,0,0,0,0,0,0,28,21,0,2,0,34,0,0,0,0,0,174,0.25,0.25,0.32
128643,777,7,1,6,1,165,1,1,0,0,1,0,0,3,1,59,39,26,15,1,7,3,5,1,0,10,9,13,8,98,32,4,0,2,1,3,8,10,1,1,4,1,0,4,5,2,4,0,0,0,0,0,0,0,0,0,0,0,0,0,0,0,0,0,4,0,0,1,0,4,1,0,0,0,0,7,0.55,0.55,0.08
128733,777,0,0,0,0,0,0,0,0,0,0,0,0,0,0,0,0,0,0,0,0,0,0,0,0,0,0,0,0,0,0,0,0,0,0,0,0,0,0,0,0,0,0,0,0,0,0,0,0,0,0,0,0,0,0,0,0,0,0,0,0,0,0,0,0,0,0,0,0,0,0,0,0,0,0,0,0.0,0.0,0.0
128863,777,0,0,0,0,0,0,0,0,0,0,0,0,0,0,0,0,0,0,0,0,0,0,0,0,0,0,0,0,0,0,0,0,0,0,0,0,0,0,0,0,0,0,0,0,0,0,0,0,0,0,0,0,0,0,0,0,0,0,0,0,0,0,0,0,0,0,0,0,0,0,0,0,0,0,0,0.0,0.0,0.0
128891,777,37,30,7,15,2665,1,0,2,0,14,1,0,16,4,1347,1136,329,223,43,141,67,30,8,0,164,58,311,134,1782,331,18,2,70,45,50,129,153,28,40,187,23,14,41,32,26,37,12,7,0,0,1,0,0,6,0,0,14,0,0,0,0,0,0,71,102,0,4,0,42,1,0,0,0,0,338,1.22,1.22,1.39
128892,777,0,0,0,0,0,0,0,0,0,0,0,0,0,0,0,0,0,0,0,0,0,0,0,0,0,0,0,0,0,0,0,0,0,0,0,0,0,0,0,0,0,0,0,0,0,0,0,0,0,0,0,0,0,0,0,0,0,0,0,0,0,0,0,0,0,0,0,0,0,0,0,0,0,0,0,0.0,0.0,0.0
128966,777,0,0,0,0,0,0,0,0,0,0,0,0,0,0,0,0,0,0,0,0,0,0,0,0,0,0,0,0,0,0,0,0,0,0,0,0,0,0,0,0,0,0,0,0,0,0,0,0,0,0,0,0,0,0,0,0,0,0,0,0,0,0,0,0,0,0,0,0,0,0,0,0,0,0,0,0.0,0.0,0.0
128969,777,0,0,0,0,0,0,0,0,0,0,0,0,0,0,0,0,0,0,0,0,0,0,0,0,0,0,0,0,0,0,0,0,0,0,0,0,0,0,0,0,0,0,0,0,0,0,0,0,0,0,0,0,0,0,0,0,0,0,0,0,0,0,0,0,0,0,0,0,0,0,0,0,0,0,0,0.0,0.0,0.0
128976,777,32,15,17,15,1304,1,1,2,0,15,0,3,26,11,348,278,148,110,14,8,3,12,0,0,36,19,195,112,602,249,70,2,27,14,40,76,77,3,8,59,19,5,14,3,19,13,30,4,0,0,3,0,0,0,0,0,5,0,0,0,0,0,0,19,35,0,2,0,18,1,0,0,0,0,107,2.47,2.47,0.66
128977,777,0,0,0,0,0,0,0,0,0,0,0,0,0,0,0,0,0,0,0,0,0,0,0,0,0,0,0,0,0,0,0,0,0,0,0,0,0,0,0,0,0,0,0,0,0,0,0,0,0,0,0,0,0,0,0,0,0,0,0,0,0,0,0,0,0,0,0,0,0,0,0,0,0,0,0,0.0,0.0,0.0
128980,777,0,0,0,0,0,0,0,0,0,0,0,0,0,0,0,0,0,0,0,0,0,0,0,0,0,0,0,0,0,0,0,0,0,0,0,0,0,0,0,0,0,0,0,0,0,0,0,0,0,0,0,0,0,0,0,0,0,0,0,0,0,0,0,0,0,0,0,0,0,0,0,0,0,0,0,0.0,0.0,0.0
129426,777,0,0,0,0,0,0,0,0,0,0,0,0,0,0,0,0,0,0,0,0,0,0,0,0,0,0,0,0,0,0,0,0,0,0,0,0,0,0,0,0,0,0,0,0,0,0,0,0,0,0,0,0,0,0,0,0,0,0,0,0,0,0,0,0,0,0,0,0,0,0,0,0,0,0,0,0.0,0.0,0.0
129427,777,0,0,0,0,0,0,0,0,0,0,0,0,0,0,0,0,0,0,0,0,0,0,0,0,0,0,0,0,0,0,0,0,0,0,0,0,0,0,0,0,0,0,0,0,0,0,0,0,0,0,0,0,0,0,0,0,0,0,0,0,0,0,0,0,0,0,0,0,0,0,0,0,0,0,0,0.0,0.0,0.0
129443,777,1,0,1,0,1,0,0,0,0,0,0,0,0,0,0,0,0,0,0,0,0,0,0,0,0,0,2,1,3,1,0,0,0,0,0,0,1,0,0,0,0,0,0,0,1,1,0,0,0,0,0,0,0,0,0,0,0,0,0,0,0,0,0,0,0,0,0,0,0,0,0,0,0,0,0,0.0,0.0,0.0
129671,777,0,0,0,0,0,0,0,0,0,0,0,0,0,0,0,0,0,0,0,0,0,0,0,0,0,0,0,0,0,0,0,0,0,0,0,0,0,0,0,0,0,0,0,0,0,0,0,0,0,0,0,0,0,0,0,0,0,0,0,0,0,0,0,0,0,0,0,0,0,0,0,0,0,0,0,0.0,0.0,0.0
129722,777,0,0,0,0,0,0,0,0,0,0,0,0,0,0,0,0,0,0,0,0,0,0,0,0,0,0,0,0,0,0,0,0,0,0,0,0,0,0,0,0,0,0,0,0,0,0,0,0,0,0,0,0,0,0,0,0,0,0,0,0,0,0,0,0,0,0,0,0,0,0,0,0,0,0,0,0.0,0.0,0.0
129740,777,3,0,3,0,12,1,1,0,0,0,0,0,2,1,7,5,2,1,0,1,1,0,0,0,0,0,6,2,16,7,3,0,1,0,3,3,3,0,0,1,2,0,0,0,0,0,0,0,0,0,0,0,0,0,0,0,0,0,0,0,0,0,0,0,1,0,0,0,0,1,0,0,0,0,1,0.23,0.23,0.0
129831,777,0,0,0,0,0,0,0,0,0,0,0,0,0,0,0,0,0,0,0,0,0,0,0,0,0,0,0,0,0,0,0,0,0,0,0,0,0,0,0,0,0,0,0,0,0,0,0,0,0,0,0,0,0,0,0,0,0,0,0,0,0,0,0,0,0,0,0,0,0,0,0,0,0,0,0,0.0,0.0,0.0
129833,777,0,0,0,0,0,0,0,0,0,0,0,0,0,0,0,0,0,0,0,0,0,0,0,0,0,0,0,0,0,0,0,0,0,0,0,0,0,0,0,0,0,0,0,0,0,0,0,0,0,0,0,0,0,0,0,0,0,0,0,0,0,0,0,0,0,0,0,0,0,0,0,0,0,0,0,0.0,0.0,0.0
129835,777,0,0,0,0,0,0,0,0,0,0,0,0,0,0,0,0,0,0,0,0,0,0,0,0,0,0,0,0,0,0,0,0,0,0,0,0,0,0,0,0,0,0,0,0,0,0,0,0,0,0,0,0,0,0,0,0,0,0,0,0,0,0,0,0,0,0,0,0,0,0,0,0,0,0,0,0.0,0.0,0.0
129849,777,0,0,0,0,0,0,0,0,0,0,0,0,0,0,0,0,0,0,0,0,0,0,0,0,0,0,0,0,0,0,0,0,0,0,0,0,0,0,0,0,0,0,0,0,0,0,0,0,0,0,0,0,0,0,0,0,0,0,0,0,0,0,0,0,0,0,0,0,0,0,0,0,0,0,0,0.0,0.0,0.0
129952,777,3,1,2,1,93,0,0,0,0,0,0,0,0,0,34,29,9,7,3,4,2,4,0,0,1,6,14,3,56,29,1,0,1,0,3,5,9,0,2,3,2,0,3,2,4,0,0,0,0,0,1,0,0,0,0,0,0,0,0,0,0,0,0,0,3,0,0,0,2,0,0,0,0,0,7,0.0,0.0,0.03
130068,777,10,1,9,1,266,0,0,1,0,3,1,3,13,2,32,22,13,10,1,0,0,0,0,0,3,1,8,6,70,39,16,0,0,0,4,8,28,0,2,4,1,0,4,5,12,10,2,1,0,0,2,0,0,0,0,0,1,0,0,0,0,0,0,0,3,0,0,0,3,0,0,0,0,0,8,1.54,1.54,0.29
130150,777,1,0,1,0,15,0,0,0,0,1,0,0,0,0,5,5,1,1,0,0,0,1,0,0,0,1,2,2,8,5,0,0,0,0,1,0,1,0,0,0,0,0,0,0,0,0,0,0,0,0,0,0,0,0,0,0,0,0,0,0,0,0,0,0,0,0,0,0,0,0,0,0,0,0,0,0.0,0.0,0.01
130151,777,3,0,3,0,40,0,0,0,0,0,0,0,4,1,11,9,3,3,1,2,1,0,0,0,1,0,8,6,26,14,3,0,1,1,2,4,4,0,0,2,1,0,0,0,0,2,2,0,0,0,0,0,0,0,0,0,0,0,0,0,0,0,0,1,1,0,0,0,0,0,0,0,0,0,3,0.1,0.1,0.01
130153,777,0,0,0,0,0,0,0,0,0,0,0,0,0,0,0,0,0,0,0,0,0,0,0,0,0,0,0,0,0,0,0,0,0,0,0,0,0,0,0,0,0,0,0,0,0,0,0,0,0,0,0,0,0,0,0,0,0,0,0,0,0,0,0,0,0,0,0,0,0,0,0,0,0,0,0,0.0,0.0,0.0
130234,777,1,0,1,0,13,0,0,0,0,0,0,0,1,0,0,0,0,0,0,0,0,0,0,0,0,0,0,0,5,3,1,0,0,0,1,0,2,0,0,0,1,0,0,0,1,0,0,0,0,0,0,0,0,0,0,0,0,0,0,0,0,0,0,0,0,0,0,0,1,0,0,0,0,0,0,0.03,0.03,0.0
130665,777,6,0,6,0,21,0,0,0,0,1,0,1,1,0,22,20,6,6,3,1,0,0,0,0,2,0,4,3,30,9,1,0,1,0,2,1,4,0,1,4,1,0,0,0,0,1,0,0,0,0,1,0,0,0,0,0,0,0,0,0,0,0,0,3,1,0,0,0,1,0,0,0,0,0,5,0.37,0.37,0.02
130670,777,0,0,0,0,0,0,0,0,0,0,0,0,0,0,0,0,0,0,0,0,0,0,0,0,0,0,0,0,0,0,0,0,0,0,0,0,0,0,0,0,0,0,0,0,0,0,0,0,0,0,0,0,0,0,0,0,0,0,0,0,0,0,0,0,0,0,0,0,0,0,0,0,0,0,0,0.0,0.0,0.0
130671,777,0,0,0,0,0,0,0,0,0,0,0,0,0,0,0,0,0,0,0,0,0,0,0,0,0,0,0,0,0,0,0,0,0,0,0,0,0,0,0,0,0,0,0,0,0,0,0,0,0,0,0,0,0,0,0,0,0,0,0,0,0,0,0,0,0,0,0,0,0,0,0,0,0,0,0,0.0,0.0,0.0
130672,777,0,0,0,0,0,0,0,0,0,0,0,0,0,0,0,0,0,0,0,0,0,0,0,0,0,0,0,0,0,0,0,0,0,0,0,0,0,0,0,0,0,0,0,0,0,0,0,0,0,0,0,0,0,0,0,0,0,0,0,0,0,0,0,0,0,0,0,0,0,0,0,0,0,0,0,0.0,0.0,0.0
131312,777,6,0,6,0,113,0,0,0,0,2,0,0,1,0,81,68,30,24,3,10,4,3,2,0,21,4,12,7,101,22,3,0,0,0,1,4,2,1,0,6,1,0,4,3,1,0,0,0,0,0,0,0,0,0,0,0,0,0,0,0,0,0,0,3,3,0,1,0,3,0,0,0,0,0,5,0.12,0.12,0.49
132068,777,0,0,0,0,0,0,0,0,0,0,0,0,0,0,0,0,0,0,0,0,0,0,0,0,0,0,0,0,0,0,0,0,0,0,0,0,0,0,0,0,0,0,0,0,0,0,0,0,0,0,0,0,0,0,0,0,0,0,0,0,0,0,0,0,0,0,0,0,0,0,0,0,0,0,0,0.0,0.0,0.0
132169,777,0,0,0,0,0,0,0,0,0,0,0,0,0,0,0,0,0,0,0,0,0,0,0,0,0,0,0,0,0,0,0,0,0,0,0,0,0,0,0,0,0,0,0,0,0,0,0,0,0,0,0,0,0,0,0,0,0,0,0,0,0,0,0,0,0,0,0,0,0,0,0,0,0,0,0,0.0,0.0,0.0
132285,777,18,15,3,2,1275,0,0,0,0,3,0,0,1,0,749,659,119,85,10,72,34,1,0,0,89,5,155,102,922,40,10,1,20,15,4,60,51,12,3,48,1,5,83,35,36,8,5,1,0,0,2,1,0,4,0,0,2,0,0,0,0,2,2,24,22,0,2,0,27,0,0,0,0,0,117,0.02,0.02,0.19
132716,777,0,0,0,0,0,0,0,0,0,0,0,0,0,0,0,0,0,0,0,0,0,0,0,0,0,0,0,0,0,0,0,0,0,0,0,0,0,0,0,0,0,0,0,0,0,0,0,0,0,0,0,0,0,0,0,0,0,0,0,0,0,0,0,0,0,0,0,0,0,0,0,0,0,0,0,0.0,0.0,0.0
132727,777,0,0,0,0,0,0,0,0,0,0,0,0,0,0,0,0,0,0,0,0,0,0,0,0,0,0,0,0,0,0,0,0,0,0,0,0,0,0,0,0,0,0,0,0,0,0,0,0,0,0,0,0,0,0,0,0,0,0,0,0,0,0,0,0,0,0,0,0,0,0,0,0,0,0,0,0.0,0.0,0.0
132956,777,3,1,2,1,100,0,0,0,0,0,0,1,1,0,52,46,3,1,0,3,0,0,0,0,2,0,6,2,63,3,1,0,1,0,1,2,4,1,2,2,0,1,5,1,1,0,0,0,0,0,0,0,0,0,0,0,0,0,0,0,0,9,9,2,0,0,0,0,3,0,0,0,0,0,8,0.35,0.35,0.0
133025,777,1,0,1,0,11,0,0,0,0,0,0,0,0,0,2,2,1,1,0,0,0,1,0,0,0,0,1,1,8,4,2,0,2,1,0,3,1,0,0,0,0,0,1,0,1,0,1,0,0,0,0,0,0,0,0,0,0,0,0,0,0,0,0,0,0,0,0,0,0,0,0,0,0,0,3,0.0,0.0,0.0
133097,777,4,0,4,0,38,0,0,0,0,1,0,0,3,1,16,9,9,7,0,2,1,2,0,0,3,0,12,7,34,20,5,0,0,0,3,8,7,0,1,5,2,0,0,0,1,2,3,0,0,0,0,0,0,0,0,0,1,0,0,0,0,0,0,3,1,0,0,0,0,0,0,0,0,0,5,0.09,0.09,0.01
133109,777,0,0,0,0,0,0,0,0,0,0,0,0,0,0,0,0,0,0,0,0,0,0,0,0,0,0,0,0,0,0,0,0,0,0,0,0,0,0,0,0,0,0,0,0,0,0,0,0,0,0,0,0,0,0,0,0,0,0,0,0,0,0,0,0,0,0,0,0,0,0,0,0,0,0,0,0.0,0.0,0.0
133114,777,17,11,6,4,923,0,0,1,0,2,1,1,3,0,494,447,46,33,0,30,17,1,0,0,37,5,129,58,631,19,8,1,22,13,3,55,25,1,5,40,1,11,60,18,10,7,9,2,0,0,0,0,0,2,0,0,1,0,0,0,0,19,19,19,20,0,0,0,15,0,0,0,0,1,93,0.34,0.34,0.18
133123,777,1,0,1,0,6,0,0,0,0,0,0,0,0,0,1,0,1,0,0,0,0,0,0,0,1,0,0,0,2,0,0,0,0,0,0,0,1,0,0,0,0,0,0,0,1,0,0,0,0,0,0,0,0,0,0,0,0,0,0,0,0,0,0,0,0,0,0,0,2,0,0,0,0,0,0,0.0,0.0,0.0
133124,777,0,0,0,0,0,0,0,0,0,0,0,0,0,0,0,0,0,0,0,0,0,0,0,0,0,0,0,0,0,0,0,0,0,0,0,0,0,0,0,0,0,0,0,0,0,0,0,0,0,0,0,0,0,0,0,0,0,0,0,0,0,0,0,0,0,0,0,0,0,0,0,0,0,0,0,0.0,0.0,0.0
133164,777,0,0,0,0,0,0,0,0,0,0,0,0,0,0,0,0,0,0,0,0,0,0,0,0,0,0,0,0,0,0,0,0,0,0,0,0,0,0,0,0,0,0,0,0,0,0,0,0,0,0,0,0,0,0,0,0,0,0,0,0,0,0,0,0,0,0,0,0,0,0,0,0,0,0,0,0.0,0.0,0.0
133169,777,6,1,5,1,83,0,0,0,0,0,0,0,0,0,37,37,5,5,1,0,0,4,0,0,0,5,21,12,64,18,1,0,5,4,2,5,4,0,1,4,1,1,4,0,0,1,0,0,0,0,0,0,0,0,0,0,0,0,0,0,0,0,0,3,1,0,0,0,3,0,0,0,0,0,10,0.0,0.0,0.01
133245,777,27,13,14,9,1255,1,1,0,0,8,1,3,11,2,797,718,162,136,16,28,14,2,0,0,73,12,122,63,987,134,20,3,37,19,5,75,46,20,13,48,2,6,18,14,17,13,22,4,0,0,1,0,0,1,0,0,7,0,0,0,0,0,0,13,28,0,1,0,18,1,0,0,0,0,129,2.0,2.0,0.88
133297,777,4,0,4,0,40,0,0,0,0,0,0,0,0,0,20,13,9,5,0,1,1,2,0,0,2,5,11,6,37,16,3,0,2,1,3,6,9,0,1,2,2,0,0,1,3,2,2,0,0,0,0,0,0,0,0,0,1,0,0,0,0,0,0,0,1,0,0,0,0,0,0,0,0,0,5,0.0,0.0,0.04
133430,777,4,1,3,1,81,0,0,0,0,3,0,0,2,0,36,28,13,9,2,2,1,2,1,2,3,3,13,6,57,30,8,0,1,0,2,2,6,1,2,3,0,1,0,1,1,1,0,1,0,0,0,0,0,0,0,0,0,0,0,0,0,0,0,1,2,0,0,0,4,0,0,0,0,0,6,0.06,0.06,0.28
133460,777,37,37,0,6,3264,1,1,1,0,34,4,1,9,3,1141,970,259,186,21,85,38,56,14,0,138,228,361,191,2177,585,35,2,67,45,83,213,156,38,23,163,31,15,99,41,27,26,50,8,0,0,1,2,0,8,0,0,5,0,0,0,0,0,0,91,67,0,5,0,49,1,0,0,0,1,219,1.28,1.28,2.89
133497,777,0,0,0,0,0,0,0,0,0,0,0,0,0,0,0,0,0,0,0,0,0,0,0,0,0,0,0,0,0,0,0,0,0,0,0,0,0,0,0,0,0,0,0,0,0,0,0,0,0,0,0,0,0,0,0,0,0,0,0,0,0,0,0,0,0,0,0,0,0,0,0,0,0,0,0,0.0,0.0,0.0
133503,777,0,0,0,0,0,0,0,0,0,0,0,0,0,0,0,0,0,0,0,0,0,0,0,0,0,0,0,0,0,0,0,0,0,0,0,0,0,0,0,0,0,0,0,0,0,0,0,0,0,0,0,0,0,0,0,0,0,0,0,0,0,0,0,0,0,0,0,0,0,0,0,0,0,0,0,0.0,0.0,0.0
133603,777,23,11,12,11,966,1,1,3,0,5,0,1,12,5,305,249,121,86,7,18,10,20,3,0,44,49,119,54,494,191,30,3,22,14,16,49,63,2,9,39,7,2,13,5,14,24,7,2,0,0,3,0,0,0,0,0,4,0,0,0,0,0,0,19,16,0,0,0,18,1,0,0,0,0,79,1.23,1.23,0.43
133612,777,20,6,14,6,685,0,0,1,0,10,2,1,20,5,307,251,115,84,8,18,12,6,3,4,32,13,96,51,452,164,28,2,14,9,17,46,56,3,12,43,9,3,7,14,17,10,12,4,0,0,1,0,0,0,0,0,2,0,0,0,0,0,0,13,28,0,2,0,10,0,0,0,0,0,70,1.17,1.17,0.54
133650,777,2,0,2,0,17,0,0,0,0,0,0,0,0,0,19,18,2,2,0,1,0,0,0,0,0,0,2,1,20,5,0,0,0,0,0,0,0,0,0,2,0,0,0,0,0,0,0,0,0,0,0,0,0,0,0,0,0,0,0,0,0,0,0,0,2,0,0,0,0,0,0,0,0,0,2,0.0,0.0,0.01
133679,777,35,32,3,9,2833,1,1,1,0,16,2,0,19,7,1455,1245,388,288,31,72,39,32,11,0,179,62,442,211,2050,396,36,4,107,68,79,226,222,36,49,194,55,6,45,27,27,69,49,10,0,0,1,0,0,2,0,0,12,0,0,0,0,0,0,90,92,0,4,0,56,1,0,0,0,0,387,1.29,1.29,2.09
133681,777,0,0,0,0,0,0,0,0,0,0,0,0,0,0,0,0,0,0,0,0,0,0,0,0,0,0,0,0,0,0,0,0,0,0,0,0,0,0,0,0,0,0,0,0,0,0,0,0,0,0,0,0,0,0,0,0,0,0,0,0,0,0,0,0,0,0,0,0,0,0,0,0,0,0,0,0.0,0.0,0.0
133890,777,32,25,7,13,2279,7,5,3,1,27,12,13,56,20,485,306,245,133,32,39,18,108,19,28,60,111,232,153,1075,572,119,5,24,13,88,138,187,24,18,85,31,0,52,52,55,27,39,5,0,0,9,0,5,1,0,0,9,0,0,0,0,0,0,35,41,0,4,0,35,7,0,0,0,0,185,7.94,7.94,4.12
134176,777,18,8,10,8,715,1,1,1,0,16,1,2,16,6,248,194,124,90,5,13,7,14,3,7,24,35,124,74,442,241,28,2,14,5,50,56,69,2,5,40,17,0,2,8,3,11,14,2,0,0,2,0,0,0,0,0,3,0,0,0,0,0,0,13,24,0,1,0,11,1,0,0,0,0,58,1.86,1.86,0.88
134234,777,15,13,2,11,1119,5,4,2,0,14,3,0,28,8,318,249,139,98,15,16,10,24,4,1,26,31,140,90,538,292,51,2,11,7,31,55,80,8,9,43,10,0,20,25,32,9,6,1,0,0,1,1,0,1,0,0,9,0,0,0,0,0,0,13,21,0,3,0,10,5,0,0,0,0,82,2.67,2.67,1.84
134286,777,13,6,7,5,528,0,0,0,0,4,0,1,5,2,206,166,88,61,4,8,5,2,0,0,26,9,58,27,291,117,11,1,13,10,14,34,29,4,3,25,8,1,8,6,7,6,14,0,0,0,2,0,0,1,0,0,5,0,0,0,0,0,0,8,12,0,0,0,11,0,0,0,0,0,50,0.79,0.79,0.22
134333,777,29,20,9,5,1924,3,3,3,0,15,2,0,41,10,963,829,195,144,11,68,40,24,5,16,85,42,232,89,1322,280,38,1,47,24,49,102,113,26,24,124,19,4,24,9,17,24,28,1,0,0,0,0,0,6,0,0,14,0,0,0,0,0,0,38,72,0,4,0,24,3,0,0,0,0,225,2.7,2.7,1.15
134334,777,0,0,0,0,0,0,0,0,0,0,0,0,0,0,0,0,0,0,0,0,0,0,0,0,0,0,0,0,0,0,0,0,0,0,0,0,0,0,0,0,0,0,0,0,0,0,0,0,0,0,0,0,0,0,0,0,0,0,0,0,0,0,0,0,0,0,0,0,0,0,0,0,0,0,0,0.0,0.0,0.0
134403,777,38,38,0,0,3420,0,0,0,0,0,0,0,0,0,901,580,129,27,0,462,146,0,0,0,130,7,78,35,1318,0,0,0,0,0,0,23,3,0,3,285,0,0,62,20,0,0,2,3,0,0,0,0,0,11,23,21,0,0,181,184,41,212,127,43,0,6,6,31,54,0,0,0,109,1,0,0.0,0.0,0.0
134463,777,0,0,0,0,0,0,0,0,0,0,0,0,0,0,0,0,0,0,0,0,0,0,0,0,0,0,0,0,0,0,0,0,0,0,0,0,0,0,0,0,0,0,0,0,0,0,0,0,0,0,0,0,0,0,0,0,0,0,0,0,0,0,0,0,0,0,0,0,0,0,0,0,0,0,0,0.0,0.0,0.0
134487,777,0,0,0,0,0,0,0,0,0,0,0,0,0,0,0,0,0,0,0,0,0,0,0,0,0,0,0,0,0,0,0,0,0,0,0,0,0,0,0,0,0,0,0,0,0,0,0,0,0,0,0,0,0,0,0,0,0,0,0,0,0,0,0,0,0,0,0,0,0,0,0,0,0,0,0,0.0,0.0,0.0
134586,777,0,0,0,0,0,0,0,0,0,0,0,0,0,0,0,0,0,0,0,0,0,0,0,0,0,0,0,0,0,0,0,0,0,0,0,0,0,0,0,0,0,0,0,0,0,0,0,0,0,0,0,0,0,0,0,0,0,0,0,0,0,0,0,0,0,0,0,0,0,0,0,0,0,0,0,0.0,0.0,0.0
134632,777,0,0,0,0,0,0,0,0,0,0,0,0,0,0,0,0,0,0,0,0,0,0,0,0,0,0,0,0,0,0,0,0,0,0,0,0,0,0,0,0,0,0,0,0,0,0,0,0,0,0,0,0,0,0,0,0,0,0,0,0,0,0,0,0,0,0,0,0,0,0,0,0,0,0,0,0.0,0.0,0.0
134716,777,0,0,0,0,0,0,0,0,0,0,0,0,0,0,0,0,0,0,0,0,0,0,0,0,0,0,0,0,0,0,0,0,0,0,0,0,0,0,0,0,0,0,0,0,0,0,0,0,0,0,0,0,0,0,0,0,0,0,0,0,0,0,0,0,0,0,0,0,0,0,0,0,0,0,0,0.0,0.0,0.0
134782,777,0,0,0,0,0,0,0,0,0,0,0,0,0,0,0,0,0,0,0,0,0,0,0,0,0,0,0,0,0,0,0,0,0,0,0,0,0,0,0,0,0,0,0,0,0,0,0,0,0,0,0,0,0,0,0,0,0,0,0,0,0,0,0,0,0,0,0,0,0,0,0,0,0,0,0,0.0,0.0,0.0
134786,777,0,0,0,0,0,0,0,0,0,0,0,0,0,0,0,0,0,0,0,0,0,0,0,0,0,0,0,0,0,0,0,0,0,0,0,0,0,0,0,0,0,0,0,0,0,0,0,0,0,0,0,0,0,0,0,0,0,0,0,0,0,0,0,0,0,0,0,0,0,0,0,0,0,0,0,0.0,0.0,0.0
134787,777,0,0,0,0,0,0,0,0,0,0,0,0,0,0,0,0,0,0,0,0,0,0,0,0,0,0,0,0,0,0,0,0,0,0,0,0,0,0,0,0,0,0,0,0,0,0,0,0,0,0,0,0,0,0,0,0,0,0,0,0,0,0,0,0,0,0,0,0,0,0,0,0,0,0,0,0.0,0.0,0.0
134789,777,0,0,0,0,0,0,0,0,0,0,0,0,0,0,0,0,0,0,0,0,0,0,0,0,0,0,0,0,0,0,0,0,0,0,0,0,0,0,0,0,0,0,0,0,0,0,0,0,0,0,0,0,0,0,0,0,0,0,0,0,0,0,0,0,0,0,0,0,0,0,0,0,0,0,0,0.0,0.0,0.0
134791,777,0,0,0,0,0,0,0,0,0,0,0,0,0,0,0,0,0,0,0,0,0,0,0,0,0,0,0,0,0,0,0,0,0,0,0,0,0,0,0,0,0,0,0,0,0,0,0,0,0,0,0,0,0,0,0,0,0,0,0,0,0,0,0,0,0,0,0,0,0,0,0,0,0,0,0,0.0,0.0,0.0
134792,777,0,0,0,0,0,0,0,0,0,0,0,0,0,0,0,0,0,0,0,0,0,0,0,0,0,0,0,0,0,0,0,0,0,0,0,0,0,0,0,0,0,0,0,0,0,0,0,0,0,0,0,0,0,0,0,0,0,0,0,0,0,0,0,0,0,0,0,0,0,0,0,0,0,0,0,0.0,0.0,0.0
134796,777,19,5,14,4,551,2,2,1,0,16,3,0,16,6,192,167,128,110,8,6,3,21,7,0,5,25,154,84,353,239,53,0,4,2,25,46,38,3,4,19,12,1,3,0,5,4,12,0,0,0,0,0,0,0,0,0,3,0,0,0,0,0,0,10,6,0,0,0,12,2,0,0,0,0,30,1.34,1.34,2.01
134819,777,0,0,0,0,0,0,0,0,0,0,0,0,0,0,0,0,0,0,0,0,0,0,0,0,0,0,0,0,0,0,0,0,0,0,0,0,0,0,0,0,0,0,0,0,0,0,0,0,0,0,0,0,0,0,0,0,0,0,0,0,0,0,0,0,0,0,0,0,0,0,0,0,0,0,0,0.0,0.0,0.0
134820,777,0,0,0,0,0,0,0,0,0,0,0,0,0,0,0,0,0,0,0,0,0,0,0,0,0,0,0,0,0,0,0,0,0,0,0,0,0,0,0,0,0,0,0,0,0,0,0,0,0,0,0,0,0,0,0,0,0,0,0,0,0,0,0,0,0,0,0,0,0,0,0,0,0,0,0,0.0,0.0,0.0
134828,777,0,0,0,0,0,0,0,0,0,0,0,0,0,0,0,0,0,0,0,0,0,0,0,0,0,0,0,0,0,0,0,0,0,0,0,0,0,0,0,0,0,0,0,0,0,0,0,0,0,0,0,0,0,0,0,0,0,0,0,0,0,0,0,0,0,0,0,0,0,0,0,0,0,0,0,0.0,0.0,0.0
134829,777,0,0,0,0,0,0,0,0,0,0,0,0,0,0,0,0,0,0,0,0,0,0,0,0,0,0,0,0,0,0,0,0,0,0,0,0,0,0,0,0,0,0,0,0,0,0,0,0,0,0,0,0,0,0,0,0,0,0,0,0,0,0,0,0,0,0,0,0,0,0,0,0,0,0,0,0.0,0.0,0.0
134955,777,0,0,0,0,0,0,0,0,0,0,0,0,0,0,0,0,0,0,0,0,0,0,0,0,0,0,0,0,0,0,0,0,0,0,0,0,0,0,0,0,0,0,0,0,0,0,0,0,0,0,0,0,0,0,0,0,0,0,0,0,0,0,0,0,0,0,0,0,0,0,0,0,0,0,0,0.0,0.0,0.0
134960,777,0,0,0,0,0,0,0,0,0,0,0,0,0,0,0,0,0,0,0,0,0,0,0,0,0,0,0,0,0,0,0,0,0,0,0,0,0,0,0,0,0,0,0,0,0,0,0,0,0,0,0,0,0,0,0,0,0,0,0,0,0,0,0,0,0,0,0,0,0,0,0,0,0,0,0,0.0,0.0,0.0
135120,777,0,0,0,0,0,0,0,0,0,0,0,0,0,0,0,0,0,0,0,0,0,0,0,0,0,0,0,0,0,0,0,0,0,0,0,0,0,0,0,0,0,0,0,0,0,0,0,0,0,0,0,0,0,0,0,0,0,0,0,0,0,0,0,0,0,0,0,0,0,0,0,0,0,0,0,0.0,0.0,0.0
135233,777,0,0,0,0,0,0,0,0,0,0,0,0,0,0,0,0,0,0,0,0,0,0,0,0,0,0,0,0,0,0,0,0,0,0,0,0,0,0,0,0,0,0,0,0,0,0,0,0,0,0,0,0,0,0,0,0,0,0,0,0,0,0,0,0,0,0,0,0,0,0,0,0,0,0,0,0.0,0.0,0.0
135304,777,9,2,7,2,137,0,0,0,0,5,0,0,2,0,65,57,29,23,1,2,1,3,0,2,6,6,14,8,97,41,7,0,1,0,5,4,12,3,4,8,2,1,4,0,2,1,2,1,0,0,0,0,0,0,0,0,3,0,0,0,0,0,0,1,4,0,1,0,3,0,0,0,0,0,17,0.11,0.11,0.33
135431,777,0,0,0,0,0,0,0,0,0,0,0,0,0,0,0,0,0,0,0,0,0,0,0,0,0,0,0,0,0,0,0,0,0,0,0,0,0,0,0,0,0,0,0,0,0,0,0,0,0,0,0,0,0,0,0,0,0,0,0,0,0,0,0,0,0,0,0,0,0,0,0,0,0,0,0,0.0,0.0,0.0
135435,777,0,0,0,0,0,0,0,0,0,0,0,0,0,0,0,0,0,0,0,0,0,0,0,0,0,0,0,0,0,0,0,0,0,0,0,0,0,0,0,0,0,0,0,0,0,0,0,0,0,0,0,0,0,0,0,0,0,0,0,0,0,0,0,0,0,0,0,0,0,0,0,0,0,0,0,0.0,0.0,0.0
135438,777,0,0,0,0,0,0,0,0,0,0,0,0,0,0,0,0,0,0,0,0,0,0,0,0,0,0,0,0,0,0,0,0,0,0,0,0,0,0,0,0,0,0,0,0,0,0,0,0,0,0,0,0,0,0,0,0,0,0,0,0,0,0,0,0,0,0,0,0,0,0,0,0,0,0,0,0.0,0.0,0.0
135722,777,0,0,0,0,0,0,0,0,0,0,0,0,0,0,0,0,0,0,0,0,0,0,0,0,0,0,0,0,0,0,0,0,0,0,0,0,0,0,0,0,0,0,0,0,0,0,0,0,0,0,0,0,0,0,0,0,0,0,0,0,0,0,0,0,0,0,0,0,0,0,0,0,0,0,0,0.0,0.0,0.0
135734,777,0,0,0,0,0,0,0,0,0,0,0,0,0,0,0,0,0,0,0,0,0,0,0,0,0,0,0,0,0,0,0,0,0,0,0,0,0,0,0,0,0,0,0,0,0,0,0,0,0,0,0,0,0,0,0,0,0,0,0,0,0,0,0,0,0,0,0,0,0,0,0,0,0,0,0,0.0,0.0,0.0
135746,777,0,0,0,0,0,0,0,0,0,0,0,0,0,0,0,0,0,0,0,0,0,0,0,0,0,0,0,0,0,0,0,0,0,0,0,0,0,0,0,0,0,0,0,0,0,0,0,0,0,0,0,0,0,0,0,0,0,0,0,0,0,0,0,0,0,0,0,0,0,0,0,0,0,0,0,0.0,0.0,0.0
135748,777,0,0,0,0,0,0,0,0,0,0,0,0,0,0,0,0,0,0,0,0,0,0,0,0,0,0,0,0,0,0,0,0,0,0,0,0,0,0,0,0,0,0,0,0,0,0,0,0,0,0,0,0,0,0,0,0,0,0,0,0,0,0,0,0,0,0,0,0,0,0,0,0,0,0,0,0.0,0.0,0.0
135764,777,0,0,0,0,0,0,0,0,0,0,0,0,0,0,0,0,0,0,0,0,0,0,0,0,0,0,0,0,0,0,0,0,0,0,0,0,0,0,0,0,0,0,0,0,0,0,0,0,0,0,0,0,0,0,0,0,0,0,0,0,0,0,0,0,0,0,0,0,0,0,0,0,0,0,0,0.0,0.0,0.0
135769,777,0,0,0,0,0,0,0,0,0,0,0,0,0,0,0,0,0,0,0,0,0,0,0,0,0,0,0,0,0,0,0,0,0,0,0,0,0,0,0,0,0,0,0,0,0,0,0,0,0,0,0,0,0,0,0,0,0,0,0,0,0,0,0,0,0,0,0,0,0,0,0,0,0,0,0,0.0,0.0,0.0
135830,777,1,1,0,1,44,0,0,0,0,0,0,0,2,1,13,12,8,7,0,0,0,2,1,0,0,2,8,4,25,20,4,0,1,1,3,2,4,0,0,2,1,0,0,1,1,0,1,0,0,0,0,0,1,0,0,0,0,0,0,0,0,0,0,0,2,0,1,0,2,0,0,0,0,0,3,0.1,0.1,0.02
135902,777,0,0,0,0,0,0,0,0,0,0,0,0,0,0,0,0,0,0,0,0,0,0,0,0,0,0,0,0,0,0,0,0,0,0,0,0,0,0,0,0,0,0,0,0,0,0,0,0,0,0,0,0,0,0,0,0,0,0,0,0,0,0,0,0,0,0,0,0,0,0,0,0,0,0,0,0.0,0.0,0.0
135941,777,0,0,0,0,0,0,0,0,0,0,0,0,0,0,0,0,0,0,0,0,0,0,0,0,0,0,0,0,0,0,0,0,0,0,0,0,0,0,0,0,0,0,0,0,0,0,0,0,0,0,0,0,0,0,0,0,0,0,0,0,0,0,0,0,0,0,0,0,0,0,0,0,0,0,0,0.0,0.0,0.0
136175,777,34,26,8,15,2398,3,2,4,0,44,11,4,41,11,630,428,332,206,27,31,15,159,37,32,56,148,398,251,1304,793,185,2,56,37,90,162,174,17,21,95,34,0,16,19,32,32,22,3,0,0,10,0,1,2,0,0,19,0,0,0,0,0,0,28,48,0,3,0,33,3,0,0,0,0,185,3.81,3.81,5.06
136199,777,0,0,0,0,0,0,0,0,0,0,0,0,0,0,0,0,0,0,0,0,0,0,0,0,0,0,0,0,0,0,0,0,0,0,0,0,0,0,0,0,0,0,0,0,0,0,0,0,0,0,0,0,0,0,0,0,0,0,0,0,0,0,0,0,0,0,0,0,0,0,0,0,0,0,0,0.0,0.0,0.0
136398,777,0,0,0,0,0,0,0,0,0,0,0,0,0,0,0,0,0,0,0,0,0,0,0,0,0,0,0,0,0,0,0,0,0,0,0,0,0,0,0,0,0,0,0,0,0,0,0,0,0,0,0,0,0,0,0,0,0,0,0,0,0,0,0,0,0,0,0,0,0,0,0,0,0,0,0,0.0,0.0,0.0
136505,777,7,2,5,2,157,0,0,0,0,3,0,0,0,0,93,83,29,25,1,6,5,12,3,12,10,13,21,6,130,36,1,0,6,3,3,6,9,1,1,14,2,1,0,0,4,1,0,0,0,0,0,0,0,0,0,0,2,0,0,0,0,0,0,5,7,0,0,0,4,0,0,0,0,0,22,0.0,0.0,0.17
136672,777,0,0,0,0,0,0,0,0,0,0,0,0,0,0,0,0,0,0,0,0,0,0,0,0,0,0,0,0,0,0,0,0,0,0,0,0,0,0,0,0,0,0,0,0,0,0,0,0,0,0,0,0,0,0,0,0,0,0,0,0,0,0,0,0,0,0,0,0,0,0,0,0,0,0,0,0.0,0.0,0.0
136815,777,22,11,11,7,1049,0,0,2,0,8,3,0,3,0,260,193,86,54,4,28,14,33,8,3,44,35,76,46,465,128,19,0,10,5,5,30,26,7,3,27,2,2,31,11,8,10,4,1,0,0,0,0,0,0,0,0,2,0,0,0,0,0,0,15,10,0,2,0,23,0,0,0,0,0,50,0.13,0.13,1.09
136952,777,0,0,0,0,0,0,0,0,0,0,0,0,0,0,0,0,0,0,0,0,0,0,0,0,0,0,0,0,0,0,0,0,0,0,0,0,0,0,0,0,0,0,0,0,0,0,0,0,0,0,0,0,0,0,0,0,0,0,0,0,0,0,0,0,0,0,0,0,0,0,0,0,0,0,0,0.0,0.0,0.0
137371,777,21,15,6,3,1429,0,0,0,0,6,0,1,7,1,1080,991,157,130,9,79,41,3,1,0,79,11,243,121,1304,129,8,0,27,20,4,55,36,33,3,75,2,9,56,15,15,14,6,2,0,0,0,0,0,5,0,0,2,0,0,0,0,3,3,36,37,0,1,0,13,0,0,0,0,0,123,0.65,0.65,1.21
137462,777,20,15,5,0,1406,0,0,0,0,20,1,1,16,4,560,470,179,140,23,41,14,56,9,20,54,61,161,77,959,309,22,2,29,22,22,54,67,20,21,86,12,6,39,3,9,15,4,1,0,1,6,0,0,1,0,0,6,0,0,0,0,0,0,50,30,0,1,0,29,0,0,0,0,0,93,0.6,0.6,1.46
137832,777,33,21,12,21,1683,13,7,0,0,22,3,3,52,22,467,355,180,120,11,25,16,11,1,1,40,25,120,52,742,307,84,4,9,6,42,44,98,9,8,61,20,0,33,8,22,27,12,5,0,0,6,0,0,0,0,0,20,0,0,0,0,0,0,17,24,0,1,0,21,11,0,2,0,0,112,8.31,6.75,1.51
138104,777,36,33,3,8,2934,5,2,6,1,53,13,1,36,12,1113,906,415,301,32,58,33,100,25,50,130,149,312,140,1748,629,62,16,89,57,64,157,185,29,39,154,31,12,36,18,51,31,37,5,0,0,4,0,0,8,0,0,23,0,0,0,0,0,0,67,64,0,2,0,43,2,1,3,0,0,319,5.22,2.1,5.95
138105,777,0,0,0,0,0,0,0,0,0,0,0,0,0,0,0,0,0,0,0,0,0,0,0,0,0,0,0,0,0,0,0,0,0,0,0,0,0,0,0,0,0,0,0,0,0,0,0,0,0,0,0,0,0,0,0,0,0,0,0,0,0,0,0,0,0,0,0,0,0,0,0,0,0,0,0,0.0,0.0,0.0
138107,777,0,0,0,0,0,0,0,0,0,0,0,0,0,0,0,0,0,0,0,0,0,0,0,0,0,0,0,0,0,0,0,0,0,0,0,0,0,0,0,0,0,0,0,0,0,0,0,0,0,0,0,0,0,0,0,0,0,0,0,0,0,0,0,0,0,0,0,0,0,0,0,0,0,0,0,0.0,0.0,0.0
138109,777,0,0,0,0,0,0,0,0,0,0,0,0,0,0,0,0,0,0,0,0,0,0,0,0,0,0,0,0,0,0,0,0,0,0,0,0,0,0,0,0,0,0,0,0,0,0,0,0,0,0,0,0,0,0,0,0,0,0,0,0,0,0,0,0,0,0,0,0,0,0,0,0,0,0,0,0.0,0.0,0.0
138126,777,0,0,0,0,0,0,0,0,0,0,0,0,0,0,0,0,0,0,0,0,0,0,0,0,0,0,0,0,0,0,0,0,0,0,0,0,0,0,0,0,0,0,0,0,0,0,0,0,0,0,0,0,0,0,0,0,0,0,0,0,0,0,0,0,0,0,0,0,0,0,0,0,0,0,0,0.0,0.0,0.0
138137,777,14,6,8,7,552,0,0,2,0,11,2,1,9,3,196,155,89,67,1,8,2,38,8,12,17,35,96,54,333,177,22,2,4,3,18,27,37,0,6,28,5,1,2,1,4,9,14,1,0,0,0,0,0,0,0,0,2,0,0,0,0,0,0,16,10,0,1,0,10,0,0,0,0,0,35,0.54,0.54,1.01
138185,777,0,0,0,0,0,0,0,0,0,0,0,0,0,0,0,0,0,0,0,0,0,0,0,0,0,0,0,0,0,0,0,0,0,0,0,0,0,0,0,0,0,0,0,0,0,0,0,0,0,0,0,0,0,0,0,0,0,0,0,0,0,0,0,0,0,0,0,0,0,0,0,0,0,0,0,0.0,0.0,0.0
138518,777,0,0,0,0,0,0,0,0,0,0,0,0,0,0,0,0,0,0,0,0,0,0,0,0,0,0,0,0,0,0,0,0,0,0,0,0,0,0,0,0,0,0,0,0,0,0,0,0,0,0,0,0,0,0,0,0,0,0,0,0,0,0,0,0,0,0,0,0,0,0,0,0,0,0,0,0.0,0.0,0.0
138552,777,0,0,0,0,0,0,0,0,0,0,0,0,0,0,0,0,0,0,0,0,0,0,0,0,0,0,0,0,0,0,0,0,0,0,0,0,0,0,0,0,0,0,0,0,0,0,0,0,0,0,0,0,0,0,0,0,0,0,0,0,0,0,0,0,0,0,0,0,0,0,0,0,0,0,0,0.0,0.0,0.0
138554,777,0,0,0,0,0,0,0,0,0,0,0,0,0,0,0,0,0,0,0,0,0,0,0,0,0,0,0,0,0,0,0,0,0,0,0,0,0,0,0,0,0,0,0,0,0,0,0,0,0,0,0,0,0,0,0,0,0,0,0,0,0,0,0,0,0,0,0,0,0,0,0,0,0,0,0,0.0,0.0,0.0
138560,777,0,0,0,0,0,0,0,0,0,0,0,0,0,0,0,0,0,0,0,0,0,0,0,0,0,0,0,0,0,0,0,0,0,0,0,0,0,0,0,0,0,0,0,0,0,0,0,0,0,0,0,0,0,0,0,0,0,0,0,0,0,0,0,0,0,0,0,0,0,0,0,0,0,0,0,0.0,0.0,0.0
138981,777,21,7,14,4,788,1,0,0,0,7,0,4,13,4,253,185,95,60,12,28,9,16,0,1,36,20,90,52,453,166,32,2,25,11,22,46,72,1,19,34,11,0,12,8,22,11,10,0,0,0,1,0,0,1,0,0,4,0,0,0,0,0,0,14,16,0,1,0,15,0,0,1,0,0,72,2.38,1.6,0.39
139644,777,0,0,0,0,0,0,0,0,0,0,0,0,0,0,0,0,0,0,0,0,0,0,0,0,0,0,0,0,0,0,0,0,0,0,0,0,0,0,0,0,0,0,0,0,0,0,0,0,0,0,0,0,0,0,0,0,0,0,0,0,0,0,0,0,0,0,0,0,0,0,0,0,0,0,0,0.0,0.0,0.0
139648,777,25,25,0,3,2133,1,0,0,0,8,1,0,11,4,1132,946,206,130,22,168,82,3,0,0,168,29,198,109,1483,78,10,3,35,22,14,74,64,34,6,102,9,24,130,24,22,23,7,5,0,0,0,0,0,6,0,0,3,0,0,0,0,28,26,55,44,0,4,0,29,1,0,0,0,2,223,0.73,0.73,0.47
139657,777,0,0,0,0,0,0,0,0,0,0,0,0,0,0,0,0,0,0,0,0,0,0,0,0,0,0,0,0,0,0,0,0,0,0,0,0,0,0,0,0,0,0,0,0,0,0,0,0,0,0,0,0,0,0,0,0,0,0,0,0,0,0,0,0,0,0,0,0,0,0,0,0,0,0,0,0.0,0.0,0.0
139930,777,9,1,8,1,133,1,1,1,0,6,0,1,4,1,24,17,11,6,1,2,0,1,0,0,1,2,13,4,58,31,11,1,3,2,10,5,18,0,2,10,9,1,1,0,2,4,1,0,0,0,1,0,0,0,0,0,2,0,0,0,0,0,0,5,3,0,0,0,2,1,0,0,0,0,15,0.44,0.44,0.11
140024,777,0,0,0,0,0,0,0,0,0,0,0,0,0,0,0,0,0,0,0,0,0,0,0,0,0,0,0,0,0,0,0,0,0,0,0,0,0,0,0,0,0,0,0,0,0,0,0,0,0,0,0,0,0,0,0,0,0,0,0,0,0,0,0,0,0,0,0,0,0,0,0,0,0,0,0,0.0,0.0,0.0
140223,777,11,0,11,0,67,0,0,0,0,1,0,0,2,0,31,22,15,10,2,1,0,0,0,0,5,1,12,7,57,20,4,0,6,4,4,10,12,0,4,7,4,1,2,2,1,4,1,2,0,0,0,0,0,0,0,0,2,0,0,0,0,0,0,2,3,0,0,0,1,0,0,0,0,0,16,0.07,0.07,0.04
140291,777,0,0,0,0,0,0,0,0,0,0,0,0,0,0,0,0,0,0,0,0,0,0,0,0,0,0,0,0,0,0,0,0,0,0,0,0,0,0,0,0,0,0,0,0,0,0,0,0,0,0,0,0,0,0,0,0,0,0,0,0,0,0,0,0,0,0,0,0,0,0,0,0,0,0,0,0.0,0.0,0.0
140365,777,0,0,0,0,0,0,0,0,0,0,0,0,0,0,0,0,0,0,0,0,0,0,0,0,0,0,0,0,0,0,0,0,0,0,0,0,0,0,0,0,0,0,0,0,0,0,0,0,0,0,0,0,0,0,0,0,0,0,0,0,0,0,0,0,0,0,0,0,0,0,0,0,0,0,0,0.0,0.0,0.0
140368,777,0,0,0,0,0,0,0,0,0,0,0,0,0,0,0,0,0,0,0,0,0,0,0,0,0,0,0,0,0,0,0,0,0,0,0,0,0,0,0,0,0,0,0,0,0,0,0,0,0,0,0,0,0,0,0,0,0,0,0,0,0,0,0,0,0,0,0,0,0,0,0,0,0,0,0,0.0,0.0,0.0
140370,777,0,0,0,0,0,0,0,0,0,0,0,0,0,0,0,0,0,0,0,0,0,0,0,0,0,0,0,0,0,0,0,0,0,0,0,0,0,0,0,0,0,0,0,0,0,0,0,0,0,0,0,0,0,0,0,0,0,0,0,0,0,0,0,0,0,0,0,0,0,0,0,0,0,0,0,0.0,0.0,0.0
140380,777,0,0,0,0,0,0,0,0,0,0,0,0,0,0,0,0,0,0,0,0,0,0,0,0,0,0,0,0,0,0,0,0,0,0,0,0,0,0,0,0,0,0,0,0,0,0,0,0,0,0,0,0,0,0,0,0,0,0,0,0,0,0,0,0,0,0,0,0,0,0,0,0,0,0,0,0.0,0.0,0.0
140381,777,0,0,0,0,0,0,0,0,0,0,0,0,0,0,0,0,0,0,0,0,0,0,0,0,0,0,0,0,0,0,0,0,0,0,0,0,0,0,0,0,0,0,0,0,0,0,0,0,0,0,0,0,0,0,0,0,0,0,0,0,0,0,0,0,0,0,0,0,0,0,0,0,0,0,0,0.0,0.0,0.0
140459,777,0,0,0,0,0,0,0,0,0,0,0,0,0,0,0,0,0,0,0,0,0,0,0,0,0,0,0,0,0,0,0,0,0,0,0,0,0,0,0,0,0,0,0,0,0,0,0,0,0,0,0,0,0,0,0,0,0,0,0,0,0,0,0,0,0,0,0,0,0,0,0,0,0,0,0,0.0,0.0,0.0
140546,777,7,4,3,0,367,0,0,0,0,1,0,1,1,0,190,160,32,19,3,26,8,0,0,0,28,4,74,40,248,11,4,0,5,4,1,17,19,4,2,13,1,5,25,11,16,0,0,0,0,0,0,0,0,1,0,0,0,0,0,0,0,0,0,10,3,0,0,0,6,0,0,0,0,0,39,0.15,0.15,0.19
141181,777,6,1,5,1,153,1,1,0,0,4,0,0,6,1,52,46,30,26,2,1,1,6,1,2,5,3,37,23,115,71,19,1,2,2,18,15,25,1,3,13,7,0,0,0,2,2,7,0,0,0,0,0,1,0,0,0,1,0,0,0,0,0,0,1,11,0,0,0,1,1,0,0,0,0,16,1.19,1.19,0.3
141186,777,0,0,0,0,0,0,0,0,0,0,0,0,0,0,0,0,0,0,0,0,0,0,0,0,0,0,0,0,0,0,0,0,0,0,0,0,0,0,0,0,0,0,0,0,0,0,0,0,0,0,0,0,0,0,0,0,0,0,0,0,0,0,0,0,0,0,0,0,0,0,0,0,0,0,0,0.0,0.0,0.0
141210,777,0,0,0,0,0,0,0,0,0,0,0,0,0,0,0,0,0,0,0,0,0,0,0,0,0,0,0,0,0,0,0,0,0,0,0,0,0,0,0,0,0,0,0,0,0,0,0,0,0,0,0,0,0,0,0,0,0,0,0,0,0,0,0,0,0,0,0,0,0,0,0,0,0,0,0,0.0,0.0,0.0
141639,777,5,5,0,1,438,0,0,0,0,0,0,0,0,0,130,83,27,7,0,77,30,0,0,0,27,2,8,3,151,0,0,0,0,0,0,0,0,0,0,26,0,0,4,0,0,0,0,1,0,0,0,0,0,1,3,2,0,0,7,7,1,31,18,7,0,1,1,1,8,0,0,0,6,0,0,0.0,0.0,0.0
142627,777,0,0,0,0,0,0,0,0,0,0,0,0,0,0,0,0,0,0,0,0,0,0,0,0,0,0,0,0,0,0,0,0,0,0,0,0,0,0,0,0,0,0,0,0,0,0,0,0,0,0,0,0,0,0,0,0,0,0,0,0,0,0,0,0,0,0,0,0,0,0,0,0,0,0,0,0.0,0.0,0.0
142629,777,0,0,0,0,0,0,0,0,0,0,0,0,0,0,0,0,0,0,0,0,0,0,0,0,0,0,0,0,0,0,0,0,0,0,0,0,0,0,0,0,0,0,0,0,0,0,0,0,0,0,0,0,0,0,0,0,0,0,0,0,0,0,0,0,0,0,0,0,0,0,0,0,0,0,0,0.0,0.0,0.0
143214,777,35,30,5,6,2766,1,1,0,0,18,1,0,15,1,1311,1198,229,189,26,86,59,40,10,19,139,55,287,134,1763,196,6,1,82,44,45,148,143,30,37,212,30,13,50,4,15,47,43,12,0,0,0,0,0,1,0,0,10,0,0,0,0,0,0,92,110,0,3,0,53,1,0,0,0,0,383,0.52,0.52,0.99
143218,777,23,14,9,12,1121,1,1,0,0,11,0,4,16,3,399,357,128,110,30,10,8,31,9,16,32,33,118,63,666,242,39,0,43,27,38,70,95,8,14,58,26,2,15,10,18,25,9,1,0,0,3,0,0,1,0,0,7,0,0,0,0,0,0,29,22,0,0,0,21,1,0,0,0,0,125,3.38,3.38,0.62
143240,777,32,26,6,24,2136,5,5,1,0,21,4,7,42,14,753,587,250,166,49,41,17,21,6,1,88,41,193,95,1207,406,80,2,78,50,51,162,163,18,29,112,29,3,28,55,37,48,11,9,0,0,1,1,0,0,0,0,20,0,0,0,0,0,0,38,54,0,4,0,29,5,0,0,0,0,238,6.24,6.24,1.72
143264,777,0,0,0,0,0,0,0,0,0,0,0,0,0,0,0,0,0,0,0,0,0,0,0,0,0,0,0,0,0,0,0,0,0,0,0,0,0,0,0,0,0,0,0,0,0,0,0,0,0,0,0,0,0,0,0,0,0,0,0,0,0,0,0,0,0,0,0,0,0,0,0,0,0,0,0,0.0,0.0,0.0
143458,777,0,0,0,0,0,0,0,0,0,0,0,0,0,0,0,0,0,0,0,0,0,0,0,0,0,0,0,0,0,0,0,0,0,0,0,0,0,0,0,0,0,0,0,0,0,0,0,0,0,0,0,0,0,0,0,0,0,0,0,0,0,0,0,0,0,0,0,0,0,0,0,0,0,0,0,0.0,0.0,0.0
143561,777,0,0,0,0,0,0,0,0,0,0,0,0,0,0,0,0,0,0,0,0,0,0,0,0,0,0,0,0,0,0,0,0,0,0,0,0,0,0,0,0,0,0,0,0,0,0,0,0,0,0,0,0,0,0,0,0,0,0,0,0,0,0,0,0,0,0,0,0,0,0,0,0,0,0,0,0.0,0.0,0.0
143654,777,0,0,0,0,0,0,0,0,0,0,0,0,0,0,0,0,0,0,0,0,0,0,0,0,0,0,0,0,0,0,0,0,0,0,0,0,0,0,0,0,0,0,0,0,0,0,0,0,0,0,0,0,0,0,0,0,0,0,0,0,0,0,0,0,0,0,0,0,0,0,0,0,0,0,0,0.0,0.0,0.0
143734,777,0,0,0,0,0,0,0,0,0,0,0,0,0,0,0,0,0,0,0,0,0,0,0,0,0,0,0,0,0,0,0,0,0,0,0,0,0,0,0,0,0,0,0,0,0,0,0,0,0,0,0,0,0,0,0,0,0,0,0,0,0,0,0,0,0,0,0,0,0,0,0,0,0,0,0,0.0,0.0,0.0
143922,777,38,21,17,18,1915,8,7,0,0,12,2,10,38,14,362,219,170,90,9,3,1,4,1,0,34,16,88,53,678,321,94,2,6,4,44,153,247,5,10,35,23,4,25,130,154,47,8,3,0,0,12,0,0,0,0,0,9,0,0,0,0,0,0,7,19,0,1,0,34,8,0,0,0,0,74,8.17,8.17,0.44
144213,777,1,0,1,0,16,0,0,0,0,0,0,0,0,0,5,3,1,1,1,0,0,3,0,0,0,2,2,2,12,6,0,0,0,0,1,1,2,0,1,1,0,0,0,0,0,0,1,0,0,0,0,0,0,0,0,0,0,0,0,0,0,0,0,1,0,0,0,0,1,0,0,0,0,0,1,0.0,0.0,0.0
144265,777,0,0,0,0,0,0,0,0,0,0,0,0,0,0,0,0,0,0,0,0,0,0,0,0,0,0,0,0,0,0,0,0,0,0,0,0,0,0,0,0,0,0,0,0,0,0,0,0,0,0,0,0,0,0,0,0,0,0,0,0,0,0,0,0,0,0,0,0,0,0,0,0,0,0,0,0.0,0.0,0.0
144788,777,1,1,0,0,90,0,0,0,0,0,0,0,0,0,41,30,2,0,0,23,12,0,0,0,2,0,4,1,48,0,0,0,0,0,0,0,0,0,0,7,0,0,0,0,0,0,0,0,0,0,0,0,0,0,0,0,0,0,6,6,0,6,3,1,0,0,0,0,3,0,0,0,1,0,0,0.0,0.0,0.0
144894,777,7,0,7,0,49,0,0,0,0,1,0,0,0,0,16,11,8,6,2,1,0,0,0,0,1,1,5,2,25,15,4,0,1,1,0,4,12,0,3,4,0,0,0,1,6,4,2,1,0,0,0,0,0,0,0,0,0,0,0,0,0,0,0,1,3,0,0,0,2,0,0,0,0,0,5,0.0,0.0,0.07
144899,777,0,0,0,0,0,0,0,0,0,0,0,0,0,0,0,0,0,0,0,0,0,0,0,0,0,0,0,0,0,0,0,0,0,0,0,0,0,0,0,0,0,0,0,0,0,0,0,0,0,0,0,0,0,0,0,0,0,0,0,0,0,0,0,0,0,0,0,0,0,0,0,0,0,0,0,0.0,0.0,0.0
144918,777,0,0,0,0,0,0,0,0,0,0,0,0,0,0,0,0,0,0,0,0,0,0,0,0,0,0,0,0,0,0,0,0,0,0,0,0,0,0,0,0,0,0,0,0,0,0,0,0,0,0,0,0,0,0,0,0,0,0,0,0,0,0,0,0,0,0,0,0,0,0,0,0,0,0,0,0.0,0.0,0.0
144924,777,0,0,0,0,0,0,0,0,0,0,0,0,0,0,0,0,0,0,0,0,0,0,0,0,0,0,0,0,0,0,0,0,0,0,0,0,0,0,0,0,0,0,0,0,0,0,0,0,0,0,0,0,0,0,0,0,0,0,0,0,0,0,0,0,0,0,0,0,0,0,0,0,0,0,0,0.0,0.0,0.0
145043,777,21,2,19,2,353,2,1,1,0,10,3,2,21,8,127,95,59,45,7,4,1,6,0,1,11,10,56,33,265,142,42,0,11,7,26,51,58,1,4,25,10,0,4,22,22,7,7,2,0,0,4,0,0,0,0,0,7,0,0,0,0,0,0,5,13,0,0,0,9,2,0,0,0,0,41,2.12,2.12,0.54
145114,777,0,0,0,0,0,0,0,0,0,0,0,0,0,0,0,0,0,0,0,0,0,0,0,0,0,0,0,0,0,0,0,0,0,0,0,0,0,0,0,0,0,0,0,0,0,0,0,0,0,0,0,0,0,0,0,0,0,0,0,0,0,0,0,0,0,0,0,0,0,0,0,0,0,0,0,0.0,0.0,0.0
145134,777,0,0,0,0,0,0,0,0,0,0,0,0,0,0,0,0,0,0,0,0,0,0,0,0,0,0,0,0,0,0,0,0,0,0,0,0,0,0,0,0,0,0,0,0,0,0,0,0,0,0,0,0,0,0,0,0,0,0,0,0,0,0,0,0,0,0,0,0,0,0,0,0,0,0,0,0.0,0.0,0.0
145347,777,32,30,2,6,2711,0,0,5,1,29,5,0,18,4,1038,772,269,171,18,186,57,108,29,7,159,125,246,149,1821,431,30,4,44,20,43,137,118,33,14,126,19,13,116,45,37,28,25,6,0,0,2,2,0,6,0,0,3,0,0,0,0,0,0,77,46,0,3,0,47,0,0,0,0,0,205,0.57,0.57,2.51
145412,777,0,0,0,0,0,0,0,0,0,0,0,0,0,0,0,0,0,0,0,0,0,0,0,0,0,0,0,0,0,0,0,0,0,0,0,0,0,0,0,0,0,0,0,0,0,0,0,0,0,0,0,0,0,0,0,0,0,0,0,0,0,0,0,0,0,0,0,0,0,0,0,0,0,0,0,0.0,0.0,0.0
145413,777,0,0,0,0,0,0,0,0,0,0,0,0,0,0,0,0,0,0,0,0,0,0,0,0,0,0,0,0,0,0,0,0,0,0,0,0,0,0,0,0,0,0,0,0,0,0,0,0,0,0,0,0,0,0,0,0,0,0,0,0,0,0,0,0,0,0,0,0,0,0,0,0,0,0,0,0.0,0.0,0.0
145417,777,0,0,0,0,0,0,0,0,0,0,0,0,0,0,0,0,0,0,0,0,0,0,0,0,0,0,0,0,0,0,0,0,0,0,0,0,0,0,0,0,0,0,0,0,0,0,0,0,0,0,0,0,0,0,0,0,0,0,0,0,0,0,0,0,0,0,0,0,0,0,0,0,0,0,0,0.0,0.0,0.0
145492,777,27,19,8,4,1790,3,3,1,0,30,7,0,42,17,375,286,161,111,21,34,12,93,34,29,69,99,219,149,897,393,43,4,28,13,94,114,169,5,15,77,41,1,26,8,38,25,47,0,0,0,2,1,2,3,0,0,13,0,0,0,0,0,0,36,28,0,5,0,30,3,0,0,0,0,137,2.01,2.01,3.69
145550,777,0,0,0,0,0,0,0,0,0,0,0,0,0,0,0,0,0,0,0,0,0,0,0,0,0,0,0,0,0,0,0,0,0,0,0,0,0,0,0,0,0,0,0,0,0,0,0,0,0,0,0,0,0,0,0,0,0,0,0,0,0,0,0,0,0,0,0,0,0,0,0,0,0,0,0,0.0,0.0,0.0
145902,777,0,0,0,0,0,0,0,0,0,0,0,0,0,0,0,0,0,0,0,0,0,0,0,0,0,0,0,0,0,0,0,0,0,0,0,0,0,0,0,0,0,0,0,0,0,0,0,0,0,0,0,0,0,0,0,0,0,0,0,0,0,0,0,0,0,0,0,0,0,0,0,0,0,0,0,0.0,0.0,0.0
145986,777,0,0,0,0,0,0,0,0,0,0,0,0,0,0,0,0,0,0,0,0,0,0,0,0,0,0,0,0,0,0,0,0,0,0,0,0,0,0,0,0,0,0,0,0,0,0,0,0,0,0,0,0,0,0,0,0,0,0,0,0,0,0,0,0,0,0,0,0,0,0,0,0,0,0,0,0.0,0.0,0.0
145989,777,0,0,0,0,0,0,0,0,0,0,0,0,0,0,0,0,0,0,0,0,0,0,0,0,0,0,0,0,0,0,0,0,0,0,0,0,0,0,0,0,0,0,0,0,0,0,0,0,0,0,0,0,0,0,0,0,0,0,0,0,0,0,0,0,0,0,0,0,0,0,0,0,0,0,0,0.0,0.0,0.0
146050,777,1,0,1,0,1,0,0,0,0,0,0,0,0,0,5,4,2,2,0,0,0,0,0,0,2,0,1,0,7,3,0,0,0,0,0,1,0,0,0,0,0,0,0,1,0,0,0,0,0,0,0,0,0,0,0,0,0,0,0,0,0,0,0,0,0,0,0,0,0,0,0,0,0,0,0,0.0,0.0,0.0
146337,777,0,0,0,0,0,0,0,0,0,0,0,0,0,0,0,0,0,0,0,0,0,0,0,0,0,0,0,0,0,0,0,0,0,0,0,0,0,0,0,0,0,0,0,0,0,0,0,0,0,0,0,0,0,0,0,0,0,0,0,0,0,0,0,0,0,0,0,0,0,0,0,0,0,0,0,0.0,0.0,0.0
146353,777,0,0,0,0,0,0,0,0,0,0,0,0,0,0,0,0,0,0,0,0,0,0,0,0,0,0,0,0,0,0,0,0,0,0,0,0,0,0,0,0,0,0,0,0,0,0,0,0,0,0,0,0,0,0,0,0,0,0,0,0,0,0,0,0,0,0,0,0,0,0,0,0,0,0,0,0.0,0.0,0.0
146354,777,5,1,4,1,121,0,0,0,0,1,0,0,1,0,30,27,9,7,0,1,1,0,0,0,1,1,16,8,50,18,2,0,1,1,9,3,11,0,1,8,5,0,2,0,1,0,0,0,0,0,0,0,0,0,0,0,0,0,0,0,0,0,0,5,3,0,0,0,2,0,0,0,0,0,11,0.07,0.07,0.03
146391,777,14,0,14,0,159,0,0,0,0,0,0,1,6,2,59,35,33,17,1,3,1,6,0,0,7,3,20,11,113,60,16,0,1,1,11,16,32,0,4,9,7,0,3,8,13,4,7,0,0,0,3,0,1,0,0,0,2,0,0,0,0,0,0,1,6,0,1,0,4,0,0,0,0,0,13,0.49,0.49,0.01
146394,777,0,0,0,0,0,0,0,0,0,0,0,0,0,0,0,0,0,0,0,0,0,0,0,0,0,0,0,0,0,0,0,0,0,0,0,0,0,0,0,0,0,0,0,0,0,0,0,0,0,0,0,0,0,0,0,0,0,0,0,0,0,0,0,0,0,0,0,0,0,0,0,0,0,0,0,0.0,0.0,0.0
146567,777,26,15,11,5,1445,4,2,4,0,27,6,3,26,12,505,384,194,133,18,19,7,57,15,0,42,60,175,112,979,407,70,3,48,31,50,149,125,15,16,77,22,3,32,44,38,23,47,5,0,0,7,0,0,2,0,0,3,0,0,0,0,0,0,46,28,0,0,0,20,4,0,0,0,0,98,2.39,2.39,1.84
147032,777,9,3,6,3,259,0,0,0,0,3,0,1,4,1,55,35,16,8,6,11,3,10,4,0,13,9,19,12,134,36,9,0,8,6,6,12,18,5,4,11,4,0,6,2,3,5,1,0,0,0,0,0,0,0,0,0,0,0,0,0,0,0,0,4,7,0,1,0,6,0,0,0,0,0,19,0.35,0.35,0.37
147052,777,0,0,0,0,0,0,0,0,0,0,0,0,0,0,0,0,0,0,0,0,0,0,0,0,0,0,0,0,0,0,0,0,0,0,0,0,0,0,0,0,0,0,0,0,0,0,0,0,0,0,0,0,0,0,0,0,0,0,0,0,0,0,0,0,0,0,0,0,0,0,0,0,0,0,0,0.0,0.0,0.0
147272,777,0,0,0,0,0,0,0,0,0,0,0,0,0,0,0,0,0,0,0,0,0,0,0,0,0,0,0,0,0,0,0,0,0,0,0,0,0,0,0,0,0,0,0,0,0,0,0,0,0,0,0,0,0,0,0,0,0,0,0,0,0,0,0,0,0,0,0,0,0,0,0,0,0,0,0,0.0,0.0,0.0
147312,777,20,14,6,2,1334,0,0,0,0,3,0,3,7,1,765,675,150,119,17,76,37,5,0,0,97,17,154,100,1031,88,11,1,39,24,7,85,56,12,19,54,5,13,103,37,19,12,7,3,0,0,0,1,0,4,0,0,3,0,0,0,0,10,10,25,26,0,3,0,23,0,0,0,0,0,169,1.48,1.48,0.33
147359,777,0,0,0,0,0,0,0,0,0,0,0,0,0,0,0,0,0,0,0,0,0,0,0,0,0,0,0,0,0,0,0,0,0,0,0,0,0,0,0,0,0,0,0,0,0,0,0,0,0,0,0,0,0,0,0,0,0,0,0,0,0,0,0,0,0,0,0,0,0,0,0,0,0,0,0,0.0,0.0,0.0
147506,777,0,0,0,0,0,0,0,0,0,0,0,0,0,0,0,0,0,0,0,0,0,0,0,0,0,0,0,0,0,0,0,0,0,0,0,0,0,0,0,0,0,0,0,0,0,0,0,0,0,0,0,0,0,0,0,0,0,0,0,0,0,0,0,0,0,0,0,0,0,0,0,0,0,0,0,0.0,0.0,0.0
147508,777,0,0,0,0,0,0,0,0,0,0,0,0,0,0,0,0,0,0,0,0,0,0,0,0,0,0,0,0,0,0,0,0,0,0,0,0,0,0,0,0,0,0,0,0,0,0,0,0,0,0,0,0,0,0,0,0,0,0,0,0,0,0,0,0,0,0,0,0,0,0,0,0,0,0,0,0.0,0.0,0.0
147647,777,0,0,0,0,0,0,0,0,0,0,0,0,0,0,0,0,0,0,0,0,0,0,0,0,0,0,0,0,0,0,0,0,0,0,0,0,0,0,0,0,0,0,0,0,0,0,0,0,0,0,0,0,0,0,0,0,0,0,0,0,0,0,0,0,0,0,0,0,0,0,0,0,0,0,0,0.0,0.0,0.0
147678,777,0,0,0,0,0,0,0,0,0,0,0,0,0,0,0,0,0,0,0,0,0,0,0,0,0,0,0,0,0,0,0,0,0,0,0,0,0,0,0,0,0,0,0,0,0,0,0,0,0,0,0,0,0,0,0,0,0,0,0,0,0,0,0,0,0,0,0,0,0,0,0,0,0,0,0,0.0,0.0,0.0
147692,777,0,0,0,0,0,0,0,0,0,0,0,0,0,0,0,0,0,0,0,0,0,0,0,0,0,0,0,0,0,0,0,0,0,0,0,0,0,0,0,0,0,0,0,0,0,0,0,0,0,0,0,0,0,0,0,0,0,0,0,0,0,0,0,0,0,0,0,0,0,0,0,0,0,0,0,0.0,0.0,0.0
147695,777,0,0,0,0,0,0,0,0,0,0,0,0,0,0,0,0,0,0,0,0,0,0,0,0,0,0,0,0,0,0,0,0,0,0,0,0,0,0,0,0,0,0,0,0,0,0,0,0,0,0,0,0,0,0,0,0,0,0,0,0,0,0,0,0,0,0,0,0,0,0,0,0,0,0,0,0.0,0.0,0.0
147723,777,0,0,0,0,0,0,0,0,0,0,0,0,0,0,0,0,0,0,0,0,0,0,0,0,0,0,0,0,0,0,0,0,0,0,0,0,0,0,0,0,0,0,0,0,0,0,0,0,0,0,0,0,0,0,0,0,0,0,0,0,0,0,0,0,0,0,0,0,0,0,0,0,0,0,0,0.0,0.0,0.0
147792,777,0,0,0,0,0,0,0,0,0,0,0,0,0,0,0,0,0,0,0,0,0,0,0,0,0,0,0,0,0,0,0,0,0,0,0,0,0,0,0,0,0,0,0,0,0,0,0,0,0,0,0,0,0,0,0,0,0,0,0,0,0,0,0,0,0,0,0,0,0,0,0,0,0,0,0,0.0,0.0,0.0
147794,777,0,0,0,0,0,0,0,0,0,0,0,0,0,0,0,0,0,0,0,0,0,0,0,0,0,0,0,0,0,0,0,0,0,0,0,0,0,0,0,0,0,0,0,0,0,0,0,0,0,0,0,0,0,0,0,0,0,0,0,0,0,0,0,0,0,0,0,0,0,0,0,0,0,0,0,0.0,0.0,0.0
147908,777,0,0,0,0,0,0,0,0,0,0,0,0,0,0,0,0,0,0,0,0,0,0,0,0,0,0,0,0,0,0,0,0,0,0,0,0,0,0,0,0,0,0,0,0,0,0,0,0,0,0,0,0,0,0,0,0,0,0,0,0,0,0,0,0,0,0,0,0,0,0,0,0,0,0,0,0.0,0.0,0.0
148119,777,0,0,0,0,0,0,0,0,0,0,0,0,0,0,0,0,0,0,0,0,0,0,0,0,0,0,0,0,0,0,0,0,0,0,0,0,0,0,0,0,0,0,0,0,0,0,0,0,0,0,0,0,0,0,0,0,0,0,0,0,0,0,0,0,0,0,0,0,0,0,0,0,0,0,0,0.0,0.0,0.0
148162,777,0,0,0,0,0,0,0,0,0,0,0,0,0,0,0,0,0,0,0,0,0,0,0,0,0,0,0,0,0,0,0,0,0,0,0,0,0,0,0,0,0,0,0,0,0,0,0,0,0,0,0,0,0,0,0,0,0,0,0,0,0,0,0,0,0,0,0,0,0,0,0,0,0,0,0,0.0,0.0,0.0
148281,777,0,0,0,0,0,0,0,0,0,0,0,0,0,0,0,0,0,0,0,0,0,0,0,0,0,0,0,0,0,0,0,0,0,0,0,0,0,0,0,0,0,0,0,0,0,0,0,0,0,0,0,0,0,0,0,0,0,0,0,0,0,0,0,0,0,0,0,0,0,0,0,0,0,0,0,0.0,0.0,0.0
148282,777,0,0,0,0,0,0,0,0,0,0,0,0,0,0,0,0,0,0,0,0,0,0,0,0,0,0,0,0,0,0,0,0,0,0,0,0,0,0,0,0,0,0,0,0,0,0,0,0,0,0,0,0,0,0,0,0,0,0,0,0,0,0,0,0,0,0,0,0,0,0,0,0,0,0,0,0.0,0.0,0.0
148616,777,0,0,0,0,0,0,0,0,0,0,0,0,0,0,0,0,0,0,0,0,0,0,0,0,0,0,0,0,0,0,0,0,0,0,0,0,0,0,0,0,0,0,0,0,0,0,0,0,0,0,0,0,0,0,0,0,0,0,0,0,0,0,0,0,0,0,0,0,0,0,0,0,0,0,0,0.0,0.0,0.0
148984,777,0,0,0,0,0,0,0,0,0,0,0,0,0,0,0,0,0,0,0,0,0,0,0,0,0,0,0,0,0,0,0,0,0,0,0,0,0,0,0,0,0,0,0,0,0,0,0,0,0,0,0,0,0,0,0,0,0,0,0,0,0,0,0,0,0,0,0,0,0,0,0,0,0,0,0,0.0,0.0,0.0
149016,777,0,0,0,0,0,0,0,0,0,0,0,0,0,0,0,0,0,0,0,0,0,0,0,0,0,0,0,0,0,0,0,0,0,0,0,0,0,0,0,0,0,0,0,0,0,0,0,0,0,0,0,0,0,0,0,0,0,0,0,0,0,0,0,0,0,0,0,0,0,0,0,0,0,0,0,0.0,0.0,0.0
149338,777,0,0,0,0,0,0,0,0,0,0,0,0,0,0,0,0,0,0,0,0,0,0,0,0,0,0,0,0,0,0,0,0,0,0,0,0,0,0,0,0,0,0,0,0,0,0,0,0,0,0,0,0,0,0,0,0,0,0,0,0,0,0,0,0,0,0,0,0,0,0,0,0,0,0,0,0.0,0.0,0.0
150267,777,0,0,0,0,0,0,0,0,0,0,0,0,0,0,0,0,0,0,0,0,0,0,0,0,0,0,0,0,0,0,0,0,0,0,0,0,0,0,0,0,0,0,0,0,0,0,0,0,0,0,0,0,0,0,0,0,0,0,0,0,0,0,0,0,0,0,0,0,0,0,0,0,0,0,0,0.0,0.0,0.0
151538,777,2,0,2,0,7,0,0,0,0,0,0,0,0,0,11,8,5,4,0,0,0,0,0,0,3,1,4,3,13,3,0,0,1,1,1,1,2,0,0,2,0,0,0,0,0,1,0,0,0,0,0,0,0,0,0,0,0,0,0,0,0,0,0,1,1,0,0,0,1,0,0,0,0,0,3,0.0,0.0,0.0
155030,777,0,0,0,0,0,0,0,0,0,0,0,0,0,0,0,0,0,0,0,0,0,0,0,0,0,0,0,0,0,0,0,0,0,0,0,0,0,0,0,0,0,0,0,0,0,0,0,0,0,0,0,0,0,0,0,0,0,0,0,0,0,0,0,0,0,0,0,0,0,0,0,0,0,0,0,0.0,0.0,0.0
156335,777,0,0,0,0,0,0,0,0,0,0,0,0,0,0,0,0,0,0,0,0,0,0,0,0,0,0,0,0,0,0,0,0,0,0,0,0,0,0,0,0,0,0,0,0,0,0,0,0,0,0,0,0,0,0,0,0,0,0,0,0,0,0,0,0,0,0,0,0,0,0,0,0,0,0,0,0.0,0.0,0.0
254590,777,0,0,0,0,0,0,0,0,0,0,0,0,0,0,0,0,0,0,0,0,0,0,0,0,0,0,0,0,0,0,0,0,0,0,0,0,0,0,0,0,0,0,0,0,0,0,0,0,0,0,0,0,0,0,0,0,0,0,0,0,0,0,0,0,0,0,0,0,0,0,0,0,0,0,0,0.0,0.0,0.0
256083,777,0,0,0,0,0,0,0,0,0,0,0,0,0,0,0,0,0,0,0,0,0,0,0,0,0,0,0,0,0,0,0,0,0,0,0,0,0,0,0,0,0,0,0,0,0,0,0,0,0,0,0,0,0,0,0,0,0,0,0,0,0,0,0,0,0,0,0,0,0,0,0,0,0,0,0,0.0,0.0,0.0
283102,777,0,0,0,0,0,0,0,0,0,0,0,0,0,0,0,0,0,0,0,0,0,0,0,0,0,0,0,0,0,0,0,0,0,0,0,0,0,0,0,0,0,0,0,0,0,0,0,0,0,0,0,0,0,0,0,0,0,0,0,0,0,0,0,0,0,0,0,0,0,0,0,0,0,0,0,0.0,0.0,0.0
287787,777,0,0,0,0,0,0,0,0,0,0,0,0,0,0,0,0,0,0,0,0,0,0,0,0,0,0,0,0,0,0,0,0,0,0,0,0,0,0,0,0,0,0,0,0,0,0,0,0,0,0,0,0,0,0,0,0,0,0,0,0,0,0,0,0,0,0,0,0,0,0,0,0,0,0,0,0.0,0.0,0.0
301543,777,0,0,0,0,0,0,0,0,0,0,0,0,0,0,0,0,0,0,0,0,0,0,0,0,0,0,0,0,0,0,0,0,0,0,0,0,0,0,0,0,0,0,0,0,0,0,0,0,0,0,0,0,0,0,0,0,0,0,0,0,0,0,0,0,0,0,0,0,0,0,0,0,0,0,0,0.0,0.0,0.0
302305,777,3,0,3,0,34,0,0,0,0,0,0,0,0,0,23,20,5,4,0,2,0,2,0,0,1,2,11,2,31,12,1,0,1,0,0,3,3,0,1,4,0,0,0,0,0,2,2,0,0,0,0,0,0,0,0,0,0,0,0,0,0,0,0,2,2,0,0,0,2,0,0,0,0,0,1,0.0,0.0,0.0
302583,777,0,0,0,0,0,0,0,0,0,0,0,0,0,0,0,0,0,0,0,0,0,0,0,0,0,0,0,0,0,0,0,0,0,0,0,0,0,0,0,0,0,0,0,0,0,0,0,0,0,0,0,0,0,0,0,0,0,0,0,0,0,0,0,0,0,0,0,0,0,0,0,0,0,0,0,0.0,0.0,0.0
302807,777,1,0,1,0,16,0,0,0,0,0,0,0,0,0,5,1,2,0,1,2,0,0,0,0,2,0,0,0,9,0,0,0,1,0,0,3,0,1,0,0,0,0,0,2,0,0,0,0,0,0,1,0,0,0,0,0,0,0,0,0,0,0,0,0,0,0,0,0,0,0,0,0,0,0,2,0.0,0.0,0.0
303391,777,0,0,0,0,0,0,0,0,0,0,0,0,0,0,0,0,0,0,0,0,0,0,0,0,0,0,0,0,0,0,0,0,0,0,0,0,0,0,0,0,0,0,0,0,0,0,0,0,0,0,0,0,0,0,0,0,0,0,0,0,0,0,0,0,0,0,0,0,0,0,0,0,0,0,0,0.0,0.0,0.0
303753,777,0,0,0,0,0,0,0,0,0,0,0,0,0,0,0,0,0,0,0,0,0,0,0,0,0,0,0,0,0,0,0,0,0,0,0,0,0,0,0,0,0,0,0,0,0,0,0,0,0,0,0,0,0,0,0,0,0,0,0,0,0,0,0,0,0,0,0,0,0,0,0,0,0,0,0,0.0,0.0,0.0
303860,777,5,2,3,1,194,0,0,0,0,0,0,0,0,0,114,101,12,10,4,8,2,0,0,0,8,0,27,14,142,8,1,0,2,2,0,13,14,1,2,6,0,2,13,10,8,4,0,2,0,0,0,0,0,1,0,0,0,0,0,0,0,0,0,5,1,0,0,0,3,0,0,0,0,0,18,0.0,0.0,0.01
303861,777,9,2,7,2,229,0,0,1,0,3,1,0,5,1,103,75,47,31,1,4,1,4,1,3,19,17,42,18,156,59,7,4,1,1,10,10,22,0,2,10,6,0,1,2,4,6,4,1,0,0,0,0,0,0,0,0,0,0,0,0,0,0,0,3,7,0,1,0,9,0,0,0,0,0,12,0.16,0.16,0.61
304123,777,37,28,9,23,2314,6,3,4,0,15,5,3,70,21,458,333,172,109,7,16,13,10,3,0,43,17,129,68,883,376,124,1,24,16,71,155,240,3,8,61,43,5,30,81,126,42,40,2,0,0,11,0,0,1,0,0,19,0,0,0,0,0,0,12,30,0,4,0,37,5,0,1,0,0,123,6.48,5.7,1.26
304191,777,0,0,0,0,0,0,0,0,0,0,0,0,0,0,0,0,0,0,0,0,0,0,0,0,0,0,0,0,0,0,0,0,0,0,0,0,0,0,0,0,0,0,0,0,0,0,0,0,0,0,0,0,0,0,0,0,0,0,0,0,0,0,0,0,0,0,0,0,0,0,0,0,0,0,0,0.0,0.0,0.0
304211,777,0,0,0,0,0,0,0,0,0,0,0,0,0,0,0,0,0,0,0,0,0,0,0,0,0,0,0,0,0,0,0,0,0,0,0,0,0,0,0,0,0,0,0,0,0,0,0,0,0,0,0,0,0,0,0,0,0,0,0,0,0,0,0,0,0,0,0,0,0,0,0,0,0,0,0,0.0,0.0,0.0
304238,777,9,6,3,3,516,0,0,0,0,1,0,1,3,1,221,177,25,16,2,21,5,2,0,0,18,2,32,16,304,19,4,0,9,5,3,22,12,5,5,13,1,2,31,5,4,0,6,0,0,0,0,0,0,0,0,0,0,0,0,0,0,4,3,8,5,0,1,0,7,0,0,0,0,0,47,0.27,0.27,0.06
304474,777,22,12,10,12,845,2,2,2,0,16,4,2,28,8,270,218,141,107,5,9,5,16,5,14,17,30,145,87,492,268,74,1,11,5,61,52,97,4,11,36,20,0,5,3,14,12,9,4,0,0,6,0,1,0,0,0,5,0,0,0,0,0,0,11,20,0,0,0,11,2,0,0,0,0,56,2.91,2.91,2.14
304548,777,0,0,0,0,0,0,0,0,0,0,0,0,0,0,0,0,0,0,0,0,0,0,0,0,0,0,0,0,0,0,0,0,0,0,0,0,0,0,0,0,0,0,0,0,0,0,0,0,0,0,0,0,0,0,0,0,0,0,0,0,0,0,0,0,0,0,0,0,0,0,0,0,0,0,0,0.0,0.0,0.0
304595,777,14,10,4,8,826,0,0,1,0,14,2,2,12,3,201,148,87,57,10,5,2,5,2,0,17,10,51,19,365,145,26,3,26,14,22,63,95,4,8,28,17,2,12,21,42,23,8,0,0,0,0,0,0,0,0,0,5,0,0,0,0,0,0,7,16,0,2,0,12,0,0,0,0,0,72,1.05,1.05,1.11
304679,777,0,0,0,0,0,0,0,0,0,0,0,0,0,0,0,0,0,0,0,0,0,0,0,0,0,0,0,0,0,0,0,0,0,0,0,0,0,0,0,0,0,0,0,0,0,0,0,0,0,0,0,0,0,0,0,0,0,0,0,0,0,0,0,0,0,0,0,0,0,0,0,0,0,0,0,0.0,0.0,0.0
304924,777,0,0,0,0,0,0,0,0,0,0,0,0,0,0,0,0,0,0,0,0,0,0,0,0,0,0,0,0,0,0,0,0,0,0,0,0,0,0,0,0,0,0,0,0,0,0,0,0,0,0,0,0,0,0,0,0,0,0,0,0,0,0,0,0,0,0,0,0,0,0,0,0,0,0,0,0.0,0.0,0.0
304995,777,0,0,0,0,0,0,0,0,0,0,0,0,0,0,0,0,0,0,0,0,0,0,0,0,0,0,0,0,0,0,0,0,0,0,0,0,0,0,0,0,0,0,0,0,0,0,0,0,0,0,0,0,0,0,0,0,0,0,0,0,0,0,0,0,0,0,0,0,0,0,0,0,0,0,0,0.0,0.0,0.0
305039,777,0,0,0,0,0,0,0,0,0,0,0,0,0,0,0,0,0,0,0,0,0,0,0,0,0,0,0,0,0,0,0,0,0,0,0,0,0,0,0,0,0,0,0,0,0,0,0,0,0,0,0,0,0,0,0,0,0,0,0,0,0,0,0,0,0,0,0,0,0,0,0,0,0,0,0,0.0,0.0,0.0
305128,777,0,0,0,0,0,0,0,0,0,0,0,0,0,0,0,0,0,0,0,0,0,0,0,0,0,0,0,0,0,0,0,0,0,0,0,0,0,0,0,0,0,0,0,0,0,0,0,0,0,0,0,0,0,0,0,0,0,0,0,0,0,0,0,0,0,0,0,0,0,0,0,0,0,0,0,0.0,0.0,0.0
305212,777,0,0,0,0,0,0,0,0,0,0,0,0,0,0,0,0,0,0,0,0,0,0,0,0,0,0,0,0,0,0,0,0,0,0,0,0,0,0,0,0,0,0,0,0,0,0,0,0,0,0,0,0,0,0,0,0,0,0,0,0,0,0,0,0,0,0,0,0,0,0,0,0,0,0,0,0.0,0.0,0.0
305707,777,0,0,0,0,0,0,0,0,0,0,0,0,0,0,0,0,0,0,0,0,0,0,0,0,0,0,0,0,0,0,0,0,0,0,0,0,0,0,0,0,0,0,0,0,0,0,0,0,0,0,0,0,0,0,0,0,0,0,0,0,0,0,0,0,0,0,0,0,0,0,0,0,0,0,0,0.0,0.0,0.0
310972,777,0,0,0,0,0,0,0,0,0,0,0,0,0,0,0,0,0,0,0,0,0,0,0,0,0,0,0,0,0,0,0,0,0,0,0,0,0,0,0,0,0,0,0,0,0,0,0,0,0,0,0,0,0,0,0,0,0,0,0,0,0,0,0,0,0,0,0,0,0,0,0,0,0,0,0,0.0,0.0,0.0
313091,777,0,0,0,0,0,0,0,0,0,0,0,0,0,0,0,0,0,0,0,0,0,0,0,0,0,0,0,0,0,0,0,0,0,0,0,0,0,0,0,0,0,0,0,0,0,0,0,0,0,0,0,0,0,0,0,0,0,0,0,0,0,0,0,0,0,0,0,0,0,0,0,0,0,0,0,0.0,0.0,0.0
326089,777,3,0,3,0,47,0,0,0,0,0,0,0,1,0,17,14,11,9,1,1,0,2,0,0,0,3,5,4,30,23,4,0,0,0,0,3,0,1,0,3,0,0,0,0,0,0,1,0,0,0,0,0,0,0,0,0,0,0,0,0,0,0,0,1,2,0,0,0,2,0,0,0,0,0,4,0.05,0.05,0.05
326851,777,0,0,0,0,0,0,0,0,0,0,0,0,0,0,0,0,0,0,0,0,0,0,0,0,0,0,0,0,0,0,0,0,0,0,0,0,0,0,0,0,0,0,0,0,0,0,0,0,0,0,0,0,0,0,0,0,0,0,0,0,0,0,0,0,0,0,0,0,0,0,0,0,0,0,0,0.0,0.0,0.0
327129,777,1,1,0,1,39,0,0,0,0,0,0,0,0,0,2,2,1,1,1,0,0,5,1,3,0,4,2,1,18,8,1,0,1,0,2,4,4,0,0,2,1,0,0,0,2,0,1,0,0,0,0,0,0,0,0,0,0,0,0,0,0,0,0,1,1,0,0,0,0,0,0,0,0,0,3,0.0,0.0,0.04
327693,777,0,0,0,0,0,0,0,0,0,0,0,0,0,0,0,0,0,0,0,0,0,0,0,0,0,0,0,0,0,0,0,0,0,0,0,0,0,0,0,0,0,0,0,0,0,0,0,0,0,0,0,0,0,0,0,0,0,0,0,0,0,0,0,0,0,0,0,0,0,0,0,0,0,0,0,0.0,0.0,0.0
327705,777,4,2,2,2,144,0,0,0,0,3,0,0,1,1,27,25,7,6,0,0,0,3,0,1,3,2,8,6,49,12,5,0,0,0,3,2,10,2,3,3,1,0,4,0,1,3,2,1,0,0,0,0,0,0,0,0,0,0,0,0,0,0,0,0,3,0,1,0,3,0,0,0,0,0,6,0.02,0.02,0.03
331630,777,0,0,0,0,0,0,0,0,0,0,0,0,0,0,0,0,0,0,0,0,0,0,0,0,0,0,0,0,0,0,0,0,0,0,0,0,0,0,0,0,0,0,0,0,0,0,0,0,0,0,0,0,0,0,0,0,0,0,0,0,0,0,0,0,0,0,0,0,0,0,0,0,0,0,0,0.0,0.0,0.0
