player_id,fixture_id,season_id,team_id,minutes_played,starter_flag
5140,124791,777,10,90,1
5178,124791,777,10,90,1
10458,124791,777,10,30,0
10651,124791,777,10,18,0
15802,124791,777,10,8,0
19919,124791,777,10,59,1
20559,124791,777,10,90,1
23593,124791,777,10,90,1
23815,124791,777,10,18,0
32894,124791,777,10,90,1
33231,124791,777,10,90,1
43586,124791,777,10,30,0
63633,124791,777,10,71,1
75382,124791,777,10,81,1
81542,124791,777,10,71,1
116665,124791,777,10,59,1
3512,124791,777,127,89,1
13706,124791,777,127,83,1
14846,124791,777,127,90,1
25474,124791,777,127,90,1
33032,124791,777,127,90,1
42894,124791,777,127,90,1
51942,124791,777,127,1,0
54989,124791,777,127,90,1
63553,124791,777,127,16,0
74965,124791,777,127,90,1
74976,124791,777,127,73,1
132285,124791,777,127,90,1
133123,124791,777,127,6,0
134403,124791,777,127,90,1
137832,124791,777,127,1,0
5758,124792,777,2,90,1
5865,124792,777,2,90,1
8658,124792,777,2,90,1
8900,124792,777,2,90,1
13274,124792,777,2,65,1
13344,124792,777,2,90,1
14456,124792,777,2,6,0
20473,124792,777,2,90,1
23968,124792,777,2,90,1
25067,124792,777,2,90,1
51423,124792,777,2,83,1
108096,124792,777,2,90,1
3905,124792,777,23,90,1
5220,124792,777,23,90,1
8707,124792,777,23,90,1
9662,124792,777,23,12,0
10079,124792,777,23,90,1
14716,124792,777,23,89,1
20607,124792,777,23,82,1
23747,124792,777,23,90,1
49259,124792,777,23,77,1
49495,124792,777,23,90,1
71623,124792,777,23,90,1
74761,124792,777,23,90,1
114590,124792,777,23,1,0
117647,124792,777,23,7,0
3894,124793,777,34,24,0
4717,124793,777,34,65,1
4880,124793,777,34,90,1
4979,124793,777,34,24,0
4985,124793,777,34,90,1
6712,124793,777,34,6,0
11071,124793,777,34,65,1
13961,124793,777,34,90,1
14445,124793,777,34,13,0
16044,124793,777,34,90,1
21614,124793,777,34,65,1
23793,124793,777,34,90,1
26151,124793,777,34,90,1
35752,124793,777,34,83,1
117763,124793,777,34,24,0
128976,124793,777,34,76,1
2100,124793,777,131,2,0
3452,124793,777,131,21,0
8163,124793,777,131,90,1
14671,124793,777,131,87,1
50727,124793,777,131,21,0
51830,124793,777,131,68,1
67928,124793,777,131,90,1
72239,124793,777,131,90,1
75709,124793,777,131,90,1
76090,124793,777,131,90,1
117732,124793,777,131,82,1
124396,124793,777,131,68,1
134176,124793,777,131,7,0
134333,124793,777,131,90,1
136175,124793,777,131,68,1
143240,124793,777,131,21,0
3756,124794,777,15,78,1
10439,124794,777,15,90,1
14238,124794,777,15,6,0
15259,124794,777,15,83,1
16035,124794,777,15,90,1
16723,124794,777,15,90,1
23702,124794,777,15,90,1
23811,124794,777,15,90,1
50623,124794,777,15,78,1
51593,124794,777,15,90,1
108816,124794,777,15,90,1
133025,124794,777,15,11,0
139648,124794,777,15,90,1
304123,124794,777,15,11,0
3712,124794,777,130,21,0
10947,124794,777,130,87,1
14723,124794,777,130,90,1
24369,124794,777,130,68,1
24659,124794,777,130,90,1
32289,124794,777,130,90,1
49726,124794,777,130,68,1
65987,124794,777,130,90,1
108612,124794,777,130,21,0
115166,124794,777,130,2,0
115336,124794,777,130,45,1
124052,124794,777,130,90,1
127594,124794,777,130,45,0
128891,124794,777,130,90,1
133460,124794,777,130,90,1
4617,124795,777,25,70,1
8454,124795,777,25,19,0
8868,124795,777,25,90,1
13522,124795,777,25,90,1
14164,124795,777,25,90,1
25183,124795,777,25,19,0
40159,124795,777,25,70,1
42569,124795,777,25,90,1
55776,124795,777,25,90,1
63656,124795,777,25,81,1
108628,124795,777,25,90,1
118083,124795,777,25,90,1
136505,124795,777,25,8,0
145347,124795,777,25,90,1
12136,124795,777,29,90,1
19864,124795,777,29,90,1
52989,124795,777,29,14,0
63733,124795,777,29,90,1
66659,124795,777,29,37,0
75692,124795,777,29,90,1
110430,124795,777,29,52,1
118633,124795,777,29,90,1
119614,124795,777,29,1,0
122126,124795,777,29,90,1
124944,124795,777,29,90,1
126110,124795,777,29,90,1
126317,124795,777,29,75,1
126920,124795,777,29,75,1
138104,124795,777,29,14,0
10443,124796,777,21,19,0
19858,124796,777,21,10,0
22802,124796,777,21,19,0
23764,124796,777,21,90,1
24630,124796,777,21,71,1
32229,124796,777,21,90,1
49374,124796,777,21,79,1
51364,124796,777,21,84,1
66635,124796,777,21,90,1
71923,124796,777,21,90,1
75582,124796,777,21,90,1
76614,124796,777,21,5,0
117318,124796,777,21,90,1
117596,124796,777,21,70,1
118579,124796,777,21,10,0
133603,124796,777,21,79,1
3955,124796,777,43,90,1
6451,124796,777,43,90,1
8127,124796,777,43,62,1
10539,124796,777,43,90,1
15139,124796,777,43,5,0
19831,124796,777,43,27,0
50460,124796,777,43,84,1
64282,124796,777,43,73,1
68593,124796,777,43,62,1
74960,124796,777,43,27,0
74964,124796,777,43,16,0
75735,124796,777,43,16,0
124531,124796,777,43,90,1
127393,124796,777,43,90,1
128456,124796,777,43,90,1
128643,124796,777,43,73,1
4505,124797,777,11,81,1
5067,124797,777,11,65,1
16431,124797,777,11,90,1
26335,124797,777,11,90,1
32280,124797,777,11,90,1
54156,124797,777,11,65,1
65970,124797,777,11,72,1
66657,124797,777,11,90,1
67849,124797,777,11,90,1
68150,124797,777,11,17,0
71432,124797,777,11,90,1
76204,124797,777,11,24,0
76216,124797,777,11,24,0
99281,124797,777,11,65,1
112948,124797,777,11,24,0
137371,124797,777,11,8,0
4229,124797,777,38,90,1
15715,124797,777,38,90,1
20337,124797,777,38,8,0
35670,124797,777,38,81,1
52951,124797,777,38,72,1
66692,124797,777,38,18,0
76310,124797,777,38,90,1
92635,124797,777,38,90,1
108947,124797,777,38,17,0
110203,124797,777,38,90,1
126108,124797,777,38,72,1
133679,124797,777,38,90,1
136815,124797,777,38,71,1
143214,124797,777,38,71,1
143218,124797,777,38,17,0
303861,124797,777,38,18,0
14538,124798,777,4,90,1
14571,124798,777,4,78,1
14575,124798,777,4,90,1
21998,124798,777,4,90,1
27277,124798,777,4,90,1
49293,124798,777,4,90,1
51813,124798,777,4,17,0
63741,124798,777,4,78,1
68583,124798,777,4,53,1
68827,124798,777,4,11,0
72371,124798,777,4,72,1
112203,124798,777,4,90,1
125075,124798,777,4,90,1
133245,124798,777,4,11,0
304474,124798,777,4,36,0
8589,124798,777,6,69,1
13988,124798,777,6,90,1
14569,124798,777,6,90,1
20874,124798,777,6,90,1
21584,124798,777,6,83,1
24334,124798,777,6,90,1
37776,124798,777,6,20,0
49796,124798,777,6,90,1
50842,124798,777,6,90,1
69595,124798,777,6,90,1
76104,124798,777,6,90,1
76353,124798,777,6,90,1
138981,124798,777,6,6,0
7975,124799,777,1,90,1
11419,124799,777,1,90,1
14548,124799,777,1,70,1
15202,124799,777,1,82,1
19778,124799,777,1,7,0
20810,124799,777,1,30,0
32728,124799,777,1,59,1
49481,124799,777,1,90,1
50234,124799,777,1,90,1
64523,124799,777,1,90,1
66104,124799,777,1,59,1
66204,124799,777,1,90,1
67407,124799,777,1,30,0
67776,124799,777,1,19,0
69914,124799,777,1,71,1
114564,124799,777,1,18,0
4608,124799,777,12,79,1
5793,124799,777,12,64,1
9566,124799,777,12,10,0
14580,124799,777,12,64,1
20226,124799,777,12,90,1
23396,124799,777,12,90,1
24252,124799,777,12,54,1
51202,124799,777,12,90,1
66036,124799,777,12,25,0
66360,124799,777,12,90,1
69176,124799,777,12,35,0
71744,124799,777,12,90,1
118031,124799,777,12,25,0
118591,124799,777,12,90,1
146567,124799,777,12,90,1
4260,124800,777,7,19,0
4333,124800,777,7,90,1
4640,124800,777,7,90,1
8143,124800,777,7,90,1
12582,124800,777,7,90,1
14706,124800,777,7,90,1
23841,124800,777,7,90,1
31936,124800,777,7,90,1
66538,124800,777,7,70,1
112589,124800,777,7,90,1
126789,124800,777,7,90,1
133612,124800,777,7,85,1
143922,124800,777,7,4,0
13796,124800,777,9,90,1
13797,124800,777,9,77,1
14608,124800,777,9,90,1
14807,124800,777,9,12,0
14897,124800,777,9,1,0
19731,124800,777,9,77,1
33124,124800,777,9,90,1
50643,124800,777,9,77,1
63289,124800,777,9,23,0
63634,124800,777,9,90,1
68676,124800,777,9,66,1
75543,124800,777,9,90,1
115255,124800,777,9,12,0
116888,124800,777,9,90,1
126426,124800,777,9,90,1
7975,124801,777,1,90,1
11419,124801,777,1,37,1
15202,124801,777,1,90,1
20486,124801,777,1,37,0
32728,124801,777,1,90,1
49481,124801,777,1,52,1
50234,124801,777,1,90,1
64523,124801,777,1,90,1
66204,124801,777,1,90,1
67407,124801,777,1,63,1
67776,124801,777,1,63,1
69914,124801,777,1,63,1
114564,124801,777,1,26,0
114566,124801,777,1,52,0
119476,124801,777,1,26,0
141181,124801,777,1,26,0
8945,124801,777,9,7,0
13796,124801,777,9,90,1
13797,124801,777,9,65,1
14608,124801,777,9,82,1
14807,124801,777,9,32,0
14897,124801,777,9,32,0
33124,124801,777,9,90,1
33162,124801,777,9,24,0
50643,124801,777,9,57,1
63289,124801,777,9,24,0
63634,124801,777,9,90,1
68676,124801,777,9,65,1
75543,124801,777,9,90,1
115255,124801,777,9,90,1
116888,124801,777,9,90,1
126426,124801,777,9,57,1
4229,124802,777,38,90,1
15715,124802,777,38,90,1
20337,124802,777,38,12,0
35670,124802,777,38,77,1
43010,124802,777,38,34,0
52951,124802,777,38,34,1
66692,124802,777,38,45,0
76310,124802,777,38,90,1
92635,124802,777,38,48,1
110203,124802,777,38,90,1
111988,124802,777,38,55,0
126108,124802,777,38,45,1
133679,124802,777,38,90,1
136815,124802,777,38,45,1
143214,124802,777,38,45,0
143218,124802,777,38,55,1
3512,124802,777,127,90,1
13706,124802,777,127,66,1
14846,124802,777,127,77,1
15572,124802,777,127,24,0
21519,124802,777,127,12,0
25474,124802,777,127,90,1
33032,124802,777,127,87,1
42894,124802,777,127,87,1
51942,124802,777,127,2,0
54989,124802,777,127,90,1
74965,124802,777,127,90,1
74976,124802,777,127,65,1
118080,124802,777,127,24,0
132285,124802,777,127,90,1
134403,124802,777,127,90,1
137832,124802,777,127,2,0
4245,124803,777,2,90,1
5758,124803,777,2,63,1
5865,124803,777,2,90,1
8658,124803,777,2,90,1
8900,124803,777,2,90,1
13344,124803,777,2,90,1
14456,124803,777,2,26,0
21529,124803,777,2,90,1
23968,124803,777,2,90,1
25067,124803,777,2,15,1
26408,124803,777,2,58,0
51223,124803,777,2,26,0
51423,124803,777,2,73,1
72265,124803,777,2,15,0
107846,124803,777,2,16,0
108096,124803,777,2,63,1
3712,124803,777,130,68,1
10947,124803,777,130,6,0
14723,124803,777,130,90,1
20113,124803,777,130,5,0
24369,124803,777,130,90,1
24659,124803,777,130,90,1
49726,124803,777,130,11,0
49731,124803,777,130,90,1
65987,124803,777,130,90,1
108612,124803,777,130,21,0
115166,124803,777,130,11,0
124052,124803,777,130,90,1
127594,124803,777,130,78,1
128891,124803,777,130,78,1
133460,124803,777,130,84,1
133890,124803,777,130,83,1
12136,124804,777,29,90,1
19864,124804,777,29,8,1
52989,124804,777,29,27,0
63733,124804,777,29,90,1
66659,124804,777,29,90,1
75692,124804,777,29,90,1
110430,124804,777,29,81,0
118633,124804,777,29,62,1
122126,124804,777,29,90,1
124944,124804,777,29,90,1
126110,124804,777,29,79,1
126317,124804,777,29,62,1
126920,124804,777,29,62,1
130068,124804,777,29,10,0
138104,124804,777,29,27,0
3955,124804,777,43,90,1
6451,124804,777,43,90,1
8127,124804,777,43,21,0
10539,124804,777,43,90,1
13622,124804,777,43,7,0
19831,124804,777,43,68,1
50460,124804,777,43,90,1
64282,124804,777,43,85,1
68593,124804,777,43,82,1
74960,124804,777,43,68,1
74964,124804,777,43,7,0
75735,124804,777,43,4,0
124531,124804,777,43,82,1
127393,124804,777,43,90,1
128456,124804,777,43,90,1
128643,124804,777,43,21,0
8589,124805,777,6,90,1
13988,124805,777,6,90,1
14569,124805,777,6,90,1
16788,124805,777,6,2,0
20874,124805,777,6,87,1
24334,124805,777,6,90,1
37776,124805,777,6,8,0
49796,124805,777,6,90,1
50842,124805,777,6,90,1
69595,124805,777,6,81,1
76104,124805,777,6,90,1
76353,124805,777,6,90,1
133297,124805,777,6,24,0
138981,124805,777,6,65,1
3756,124805,777,15,87,1
10439,124805,777,15,90,1
14238,124805,777,15,2,0
15259,124805,777,15,81,1
16035,124805,777,15,90,1
16723,124805,777,15,90,1
23702,124805,777,15,71,1
23811,124805,777,15,90,1
49270,124805,777,15,18,0
50623,124805,777,15,70,1
51593,124805,777,15,90,1
68219,124805,777,15,19,0
98300,124805,777,15,8,0
108816,124805,777,15,87,1
139648,124805,777,15,90,1
304123,124805,777,15,2,0
4260,124806,777,7,90,1
4333,124806,777,7,90,1
4640,124806,777,7,90,1
8143,124806,777,7,90,1
12582,124806,777,7,90,1
14706,124806,777,7,90,1
23841,124806,777,7,90,1
24797,124806,777,7,19,0
31936,124806,777,7,63,1
66538,124806,777,7,70,1
112589,124806,777,7,90,1
126789,124806,777,7,26,0
133612,124806,777,7,26,0
134286,124806,777,7,1,0
143922,124806,777,7,63,1
3452,124806,777,131,90,1
8163,124806,777,131,90,1
14671,124806,777,131,90,1
50727,124806,777,131,23,0
67928,124806,777,131,66,1
72239,124806,777,131,84,1
75709,124806,777,131,90,1
76090,124806,777,131,90,1
112739,124806,777,131,45,0
117732,124806,777,131,90,1
124396,124806,777,131,45,1
134176,124806,777,131,5,0
134333,124806,777,131,66,1
136175,124806,777,131,90,1
143240,124806,777,131,23,0
4608,124807,777,12,86,1
5793,124807,777,12,52,1
9566,124807,777,12,3,0
14580,124807,777,12,68,1
20226,124807,777,12,90,1
23396,124807,777,12,90,1
24252,124807,777,12,38,0
51202,124807,777,12,90,1
66036,124807,777,12,37,0
66360,124807,777,12,90,1
69176,124807,777,12,51,1
71744,124807,777,12,90,1
118031,124807,777,12,21,0
118591,124807,777,12,86,1
133114,124807,777,12,3,0
146567,124807,777,12,90,1
4717,124807,777,34,90,1
4880,124807,777,34,90,1
4985,124807,777,34,90,1
6712,124807,777,34,61,1
11071,124807,777,34,19,0
13961,124807,777,34,28,0
14445,124807,777,34,19,0
14624,124807,777,34,28,0
14656,124807,777,34,61,1
16044,124807,777,34,90,1
21614,124807,777,34,90,1
23793,124807,777,34,90,1
26151,124807,777,34,90,1
117763,124807,777,34,70,1
128976,124807,777,34,70,1
4499,124808,777,11,67,0
4505,124808,777,11,90,1
5067,124808,777,11,36,0
14805,124808,777,11,15,0
16286,124808,777,11,15,0
16431,124808,777,11,90,1
26335,124808,777,11,90,1
32280,124808,777,11,90,1
54156,124808,777,11,36,0
65970,124808,777,11,90,1
66657,124808,777,11,74,1
67849,124808,777,11,74,1
68150,124808,777,11,53,1
71432,124808,777,11,22,1
76216,124808,777,11,53,1
99281,124808,777,11,90,1
10443,124808,777,21,12,0
19858,124808,777,21,90,1
22802,124808,777,21,90,1
23764,124808,777,21,90,1
24630,124808,777,21,77,1
25892,124808,777,21,1,0
32229,124808,777,21,90,1
49374,124808,777,21,77,1
51364,124808,777,21,85,1
66635,124808,777,21,90,1
71923,124808,777,21,90,1
75582,124808,777,21,90,1
117318,124808,777,21,90,1
118579,124808,777,21,12,0
133603,124808,777,21,4,0
5140,124809,777,10,90,1
5178,124809,777,10,90,1
15802,124809,777,10,10,0
20559,124809,777,10,90,1
23593,124809,777,10,90,1
23815,124809,777,10,90,1
32894,124809,777,10,90,1
33185,124809,777,10,1,0
33231,124809,777,10,90,1
43586,124809,777,10,1,0
49909,124809,777,10,90,1
68582,124809,777,10,10,0
75382,124809,777,10,79,1
81542,124809,777,10,79,1
116665,124809,777,10,90,1
134796,124809,777,10,1,0
3905,124809,777,23,75,1
5220,124809,777,23,80,1
8707,124809,777,23,90,1
10079,124809,777,23,90,1
14716,124809,777,23,75,1
19888,124809,777,23,14,0
20607,124809,777,23,75,1
23747,124809,777,23,47,1
49259,124809,777,23,90,1
49495,124809,777,23,90,1
71623,124809,777,23,65,1
74761,124809,777,23,90,1
108922,124809,777,23,14,0
114590,124809,777,23,14,0
117647,124809,777,23,24,0
124462,124809,777,23,9,0
13549,124810,777,4,90,1
14538,124810,777,4,90,1
14571,124810,777,4,21,0
14575,124810,777,4,68,1
21998,124810,777,4,90,1
27277,124810,777,4,68,1
51813,124810,777,4,61,1
63741,124810,777,4,90,1
66284,124810,777,4,21,0
68583,124810,777,4,13,0
68827,124810,777,4,68,1
72371,124810,777,4,90,1
112203,124810,777,4,90,1
119041,124810,777,4,21,0
133245,124810,777,4,28,0
304474,124810,777,4,76,1
4617,124810,777,25,90,1
8454,124810,777,25,45,0
8868,124810,777,25,90,1
13522,124810,777,25,90,1
13815,124810,777,25,20,0
14164,124810,777,25,90,1
25183,124810,777,25,69,1
42569,124810,777,25,45,1
55776,124810,777,25,90,1
63656,124810,777,25,45,1
66560,124810,777,25,45,0
108628,124810,777,25,90,1
118083,124810,777,25,90,1
145347,124810,777,25,90,1
5758,124811,777,2,7,0
5865,124811,777,2,90,1
8658,124811,777,2,90,1
8900,124811,777,2,90,1
13274,124811,777,2,90,1
13344,124811,777,2,73,1
14456,124811,777,2,82,1
20473,124811,777,2,90,1
21529,124811,777,2,16,0
23968,124811,777,2,90,1
26408,124811,777,2,45,0
51223,124811,777,2,83,1
51423,124811,777,2,73,1
72265,124811,777,2,45,1
107846,124811,777,2,6,0
144213,124811,777,2,16,0
4604,124811,777,6,4,0
8589,124811,777,6,70,1
13988,124811,777,6,90,1
14569,124811,777,6,90,1
20874,124811,777,6,84,1
24334,124811,777,6,90,1
37776,124811,777,6,34,0
49759,124811,777,6,85,1
49796,124811,777,6,90,1
50842,124811,777,6,90,1
69595,124811,777,6,55,1
76104,124811,777,6,90,1
76353,124811,777,6,90,1
109117,124811,777,6,19,0
138981,124811,777,6,5,0
4505,124812,777,11,90,1
5067,124812,777,11,71,1
16286,124812,777,11,90,1
16431,124812,777,11,5,0
26335,124812,777,11,90,1
32280,124812,777,11,90,1
54156,124812,777,11,18,0
65970,124812,777,11,90,1
66657,124812,777,11,90,1
71432,124812,777,11,90,1
76204,124812,777,11,84,1
76216,124812,777,11,71,1
99281,124812,777,11,5,0
112948,124812,777,11,18,0
137371,124812,777,11,84,1
2100,124812,777,131,30,0
3452,124812,777,131,60,1
4874,124812,777,131,90,1
8163,124812,777,131,90,1
51830,124812,777,131,29,0
67928,124812,777,131,90,1
75709,124812,777,131,90,1
76090,124812,777,131,90,1
112739,124812,777,131,60,1
117732,124812,777,131,90,1
124396,124812,777,131,59,1
134176,124812,777,131,29,0
134333,124812,777,131,29,0
136175,124812,777,131,90,1
143240,124812,777,131,60,1
303860,124812,777,131,1,0
13549,124813,777,4,90,1
14538,124813,777,4,90,1
14571,124813,777,4,9,0
14575,124813,777,4,90,1
21998,124813,777,4,80,1
27277,124813,777,4,90,1
51813,124813,777,4,13,1
63741,124813,777,4,90,1
68583,124813,777,4,22,0
68827,124813,777,4,90,1
72371,124813,777,4,90,1
112203,124813,777,4,90,1
118442,124813,777,4,66,0
133245,124813,777,4,9,0
304474,124813,777,4,67,1
4717,124813,777,34,83,1
4880,124813,777,34,90,1
4979,124813,777,34,6,0
4985,124813,777,34,90,1
6712,124813,777,34,59,1
11071,124813,777,34,31,0
13961,124813,777,34,30,0
14445,124813,777,34,23,0
14624,124813,777,34,23,0
14656,124813,777,34,66,1
16044,124813,777,34,90,1
21614,124813,777,34,90,1
23793,124813,777,34,90,1
26151,124813,777,34,90,1
117763,124813,777,34,58,1
128976,124813,777,34,66,1
9576,124814,777,9,20,0
13515,124814,777,9,10,0
13796,124814,777,9,90,1
13797,124814,777,9,59,1
14608,124814,777,9,90,1
14807,124814,777,9,69,1
14897,124814,777,9,90,1
33124,124814,777,9,90,1
63289,124814,777,9,30,0
63634,124814,777,9,90,1
68676,124814,777,9,59,1
75543,124814,777,9,79,1
115255,124814,777,9,90,1
116888,124814,777,9,90,1
3905,124814,777,23,61,1
5220,124814,777,23,90,1
8707,124814,777,23,90,1
9662,124814,777,23,61,1
10079,124814,777,23,90,1
14716,124814,777,23,22,0
19888,124814,777,23,45,1
49259,124814,777,23,28,0
49495,124814,777,23,90,1
49908,124814,777,23,67,1
71623,124814,777,23,90,1
74761,124814,777,23,90,1
108922,124814,777,23,29,0
114590,124814,777,23,90,1
117647,124814,777,23,45,0
7975,124815,777,1,90,1
11419,124815,777,1,20,0
15202,124815,777,1,90,1
19778,124815,777,1,69,1
21584,124815,777,1,20,0
32728,124815,777,1,90,1
50234,124815,777,1,90,1
64523,124815,777,1,90,1
66104,124815,777,1,69,1
66204,124815,777,1,4,1
67407,124815,777,1,88,1
67776,124815,777,1,90,1
69914,124815,777,1,90,1
119476,124815,777,1,85,0
141181,124815,777,1,1,0
5140,124815,777,10,90,1
5178,124815,777,10,90,1
10651,124815,777,10,11,0
15802,124815,777,10,11,0
20559,124815,777,10,90,1
23593,124815,777,10,78,1
23815,124815,777,10,29,0
32894,124815,777,10,90,1
33231,124815,777,10,90,1
43586,124815,777,10,1,0
49909,124815,777,10,90,1
63633,124815,777,10,60,1
75382,124815,777,10,88,1
81542,124815,777,10,78,1
116665,124815,777,10,90,1
4608,124816,777,12,90,1
5793,124816,777,12,71,1
14580,124816,777,12,45,1
20226,124816,777,12,90,1
23396,124816,777,12,90,1
24252,124816,777,12,90,1
33245,124816,777,12,5,0
50848,124816,777,12,59,0
51202,124816,777,12,30,1
66036,124816,777,12,18,0
66360,124816,777,12,90,1
69176,124816,777,12,90,1
71744,124816,777,12,90,1
108936,124816,777,12,45,0
118591,124816,777,12,84,1
3955,124816,777,43,90,1
6451,124816,777,43,90,1
8127,124816,777,43,14,0
10539,124816,777,43,90,1
13622,124816,777,43,7,0
19831,124816,777,43,81,1
50460,124816,777,43,90,1
64282,124816,777,43,90,1
68593,124816,777,43,64,1
74960,124816,777,43,75,1
74964,124816,777,43,25,0
124531,124816,777,43,90,1
127393,124816,777,43,90,1
128456,124816,777,43,82,1
128643,124816,777,43,8,0
3756,124817,777,15,72,1
10439,124817,777,15,90,1
15259,124817,777,15,90,1
16035,124817,777,15,90,1
16723,124817,777,15,90,1
23702,124817,777,15,88,1
23811,124817,777,15,90,1
49270,124817,777,15,32,0
50623,124817,777,15,57,1
51593,124817,777,15,90,1
68219,124817,777,15,1,0
98300,124817,777,15,1,0
108816,124817,777,15,88,1
139648,124817,777,15,90,1
304123,124817,777,15,17,0
4617,124817,777,25,74,1
8454,124817,777,25,26,0
8868,124817,777,25,90,1
13522,124817,777,25,90,1
13815,124817,777,25,90,1
25183,124817,777,25,90,1
32638,124817,777,25,90,1
42569,124817,777,25,63,1
55776,124817,777,25,90,1
65961,124817,777,25,8,0
118083,124817,777,25,90,1
119072,124817,777,25,81,1
136505,124817,777,25,15,0
145347,124817,777,25,90,1
12136,124818,777,29,90,1
51199,124818,777,29,90,1
52989,124818,777,29,25,0
63733,124818,777,29,90,1
66659,124818,777,29,90,1
75692,124818,777,29,90,1
118633,124818,777,29,64,1
122126,124818,777,29,90,1
124944,124818,777,29,90,1
126110,124818,777,29,86,1
126317,124818,777,29,25,0
126920,124818,777,29,64,1
130068,124818,777,29,3,0
138104,124818,777,29,90,1
3712,124818,777,130,70,1
10947,124818,777,130,18,0
14723,124818,777,130,90,1
24369,124818,777,130,71,1
24659,124818,777,130,90,1
32289,124818,777,130,1,0
49731,124818,777,130,90,1
65987,124818,777,130,90,1
108612,124818,777,130,19,0
124052,124818,777,130,90,1
127594,124818,777,130,89,1
128891,124818,777,130,90,1
133460,124818,777,130,90,1
133890,124818,777,130,90,1
19858,124819,777,21,53,1
22802,124819,777,21,90,1
23764,124819,777,21,90,1
24630,124819,777,21,90,1
32229,124819,777,21,70,1
49374,124819,777,21,53,1
51364,124819,777,21,90,1
66635,124819,777,21,90,1
71923,124819,777,21,90,1
75582,124819,777,21,90,1
76614,124819,777,21,14,0
117318,124819,777,21,75,1
118579,124819,777,21,36,0
126824,124819,777,21,19,0
133603,124819,777,21,36,0
3512,124819,777,127,25,1
13706,124819,777,127,63,1
14846,124819,777,127,80,1
15572,124819,777,127,27,0
21519,124819,777,127,9,0
25474,124819,777,127,90,1
33032,124819,777,127,80,1
42894,124819,777,127,90,1
51942,124819,777,127,64,0
54989,124819,777,127,90,1
74965,124819,777,127,90,1
74976,124819,777,127,62,1
118080,124819,777,127,26,0
132285,124819,777,127,90,1
134403,124819,777,127,90,1
137832,124819,777,127,9,0
3600,124820,777,7,1,0
4260,124820,777,7,87,1
4333,124820,777,7,90,1
4640,124820,777,7,90,1
8143,124820,777,7,90,1
12582,124820,777,7,75,1
14706,124820,777,7,90,1
23841,124820,777,7,90,1
24983,124820,777,7,90,1
31936,124820,777,7,90,1
66538,124820,777,7,14,0
112589,124820,777,7,90,1
126789,124820,777,7,75,1
133612,124820,777,7,2,0
143922,124820,777,7,14,0
15715,124820,777,38,90,1
20337,124820,777,38,75,1
43010,124820,777,38,90,1
66692,124820,777,38,74,1
76310,124820,777,38,90,1
92635,124820,777,38,90,1
108319,124820,777,38,14,0
108947,124820,777,38,27,0
110203,124820,777,38,90,1
111988,124820,777,38,62,1
126108,124820,777,38,26,0
133679,124820,777,38,90,1
136815,124820,777,38,15,0
143214,124820,777,38,63,1
143218,124820,777,38,63,1
303861,124820,777,38,26,0
7975,124821,777,1,90,1
11419,124821,777,1,17,1
15202,124821,777,1,22,0
19778,124821,777,1,90,1
20486,124821,777,1,11,0
21584,124821,777,1,78,1
32728,124821,777,1,67,1
50234,124821,777,1,90,1
64523,124821,777,1,90,1
66104,124821,777,1,12,0
67407,124821,777,1,78,1
67776,124821,777,1,90,1
69914,124821,777,1,67,1
114564,124821,777,1,22,0
114566,124821,777,1,72,0
119476,124821,777,1,90,1
3756,124821,777,15,59,1
14238,124821,777,15,17,0
15259,124821,777,15,72,1
16035,124821,777,15,90,1
16723,124821,777,15,90,1
23702,124821,777,15,59,1
23811,124821,777,15,90,1
49270,124821,777,15,17,0
50623,124821,777,15,90,1
51593,124821,777,15,90,1
67510,124821,777,15,90,1
68219,124821,777,15,30,0
70249,124821,777,15,53,0
108816,124821,777,15,72,1
138137,124821,777,15,30,0
139648,124821,777,15,36,1
10766,124822,777,127,4,0
13706,124822,777,127,66,1
14846,124822,777,127,85,1
21519,124822,777,127,23,0
25474,124822,777,127,90,1
33032,124822,777,127,90,1
42894,124822,777,127,90,1
51942,124822,777,127,86,1
54989,124822,777,127,90,1
74965,124822,777,127,90,1
74976,124822,777,127,66,1
118080,124822,777,127,23,0
119381,124822,777,127,3,0
134403,124822,777,127,90,1
140546,124822,777,127,90,1
302305,124822,777,127,1,0
2100,124822,777,131,65,1
3452,124822,777,131,66,1
4874,124822,777,131,90,1
8163,124822,777,131,90,1
50727,124822,777,131,66,0
51830,124822,777,131,66,1
67928,124822,777,131,23,1
75709,124822,777,131,90,1
76090,124822,777,131,90,1
112739,124822,777,131,2,1
117732,124822,777,131,90,1
124396,124822,777,131,24,0
134176,124822,777,131,23,0
134333,124822,777,131,87,0
136175,124822,777,131,90,1
139930,124822,777,131,23,0
13549,124823,777,4,90,1
14538,124823,777,4,90,1
14571,124823,777,4,45,0
14575,124823,777,4,90,1
21998,124823,777,4,90,1
27277,124823,777,4,45,0
49293,124823,777,4,34,0
63741,124823,777,4,90,1
66284,124823,777,4,45,1
68583,124823,777,4,55,1
68987,124823,777,4,11,0
72371,124823,777,4,78,1
112203,124823,777,4,90,1
118442,124823,777,4,45,0
119041,124823,777,4,45,1
133430,124823,777,4,45,1
3712,124823,777,130,90,1
10947,124823,777,130,18,0
14723,124823,777,130,90,1
20113,124823,777,130,7,0
22043,124823,777,130,82,1
24369,124823,777,130,89,1
24659,124823,777,130,90,1
32289,124823,777,130,1,0
49726,124823,777,130,72,1
65987,124823,777,130,90,1
115166,124823,777,130,7,0
124052,124823,777,130,71,1
127594,124823,777,130,90,1
128891,124823,777,130,90,1
133460,124823,777,130,82,1
133890,124823,777,130,17,0
5140,124824,777,10,90,1
5178,124824,777,10,90,1
10458,124824,777,10,52,0
15802,124824,777,10,18,0
19919,124824,777,10,3,0
20559,124824,777,10,90,1
23593,124824,777,10,86,1
32894,124824,777,10,90,1
33231,124824,777,10,90,1
49909,124824,777,10,90,1
63633,124824,777,10,45,1
68582,124824,777,10,45,0
75382,124824,777,10,86,1
81542,124824,777,10,71,1
116665,124824,777,10,37,1
134796,124824,777,10,3,0
3955,124824,777,43,90,1
6451,124824,777,43,90,1
8127,124824,777,43,90,1
10539,124824,777,43,62,1
13622,124824,777,43,4,0
31442,124824,777,43,1,0
50460,124824,777,43,88,1
63851,124824,777,43,27,0
64282,124824,777,43,85,1
68593,124824,777,43,27,0
74960,124824,777,43,83,1
74964,124824,777,43,62,1
124531,124824,777,43,90,1
127393,124824,777,43,90,1
128456,124824,777,43,90,1
8589,124825,777,6,90,1
13988,124825,777,6,90,1
14569,124825,777,6,90,1
20874,124825,777,6,90,1
24334,124825,777,6,90,1
37776,124825,777,6,68,1
49759,124825,777,6,90,1
50842,124825,777,6,90,1
76104,124825,777,6,90,1
76353,124825,777,6,90,1
109117,124825,777,6,83,1
138981,124825,777,6,21,0
146391,124825,777,6,6,0
12136,124825,777,29,90,1
25408,124825,777,29,6,0
51199,124825,777,29,90,1
52989,124825,777,29,90,1
63733,124825,777,29,90,1
66659,124825,777,29,90,1
67784,124825,777,29,21,0
75692,124825,777,29,90,1
118633,124825,777,29,90,1
119614,124825,777,29,1,0
122126,124825,777,29,90,1
124944,124825,777,29,83,1
126110,124825,777,29,90,1
126317,124825,777,29,68,1
4245,124826,777,2,90,1
5066,124826,777,2,7,0
5758,124826,777,2,90,1
5865,124826,777,2,45,1
8658,124826,777,2,82,1
8900,124826,777,2,90,1
13274,124826,777,2,90,1
13344,124826,777,2,90,1
14456,124826,777,2,7,0
23968,124826,777,2,90,1
26408,124826,777,2,70,1
33185,124826,777,2,19,0
51423,124826,777,2,90,1
72265,124826,777,2,45,0
107846,124826,777,2,82,1
4260,124826,777,7,90,1
4333,124826,777,7,90,1
4640,124826,777,7,90,1
8143,124826,777,7,90,1
12582,124826,777,7,90,1
14706,124826,777,7,90,1
23841,124826,777,7,90,1
31936,124826,777,7,90,1
66538,124826,777,7,65,1
112589,124826,777,7,90,1
126789,124826,777,7,74,1
128411,124826,777,7,24,0
143922,124826,777,7,15,0
9251,124827,777,9,90,1
9576,124827,777,9,68,1
13796,124827,777,9,90,1
13797,124827,777,9,11,0
14608,124827,777,9,90,1
14807,124827,777,9,21,0
14897,124827,777,9,90,1
19731,124827,777,9,90,1
33124,124827,777,9,90,1
33162,124827,777,9,67,1
63289,124827,777,9,76,1
68676,124827,777,9,1,0
75543,124827,777,9,90,1
116888,124827,777,9,90,1
3894,124827,777,34,6,0
4717,124827,777,34,75,1
4880,124827,777,34,90,1
4979,124827,777,34,30,0
4985,124827,777,34,90,1
11071,124827,777,34,6,0
13961,124827,777,34,59,1
14445,124827,777,34,30,0
14656,124827,777,34,90,1
16044,124827,777,34,90,1
21614,124827,777,34,83,1
23793,124827,777,34,90,1
26151,124827,777,34,90,1
117763,124827,777,34,83,1
121610,124827,777,34,14,0
128976,124827,777,34,59,1
4499,124828,777,11,2,0
5067,124828,777,11,87,1
14805,124828,777,11,90,1
16286,124828,777,11,75,1
16431,124828,777,11,90,1
22857,124828,777,11,90,1
26335,124828,777,11,90,1
54156,124828,777,11,76,1
65970,124828,777,11,86,1
66657,124828,777,11,3,0
67178,124828,777,11,90,1
67849,124828,777,11,14,0
112948,124828,777,11,90,1
126943,124828,777,11,13,0
137371,124828,777,11,90,1
4608,124828,777,12,90,1
5793,124828,777,12,10,0
9566,124828,777,12,28,0
20226,124828,777,12,90,1
23396,124828,777,12,90,1
33245,124828,777,12,61,1
50848,124828,777,12,10,0
66036,124828,777,12,79,1
66360,124828,777,12,90,1
69176,124828,777,12,90,1
71744,124828,777,12,90,1
108936,124828,777,12,28,0
118031,124828,777,12,79,1
118591,124828,777,12,61,1
146567,124828,777,12,90,1
3905,124829,777,23,90,1
5220,124829,777,23,90,1
8707,124829,777,23,90,1
9662,124829,777,23,90,1
10079,124829,777,23,90,1
14446,124829,777,23,25,0
14716,124829,777,23,79,1
20607,124829,777,23,64,1
49259,124829,777,23,10,0
49495,124829,777,23,90,1
49908,124829,777,23,1,0
71623,124829,777,23,90,1
74761,124829,777,23,90,1
114590,124829,777,23,25,0
115256,124829,777,23,64,1
4331,124829,777,38,90,1
20337,124829,777,38,76,1
66692,124829,777,38,90,1
76310,124829,777,38,24,0
92635,124829,777,38,90,1
108877,124829,777,38,90,1
108947,124829,777,38,76,1
110203,124829,777,38,90,1
111988,124829,777,38,13,0
115114,124829,777,38,65,1
115371,124829,777,38,65,1
126108,124829,777,38,24,0
133679,124829,777,38,90,1
143214,124829,777,38,65,1
143218,124829,777,38,24,0
303861,124829,777,38,13,0
19858,124830,777,21,90,1
23764,124830,777,21,70,1
24630,124830,777,21,19,0
25892,124830,777,21,10,0
32229,124830,777,21,90,1
49374,124830,777,21,10,0
51364,124830,777,21,90,1
66635,124830,777,21,90,1
69274,124830,777,21,70,1
71923,124830,777,21,90,1
75582,124830,777,21,79,1
76614,124830,777,21,78,1
117318,124830,777,21,90,1
118579,124830,777,21,11,0
126824,124830,777,21,19,0
133603,124830,777,21,79,1
4617,124830,777,25,90,1
8454,124830,777,25,22,0
8868,124830,777,25,90,1
13522,124830,777,25,90,1
13815,124830,777,25,90,1
25183,124830,777,25,53,1
32638,124830,777,25,90,1
55776,124830,777,25,67,1
65961,124830,777,25,60,1
118083,124830,777,25,90,1
119072,124830,777,25,60,1
122005,124830,777,25,29,0
136505,124830,777,25,1,0
145347,124830,777,25,90,1
146354,124830,777,25,29,0
7975,124831,777,1,90,1
15202,124831,777,1,90,1
19778,124831,777,1,45,1
20486,124831,777,1,83,1
21584,124831,777,1,45,0
32728,124831,777,1,90,1
49481,124831,777,1,45,0
50234,124831,777,1,90,1
64523,124831,777,1,90,1
66104,124831,777,1,10,0
66204,124831,777,1,90,1
67407,124831,777,1,45,1
67776,124831,777,1,79,1
69914,124831,777,1,90,1
114566,124831,777,1,6,0
119476,124831,777,1,1,0
4499,124831,777,11,22,0
4505,124831,777,11,3,0
5067,124831,777,11,90,1
14805,124831,777,11,67,1
16286,124831,777,11,90,1
16431,124831,777,11,90,1
22857,124831,777,11,90,1
26335,124831,777,11,90,1
54156,124831,777,11,86,1
65970,124831,777,11,75,1
67178,124831,777,11,90,1
67849,124831,777,11,14,0
76204,124831,777,11,45,0
112948,124831,777,11,86,1
126943,124831,777,11,3,0
137371,124831,777,11,45,1
8707,124832,777,23,90,1
9257,124832,777,23,6,0
9662,124832,777,23,61,1
10079,124832,777,23,90,1
14446,124832,777,23,61,1
14716,124832,777,23,28,0
49259,124832,777,23,28,0
49495,124832,777,23,90,1
49908,124832,777,23,90,1
71623,124832,777,23,90,1
108922,124832,777,23,90,1
114590,124832,777,23,6,0
115256,124832,777,23,83,1
117647,124832,777,23,90,1
124462,124832,777,23,83,1
13706,124832,777,127,62,1
14846,124832,777,127,74,1
15572,124832,777,127,27,0
21519,124832,777,127,27,0
25474,124832,777,127,90,1
33032,124832,777,127,90,1
42894,124832,777,127,90,1
51942,124832,777,127,45,0
54989,124832,777,127,90,1
74965,124832,777,127,90,1
74976,124832,777,127,62,1
118080,124832,777,127,15,0
119381,124832,777,127,45,1
132285,124832,777,127,90,1
134403,124832,777,127,90,1
19858,124833,777,21,90,1
22802,124833,777,21,60,1
23764,124833,777,21,1,0
24630,124833,777,21,90,1
32229,124833,777,21,88,1
49374,124833,777,21,18,0
51364,124833,777,21,90,1
66635,124833,777,21,90,1
69274,124833,777,21,29,0
71923,124833,777,21,90,1
75582,124833,777,21,90,1
117596,124833,777,21,1,0
118579,124833,777,21,71,1
126824,124833,777,21,90,1
133603,124833,777,21,88,1
2100,124833,777,131,27,0
3452,124833,777,131,15,0
4874,124833,777,131,90,1
8163,124833,777,131,90,1
50727,124833,777,131,84,1
51830,124833,777,131,74,1
72239,124833,777,131,5,0
75709,124833,777,131,90,1
76090,124833,777,131,90,1
117732,124833,777,131,90,1
124396,124833,777,131,45,1
134176,124833,777,131,62,1
134333,124833,777,131,90,1
136175,124833,777,131,75,1
143240,124833,777,131,45,0
303860,124833,777,131,15,0
3756,124834,777,15,74,1
15259,124834,777,15,90,1
16035,124834,777,15,90,1
16723,124834,777,15,90,1
19620,124834,777,15,90,1
23702,124834,777,15,31,0
23811,124834,777,15,90,1
24626,124834,777,15,75,1
50623,124834,777,15,75,1
51593,124834,777,15,90,1
67510,124834,777,15,90,1
68219,124834,777,15,14,0
108816,124834,777,15,14,0
138137,124834,777,15,58,1
304123,124834,777,15,15,0
3955,124834,777,43,90,1
6451,124834,777,43,90,1
8127,124834,777,43,90,1
10539,124834,777,43,90,1
50460,124834,777,43,90,1
63851,124834,777,43,90,1
64282,124834,777,43,85,1
68593,124834,777,43,9,0
74964,124834,777,43,80,1
75735,124834,777,43,4,0
124531,124834,777,43,90,1
127393,124834,777,43,90,1
128456,124834,777,43,90,1
3894,124835,777,34,4,0
4717,124835,777,34,79,1
4880,124835,777,34,90,1
4985,124835,777,34,90,1
11071,124835,777,34,10,0
13961,124835,777,34,85,1
14445,124835,777,34,10,0
14656,124835,777,34,90,1
16044,124835,777,34,85,1
21614,124835,777,34,90,1
23793,124835,777,34,90,1
26151,124835,777,34,90,1
35752,124835,777,34,4,0
117763,124835,777,34,79,1
121610,124835,777,34,23,0
128976,124835,777,34,66,1
3712,124835,777,130,73,1
10947,124835,777,130,24,0
14723,124835,777,130,90,1
20113,124835,777,130,16,0
22043,124835,777,130,73,1
23194,124835,777,130,16,0
24369,124835,777,130,65,1
24659,124835,777,130,90,1
32289,124835,777,130,3,0
49731,124835,777,130,86,1
65987,124835,777,130,90,1
124052,124835,777,130,64,1
127594,124835,777,130,90,1
128891,124835,777,130,90,1
133460,124835,777,130,90,1
133890,124835,777,130,25,0
4260,124836,777,7,90,1
4333,124836,777,7,90,1
4640,124836,777,7,90,1
8143,124836,777,7,90,1
12582,124836,777,7,90,1
14706,124836,777,7,90,1
23841,124836,777,7,90,1
24983,124836,777,7,85,1
31936,124836,777,7,85,1
112589,124836,777,7,90,1
112917,124836,777,7,4,0
126789,124836,777,7,45,1
133612,124836,777,7,4,0
143922,124836,777,7,45,0
5140,124836,777,10,90,1
5178,124836,777,10,90,1
20559,124836,777,10,90,1
21737,124836,777,10,23,0
23593,124836,777,10,90,1
23815,124836,777,10,29,0
32894,124836,777,10,60,1
33231,124836,777,10,90,1
49909,124836,777,10,90,1
63633,124836,777,10,60,1
68582,124836,777,10,90,1
75382,124836,777,10,29,0
81542,124836,777,10,66,1
116665,124836,777,10,90,1
13549,124837,777,4,83,0
14538,124837,777,4,4,1
14571,124837,777,4,90,1
14575,124837,777,4,90,1
21998,124837,777,4,6,1
27277,124837,777,4,63,1
49293,124837,777,4,20,1
63741,124837,777,4,90,1
66284,124837,777,4,63,1
68827,124837,777,4,26,0
72371,124837,777,4,90,1
75989,124837,777,4,84,0
112203,124837,777,4,90,1
118442,124837,777,4,26,0
133245,124837,777,4,69,0
304474,124837,777,4,5,1
4608,124837,777,12,90,1
5793,124837,777,12,49,1
9566,124837,777,12,69,1
14580,124837,777,12,21,0
20226,124837,777,12,90,1
23396,124837,777,12,86,1
33245,124837,777,12,64,1
51202,124837,777,12,26,0
66036,124837,777,12,45,1
66360,124837,777,12,69,1
69176,124837,777,12,90,1
71744,124837,777,12,90,1
108936,124837,777,12,3,0
118031,124837,777,12,45,0
118591,124837,777,12,20,0
146567,124837,777,12,90,1
4245,124838,777,2,90,1
5758,124838,777,2,57,1
8658,124838,777,2,90,1
8900,124838,777,2,90,1
13274,124838,777,2,90,1
13344,124838,777,2,90,1
14456,124838,777,2,17,0
14801,124838,777,2,8,0
23968,124838,777,2,81,1
25067,124838,777,2,81,1
26408,124838,777,2,57,1
33185,124838,777,2,32,0
51223,124838,777,2,32,0
51423,124838,777,2,90,1
72265,124838,777,2,72,1
107846,124838,777,2,8,0
11284,124838,777,29,10,0
12136,124838,777,29,90,1
19864,124838,777,29,53,0
25408,124838,777,29,9,0
35731,124838,777,29,1,0
51199,124838,777,29,90,1
52989,124838,777,29,79,1
63733,124838,777,29,32,1
66659,124838,777,29,90,1
75692,124838,777,29,90,1
118633,124838,777,29,79,1
119614,124838,777,29,36,1
122126,124838,777,29,90,1
124944,124838,777,29,90,1
126920,124838,777,29,10,0
138104,124838,777,29,80,1
8589,124839,777,6,64,1
13988,124839,777,6,90,1
14451,124839,777,6,15,0
14569,124839,777,6,90,1
20874,124839,777,6,90,1
24334,124839,777,6,90,1
37776,124839,777,6,25,0
49759,124839,777,6,90,1
50842,124839,777,6,90,1
69595,124839,777,6,74,1
76104,124839,777,6,90,1
76353,124839,777,6,90,1
109117,124839,777,6,45,1
138981,124839,777,6,45,0
4617,124839,777,25,90,1
5748,124839,777,25,90,1
8454,124839,777,25,58,1
8868,124839,777,25,90,1
13522,124839,777,25,90,1
13815,124839,777,25,90,1
32638,124839,777,25,90,1
42569,124839,777,25,31,0
55776,124839,777,25,90,1
65961,124839,777,25,77,1
119072,124839,777,25,77,1
122005,124839,777,25,12,0
145347,124839,777,25,90,1
146354,124839,777,25,12,0
9251,124840,777,9,90,1
9576,124840,777,9,90,1
13515,124840,777,9,7,0
13796,124840,777,9,90,1
14608,124840,777,9,82,1
14807,124840,777,9,1,0
14897,124840,777,9,82,1
19731,124840,777,9,90,1
33124,124840,777,9,90,1
33162,124840,777,9,69,1
63289,124840,777,9,90,1
75543,124840,777,9,90,1
115255,124840,777,9,1,0
116888,124840,777,9,90,1
126426,124840,777,9,7,0
15715,124840,777,38,90,1
35670,124840,777,38,45,0
66692,124840,777,38,45,0
76310,124840,777,38,45,0
92635,124840,777,38,71,1
108877,124840,777,38,90,1
108947,124840,777,38,45,1
110203,124840,777,38,90,1
111988,124840,777,38,90,1
115114,124840,777,38,71,1
115371,124840,777,38,90,1
126108,124840,777,38,45,1
133679,124840,777,38,90,1
143214,124840,777,38,18,0
143218,124840,777,38,18,0
303861,124840,777,38,45,1
4245,124841,777,2,90,1
5066,124841,777,2,8,0
5758,124841,777,2,90,1
8658,124841,777,2,90,1
8900,124841,777,2,31,1
13274,124841,777,2,90,1
13344,124841,777,2,90,1
14456,124841,777,2,7,0
21529,124841,777,2,58,0
23968,124841,777,2,90,1
25067,124841,777,2,18,0
26408,124841,777,2,45,0
33185,124841,777,2,45,1
51423,124841,777,2,71,1
72265,124841,777,2,82,1
107846,124841,777,2,81,1
4717,124841,777,34,64,1
4979,124841,777,34,79,0
4985,124841,777,34,90,1
6712,124841,777,34,90,1
11071,124841,777,34,10,1
13961,124841,777,34,79,1
14445,124841,777,34,25,0
14624,124841,777,34,10,0
14656,124841,777,34,79,1
16044,124841,777,34,90,1
21614,124841,777,34,90,1
23793,124841,777,34,90,1
26151,124841,777,34,90,1
53063,124841,777,34,10,0
121610,124841,777,34,25,0
128976,124841,777,34,64,1
4608,124842,777,12,80,1
9566,124842,777,12,65,1
14580,124842,777,12,9,0
20226,124842,777,12,90,1
23396,124842,777,12,90,1
24252,124842,777,12,90,1
50848,124842,777,12,5,0
51202,124842,777,12,90,1
66036,124842,777,12,90,1
66360,124842,777,12,90,1
71744,124842,777,12,90,1
108936,124842,777,12,24,0
118031,124842,777,12,65,1
118591,124842,777,12,24,0
146567,124842,777,12,84,1
3712,124842,777,130,80,1
10947,124842,777,130,15,0
14723,124842,777,130,90,1
23194,124842,777,130,9,0
24369,124842,777,130,15,0
24659,124842,777,130,90,1
49726,124842,777,130,1,0
49731,124842,777,130,80,1
65987,124842,777,130,90,1
108612,124842,777,130,9,0
115166,124842,777,130,74,1
124052,124842,777,130,89,1
127594,124842,777,130,90,1
128891,124842,777,130,90,1
133460,124842,777,130,90,1
133890,124842,777,130,74,1
14538,124843,777,4,90,1
14571,124843,777,4,90,1
14575,124843,777,4,52,1
21998,124843,777,4,78,1
27277,124843,777,4,90,1
53612,124843,777,4,11,0
63741,124843,777,4,90,1
68827,124843,777,4,27,0
72371,124843,777,4,90,1
99282,124843,777,4,11,0
112203,124843,777,4,90,1
119041,124843,777,4,78,1
125075,124843,777,4,36,0
133245,124843,777,4,53,1
304474,124843,777,4,63,1
3452,124843,777,131,23,0
4874,124843,777,131,54,1
8163,124843,777,131,90,1
50727,124843,777,131,90,1
51830,124843,777,131,84,1
67928,124843,777,131,5,0
72239,124843,777,131,35,0
75709,124843,777,131,90,1
76090,124843,777,131,90,1
117732,124843,777,131,66,1
124396,124843,777,131,66,1
134176,124843,777,131,23,0
134333,124843,777,131,90,1
136175,124843,777,131,90,1
139930,124843,777,131,5,0
143240,124843,777,131,84,1
8589,124844,777,6,28,0
13988,124844,777,6,90,1
14451,124844,777,6,15,0
14569,124844,777,6,90,1
20874,124844,777,6,90,1
24334,124844,777,6,90,1
37776,124844,777,6,16,0
49759,124844,777,6,90,1
49796,124844,777,6,74,1
50842,124844,777,6,90,1
69595,124844,777,6,61,1
76104,124844,777,6,90,1
76353,124844,777,6,90,1
109117,124844,777,6,73,1
138981,124844,777,6,1,0
5140,124844,777,10,90,1
5178,124844,777,10,90,1
15802,124844,777,10,16,0
19919,124844,777,10,16,0
20559,124844,777,10,90,1
21737,124844,777,10,83,1
23593,124844,777,10,73,1
23815,124844,777,10,25,0
32894,124844,777,10,45,0
33231,124844,777,10,90,1
49909,124844,777,10,90,1
63633,124844,777,10,64,1
68582,124844,777,10,45,1
75382,124844,777,10,73,1
116665,124844,777,10,90,1
134796,124844,777,10,6,0
4260,124845,777,7,90,1
4333,124845,777,7,90,1
4640,124845,777,7,90,1
8143,124845,777,7,90,1
12582,124845,777,7,90,1
14706,124845,777,7,90,1
23841,124845,777,7,90,1
24983,124845,777,7,90,1
31936,124845,777,7,80,1
112589,124845,777,7,90,1
112917,124845,777,7,9,0
126789,124845,777,7,68,1
143922,124845,777,7,21,0
5748,124845,777,25,90,1
8868,124845,777,25,90,1
13522,124845,777,25,90,1
13815,124845,777,25,90,1
21912,124845,777,25,1,0
32638,124845,777,25,90,1
42569,124845,777,25,90,1
55776,124845,777,25,90,1
65961,124845,777,25,76,1
66560,124845,777,25,31,0
119072,124845,777,25,90,1
122005,124845,777,25,58,1
136505,124845,777,25,1,0
145347,124845,777,25,90,1
146354,124845,777,25,13,0
9251,124846,777,9,90,1
9576,124846,777,9,90,1
13796,124846,777,9,90,1
14608,124846,777,9,90,1
14807,124846,777,9,1,0
14897,124846,777,9,90,1
19731,124846,777,9,90,1
33124,124846,777,9,90,1
33162,124846,777,9,66,1
63289,124846,777,9,86,1
75543,124846,777,9,90,1
116888,124846,777,9,90,1
126426,124846,777,9,3,0
13706,124846,777,127,30,0
14846,124846,777,127,30,0
15572,124846,777,127,59,1
21519,124846,777,127,59,1
25474,124846,777,127,90,1
33032,124846,777,127,90,1
42894,124846,777,127,80,1
54989,124846,777,127,90,1
74965,124846,777,127,90,1
74976,124846,777,127,30,0
118080,124846,777,127,59,1
119381,124846,777,127,72,1
121972,124846,777,127,17,0
132285,124846,777,127,90,1
134403,124846,777,127,90,1
137832,124846,777,127,9,0
4499,124847,777,11,20,0
5067,124847,777,11,7,0
14805,124847,777,11,90,1
16431,124847,777,11,90,1
22857,124847,777,11,90,1
26335,124847,777,11,82,1
54156,124847,777,11,90,1
65970,124847,777,11,90,1
66657,124847,777,11,28,0
67178,124847,777,11,69,1
67849,124847,777,11,90,1
76204,124847,777,11,90,1
99281,124847,777,11,7,0
112948,124847,777,11,82,1
126943,124847,777,11,61,1
3955,124847,777,43,90,1
6451,124847,777,43,90,1
8127,124847,777,43,90,1
10539,124847,777,43,78,1
19831,124847,777,43,28,0
31442,124847,777,43,10,0
50460,124847,777,43,87,1
51498,124847,777,43,2,0
63851,124847,777,43,90,1
64282,124847,777,43,79,1
68593,124847,777,43,2,0
74960,124847,777,43,11,0
74964,124847,777,43,61,1
124531,124847,777,43,90,1
127393,124847,777,43,87,1
128456,124847,777,43,90,1
7975,124848,777,1,90,1
11419,124848,777,1,8,0
15202,124848,777,1,90,1
19778,124848,777,1,20,0
20486,124848,777,1,87,1
21584,124848,777,1,90,1
32728,124848,777,1,90,1
49481,124848,777,1,69,1
50234,124848,777,1,90,1
64523,124848,777,1,81,1
66104,124848,777,1,20,0
66204,124848,777,1,45,0
67776,124848,777,1,90,1
69914,124848,777,1,69,1
114564,124848,777,1,2,0
119476,124848,777,1,45,1
3905,124848,777,23,23,0
8707,124848,777,23,90,1
9257,124848,777,23,13,0
9662,124848,777,23,65,1
10079,124848,777,23,90,1
14716,124848,777,23,1,0
20607,124848,777,23,90,1
23747,124848,777,23,66,1
49259,124848,777,23,24,0
49495,124848,777,23,76,1
49908,124848,777,23,90,1
71623,124848,777,23,90,1
74761,124848,777,23,90,1
114590,124848,777,23,23,0
115256,124848,777,23,66,1
124462,124848,777,23,90,1
3756,124849,777,15,89,1
15259,124849,777,15,45,0
16035,124849,777,15,90,1
16723,124849,777,15,90,1
19620,124849,777,15,90,1
23702,124849,777,15,30,0
23811,124849,777,15,90,1
49270,124849,777,15,59,1
50623,124849,777,15,59,1
51593,124849,777,15,90,1
67510,124849,777,15,90,1
68219,124849,777,15,1,0
98300,124849,777,15,18,0
115172,124849,777,15,45,1
138137,124849,777,15,71,1
304123,124849,777,15,30,0
10394,124849,777,29,31,0
11284,124849,777,29,58,1
12136,124849,777,29,90,1
19864,124849,777,29,15,0
25408,124849,777,29,31,0
51199,124849,777,29,90,1
52989,124849,777,29,84,1
66659,124849,777,29,90,1
67784,124849,777,29,5,0
75692,124849,777,29,90,1
118633,124849,777,29,84,1
119614,124849,777,29,58,1
122126,124849,777,29,90,1
124944,124849,777,29,90,1
126317,124849,777,29,5,0
138104,124849,777,29,74,1
19858,124850,777,21,90,1
22802,124850,777,21,61,1
23764,124850,777,21,62,1
24630,124850,777,21,90,1
32229,124850,777,21,27,0
49374,124850,777,21,28,0
51364,124850,777,21,90,1
66635,124850,777,21,90,1
69274,124850,777,21,77,1
71923,124850,777,21,90,1
75582,124850,777,21,90,1
76614,124850,777,21,6,0
117318,124850,777,21,12,0
118579,124850,777,21,12,0
126824,124850,777,21,83,1
133603,124850,777,21,77,1
4229,124850,777,38,45,1
4331,124850,777,38,90,1
20337,124850,777,38,45,1
35670,124850,777,38,83,1
43010,124850,777,38,90,1
66692,124850,777,38,90,1
76310,124850,777,38,90,1
92635,124850,777,38,1,0
108877,124850,777,38,90,1
110203,124850,777,38,45,0
111988,124850,777,38,45,0
115371,124850,777,38,6,0
126108,124850,777,38,26,0
133679,124850,777,38,63,1
143214,124850,777,38,90,1
143218,124850,777,38,90,1
7975,124851,777,1,90,1
11419,124851,777,1,29,1
15202,124851,777,1,78,1
19778,124851,777,1,11,0
20486,124851,777,1,74,1
21584,124851,777,1,78,1
32728,124851,777,1,90,1
49481,124851,777,1,90,1
50234,124851,777,1,90,1
64523,124851,777,1,60,0
66104,124851,777,1,11,0
66204,124851,777,1,90,1
67776,124851,777,1,90,1
69914,124851,777,1,74,1
114564,124851,777,1,15,0
114566,124851,777,1,15,0
5748,124851,777,25,90,1
8868,124851,777,25,90,1
13522,124851,777,25,90,1
13815,124851,777,25,11,0
14164,124851,777,25,78,1
32638,124851,777,25,90,1
42569,124851,777,25,60,1
55776,124851,777,25,90,1
65961,124851,777,25,90,1
66560,124851,777,25,29,0
119072,124851,777,25,90,1
122005,124851,777,25,60,1
122149,124851,777,25,29,0
145347,124851,777,25,90,1
4115,124852,777,2,6,0
4245,124852,777,2,90,1
5066,124852,777,2,6,0
5758,124852,777,2,90,1
8658,124852,777,2,66,1
13274,124852,777,2,90,1
13344,124852,777,2,83,1
14456,124852,777,2,83,1
21529,124852,777,2,90,1
23968,124852,777,2,90,1
25067,124852,777,2,90,1
26408,124852,777,2,33,0
51223,124852,777,2,1,0
51423,124852,777,2,66,1
72265,124852,777,2,23,0
107846,124852,777,2,89,1
108096,124852,777,2,1,0
3955,124852,777,43,90,1
6451,124852,777,43,90,1
8127,124852,777,43,81,1
10539,124852,777,43,90,1
13559,124852,777,43,90,1
13622,124852,777,43,1,0
19831,124852,777,43,31,0
31442,124852,777,43,31,0
50460,124852,777,43,58,1
63851,124852,777,43,90,1
64282,124852,777,43,68,1
74960,124852,777,43,21,0
74964,124852,777,43,58,1
75735,124852,777,43,8,0
124531,124852,777,43,90,1
127393,124852,777,43,90,1
3894,124853,777,34,76,0
4717,124853,777,34,85,1
4979,124853,777,34,4,0
4985,124853,777,34,90,1
6712,124853,777,34,90,1
13961,124853,777,34,66,1
14445,124853,777,34,4,0
14656,124853,777,34,90,1
16044,124853,777,34,13,1
21614,124853,777,34,90,1
23793,124853,777,34,90,1
26151,124853,777,34,90,1
49884,124853,777,34,85,1
53063,124853,777,34,23,0
121610,124853,777,34,23,0
128976,124853,777,34,66,1
13706,124853,777,127,84,1
14846,124853,777,127,60,1
15572,124853,777,127,12,0
21519,124853,777,127,29,0
25474,124853,777,127,90,1
33032,124853,777,127,90,1
42894,124853,777,127,77,1
51942,124853,777,127,60,1
54989,124853,777,127,77,1
74965,124853,777,127,90,1
74976,124853,777,127,90,1
119381,124853,777,127,29,0
121972,124853,777,127,12,0
132285,124853,777,127,90,1
134403,124853,777,127,90,1
140546,124853,777,127,5,0
5067,124854,777,11,14,0
14805,124854,777,11,90,1
16286,124854,777,11,21,1
16431,124854,777,11,90,1
22857,124854,777,11,90,1
26335,124854,777,11,75,1
54156,124854,777,11,14,0
65970,124854,777,11,90,1
66657,124854,777,11,75,1
67178,124854,777,11,90,1
67849,124854,777,11,68,0
76204,124854,777,11,90,1
112948,124854,777,11,90,1
126943,124854,777,11,90,1
3712,124854,777,130,73,1
14723,124854,777,130,90,1
20113,124854,777,130,90,1
23194,124854,777,130,16,0
24659,124854,777,130,90,1
32289,124854,777,130,1,0
49726,124854,777,130,22,0
49731,124854,777,130,67,1
65987,124854,777,130,90,1
108612,124854,777,130,17,0
115166,124854,777,130,90,1
124052,124854,777,130,67,1
127594,124854,777,130,90,1
128891,124854,777,130,72,1
133460,124854,777,130,90,1
133890,124854,777,130,22,0
14538,124855,777,4,90,1
14571,124855,777,4,90,1
21998,124855,777,4,74,1
27277,124855,777,4,90,1
53612,124855,777,4,54,1
63741,124855,777,4,90,1
68583,124855,777,4,15,0
68827,124855,777,4,90,1
68987,124855,777,4,74,1
72371,124855,777,4,73,1
99282,124855,777,4,35,0
112203,124855,777,4,90,1
119041,124855,777,4,22,0
125075,124855,777,4,67,1
130068,124855,777,4,16,0
304474,124855,777,4,15,0
5140,124855,777,10,90,1
5178,124855,777,10,90,1
10458,124855,777,10,35,0
21737,124855,777,10,73,1
23593,124855,777,10,55,1
23815,124855,777,10,34,0
32894,124855,777,10,90,1
33231,124855,777,10,90,1
43586,124855,777,10,4,0
49909,124855,777,10,90,1
63633,124855,777,10,85,1
68582,124855,777,10,45,1
75382,124855,777,10,45,0
81542,124855,777,10,16,0
116496,124855,777,10,90,1
116665,124855,777,10,54,1
13988,124856,777,6,90,1
14451,124856,777,6,20,0
14569,124856,777,6,90,1
20874,124856,777,6,69,1
24334,124856,777,6,90,1
37776,124856,777,6,8,0
49759,124856,777,6,81,1
49796,124856,777,6,88,1
50842,124856,777,6,90,1
69595,124856,777,6,90,1
76104,124856,777,6,90,1
76353,124856,777,6,90,1
109117,124856,777,6,87,1
138981,124856,777,6,2,0
146391,124856,777,6,1,0
3600,124856,777,7,1,0
4260,124856,777,7,90,1
4333,124856,777,7,64,1
4640,124856,777,7,90,1
8143,124856,777,7,90,1
12582,124856,777,7,90,1
23841,124856,777,7,90,1
24983,124856,777,7,90,1
31936,124856,777,7,90,1
66538,124856,777,7,25,0
112589,124856,777,7,90,1
112917,124856,777,7,45,1
126789,124856,777,7,45,0
133612,124856,777,7,45,0
143922,124856,777,7,45,1
9251,124857,777,9,90,1
9576,124857,777,9,90,1
13515,124857,777,9,1,0
13796,124857,777,9,90,1
14608,124857,777,9,88,1
14807,124857,777,9,11,0
14897,124857,777,9,90,1
19731,124857,777,9,90,1
33124,124857,777,9,90,1
33162,124857,777,9,78,1
50643,124857,777,9,11,0
63289,124857,777,9,66,1
75543,124857,777,9,78,1
116888,124857,777,9,66,1
126426,124857,777,9,23,0
19858,124857,777,21,90,1
22802,124857,777,21,90,1
24630,124857,777,21,16,0
25892,124857,777,21,5,0
32229,124857,777,21,90,1
49374,124857,777,21,1,0
51364,124857,777,21,89,1
66635,124857,777,21,90,1
69274,124857,777,21,73,1
71923,124857,777,21,90,1
75582,124857,777,21,90,1
76614,124857,777,21,72,1
117318,124857,777,21,17,0
118579,124857,777,21,84,1
126824,124857,777,21,90,1
4608,124858,777,12,90,1
5793,124858,777,12,84,1
9566,124858,777,12,5,0
14580,124858,777,12,64,1
20226,124858,777,12,90,1
23396,124858,777,12,90,1
24252,124858,777,12,63,1
51202,124858,777,12,25,0
66036,124858,777,12,90,1
66360,124858,777,12,76,1
67910,124858,777,12,90,1
69176,124858,777,12,90,1
108936,124858,777,12,13,0
118031,124858,777,12,5,0
118591,124858,777,12,84,1
146567,124858,777,12,26,0
10394,124858,777,29,57,1
11284,124858,777,29,57,1
12136,124858,777,29,90,1
19864,124858,777,29,53,0
25408,124858,777,29,11,0
51199,124858,777,29,90,1
52989,124858,777,29,58,1
66659,124858,777,29,90,1
67784,124858,777,29,31,0
75692,124858,777,29,90,1
118633,124858,777,29,32,0
122126,124858,777,29,78,1
124944,124858,777,29,90,1
126317,124858,777,29,36,1
126920,124858,777,29,32,0
138104,124858,777,29,90,1
3756,124859,777,15,63,1
14238,124859,777,15,63,1
15259,124859,777,15,90,1
16035,124859,777,15,90,1
16723,124859,777,15,90,1
23702,124859,777,15,26,0
23811,124859,777,15,90,1
50623,124859,777,15,64,1
51593,124859,777,15,90,1
67510,124859,777,15,76,1
70249,124859,777,15,90,1
98300,124859,777,15,25,0
138137,124859,777,15,13,0
304123,124859,777,15,26,0
304238,124859,777,15,90,1
3905,124859,777,23,90,1
8707,124859,777,23,90,1
9662,124859,777,23,20,0
10079,124859,777,23,90,1
14716,124859,777,23,20,0
20607,124859,777,23,90,1
23747,124859,777,23,69,1
49259,124859,777,23,69,1
49908,124859,777,23,90,1
71623,124859,777,23,90,1
74761,124859,777,23,90,1
114590,124859,777,23,1,0
115256,124859,777,23,90,1
117647,124859,777,23,1,0
124462,124859,777,23,90,1
4331,124860,777,38,90,1
20337,124860,777,38,59,1
35670,124860,777,38,76,1
43010,124860,777,38,90,1
66692,124860,777,38,76,1
76310,124860,777,38,90,1
108877,124860,777,38,90,1
110203,124860,777,38,30,0
111988,124860,777,38,90,1
115114,124860,777,38,1,0
115371,124860,777,38,1,0
126108,124860,777,38,14,0
133679,124860,777,38,90,1
136815,124860,777,38,13,0
143214,124860,777,38,90,1
143218,124860,777,38,90,1
2100,124860,777,131,13,0
3452,124860,777,131,90,1
8163,124860,777,131,90,1
50727,124860,777,131,90,1
51830,124860,777,131,45,0
67928,124860,777,131,20,0
72239,124860,777,131,69,1
75709,124860,777,131,90,1
76090,124860,777,131,90,1
124396,124860,777,131,45,1
134176,124860,777,131,69,1
134333,124860,777,131,90,1
136175,124860,777,131,90,1
139930,124860,777,131,20,0
143240,124860,777,131,76,1
3905,124861,777,23,90,1
8707,124861,777,23,90,1
9662,124861,777,23,45,0
10079,124861,777,23,90,1
14716,124861,777,23,20,0
19888,124861,777,23,20,0
20607,124861,777,23,45,1
23747,124861,777,23,69,1
49259,124861,777,23,45,1
49908,124861,777,23,90,1
71623,124861,777,23,69,1
74761,124861,777,23,85,1
114590,124861,777,23,4,0
115256,124861,777,23,90,1
117647,124861,777,23,45,0
124462,124861,777,23,90,1
2100,124861,777,131,19,0
3452,124861,777,131,89,1
8163,124861,777,131,90,1
50727,124861,777,131,90,1
51830,124861,777,131,70,1
67928,124861,777,131,54,0
72239,124861,777,131,90,1
75709,124861,777,131,90,1
76090,124861,777,131,90,1
124396,124861,777,131,70,1
134333,124861,777,131,90,1
136175,124861,777,131,89,1
139930,124861,777,131,19,0
143240,124861,777,131,35,1
145043,124861,777,131,1,0
303860,124861,777,131,1,0
9251,124862,777,9,90,1
9576,124862,777,9,90,1
13796,124862,777,9,90,1
13797,124862,777,9,24,0
14608,124862,777,9,90,1
14807,124862,777,9,24,0
14897,124862,777,9,90,1
19731,124862,777,9,80,1
33124,124862,777,9,90,1
50643,124862,777,9,17,0
63289,124862,777,9,65,1
75543,124862,777,9,90,1
116888,124862,777,9,72,1
126426,124862,777,9,9,0
3955,124862,777,43,90,1
6451,124862,777,43,90,1
8127,124862,777,43,13,0
8246,124862,777,43,7,0
10539,124862,777,43,90,1
13559,124862,777,43,90,1
19831,124862,777,43,57,1
50460,124862,777,43,82,1
63851,124862,777,43,90,1
68593,124862,777,43,7,0
74960,124862,777,43,82,1
74964,124862,777,43,32,0
75735,124862,777,43,76,1
124531,124862,777,43,90,1
127393,124862,777,43,90,1
13988,124863,777,6,90,1
14451,124863,777,6,26,0
14569,124863,777,6,90,1
20874,124863,777,6,90,1
24334,124863,777,6,90,1
49759,124863,777,6,90,1
49796,124863,777,6,90,1
50842,124863,777,6,90,1
69595,124863,777,6,90,1
76104,124863,777,6,90,1
76353,124863,777,6,90,1
109117,124863,777,6,63,1
10766,124863,777,127,1,0
14846,124863,777,127,90,1
15572,124863,777,127,23,0
21519,124863,777,127,75,1
25474,124863,777,127,90,1
42894,124863,777,127,90,1
51942,124863,777,127,15,0
54989,124863,777,127,90,1
74965,124863,777,127,90,1
74976,124863,777,127,66,1
118080,124863,777,127,15,0
119381,124863,777,127,74,1
121972,124863,777,127,14,0
132285,124863,777,127,90,1
134403,124863,777,127,90,1
137832,124863,777,127,74,1
7975,124864,777,1,90,1
15202,124864,777,1,90,1
19778,124864,777,1,28,0
20486,124864,777,1,80,1
21584,124864,777,1,61,1
32728,124864,777,1,90,1
42331,124864,777,1,1,0
49481,124864,777,1,90,1
50234,124864,777,1,90,1
64523,124864,777,1,90,1
66104,124864,777,1,9,0
66204,124864,777,1,90,1
67776,124864,777,1,90,1
69914,124864,777,1,90,1
3894,124864,777,34,63,1
4717,124864,777,34,90,1
4979,124864,777,34,8,0
4985,124864,777,34,90,1
6712,124864,777,34,90,1
11071,124864,777,34,90,1
13961,124864,777,34,81,1
14445,124864,777,34,26,0
14656,124864,777,34,90,1
21614,124864,777,34,90,1
23793,124864,777,34,8,0
26151,124864,777,34,41,1
35752,124864,777,34,81,1
49884,124864,777,34,48,0
121610,124864,777,34,27,0
128976,124864,777,34,62,1
5140,124865,777,10,90,1
5178,124865,777,10,84,1
15802,124865,777,10,18,0
19919,124865,777,10,5,0
21737,124865,777,10,71,1
23593,124865,777,10,90,1
23815,124865,777,10,28,0
32894,124865,777,10,90,1
33231,124865,777,10,90,1
49909,124865,777,10,61,1
63633,124865,777,10,61,1
68582,124865,777,10,61,1
75382,124865,777,10,28,0
81542,124865,777,10,28,0
116496,124865,777,10,90,1
116665,124865,777,10,90,1
4608,124865,777,12,84,1
5793,124865,777,12,57,1
9566,124865,777,12,90,1
14580,124865,777,12,60,1
20226,124865,777,12,90,1
23396,124865,777,12,84,1
24252,124865,777,12,90,1
51202,124865,777,12,90,1
66036,124865,777,12,29,0
66360,124865,777,12,90,1
67910,124865,777,12,90,1
69176,124865,777,12,58,1
108936,124865,777,12,5,0
118031,124865,777,12,32,0
118591,124865,777,12,5,0
146567,124865,777,12,31,0
4333,124866,777,7,90,1
4640,124866,777,7,90,1
8143,124866,777,7,90,1
12582,124866,777,7,69,1
14706,124866,777,7,85,1
23841,124866,777,7,90,1
24797,124866,777,7,4,0
24983,124866,777,7,90,1
31936,124866,777,7,85,1
66538,124866,777,7,20,0
112589,124866,777,7,90,1
112917,124866,777,7,4,0
126789,124866,777,7,74,1
128411,124866,777,7,20,0
133612,124866,777,7,69,1
143922,124866,777,7,15,0
4499,124866,777,11,90,1
5067,124866,777,11,31,0
12520,124866,777,11,4,0
14805,124866,777,11,90,1
16431,124866,777,11,90,1
22857,124866,777,11,90,1
26335,124866,777,11,58,1
54156,124866,777,11,58,1
65970,124866,777,11,90,1
66657,124866,777,11,31,0
67849,124866,777,11,85,1
68150,124866,777,11,5,0
76204,124866,777,11,90,1
99281,124866,777,11,5,0
112948,124866,777,11,84,1
126943,124866,777,11,84,1
13549,124867,777,4,9,0
14538,124867,777,4,90,1
14571,124867,777,4,90,1
14575,124867,777,4,90,1
21998,124867,777,4,77,1
27277,124867,777,4,90,1
68583,124867,777,4,45,0
68827,124867,777,4,86,1
68987,124867,777,4,45,1
72371,124867,777,4,90,1
99282,124867,777,4,45,1
112203,124867,777,4,45,0
125075,124867,777,4,80,1
130068,124867,777,4,45,0
133245,124867,777,4,45,1
304474,124867,777,4,12,0
3756,124867,777,15,16,0
15259,124867,777,15,90,1
15340,124867,777,15,45,1
16035,124867,777,15,90,1
16723,124867,777,15,90,1
19620,124867,777,15,73,1
23702,124867,777,15,37,0
23811,124867,777,15,90,1
24626,124867,777,15,52,1
51593,124867,777,15,90,1
67510,124867,777,15,90,1
70249,124867,777,15,16,0
108816,124867,777,15,90,1
139648,124867,777,15,73,1
304123,124867,777,15,45,0
10394,124868,777,29,62,1
12136,124868,777,29,90,1
19864,124868,777,29,90,1
25408,124868,777,29,14,0
35731,124868,777,29,1,0
51199,124868,777,29,90,1
52989,124868,777,29,75,1
66659,124868,777,29,90,1
75692,124868,777,29,90,1
118633,124868,777,29,27,0
119614,124868,777,29,75,1
122126,124868,777,29,90,1
124944,124868,777,29,90,1
126920,124868,777,29,14,0
138104,124868,777,29,90,1
4229,124868,777,38,66,1
4331,124868,777,38,90,1
35670,124868,777,38,90,1
43010,124868,777,38,90,1
52951,124868,777,38,23,0
66692,124868,777,38,90,1
76310,124868,777,38,90,1
108877,124868,777,38,90,1
108947,124868,777,38,76,1
111988,124868,777,38,13,0
115371,124868,777,38,14,0
133679,124868,777,38,75,1
143214,124868,777,38,90,1
143218,124868,777,38,76,1
303861,124868,777,38,14,0
4115,124869,777,2,8,0
4245,124869,777,2,90,1
5758,124869,777,2,81,1
8658,124869,777,2,29,0
13274,124869,777,2,90,1
13344,124869,777,2,90,1
14456,124869,777,2,60,1
21529,124869,777,2,90,1
23968,124869,777,2,90,1
25067,124869,777,2,90,1
26408,124869,777,2,29,0
51223,124869,777,2,8,0
51423,124869,777,2,90,1
72265,124869,777,2,60,1
108096,124869,777,2,81,1
19858,124869,777,21,90,1
22802,124869,777,21,85,1
23764,124869,777,21,85,1
24630,124869,777,21,30,0
25892,124869,777,21,90,1
32229,124869,777,21,90,1
49374,124869,777,21,4,0
51185,124869,777,21,11,0
51364,124869,777,21,90,1
69274,124869,777,21,78,1
71923,124869,777,21,90,1
75582,124869,777,21,90,1
76614,124869,777,21,59,1
117318,124869,777,21,4,0
118579,124869,777,21,78,1
133603,124869,777,21,11,0
5748,124870,777,25,90,1
8868,124870,777,25,90,1
13522,124870,777,25,90,1
13815,124870,777,25,45,1
14164,124870,777,25,45,0
25183,124870,777,25,70,1
32638,124870,777,25,45,0
40159,124870,777,25,19,0
55776,124870,777,25,90,1
63656,124870,777,25,90,1
65961,124870,777,25,90,1
117579,124870,777,25,45,1
119072,124870,777,25,45,1
122149,124870,777,25,29,0
136505,124870,777,25,60,1
145347,124870,777,25,45,0
3712,124870,777,130,89,1
14723,124870,777,130,90,1
20113,124870,777,130,90,1
23194,124870,777,130,15,0
24369,124870,777,130,14,0
24659,124870,777,130,90,1
49726,124870,777,130,1,0
49731,124870,777,130,74,1
65987,124870,777,130,90,1
124052,124870,777,130,90,1
127594,124870,777,130,90,1
128891,124870,777,130,90,1
133460,124870,777,130,90,1
133890,124870,777,130,75,1
7975,124871,777,1,90,1
15202,124871,777,1,81,1
19778,124871,777,1,8,0
20486,124871,777,1,90,1
21584,124871,777,1,87,1
32728,124871,777,1,90,1
49481,124871,777,1,65,1
50234,124871,777,1,90,1
64523,124871,777,1,90,1
66104,124871,777,1,24,0
66204,124871,777,1,45,1
67776,124871,777,1,90,1
69914,124871,777,1,81,1
114564,124871,777,1,2,0
118077,124871,777,1,8,0
119476,124871,777,1,45,0
8589,124871,777,6,16,0
13988,124871,777,6,90,1
14451,124871,777,6,31,0
14569,124871,777,6,90,1
20118,124871,777,6,1,0
20874,124871,777,6,90,1
24334,124871,777,6,90,1
37776,124871,777,6,1,0
49759,124871,777,6,73,1
49796,124871,777,6,90,1
50842,124871,777,6,90,1
69595,124871,777,6,90,1
76104,124871,777,6,90,1
76353,124871,777,6,90,1
109117,124871,777,6,58,1
146391,124871,777,6,1,0
4115,124872,777,2,16,0
4245,124872,777,2,90,1
5758,124872,777,2,85,1
8658,124872,777,2,85,1
13274,124872,777,2,90,1
13344,124872,777,2,90,1
14456,124872,777,2,4,0
14801,124872,777,2,44,0
21529,124872,777,2,90,1
23968,124872,777,2,90,1
25067,124872,777,2,90,1
26408,124872,777,2,28,1
51223,124872,777,2,4,0
51423,124872,777,2,73,1
72265,124872,777,2,16,0
108096,124872,777,2,90,1
4505,124872,777,11,60,1
5067,124872,777,11,60,1
14805,124872,777,11,90,1
16431,124872,777,11,90,1
22857,124872,777,11,90,1
26335,124872,777,11,75,1
54156,124872,777,11,29,0
65970,124872,777,11,90,1
66657,124872,777,11,60,1
67178,124872,777,11,90,1
67849,124872,777,11,29,0
68150,124872,777,11,14,0
76204,124872,777,11,90,1
76216,124872,777,11,6,0
112948,124872,777,11,29,0
126943,124872,777,11,83,1
14238,124873,777,15,45,0
15259,124873,777,15,88,1
15340,124873,777,15,45,0
16035,124873,777,15,90,1
16723,124873,777,15,90,1
23702,124873,777,15,45,1
23811,124873,777,15,90,1
24626,124873,777,15,45,1
50623,124873,777,15,82,1
51593,124873,777,15,90,1
68219,124873,777,15,1,0
70249,124873,777,15,90,1
98300,124873,777,15,45,0
115172,124873,777,15,7,0
139648,124873,777,15,90,1
304123,124873,777,15,45,1
10766,124873,777,127,1,0
13706,124873,777,127,21,0
14846,124873,777,127,90,1
15572,124873,777,127,10,0
16582,124873,777,127,1,0
21519,124873,777,127,68,1
25474,124873,777,127,90,1
42894,124873,777,127,90,1
54989,124873,777,127,90,1
74965,124873,777,127,90,1
74976,124873,777,127,79,1
118080,124873,777,127,21,0
119381,124873,777,127,90,1
134403,124873,777,127,90,1
137832,124873,777,127,68,1
140546,124873,777,127,90,1
5140,124874,777,10,90,1
5178,124874,777,10,90,1
10458,124874,777,10,29,0
10651,124874,777,10,7,0
15802,124874,777,10,29,0
23593,124874,777,10,90,1
23815,124874,777,10,69,1
32894,124874,777,10,60,1
33231,124874,777,10,90,1
63633,124874,777,10,28,0
68582,124874,777,10,61,1
75382,124874,777,10,82,1
81542,124874,777,10,90,1
116496,124874,777,10,90,1
116665,124874,777,10,60,1
134796,124874,777,10,20,0
3712,124874,777,130,90,1
10947,124874,777,130,1,0
14723,124874,777,130,90,1
20113,124874,777,130,90,1
23194,124874,777,130,61,0
24369,124874,777,130,11,0
24659,124874,777,130,90,1
49726,124874,777,130,11,0
49731,124874,777,130,78,1
65987,124874,777,130,90,1
108612,124874,777,130,1,0
124052,124874,777,130,90,1
127594,124874,777,130,78,1
128891,124874,777,130,28,1
133460,124874,777,130,90,1
133890,124874,777,130,90,1
13549,124875,777,4,14,0
14538,124875,777,4,90,1
14571,124875,777,4,90,1
14575,124875,777,4,90,1
21998,124875,777,4,84,1
27277,124875,777,4,90,1
63741,124875,777,4,90,1
68583,124875,777,4,14,0
68987,124875,777,4,57,1
72371,124875,777,4,84,1
112203,124875,777,4,90,1
118442,124875,777,4,5,0
125075,124875,777,4,75,1
130068,124875,777,4,75,1
133245,124875,777,4,5,0
304474,124875,777,4,32,0
10394,124875,777,29,64,1
12136,124875,777,29,90,1
19864,124875,777,29,90,1
25408,124875,777,29,90,1
51199,124875,777,29,90,1
52989,124875,777,29,74,1
63733,124875,777,29,90,1
67784,124875,777,29,15,0
75692,124875,777,29,90,1
118633,124875,777,29,25,0
119614,124875,777,29,15,0
122126,124875,777,29,90,1
124944,124875,777,29,90,1
138104,124875,777,29,74,1
4260,124876,777,7,90,1
4333,124876,777,7,90,1
4640,124876,777,7,90,1
8143,124876,777,7,90,1
12582,124876,777,7,85,1
14706,124876,777,7,90,1
23841,124876,777,7,90,1
24983,124876,777,7,90,1
31936,124876,777,7,90,1
112589,124876,777,7,65,1
126789,124876,777,7,65,1
128411,124876,777,7,24,0
133612,124876,777,7,4,0
143922,124876,777,7,24,0
19858,124876,777,21,90,1
22802,124876,777,21,90,1
23764,124876,777,21,90,1
24630,124876,777,21,28,0
25892,124876,777,21,90,1
32229,124876,777,21,90,1
49374,124876,777,21,90,1
51185,124876,777,21,61,1
51364,124876,777,21,77,1
69274,124876,777,21,60,1
71923,124876,777,21,90,1
75582,124876,777,21,90,1
76614,124876,777,21,1,0
117318,124876,777,21,12,0
133603,124876,777,21,29,0
9576,124877,777,9,86,1
13515,124877,777,9,46,0
13796,124877,777,9,90,1
13797,124877,777,9,3,0
14608,124877,777,9,90,1
14807,124877,777,9,3,0
14897,124877,777,9,90,1
19731,124877,777,9,90,1
33162,124877,777,9,45,1
50151,124877,777,9,90,1
63289,124877,777,9,86,1
63634,124877,777,9,90,1
75543,124877,777,9,43,1
115255,124877,777,9,18,0
126426,124877,777,9,71,1
5748,124877,777,25,90,1
8454,124877,777,25,65,0
8868,124877,777,25,90,1
13522,124877,777,25,90,1
13815,124877,777,25,11,0
14164,124877,777,25,78,1
25183,124877,777,25,64,1
55776,124877,777,25,90,1
63656,124877,777,25,90,1
65961,124877,777,25,78,1
66560,124877,777,25,26,0
117579,124877,777,25,24,1
119072,124877,777,25,25,0
122005,124877,777,25,11,0
136505,124877,777,25,64,1
145347,124877,777,25,90,1
4608,124878,777,12,64,1
5793,124878,777,12,69,1
20226,124878,777,12,90,1
23396,124878,777,12,90,1
24252,124878,777,12,90,1
50848,124878,777,12,8,0
51202,124878,777,12,81,1
66036,124878,777,12,81,1
66360,124878,777,12,90,1
67910,124878,777,12,90,1
69176,124878,777,12,69,1
108936,124878,777,12,20,0
118031,124878,777,12,9,0
118591,124878,777,12,90,1
133114,124878,777,12,25,0
146567,124878,777,12,20,0
2100,124878,777,131,31,0
3452,124878,777,131,90,1
8163,124878,777,131,90,1
50727,124878,777,131,90,1
51830,124878,777,131,78,1
67928,124878,777,131,58,1
72239,124878,777,131,86,1
75709,124878,777,131,90,1
76090,124878,777,131,90,1
117758,124878,777,131,31,0
124396,124878,777,131,58,1
134333,124878,777,131,59,1
136175,124878,777,131,90,1
139930,124878,777,131,3,0
143240,124878,777,131,30,0
145043,124878,777,131,11,0
3905,124879,777,23,90,1
5220,124879,777,23,29,0
8707,124879,777,23,90,1
9662,124879,777,23,60,1
10079,124879,777,23,90,1
14716,124879,777,23,29,0
20607,124879,777,23,90,1
23747,124879,777,23,75,1
49259,124879,777,23,14,0
49908,124879,777,23,60,1
71623,124879,777,23,29,0
74761,124879,777,23,90,1
114590,124879,777,23,4,0
115256,124879,777,23,85,1
117647,124879,777,23,60,1
124462,124879,777,23,90,1
3894,124879,777,34,5,0
4717,124879,777,34,90,1
4880,124879,777,34,90,1
4979,124879,777,34,75,1
4985,124879,777,34,90,1
6712,124879,777,34,1,0
11071,124879,777,34,90,1
14445,124879,777,34,45,1
14656,124879,777,34,90,1
16044,124879,777,34,84,1
21614,124879,777,34,90,1
23793,124879,777,34,90,1
49884,124879,777,34,90,1
121610,124879,777,34,45,0
128976,124879,777,34,14,0
144894,124879,777,34,1,0
4331,124880,777,38,90,1
20337,124880,777,38,22,0
35670,124880,777,38,90,1
43010,124880,777,38,90,1
52951,124880,777,38,75,1
66692,124880,777,38,84,1
76310,124880,777,38,83,1
108877,124880,777,38,90,1
108947,124880,777,38,90,1
111988,124880,777,38,14,0
115371,124880,777,38,6,0
126108,124880,777,38,90,1
133679,124880,777,38,22,0
136815,124880,777,38,5,0
143214,124880,777,38,67,1
143218,124880,777,38,67,1
3955,124880,777,43,90,1
6451,124880,777,43,90,1
8127,124880,777,43,21,0
10539,124880,777,43,90,1
13559,124880,777,43,90,1
19831,124880,777,43,68,1
50460,124880,777,43,76,1
63851,124880,777,43,90,1
64282,124880,777,43,13,0
68593,124880,777,43,1,0
74960,124880,777,43,90,1
75735,124880,777,43,90,1
124531,124880,777,43,90,1
127393,124880,777,43,90,1
128456,124880,777,43,1,0
9576,124881,777,9,64,1
13515,124881,777,9,13,0
13796,124881,777,9,90,1
13797,124881,777,9,29,0
14608,124881,777,9,76,1
14807,124881,777,9,25,0
14897,124881,777,9,59,1
19731,124881,777,9,90,1
33162,124881,777,9,76,1
50151,124881,777,9,90,1
63289,124881,777,9,90,1
63634,124881,777,9,90,1
75543,124881,777,9,90,1
116888,124881,777,9,30,0
126426,124881,777,9,60,1
3452,124881,777,131,81,1
8163,124881,777,131,90,1
50727,124881,777,131,90,1
51830,124881,777,131,90,1
72239,124881,777,131,90,1
75709,124881,777,131,90,1
76090,124881,777,131,90,1
117758,124881,777,131,9,0
120049,124881,777,131,1,0
122944,124881,777,131,1,0
124396,124881,777,131,90,1
134333,124881,777,131,90,1
136175,124881,777,131,87,1
139930,124881,777,131,9,0
143240,124881,777,131,80,1
145043,124881,777,131,2,0
7975,124882,777,1,90,1
15202,124882,777,1,90,1
19778,124882,777,1,45,0
20486,124882,777,1,90,1
21584,124882,777,1,71,1
32728,124882,777,1,45,1
42331,124882,777,1,13,0
49481,124882,777,1,90,1
50234,124882,777,1,90,1
64523,124882,777,1,76,1
66204,124882,777,1,90,1
67776,124882,777,1,90,1
69914,124882,777,1,71,1
114564,124882,777,1,1,0
114566,124882,777,1,18,0
118077,124882,777,1,18,0
3955,124882,777,43,90,1
6451,124882,777,43,90,1
8127,124882,777,43,75,1
10539,124882,777,43,81,1
13559,124882,777,43,90,1
15139,124882,777,43,8,0
19831,124882,777,43,28,0
31442,124882,777,43,14,0
50460,124882,777,43,61,1
63851,124882,777,43,90,1
68593,124882,777,43,14,0
74960,124882,777,43,61,1
74964,124882,777,43,28,0
75735,124882,777,43,75,1
124531,124882,777,43,90,1
127393,124882,777,43,90,1
8589,124883,777,6,12,0
13988,124883,777,6,90,1
14569,124883,777,6,90,1
20874,124883,777,6,89,1
24334,124883,777,6,90,1
37776,124883,777,6,90,1
49759,124883,777,6,77,1
49796,124883,777,6,90,1
50842,124883,777,6,90,1
76104,124883,777,6,90,1
76353,124883,777,6,90,1
109117,124883,777,6,77,1
138981,124883,777,6,12,0
147312,124883,777,6,1,0
3712,124883,777,130,85,1
14450,124883,777,130,15,0
14723,124883,777,130,90,1
20113,124883,777,130,90,1
23194,124883,777,130,22,0
24369,124883,777,130,23,0
24659,124883,777,130,90,1
32289,124883,777,130,4,0
49726,124883,777,130,22,0
49731,124883,777,130,67,1
65987,124883,777,130,90,1
124052,124883,777,130,90,1
127594,124883,777,130,90,1
128891,124883,777,130,67,1
133460,124883,777,130,66,1
133890,124883,777,130,74,1
3894,124884,777,34,18,0
4717,124884,777,34,88,1
4880,124884,777,34,90,1
4979,124884,777,34,1,0
4985,124884,777,34,90,1
11071,124884,777,34,71,1
13961,124884,777,34,76,1
14445,124884,777,34,18,0
14656,124884,777,34,90,1
21614,124884,777,34,90,1
23793,124884,777,34,90,1
26151,124884,777,34,90,1
53063,124884,777,34,13,0
117763,124884,777,34,18,0
121610,124884,777,34,71,1
128976,124884,777,34,71,1
4331,124884,777,38,90,1
35670,124884,777,38,75,1
43010,124884,777,38,90,1
52951,124884,777,38,45,1
66692,124884,777,38,90,1
76310,124884,777,38,90,1
92635,124884,777,38,45,1
108877,124884,777,38,90,1
110203,124884,777,38,35,1
111988,124884,777,38,45,0
115114,124884,777,38,45,0
115371,124884,777,38,26,0
126108,124884,777,38,63,1
133679,124884,777,38,45,0
143214,124884,777,38,14,0
143218,124884,777,38,45,1
4115,124885,777,2,31,0
4245,124885,777,2,90,1
5758,124885,777,2,74,1
8658,124885,777,2,74,1
8900,124885,777,2,16,0
13274,124885,777,2,90,1
13344,124885,777,2,90,1
14456,124885,777,2,31,0
14801,124885,777,2,16,0
21529,124885,777,2,73,1
23968,124885,777,2,90,1
25067,124885,777,2,90,1
51223,124885,777,2,15,0
51423,124885,777,2,58,1
72265,124885,777,2,58,1
108096,124885,777,2,90,1
5140,124885,777,10,90,1
5178,124885,777,10,90,1
10458,124885,777,10,90,1
23593,124885,777,10,90,1
32894,124885,777,10,90,1
33231,124885,777,10,90,1
49909,124885,777,10,90,1
63633,124885,777,10,90,1
68582,124885,777,10,90,1
75382,124885,777,10,13,0
81542,124885,777,10,76,1
116496,124885,777,10,90,1
5067,124886,777,11,89,1
14805,124886,777,11,89,1
16286,124886,777,11,1,0
16431,124886,777,11,90,1
22857,124886,777,11,90,1
26335,124886,777,11,17,0
54156,124886,777,11,72,1
65970,124886,777,11,81,1
67178,124886,777,11,90,1
67849,124886,777,11,90,1
68150,124886,777,11,72,1
71432,124886,777,11,1,0
76204,124886,777,11,90,1
76216,124886,777,11,8,0
112948,124886,777,11,90,1
126943,124886,777,11,17,0
10766,124886,777,127,28,0
13706,124886,777,127,61,1
14846,124886,777,127,90,1
15572,124886,777,127,17,0
21519,124886,777,127,28,0
25474,124886,777,127,90,1
33032,124886,777,127,28,0
42894,124886,777,127,79,1
54989,124886,777,127,90,1
74965,124886,777,127,90,1
74976,124886,777,127,72,1
119381,124886,777,127,61,1
121972,124886,777,127,10,0
132285,124886,777,127,90,1
134403,124886,777,127,90,1
137832,124886,777,127,61,1
4608,124887,777,12,90,1
5793,124887,777,12,90,1
20226,124887,777,12,90,1
23396,124887,777,12,90,1
24252,124887,777,12,67,1
33245,124887,777,12,13,0
51202,124887,777,12,90,1
66036,124887,777,12,90,1
66360,124887,777,12,90,1
67910,124887,777,12,90,1
69176,124887,777,12,90,1
118591,124887,777,12,76,1
146567,124887,777,12,22,0
14238,124887,777,15,76,0
15259,124887,777,15,90,1
15340,124887,777,15,12,0
16035,124887,777,15,90,1
16723,124887,777,15,90,1
23702,124887,777,15,90,1
23811,124887,777,15,90,1
24626,124887,777,15,13,1
50623,124887,777,15,90,1
51593,124887,777,15,90,1
70249,124887,777,15,90,1
108816,124887,777,15,1,0
139648,124887,777,15,90,1
304123,124887,777,15,77,1
4260,124888,777,7,90,1
4333,124888,777,7,90,1
4640,124888,777,7,90,1
8143,124888,777,7,90,1
12582,124888,777,7,90,1
14706,124888,777,7,82,1
23841,124888,777,7,90,1
24797,124888,777,7,28,0
24983,124888,777,7,90,1
31936,124888,777,7,61,1
66538,124888,777,7,7,0
112589,124888,777,7,82,1
126789,124888,777,7,33,0
133612,124888,777,7,7,0
143922,124888,777,7,56,1
10394,124888,777,29,81,1
12136,124888,777,29,90,1
19864,124888,777,29,90,1
25408,124888,777,29,90,1
51199,124888,777,29,90,1
52989,124888,777,29,82,1
63733,124888,777,29,90,1
67784,124888,777,29,7,0
75692,124888,777,29,90,1
118633,124888,777,29,8,0
122126,124888,777,29,90,1
124944,124888,777,29,90,1
138104,124888,777,29,90,1
13549,124889,777,4,1,0
14538,124889,777,4,90,1
14571,124889,777,4,90,1
14575,124889,777,4,90,1
21998,124889,777,4,84,1
27277,124889,777,4,90,1
63741,124889,777,4,90,1
66284,124889,777,4,88,1
68583,124889,777,4,24,0
68827,124889,777,4,75,1
68987,124889,777,4,65,1
72371,124889,777,4,90,1
99282,124889,777,4,14,0
112203,124889,777,4,90,1
304474,124889,777,4,5,0
19858,124889,777,21,90,1
22802,124889,777,21,59,1
23764,124889,777,21,90,1
24630,124889,777,21,30,0
25892,124889,777,21,59,1
32229,124889,777,21,72,1
49374,124889,777,21,17,0
51185,124889,777,21,72,1
51364,124889,777,21,90,1
66635,124889,777,21,30,0
69274,124889,777,21,65,0
71923,124889,777,21,90,1
75582,124889,777,21,90,1
117318,124889,777,21,90,1
118579,124889,777,21,17,0
126824,124889,777,21,17,0
133603,124889,777,21,6,1
5220,124890,777,23,45,0
8707,124890,777,23,90,1
9662,124890,777,23,76,1
10079,124890,777,23,90,1
14716,124890,777,23,25,0
19888,124890,777,23,45,0
20607,124890,777,23,90,1
23747,124890,777,23,45,1
49259,124890,777,23,13,0
49908,124890,777,23,64,1
66494,124890,777,23,45,1
71623,124890,777,23,90,1
74761,124890,777,23,90,1
114590,124890,777,23,45,0
115256,124890,777,23,45,1
124462,124890,777,23,90,1
5748,124890,777,25,90,1
8454,124890,777,25,60,1
8868,124890,777,25,90,1
13522,124890,777,25,90,1
13815,124890,777,25,11,0
14164,124890,777,25,90,1
21912,124890,777,25,5,0
25183,124890,777,25,29,0
55776,124890,777,25,90,1
63656,124890,777,25,90,1
65961,124890,777,25,78,1
66560,124890,777,25,90,1
119072,124890,777,25,84,1
145347,124890,777,25,90,1
4115,124891,777,2,19,0
4245,124891,777,2,90,1
5758,124891,777,2,90,1
5865,124891,777,2,19,0
8658,124891,777,2,80,1
13274,124891,777,2,90,1
13344,124891,777,2,90,1
14456,124891,777,2,9,0
14801,124891,777,2,19,0
21529,124891,777,2,90,1
23968,124891,777,2,85,1
25067,124891,777,2,80,1
26408,124891,777,2,70,1
51423,124891,777,2,70,1
72265,124891,777,2,4,0
107846,124891,777,2,9,0
108096,124891,777,2,70,1
3512,124891,777,127,9,1
10766,124891,777,127,45,0
13706,124891,777,127,13,0
14846,124891,777,127,90,1
15572,124891,777,127,27,0
21519,124891,777,127,62,1
25474,124891,777,127,90,1
33032,124891,777,127,76,1
42894,124891,777,127,90,1
54989,124891,777,127,90,1
74965,124891,777,127,62,1
74976,124891,777,127,62,1
118080,124891,777,127,27,0
119381,124891,777,127,35,0
134403,124891,777,127,90,1
137832,124891,777,127,27,0
140546,124891,777,127,90,1
3905,124892,777,23,90,1
8707,124892,777,23,72,1
9662,124892,777,23,76,1
10079,124892,777,23,76,1
13703,124892,777,23,13,0
14446,124892,777,23,13,0
14716,124892,777,23,76,1
19888,124892,777,23,66,0
20607,124892,777,23,23,1
49259,124892,777,23,13,0
49908,124892,777,23,90,1
71623,124892,777,23,76,1
74761,124892,777,23,90,1
108922,124892,777,23,13,0
115256,124892,777,23,90,1
117647,124892,777,23,1,0
124462,124892,777,23,90,1
3712,124892,777,130,90,1
10947,124892,777,130,20,0
14450,124892,777,130,1,0
14723,124892,777,130,90,1
23194,124892,777,130,6,0
24659,124892,777,130,90,1
49726,124892,777,130,6,0
49731,124892,777,130,83,1
65987,124892,777,130,90,1
115166,124892,777,130,69,1
124052,124892,777,130,90,1
127594,124892,777,130,90,1
128891,124892,777,130,83,1
133460,124892,777,130,90,1
133890,124892,777,130,90,1
14538,124893,777,4,90,1
14571,124893,777,4,13,0
14575,124893,777,4,90,1
21998,124893,777,4,76,1
27277,124893,777,4,90,1
51813,124893,777,4,63,1
63741,124893,777,4,82,1
66284,124893,777,4,90,1
68583,124893,777,4,7,0
68827,124893,777,4,76,1
68987,124893,777,4,90,1
72371,124893,777,4,82,1
112203,124893,777,4,90,1
130068,124893,777,4,13,0
133245,124893,777,4,7,0
304474,124893,777,4,26,0
4331,124893,777,38,90,1
20337,124893,777,38,69,1
35670,124893,777,38,90,1
43010,124893,777,38,90,1
66692,124893,777,38,90,1
76310,124893,777,38,20,0
92635,124893,777,38,90,1
108877,124893,777,38,90,1
111988,124893,777,38,90,1
126108,124893,777,38,69,1
133679,124893,777,38,90,1
143214,124893,777,38,90,1
145492,124893,777,38,20,0
8589,124894,777,6,7,0
13988,124894,777,6,90,1
20874,124894,777,6,90,1
24334,124894,777,6,90,1
37776,124894,777,6,90,1
49759,124894,777,6,82,1
49796,124894,777,6,90,1
50842,124894,777,6,90,1
69595,124894,777,6,65,1
76104,124894,777,6,90,1
76353,124894,777,6,90,1
109117,124894,777,6,24,0
147312,124894,777,6,90,1
3452,124894,777,131,84,1
4874,124894,777,131,15,0
8163,124894,777,131,90,1
50727,124894,777,131,90,1
51830,124894,777,131,74,1
67928,124894,777,131,5,0
72239,124894,777,131,90,1
75709,124894,777,131,90,1
76090,124894,777,131,90,1
124396,124894,777,131,74,1
134333,124894,777,131,90,1
136175,124894,777,131,90,1
139930,124894,777,131,5,0
143240,124894,777,131,84,1
145043,124894,777,131,15,0
4260,124895,777,7,90,1
4333,124895,777,7,90,1
4640,124895,777,7,90,1
8143,124895,777,7,90,1
12582,124895,777,7,90,1
14706,124895,777,7,88,1
23841,124895,777,7,90,1
24983,124895,777,7,90,1
31936,124895,777,7,90,1
66538,124895,777,7,66,1
112589,124895,777,7,1,0
126789,124895,777,7,11,0
128411,124895,777,7,23,0
143922,124895,777,7,78,1
4717,124895,777,34,90,1
4880,124895,777,34,90,1
4979,124895,777,34,15,0
4985,124895,777,34,90,1
11071,124895,777,34,57,1
13961,124895,777,34,58,1
14445,124895,777,34,3,0
14656,124895,777,34,90,1
16044,124895,777,34,45,1
21614,124895,777,34,90,1
23793,124895,777,34,90,1
26151,124895,777,34,90,1
53063,124895,777,34,31,0
117763,124895,777,34,16,0
121610,124895,777,34,86,1
128976,124895,777,34,45,0
5140,124896,777,10,90,1
5178,124896,777,10,90,1
10458,124896,777,10,55,1
10651,124896,777,10,7,0
15802,124896,777,10,7,0
23593,124896,777,10,90,1
23815,124896,777,10,16,0
32894,124896,777,10,34,0
33231,124896,777,10,90,1
49909,124896,777,10,90,1
63633,124896,777,10,73,1
68582,124896,777,10,82,1
75382,124896,777,10,82,1
81542,124896,777,10,55,1
116496,124896,777,10,90,1
116665,124896,777,10,34,0
5067,124896,777,11,90,1
14805,124896,777,11,90,1
16431,124896,777,11,90,1
22857,124896,777,11,90,1
54156,124896,777,11,73,1
65970,124896,777,11,90,1
67178,124896,777,11,90,1
67849,124896,777,11,90,1
68150,124896,777,11,52,1
76204,124896,777,11,90,1
76216,124896,777,11,16,0
112948,124896,777,11,90,1
126943,124896,777,11,37,0
9576,124897,777,9,16,0
13796,124897,777,9,90,1
13797,124897,777,9,16,0
14608,124897,777,9,90,1
14807,124897,777,9,73,1
14897,124897,777,9,73,1
19731,124897,777,9,90,1
33124,124897,777,9,8,0
33162,124897,777,9,90,1
50151,124897,777,9,81,1
50643,124897,777,9,16,0
63289,124897,777,9,73,1
63634,124897,777,9,90,1
75543,124897,777,9,81,1
116888,124897,777,9,90,1
14238,124897,777,15,31,0
15259,124897,777,15,87,1
15340,124897,777,15,31,0
16035,124897,777,15,90,1
16723,124897,777,15,90,1
23811,124897,777,15,90,1
50623,124897,777,15,90,1
51593,124897,777,15,90,1
67510,124897,777,15,2,0
70249,124897,777,15,90,1
98300,124897,777,15,31,0
108816,124897,777,15,58,1
115172,124897,777,15,58,1
139648,124897,777,15,90,1
304123,124897,777,15,58,1
7975,124898,777,1,90,1
15202,124898,777,1,90,1
19778,124898,777,1,90,1
20486,124898,777,1,90,1
21584,124898,777,1,87,1
49481,124898,777,1,90,1
50234,124898,777,1,90,1
64523,124898,777,1,90,1
66204,124898,777,1,90,1
67776,124898,777,1,90,1
69914,124898,777,1,90,1
119476,124898,777,1,2,0
10394,124898,777,29,63,1
12136,124898,777,29,90,1
19864,124898,777,29,90,1
25408,124898,777,29,86,1
51199,124898,777,29,90,1
52989,124898,777,29,62,1
63733,124898,777,29,90,1
67784,124898,777,29,27,0
75692,124898,777,29,90,1
118633,124898,777,29,26,0
122126,124898,777,29,90,1
124944,124898,777,29,90,1
126317,124898,777,29,26,0
126920,124898,777,29,3,0
138104,124898,777,29,63,1
4608,124899,777,12,90,1
5793,124899,777,12,71,1
9566,124899,777,12,71,1
14580,124899,777,12,18,0
20226,124899,777,12,90,1
23396,124899,777,12,90,1
24252,124899,777,12,10,0
33245,124899,777,12,57,1
51202,124899,777,12,71,1
66036,124899,777,12,32,0
66360,124899,777,12,90,1
67910,124899,777,12,90,1
69176,124899,777,12,90,1
118031,124899,777,12,18,0
118591,124899,777,12,18,0
146567,124899,777,12,79,1
19858,124899,777,21,78,1
22802,124899,777,21,11,0
23764,124899,777,21,90,1
24630,124899,777,21,90,1
25892,124899,777,21,2,0
32229,124899,777,21,66,1
49374,124899,777,21,90,1
51185,124899,777,21,45,1
66635,124899,777,21,87,1
69274,124899,777,21,78,1
71923,124899,777,21,90,1
75582,124899,777,21,90,1
76614,124899,777,21,11,0
117318,124899,777,21,90,1
118579,124899,777,21,45,0
126824,124899,777,21,23,0
5748,124900,777,25,90,1
8454,124900,777,25,70,1
8868,124900,777,25,90,1
13522,124900,777,25,90,1
13815,124900,777,25,7,0
14164,124900,777,25,90,1
21912,124900,777,25,7,0
25183,124900,777,25,28,0
55776,124900,777,25,82,1
63656,124900,777,25,90,1
65961,124900,777,25,82,1
66560,124900,777,25,61,1
119072,124900,777,25,90,1
122005,124900,777,25,19,0
145347,124900,777,25,90,1
3955,124900,777,43,90,1
6451,124900,777,43,90,1
10539,124900,777,43,90,1
13559,124900,777,43,90,1
15139,124900,777,43,9,0
19831,124900,777,43,23,0
31442,124900,777,43,19,0
50460,124900,777,43,80,1
63851,124900,777,43,90,1
68593,124900,777,43,19,0
74960,124900,777,43,70,1
74964,124900,777,43,66,1
75735,124900,777,43,70,1
124531,124900,777,43,90,1
127393,124900,777,43,80,1
137462,124900,777,43,9,0
7975,124901,777,1,90,1
15202,124901,777,1,90,1
19778,124901,777,1,87,1
20486,124901,777,1,77,1
21584,124901,777,1,90,1
49481,124901,777,1,90,1
64523,124901,777,1,90,1
66204,124901,777,1,90,1
67407,124901,777,1,12,0
67776,124901,777,1,90,1
69914,124901,777,1,90,1
114564,124901,777,1,1,0
114566,124901,777,1,2,0
118077,124901,777,1,87,1
119476,124901,777,1,2,0
19858,124901,777,21,90,1
22802,124901,777,21,65,1
23764,124901,777,21,77,1
24630,124901,777,21,90,1
25892,124901,777,21,45,1
32229,124901,777,21,12,0
49374,124901,777,21,12,0
51185,124901,777,21,24,0
51364,124901,777,21,77,1
66635,124901,777,21,90,1
69274,124901,777,21,45,0
71923,124901,777,21,90,1
75582,124901,777,21,90,1
117318,124901,777,21,24,0
118579,124901,777,21,65,1
126824,124901,777,21,90,1
5748,124902,777,25,90,1
8454,124902,777,25,51,1
8868,124902,777,25,90,1
13522,124902,777,25,90,1
13815,124902,777,25,45,0
14164,124902,777,25,90,1
21912,124902,777,25,90,1
25183,124902,777,25,38,0
42569,124902,777,25,16,0
63656,124902,777,25,90,1
66560,124902,777,25,90,1
119072,124902,777,25,73,1
145347,124902,777,25,90,1
146354,124902,777,25,45,1
3512,124902,777,127,4,0
10766,124902,777,127,90,1
13706,124902,777,127,60,1
14846,124902,777,127,90,1
15572,124902,777,127,45,0
16582,124902,777,127,10,0
33032,124902,777,127,90,1
42894,124902,777,127,79,1
54989,124902,777,127,90,1
74965,124902,777,127,90,1
74976,124902,777,127,45,1
118080,124902,777,127,29,0
119381,124902,777,127,45,0
132285,124902,777,127,45,1
134403,124902,777,127,90,1
137832,124902,777,127,85,1
3712,124903,777,130,90,1
14723,124903,777,130,90,1
20113,124903,777,130,79,1
23194,124903,777,130,10,0
24369,124903,777,130,25,0
24659,124903,777,130,90,1
49726,124903,777,130,10,0
49731,124903,777,130,79,1
65987,124903,777,130,90,1
115166,124903,777,130,10,0
124052,124903,777,130,90,1
127594,124903,777,130,90,1
128891,124903,777,130,79,1
133460,124903,777,130,90,1
133890,124903,777,130,64,1
3452,124903,777,131,90,1
4874,124903,777,131,1,0
8163,124903,777,131,45,0
20505,124903,777,131,45,1
50727,124903,777,131,90,1
51830,124903,777,131,88,1
67928,124903,777,131,45,0
72239,124903,777,131,90,1
75709,124903,777,131,90,1
76090,124903,777,131,90,1
112739,124903,777,131,20,0
124396,124903,777,131,45,1
134176,124903,777,131,1,0
134333,124903,777,131,90,1
136175,124903,777,131,88,1
143240,124903,777,131,69,1
13549,124904,777,4,90,1
14538,124904,777,4,90,1
14571,124904,777,4,45,1
14575,124904,777,4,90,1
21998,124904,777,4,90,1
27277,124904,777,4,90,1
51813,124904,777,4,66,1
53612,124904,777,4,45,0
63741,124904,777,4,90,1
68583,124904,777,4,90,1
68827,124904,777,4,23,0
72371,124904,777,4,75,1
130068,124904,777,4,14,0
133245,124904,777,4,90,1
3955,124904,777,43,90,1
6451,124904,777,43,90,1
8127,124904,777,43,6,0
10539,124904,777,43,90,1
13559,124904,777,43,90,1
19831,124904,777,43,14,0
31442,124904,777,43,18,0
50460,124904,777,43,71,1
63851,124904,777,43,83,1
64282,124904,777,43,18,0
68593,124904,777,43,18,0
74960,124904,777,43,71,1
74964,124904,777,43,75,1
75735,124904,777,43,71,1
124531,124904,777,43,90,1
127393,124904,777,43,90,1
10394,124905,777,29,63,1
12136,124905,777,29,90,1
19864,124905,777,29,90,1
25408,124905,777,29,90,1
51199,124905,777,29,90,1
52989,124905,777,29,63,1
63733,124905,777,29,90,1
67784,124905,777,29,26,0
75692,124905,777,29,90,1
118633,124905,777,29,26,0
122126,124905,777,29,89,1
124944,124905,777,29,90,1
126317,124905,777,29,1,0
126920,124905,777,29,1,0
138104,124905,777,29,89,1
4717,124905,777,34,88,1
4818,124905,777,34,1,0
4880,124905,777,34,90,1
4985,124905,777,34,90,1
6712,124905,777,34,1,0
11071,124905,777,34,90,1
13961,124905,777,34,90,1
14445,124905,777,34,26,0
14656,124905,777,34,90,1
21614,124905,777,34,90,1
23793,124905,777,34,90,1
26151,124905,777,34,90,1
53063,124905,777,34,26,0
121610,124905,777,34,63,1
128976,124905,777,34,63,1
4115,124906,777,2,22,0
4245,124906,777,2,90,1
5758,124906,777,2,45,1
5865,124906,777,2,83,1
8658,124906,777,2,67,1
13274,124906,777,2,90,1
13344,124906,777,2,90,1
14456,124906,777,2,45,0
14801,124906,777,2,22,0
21529,124906,777,2,90,1
23968,124906,777,2,90,1
25067,124906,777,2,90,1
26408,124906,777,2,45,1
51223,124906,777,2,45,0
51423,124906,777,2,67,1
107846,124906,777,2,6,0
9576,124906,777,9,19,0
13796,124906,777,9,90,1
13797,124906,777,9,19,0
14608,124906,777,9,90,1
14807,124906,777,9,70,1
14897,124906,777,9,90,1
19731,124906,777,9,90,1
33124,124906,777,9,90,1
33162,124906,777,9,79,1
50643,124906,777,9,10,0
63289,124906,777,9,79,1
63634,124906,777,9,90,1
68676,124906,777,9,10,0
75543,124906,777,9,90,1
116888,124906,777,9,22,1
126426,124906,777,9,47,0
5140,124907,777,10,90,1
5178,124907,777,10,90,1
10458,124907,777,10,22,0
15802,124907,777,10,22,0
20559,124907,777,10,90,1
21737,124907,777,10,67,1
23593,124907,777,10,54,1
23815,124907,777,10,77,1
32894,124907,777,10,90,1
33231,124907,777,10,90,1
49909,124907,777,10,90,1
63633,124907,777,10,90,1
81542,124907,777,10,35,0
116665,124907,777,10,67,1
134796,124907,777,10,12,0
14238,124907,777,15,4,0
15259,124907,777,15,90,1
16035,124907,777,15,90,1
16723,124907,777,15,90,1
23702,124907,777,15,4,0
23811,124907,777,15,90,1
50623,124907,777,15,85,1
51593,124907,777,15,90,1
70249,124907,777,15,90,1
98300,124907,777,15,29,0
108816,124907,777,15,90,1
115172,124907,777,15,60,1
139648,124907,777,15,90,1
304123,124907,777,15,85,1
3600,124908,777,7,9,1
4260,124908,777,7,87,1
4333,124908,777,7,90,1
4640,124908,777,7,90,1
8143,124908,777,7,90,1
12582,124908,777,7,12,1
14706,124908,777,7,87,1
23841,124908,777,7,90,1
24797,124908,777,7,3,0
24983,124908,777,7,90,1
31936,124908,777,7,80,1
66538,124908,777,7,9,0
112589,124908,777,7,80,0
126789,124908,777,7,9,0
133612,124908,777,7,2,0
143922,124908,777,7,80,1
4608,124908,777,12,90,1
5793,124908,777,12,57,1
14580,124908,777,12,45,0
20226,124908,777,12,90,1
23396,124908,777,12,90,1
24252,124908,777,12,32,0
33245,124908,777,12,45,1
50848,124908,777,12,90,1
66360,124908,777,12,90,1
67910,124908,777,12,90,1
69176,124908,777,12,90,1
108936,124908,777,12,32,0
118591,124908,777,12,90,1
146567,124908,777,12,57,1
5067,124909,777,11,76,1
14805,124909,777,11,86,1
16431,124909,777,11,90,1
22857,124909,777,11,90,1
26335,124909,777,11,13,0
54156,124909,777,11,75,1
65970,124909,777,11,90,1
66657,124909,777,11,13,0
67178,124909,777,11,90,1
67849,124909,777,11,90,1
68150,124909,777,11,76,1
76204,124909,777,11,90,1
76216,124909,777,11,3,0
112948,124909,777,11,90,1
126943,124909,777,11,14,0
5220,124909,777,23,90,1
9662,124909,777,23,90,1
10079,124909,777,23,90,1
14446,124909,777,23,5,0
14716,124909,777,23,84,1
20607,124909,777,23,90,1
49259,124909,777,23,5,0
49495,124909,777,23,90,1
49908,124909,777,23,13,0
71623,124909,777,23,90,1
74761,124909,777,23,90,1
108922,124909,777,23,76,1
115256,124909,777,23,84,1
124462,124909,777,23,90,1
8589,124910,777,6,1,0
13988,124910,777,6,90,1
14451,124910,777,6,30,0
14569,124910,777,6,90,1
20874,124910,777,6,59,1
24334,124910,777,6,90,1
37776,124910,777,6,9,0
49759,124910,777,6,80,1
49796,124910,777,6,90,1
50842,124910,777,6,82,1
69595,124910,777,6,90,1
76104,124910,777,6,90,1
76353,124910,777,6,90,1
109117,124910,777,6,80,1
138981,124910,777,6,9,0
147312,124910,777,6,7,0
4331,124910,777,38,90,1
20337,124910,777,38,24,0
35670,124910,777,38,90,1
66692,124910,777,38,2,0
76310,124910,777,38,65,1
92635,124910,777,38,90,1
108877,124910,777,38,74,1
110203,124910,777,38,90,1
111988,124910,777,38,90,1
115371,124910,777,38,65,1
126108,124910,777,38,24,0
133679,124910,777,38,90,1
136815,124910,777,38,87,1
143214,124910,777,38,90,1
143218,124910,777,38,15,0
4115,124911,777,2,12,0
4245,124911,777,2,90,1
5758,124911,777,2,90,1
5865,124911,777,2,74,1
8658,124911,777,2,36,0
13274,124911,777,2,90,1
13344,124911,777,2,90,1
14456,124911,777,2,74,1
14801,124911,777,2,2,0
21529,124911,777,2,90,1
23968,124911,777,2,90,1
25067,124911,777,2,87,1
26408,124911,777,2,53,1
51423,124911,777,2,90,1
107846,124911,777,2,2,0
108096,124911,777,2,15,0
4331,124911,777,38,90,1
35670,124911,777,38,90,1
66692,124911,777,38,13,0
69766,124911,777,38,21,0
92635,124911,777,38,90,1
110203,124911,777,38,90,1
111988,124911,777,38,90,1
115114,124911,777,38,76,1
115371,124911,777,38,2,0
126108,124911,777,38,68,1
133679,124911,777,38,90,1
136815,124911,777,38,76,1
143214,124911,777,38,90,1
143218,124911,777,38,87,1
145492,124911,777,38,13,0
3955,124912,777,43,90,1
6451,124912,777,43,90,1
8127,124912,777,43,15,0
10539,124912,777,43,80,1
13559,124912,777,43,90,1
19831,124912,777,43,15,0
31442,124912,777,43,9,0
50460,124912,777,43,15,0
63851,124912,777,43,74,1
64282,124912,777,43,74,1
68593,124912,777,43,59,1
74960,124912,777,43,30,0
74964,124912,777,43,74,1
75735,124912,777,43,90,1
124531,124912,777,43,90,1
127393,124912,777,43,90,1
3712,124912,777,130,90,1
10947,124912,777,130,16,0
14450,124912,777,130,15,0
14723,124912,777,130,90,1
24369,124912,777,130,1,0
24659,124912,777,130,90,1
49726,124912,777,130,84,1
49731,124912,777,130,90,1
65987,124912,777,130,90,1
115166,124912,777,130,73,1
124052,124912,777,130,90,1
127594,124912,777,130,74,1
128891,124912,777,130,5,0
133460,124912,777,130,90,1
133890,124912,777,130,90,1
7975,124913,777,1,90,1
11419,124913,777,1,33,0
15202,124913,777,1,90,1
19778,124913,777,1,90,1
21584,124913,777,1,71,1
32728,124913,777,1,18,0
49481,124913,777,1,90,1
64523,124913,777,1,56,1
66104,124913,777,1,56,1
67407,124913,777,1,33,0
67776,124913,777,1,90,1
69914,124913,777,1,45,1
114564,124913,777,1,45,0
118077,124913,777,1,90,1
119476,124913,777,1,90,1
14538,124913,777,4,90,1
14571,124913,777,4,90,1
14575,124913,777,4,90,1
21998,124913,777,4,90,1
27277,124913,777,4,90,1
51813,124913,777,4,35,0
63741,124913,777,4,90,1
66284,124913,777,4,90,1
68827,124913,777,4,90,1
68987,124913,777,4,45,0
72371,124913,777,4,54,1
112203,124913,777,4,37,1
304474,124913,777,4,45,1
8589,124914,777,6,12,0
13988,124914,777,6,90,1
14451,124914,777,6,52,0
14569,124914,777,6,90,1
20874,124914,777,6,90,1
24334,124914,777,6,84,1
37776,124914,777,6,5,0
49759,124914,777,6,84,1
49796,124914,777,6,37,1
50842,124914,777,6,90,1
69595,124914,777,6,77,1
76104,124914,777,6,90,1
76353,124914,777,6,90,1
109117,124914,777,6,77,1
138981,124914,777,6,5,0
146391,124914,777,6,12,0
4608,124914,777,12,81,1
5793,124914,777,12,90,1
14580,124914,777,12,90,1
20226,124914,777,12,90,1
23396,124914,777,12,90,1
24252,124914,777,12,90,1
33245,124914,777,12,36,0
50848,124914,777,12,90,1
66360,124914,777,12,90,1
67191,124914,777,12,8,0
67910,124914,777,12,90,1
69176,124914,777,12,90,1
108936,124914,777,12,1,0
118591,124914,777,12,53,1
146567,124914,777,12,1,0
4260,124915,777,7,79,1
4333,124915,777,7,90,1
4640,124915,777,7,90,1
8143,124915,777,7,90,1
14706,124915,777,7,90,1
23841,124915,777,7,90,1
24797,124915,777,7,10,0
24983,124915,777,7,90,1
31936,124915,777,7,79,1
66538,124915,777,7,45,1
112589,124915,777,7,90,1
112917,124915,777,7,10,0
126789,124915,777,7,3,0
133612,124915,777,7,45,0
143922,124915,777,7,86,1
5220,124915,777,23,1,0
8707,124915,777,23,90,1
13703,124915,777,23,90,1
14446,124915,777,23,19,0
14716,124915,777,23,70,1
19888,124915,777,23,19,0
20607,124915,777,23,90,1
23747,124915,777,23,1,0
49259,124915,777,23,70,1
49495,124915,777,23,90,1
71623,124915,777,23,1,0
74761,124915,777,23,89,1
108922,124915,777,23,89,1
115256,124915,777,23,89,1
117647,124915,777,23,90,1
124462,124915,777,23,90,1
9576,124916,777,9,45,0
13515,124916,777,9,68,1
13796,124916,777,9,90,1
13797,124916,777,9,45,1
14608,124916,777,9,90,1
14807,124916,777,9,81,1
19731,124916,777,9,90,1
33124,124916,777,9,90,1
33162,124916,777,9,8,0
50151,124916,777,9,45,0
63289,124916,777,9,1,0
63634,124916,777,9,90,1
68676,124916,777,9,45,1
75543,124916,777,9,21,0
115255,124916,777,9,90,1
126426,124916,777,9,90,1
4505,124916,777,11,1,0
5067,124916,777,11,88,1
14805,124916,777,11,90,1
16431,124916,777,11,90,1
22857,124916,777,11,90,1
26335,124916,777,11,74,1
54156,124916,777,11,90,1
65970,124916,777,11,90,1
67178,124916,777,11,90,1
67849,124916,777,11,90,1
68150,124916,777,11,15,0
76204,124916,777,11,90,1
76216,124916,777,11,1,0
112948,124916,777,11,90,1
14238,124917,777,15,16,0
15259,124917,777,15,84,1
16035,124917,777,15,90,1
16723,124917,777,15,90,1
23702,124917,777,15,45,0
23811,124917,777,15,90,1
49270,124917,777,15,5,0
50623,124917,777,15,45,1
51593,124917,777,15,90,1
67510,124917,777,15,90,1
68219,124917,777,15,15,0
70249,124917,777,15,90,1
98300,124917,777,15,45,0
108816,124917,777,15,73,1
115172,124917,777,15,45,1
304123,124917,777,15,74,1
3452,124917,777,131,64,1
4874,124917,777,131,6,0
8163,124917,777,131,90,1
50727,124917,777,131,90,1
51830,124917,777,131,55,1
67928,124917,777,131,83,1
72239,124917,777,131,90,1
75709,124917,777,131,90,1
76090,124917,777,131,90,1
112739,124917,777,131,34,0
124396,124917,777,131,6,0
134176,124917,777,131,6,0
134333,124917,777,131,90,1
136175,124917,777,131,83,1
139930,124917,777,131,25,0
143240,124917,777,131,83,1
10394,124918,777,29,62,1
12136,124918,777,29,90,1
19864,124918,777,29,90,1
25408,124918,777,29,4,0
51199,124918,777,29,90,1
51610,124918,777,29,27,0
52989,124918,777,29,62,1
63733,124918,777,29,90,1
66659,124918,777,29,90,1
67784,124918,777,29,27,0
75692,124918,777,29,90,1
118633,124918,777,29,62,1
122126,124918,777,29,27,0
124944,124918,777,29,90,1
138104,124918,777,29,85,1
3512,124918,777,127,79,1
10766,124918,777,127,45,0
13706,124918,777,127,19,0
14846,124918,777,127,90,1
16582,124918,777,127,10,0
21519,124918,777,127,19,0
25474,124918,777,127,90,1
33032,124918,777,127,79,1
42894,124918,777,127,70,1
54989,124918,777,127,90,1
74965,124918,777,127,90,1
74976,124918,777,127,45,1
118080,124918,777,127,70,1
132285,124918,777,127,90,1
134403,124918,777,127,90,1
137832,124918,777,127,10,0
19858,124919,777,21,59,1
22802,124919,777,21,30,0
24630,124919,777,21,59,1
25892,124919,777,21,90,1
32229,124919,777,21,90,1
51185,124919,777,21,90,1
51364,124919,777,21,90,1
69274,124919,777,21,30,0
71923,124919,777,21,90,1
75582,124919,777,21,90,1
76614,124919,777,21,5,0
117318,124919,777,21,13,0
117596,124919,777,21,59,1
118579,124919,777,21,30,0
126824,124919,777,21,84,1
133603,124919,777,21,76,1
4717,124919,777,34,86,1
4880,124919,777,34,90,1
4985,124919,777,34,90,1
6712,124919,777,34,3,0
11071,124919,777,34,90,1
13961,124919,777,34,67,1
14445,124919,777,34,22,0
14656,124919,777,34,90,1
16044,124919,777,34,22,0
21614,124919,777,34,90,1
23793,124919,777,34,90,1
26151,124919,777,34,90,1
53063,124919,777,34,80,1
121610,124919,777,34,9,0
128976,124919,777,34,67,1
5140,124920,777,10,90,1
10458,124920,777,10,5,0
10651,124920,777,10,90,1
20559,124920,777,10,90,1
21737,124920,777,10,67,1
23593,124920,777,10,90,1
23815,124920,777,10,15,0
32894,124920,777,10,90,1
33231,124920,777,10,90,1
49909,124920,777,10,90,1
63633,124920,777,10,90,1
75382,124920,777,10,74,1
81542,124920,777,10,22,0
116665,124920,777,10,84,1
5748,124920,777,25,90,1
8454,124920,777,25,77,1
8868,124920,777,25,90,1
14164,124920,777,25,90,1
25183,124920,777,25,2,0
32638,124920,777,25,90,1
42569,124920,777,25,12,0
55776,124920,777,25,83,1
63656,124920,777,25,90,1
66560,124920,777,25,87,1
119072,124920,777,25,90,1
122005,124920,777,25,67,1
145347,124920,777,25,90,1
146354,124920,777,25,22,0
7975,124921,777,1,90,1
11419,124921,777,1,90,1
14548,124921,777,1,90,1
15202,124921,777,1,82,1
19778,124921,777,1,90,1
21584,124921,777,1,29,0
32728,124921,777,1,7,0
49481,124921,777,1,29,0
64523,124921,777,1,90,1
66104,124921,777,1,60,1
67407,124921,777,1,60,1
67776,124921,777,1,46,0
69914,124921,777,1,90,1
118077,124921,777,1,90,1
119476,124921,777,1,43,1
3712,124921,777,130,29,0
10947,124921,777,130,73,1
14723,124921,777,130,90,1
20113,124921,777,130,90,1
22043,124921,777,130,73,1
23194,124921,777,130,60,1
24369,124921,777,130,16,0
24659,124921,777,130,16,0
49726,124921,777,130,60,1
49731,124921,777,130,29,0
65987,124921,777,130,90,1
124052,124921,777,130,30,0
127594,124921,777,130,59,1
128891,124921,777,130,90,1
133460,124921,777,130,90,1
133890,124921,777,130,90,1
4260,124922,777,7,90,1
4640,124922,777,7,90,1
8143,124922,777,7,90,1
14706,124922,777,7,90,1
23841,124922,777,7,90,1
24797,124922,777,7,10,0
24983,124922,777,7,90,1
31936,124922,777,7,90,1
66538,124922,777,7,90,1
112589,124922,777,7,90,1
126789,124922,777,7,10,0
133612,124922,777,7,79,1
143922,124922,777,7,79,1
14846,124922,777,127,30,0
16582,124922,777,127,10,0
21519,124922,777,127,69,1
25474,124922,777,127,90,1
33032,124922,777,127,29,0
42894,124922,777,127,90,1
74965,124922,777,127,90,1
74976,124922,777,127,79,1
118080,124922,777,127,59,1
119381,124922,777,127,90,1
132285,124922,777,127,90,1
134403,124922,777,127,90,1
137832,124922,777,127,60,1
140546,124922,777,127,90,1
302305,124922,777,127,20,0
5758,124923,777,2,20,0
5865,124923,777,2,20,0
8658,124923,777,2,85,1
13274,124923,777,2,90,1
13344,124923,777,2,90,1
14456,124923,777,2,13,0
20473,124923,777,2,90,1
21529,124923,777,2,90,1
23968,124923,777,2,90,1
25067,124923,777,2,69,1
26408,124923,777,2,4,0
51223,124923,777,2,69,1
51423,124923,777,2,76,1
72265,124923,777,2,85,1
107846,124923,777,2,4,0
108096,124923,777,2,90,1
3452,124923,777,131,23,0
4874,124923,777,131,12,0
8163,124923,777,131,90,1
50727,124923,777,131,66,1
67928,124923,777,131,90,1
72239,124923,777,131,90,1
75709,124923,777,131,90,1
76090,124923,777,131,90,1
112739,124923,777,131,66,0
124396,124923,777,131,77,1
134176,124923,777,131,76,1
136175,124923,777,131,90,1
139930,124923,777,131,23,1
143240,124923,777,131,90,1
145043,124923,777,131,13,0
8589,124924,777,6,14,0
13988,124924,777,6,90,1
14451,124924,777,6,26,0
14569,124924,777,6,90,1
20874,124924,777,6,63,1
24334,124924,777,6,90,1
37776,124924,777,6,90,1
49759,124924,777,6,88,1
50842,124924,777,6,90,1
69595,124924,777,6,75,1
76104,124924,777,6,90,1
76353,124924,777,6,90,1
109117,124924,777,6,63,1
138981,124924,777,6,26,0
147312,124924,777,6,2,0
3955,124924,777,43,90,1
6451,124924,777,43,90,1
10539,124924,777,43,80,1
15139,124924,777,43,32,0
19831,124924,777,43,45,0
31442,124924,777,43,9,0
50460,124924,777,43,57,1
63851,124924,777,43,70,1
64282,124924,777,43,90,1
68593,124924,777,43,31,0
74960,124924,777,43,19,0
74964,124924,777,43,45,1
75735,124924,777,43,58,1
124531,124924,777,43,90,1
127393,124924,777,43,90,1
128456,124924,777,43,90,1
4499,124925,777,11,1,0
4505,124925,777,11,26,0
5067,124925,777,11,90,1
14805,124925,777,11,90,1
16431,124925,777,11,90,1
22857,124925,777,11,90,1
26335,124925,777,11,81,1
54156,124925,777,11,63,1
65970,124925,777,11,90,1
67178,124925,777,11,90,1
67849,124925,777,11,63,1
68150,124925,777,11,8,0
76204,124925,777,11,90,1
112948,124925,777,11,90,1
126943,124925,777,11,26,0
4717,124925,777,34,90,1
4880,124925,777,34,45,1
4985,124925,777,34,90,1
6712,124925,777,34,45,0
11071,124925,777,34,73,1
13961,124925,777,34,81,1
14445,124925,777,34,73,1
14656,124925,777,34,90,1
16044,124925,777,34,45,1
21614,124925,777,34,90,1
23793,124925,777,34,90,1
26151,124925,777,34,90,1
53063,124925,777,34,45,0
121610,124925,777,34,8,0
128976,124925,777,34,16,0
144894,124925,777,34,17,0
13549,124926,777,4,90,1
14538,124926,777,4,90,1
14575,124926,777,4,90,1
21998,124926,777,4,45,0
27277,124926,777,4,90,1
49293,124926,777,4,29,0
51813,124926,777,4,60,1
53612,124926,777,4,45,1
63741,124926,777,4,90,1
68583,124926,777,4,60,1
68827,124926,777,4,45,0
68987,124926,777,4,29,0
72371,124926,777,4,90,1
130068,124926,777,4,13,0
133245,124926,777,4,76,1
304474,124926,777,4,45,1
9576,124926,777,9,85,1
13515,124926,777,9,3,0
13796,124926,777,9,90,1
14608,124926,777,9,86,1
14807,124926,777,9,66,1
19731,124926,777,9,90,1
33124,124926,777,9,90,1
33162,124926,777,9,23,0
35718,124926,777,9,1,0
50151,124926,777,9,90,1
50643,124926,777,9,4,0
63634,124926,777,9,90,1
75543,124926,777,9,90,1
115255,124926,777,9,23,0
116888,124926,777,9,90,1
126426,124926,777,9,66,1
5140,124927,777,10,90,1
5178,124927,777,10,45,0
10458,124927,777,10,85,1
10651,124927,777,10,64,1
15802,124927,777,10,4,0
20559,124927,777,10,90,1
21737,124927,777,10,85,1
23593,124927,777,10,90,1
23815,124927,777,10,25,0
32894,124927,777,10,45,1
33231,124927,777,10,90,1
49909,124927,777,10,90,1
63633,124927,777,10,73,1
75382,124927,777,10,90,1
81542,124927,777,10,16,0
116665,124927,777,10,4,0
10361,124927,777,29,1,0
12136,124927,777,29,90,1
19864,124927,777,29,90,1
25408,124927,777,29,11,0
51199,124927,777,29,90,1
52989,124927,777,29,28,0
63733,124927,777,29,90,1
66659,124927,777,29,90,1
67784,124927,777,29,61,1
75692,124927,777,29,90,1
118633,124927,777,29,90,1
122126,124927,777,29,90,1
124944,124927,777,29,90,1
138104,124927,777,29,79,1
4608,124928,777,12,87,1
5793,124928,777,12,90,1
14580,124928,777,12,12,0
23396,124928,777,12,90,1
24252,124928,777,12,67,1
33245,124928,777,12,90,1
50848,124928,777,12,77,1
51202,124928,777,12,76,1
66360,124928,777,12,90,1
67191,124928,777,12,2,0
67910,124928,777,12,90,1
69176,124928,777,12,90,1
118031,124928,777,12,13,0
118591,124928,777,12,45,0
133114,124928,777,12,45,1
146567,124928,777,12,22,0
5748,124928,777,25,90,1
8454,124928,777,25,86,1
8868,124928,777,25,90,1
13522,124928,777,25,3,0
14164,124928,777,25,90,1
25183,124928,777,25,82,1
32638,124928,777,25,90,1
63656,124928,777,25,90,1
66560,124928,777,25,82,1
119072,124928,777,25,90,1
122005,124928,777,25,90,1
136505,124928,777,25,7,0
140223,124928,777,25,7,0
145347,124928,777,25,90,1
22802,124929,777,21,90,1
24630,124929,777,21,13,0
25892,124929,777,21,90,1
32229,124929,777,21,90,1
49374,124929,777,21,76,1
51185,124929,777,21,76,1
51364,124929,777,21,86,1
66635,124929,777,21,90,1
69274,124929,777,21,13,0
71923,124929,777,21,90,1
76614,124929,777,21,13,0
117318,124929,777,21,86,1
117596,124929,777,21,3,0
118579,124929,777,21,3,0
126824,124929,777,21,90,1
133603,124929,777,21,76,1
5220,124929,777,23,1,0
8707,124929,777,23,90,1
9662,124929,777,23,65,1
13703,124929,777,23,90,1
14716,124929,777,23,65,1
20607,124929,777,23,90,1
23747,124929,777,23,24,0
49259,124929,777,23,24,0
49495,124929,777,23,90,1
71623,124929,777,23,45,1
74761,124929,777,23,45,0
108922,124929,777,23,90,1
115256,124929,777,23,90,1
117647,124929,777,23,90,1
124462,124929,777,23,90,1
14238,124930,777,15,23,0
15259,124930,777,15,90,1
16035,124930,777,15,90,1
16723,124930,777,15,90,1
23702,124930,777,15,23,0
23811,124930,777,15,90,1
50623,124930,777,15,66,1
51593,124930,777,15,90,1
67510,124930,777,15,90,1
70249,124930,777,15,90,1
98300,124930,777,15,90,1
108816,124930,777,15,66,1
115172,124930,777,15,1,0
304123,124930,777,15,90,1
4331,124930,777,38,90,1
20337,124930,777,38,23,0
35670,124930,777,38,90,1
52951,124930,777,38,9,0
76310,124930,777,38,5,0
92635,124930,777,38,90,1
110203,124930,777,38,90,1
111988,124930,777,38,80,1
115114,124930,777,38,80,1
115371,124930,777,38,9,0
126108,124930,777,38,66,1
133679,124930,777,38,84,1
136815,124930,777,38,90,1
143214,124930,777,38,90,1
143218,124930,777,38,80,1
145492,124930,777,38,9,0
7975,124931,777,1,90,1
11419,124931,777,1,90,1
14548,124931,777,1,90,1
15202,124931,777,1,90,1
19778,124931,777,1,45,1
20486,124931,777,1,40,0
21584,124931,777,1,45,1
32728,124931,777,1,45,0
49481,124931,777,1,78,1
64523,124931,777,1,90,1
66104,124931,777,1,4,0
67407,124931,777,1,11,0
67776,124931,777,1,90,1
69914,124931,777,1,85,1
114564,124931,777,1,4,0
118077,124931,777,1,90,1
4245,124931,777,2,90,1
5066,124931,777,2,4,0
5865,124931,777,2,90,1
8658,124931,777,2,65,1
13274,124931,777,2,90,1
13344,124931,777,2,86,1
14456,124931,777,2,24,0
14801,124931,777,2,15,0
21529,124931,777,2,85,1
23968,124931,777,2,90,1
25067,124931,777,2,90,1
26408,124931,777,2,3,0
51223,124931,777,2,90,1
51423,124931,777,2,74,1
107846,124931,777,2,15,0
108096,124931,777,2,74,1
14538,124932,777,4,90,1
14571,124932,777,4,90,1
14575,124932,777,4,90,1
21998,124932,777,4,90,1
27277,124932,777,4,90,1
49293,124932,777,4,57,1
51813,124932,777,4,31,1
63741,124932,777,4,90,1
66284,124932,777,4,90,1
68827,124932,777,4,90,1
68987,124932,777,4,76,1
72371,124932,777,4,32,0
130068,124932,777,4,58,0
304474,124932,777,4,13,0
3512,124932,777,127,90,1
13706,124932,777,127,16,0
14846,124932,777,127,90,1
16582,124932,777,127,3,0
21519,124932,777,127,73,1
25474,124932,777,127,90,1
33032,124932,777,127,86,1
51942,124932,777,127,28,0
54989,124932,777,127,61,1
74965,124932,777,127,90,1
74976,124932,777,127,90,1
118080,124932,777,127,16,0
119381,124932,777,127,73,1
132285,124932,777,127,90,1
134403,124932,777,127,90,1
5748,124933,777,25,90,1
8454,124933,777,25,18,0
8868,124933,777,25,90,1
13522,124933,777,25,90,1
14164,124933,777,25,90,1
25183,124933,777,25,8,0
32638,124933,777,25,90,1
40159,124933,777,25,63,1
55776,124933,777,25,81,1
63656,124933,777,25,90,1
65961,124933,777,25,71,1
66560,124933,777,25,26,0
119072,124933,777,25,81,1
122005,124933,777,25,8,0
131312,124933,777,25,7,0
145347,124933,777,25,82,1
3452,124933,777,131,90,1
8163,124933,777,131,90,1
20505,124933,777,131,7,0
50727,124933,777,131,82,1
51830,124933,777,131,90,1
67928,124933,777,131,71,1
72239,124933,777,131,90,1
75709,124933,777,131,90,1
76090,124933,777,131,90,1
112739,124933,777,131,30,0
124396,124933,777,131,59,1
134176,124933,777,131,18,0
136175,124933,777,131,71,1
143240,124933,777,131,90,1
145043,124933,777,131,18,0
4260,124934,777,7,85,1
4333,124934,777,7,90,1
4640,124934,777,7,90,1
8143,124934,777,7,90,1
14706,124934,777,7,90,1
23841,124934,777,7,90,1
24797,124934,777,7,17,0
24983,124934,777,7,90,1
31936,124934,777,7,90,1
112589,124934,777,7,90,1
112917,124934,777,7,4,0
126789,124934,777,7,28,0
133612,124934,777,7,72,1
143922,124934,777,7,61,1
14238,124934,777,15,16,0
15259,124934,777,15,90,1
16035,124934,777,15,90,1
16723,124934,777,15,90,1
23702,124934,777,15,45,0
23811,124934,777,15,90,1
50623,124934,777,15,45,1
51593,124934,777,15,90,1
67510,124934,777,15,90,1
70249,124934,777,15,45,1
98300,124934,777,15,90,1
108816,124934,777,15,45,1
115172,124934,777,15,28,0
117754,124934,777,15,45,0
304123,124934,777,15,90,1
4604,124935,777,6,76,1
13988,124935,777,6,90,1
14451,124935,777,6,64,1
14569,124935,777,6,90,1
20874,124935,777,6,65,1
24334,124935,777,6,90,1
37776,124935,777,6,25,0
49759,124935,777,6,90,1
50842,124935,777,6,90,1
69595,124935,777,6,90,1
76104,124935,777,6,90,1
109117,124935,777,6,90,1
138981,124935,777,6,1,0
146391,124935,777,6,24,0
147312,124935,777,6,13,0
3894,124935,777,34,2,0
4717,124935,777,34,88,1
4880,124935,777,34,90,1
4979,124935,777,34,1,0
4985,124935,777,34,90,1
6712,124935,777,34,90,1
11071,124935,777,34,90,1
13961,124935,777,34,88,1
14445,124935,777,34,67,1
16044,124935,777,34,14,0
21614,124935,777,34,75,1
23793,124935,777,34,90,1
26151,124935,777,34,90,1
53063,124935,777,34,75,1
121610,124935,777,34,22,0
128976,124935,777,34,14,0
9576,124936,777,9,90,1
13796,124936,777,9,90,1
14608,124936,777,9,90,1
19731,124936,777,9,86,1
33124,124936,777,9,90,1
33162,124936,777,9,64,1
35718,124936,777,9,1,0
50151,124936,777,9,64,1
50643,124936,777,9,3,0
63289,124936,777,9,25,0
63634,124936,777,9,90,1
68676,124936,777,9,25,0
75543,124936,777,9,90,1
115255,124936,777,9,64,1
116888,124936,777,9,90,1
126426,124936,777,9,25,0
5140,124936,777,10,90,1
10651,124936,777,10,22,0
20559,124936,777,10,90,1
21737,124936,777,10,6,0
23593,124936,777,10,90,1
23815,124936,777,10,90,1
32894,124936,777,10,82,1
33231,124936,777,10,90,1
43586,124936,777,10,7,0
49909,124936,777,10,90,1
63633,124936,777,10,22,0
68582,124936,777,10,67,1
75382,124936,777,10,67,1
81542,124936,777,10,83,1
116665,124936,777,10,90,1
4499,124937,777,11,20,0
5067,124937,777,11,81,1
14805,124937,777,11,68,1
16431,124937,777,11,90,1
22857,124937,777,11,90,1
26335,124937,777,11,21,0
54156,124937,777,11,90,1
65970,124937,777,11,68,1
67178,124937,777,11,69,1
67849,124937,777,11,90,1
68150,124937,777,11,81,1
76204,124937,777,11,90,1
76216,124937,777,11,21,0
99281,124937,777,11,8,0
112948,124937,777,11,90,1
126943,124937,777,11,8,0
10361,124937,777,29,3,0
10394,124937,777,29,55,1
12136,124937,777,29,72,1
19864,124937,777,29,90,1
25408,124937,777,29,90,1
51199,124937,777,29,90,1
51610,124937,777,29,17,0
52989,124937,777,29,55,1
66659,124937,777,29,90,1
67784,124937,777,29,34,0
75692,124937,777,29,90,1
118633,124937,777,29,34,0
122126,124937,777,29,87,1
124944,124937,777,29,71,1
126317,124937,777,29,18,0
138104,124937,777,29,90,1
5220,124938,777,23,90,1
8707,124938,777,23,62,1
13703,124938,777,23,90,1
14446,124938,777,23,62,1
19888,124938,777,23,90,1
20607,124938,777,23,16,0
23747,124938,777,23,73,1
49259,124938,777,23,90,1
49495,124938,777,23,90,1
71623,124938,777,23,1,0
74761,124938,777,23,90,1
108922,124938,777,23,27,0
115256,124938,777,23,73,1
117497,124938,777,23,16,0
117647,124938,777,23,27,0
124462,124938,777,23,90,1
3955,124938,777,43,90,1
6451,124938,777,43,90,1
8127,124938,777,43,25,0
10539,124938,777,43,90,1
13622,124938,777,43,45,0
15139,124938,777,43,1,0
19831,124938,777,43,85,1
31442,124938,777,43,85,1
50460,124938,777,43,4,0
63851,124938,777,43,64,1
64282,124938,777,43,45,1
74960,124938,777,43,90,1
75735,124938,777,43,4,0
124531,124938,777,43,90,1
128456,124938,777,43,90,1
137462,124938,777,43,42,1
19858,124939,777,21,25,0
22802,124939,777,21,64,1
23764,124939,777,21,90,1
24630,124939,777,21,90,1
25892,124939,777,21,9,0
32229,124939,777,21,90,1
51185,124939,777,21,73,1
51364,124939,777,21,79,1
66635,124939,777,21,80,1
69274,124939,777,21,90,1
71923,124939,777,21,90,1
75582,124939,777,21,90,1
117318,124939,777,21,10,0
117596,124939,777,21,90,1
118579,124939,777,21,16,0
3712,124939,777,130,90,1
10947,124939,777,130,45,0
14723,124939,777,130,90,1
20113,124939,777,130,45,1
23194,124939,777,130,14,0
24369,124939,777,130,2,0
24659,124939,777,130,90,1
49726,124939,777,130,29,0
49731,124939,777,130,60,1
65987,124939,777,130,90,1
115166,124939,777,130,14,0
124052,124939,777,130,90,1
127594,124939,777,130,90,1
128891,124939,777,130,75,1
133460,124939,777,130,75,1
133890,124939,777,130,87,1
4608,124940,777,12,90,1
5793,124940,777,12,77,1
14580,124940,777,12,83,1
23396,124940,777,12,90,1
24252,124940,777,12,83,1
33245,124940,777,12,68,1
50848,124940,777,12,6,0
51202,124940,777,12,90,1
66360,124940,777,12,90,1
67191,124940,777,12,21,0
67910,124940,777,12,90,1
69176,124940,777,12,90,1
108936,124940,777,12,12,0
118591,124940,777,12,21,0
133114,124940,777,12,68,1
146567,124940,777,12,6,0
4331,124940,777,38,90,1
35670,124940,777,38,68,1
52951,124940,777,38,85,1
66692,124940,777,38,20,0
92635,124940,777,38,69,1
108877,124940,777,38,90,1
110203,124940,777,38,90,1
111988,124940,777,38,4,0
115114,124940,777,38,90,1
115371,124940,777,38,21,0
126108,124940,777,38,53,1
136815,124940,777,38,90,1
143214,124940,777,38,90,1
143218,124940,777,38,69,1
145492,124940,777,38,20,0
303861,124940,777,38,36,0
7975,124941,777,1,90,1
11419,124941,777,1,33,0
14548,124941,777,1,30,1
15202,124941,777,1,90,1
19680,124941,777,1,9,0
19778,124941,777,1,32,0
20486,124941,777,1,33,0
21584,124941,777,1,56,1
32728,124941,777,1,80,1
49481,124941,777,1,90,1
64523,124941,777,1,57,1
66104,124941,777,1,56,1
66204,124941,777,1,90,1
67776,124941,777,1,90,1
114564,124941,777,1,59,0
118077,124941,777,1,90,1
4229,124941,777,38,68,1
4331,124941,777,38,90,1
20337,124941,777,38,79,1
35670,124941,777,38,68,1
92635,124941,777,38,85,1
108877,124941,777,38,79,1
110203,124941,777,38,90,1
111988,124941,777,38,21,0
115114,124941,777,38,90,1
115371,124941,777,38,21,0
133679,124941,777,38,90,1
136815,124941,777,38,90,1
143214,124941,777,38,90,1
143218,124941,777,38,10,0
145492,124941,777,38,4,0
303861,124941,777,38,10,0
9576,124942,777,9,90,1
13515,124942,777,9,1,0
13796,124942,777,9,90,1
14608,124942,777,9,90,1
19731,124942,777,9,90,1
33124,124942,777,9,90,1
33162,124942,777,9,90,1
50151,124942,777,9,72,1
63289,124942,777,9,17,0
63634,124942,777,9,90,1
68676,124942,777,9,17,0
75543,124942,777,9,88,1
116888,124942,777,9,90,1
126426,124942,777,9,72,1
3712,124942,777,130,90,1
10947,124942,777,130,29,0
14723,124942,777,130,90,1
20113,124942,777,130,9,0
23194,124942,777,130,79,1
24369,124942,777,130,60,1
24659,124942,777,130,90,1
49726,124942,777,130,80,1
49731,124942,777,130,29,0
65987,124942,777,130,90,1
115166,124942,777,130,60,1
124052,124942,777,130,90,1
128891,124942,777,130,10,0
133460,124942,777,130,90,1
133890,124942,777,130,90,1
4717,124943,777,34,78,1
4880,124943,777,34,90,1
4979,124943,777,34,1,0
4985,124943,777,34,90,1
6712,124943,777,34,1,0
11071,124943,777,34,78,1
13961,124943,777,34,88,1
14445,124943,777,34,88,1
14624,124943,777,34,90,1
16044,124943,777,34,11,0
21614,124943,777,34,90,1
23793,124943,777,34,90,1
26151,124943,777,34,90,1
53063,124943,777,34,90,1
128976,124943,777,34,11,0
6451,124943,777,43,90,1
10539,124943,777,43,90,1
13559,124943,777,43,76,1
15139,124943,777,43,28,0
19831,124943,777,43,76,1
31442,124943,777,43,90,1
50460,124943,777,43,13,0
63851,124943,777,43,61,1
64282,124943,777,43,61,1
74960,124943,777,43,82,1
75735,124943,777,43,28,0
75883,124943,777,43,7,0
124531,124943,777,43,90,1
127393,124943,777,43,90,1
128456,124943,777,43,90,1
128643,124943,777,43,13,0
14538,124944,777,4,90,1
14571,124944,777,4,90,1
14575,124944,777,4,90,1
21998,124944,777,4,90,1
27277,124944,777,4,90,1
49293,124944,777,4,57,1
63741,124944,777,4,90,1
66284,124944,777,4,90,1
68583,124944,777,4,25,0
68827,124944,777,4,90,1
68987,124944,777,4,64,1
72371,124944,777,4,80,1
133245,124944,777,4,32,0
304474,124944,777,4,9,0
4260,124944,777,7,83,1
4333,124944,777,7,90,1
4640,124944,777,7,90,1
8143,124944,777,7,90,1
12582,124944,777,7,90,1
14706,124944,777,7,15,1
23841,124944,777,7,83,1
24983,124944,777,7,90,1
31936,124944,777,7,90,1
66538,124944,777,7,6,0
112589,124944,777,7,90,1
112917,124944,777,7,6,0
126789,124944,777,7,22,0
133612,124944,777,7,74,0
143922,124944,777,7,67,1
4604,124945,777,6,76,1
8589,124945,777,6,23,0
13988,124945,777,6,90,1
14451,124945,777,6,27,0
14569,124945,777,6,90,1
20874,124945,777,6,62,1
24334,124945,777,6,90,1
49759,124945,777,6,66,1
49796,124945,777,6,90,1
50842,124945,777,6,90,1
69595,124945,777,6,90,1
76104,124945,777,6,90,1
109117,124945,777,6,90,1
146391,124945,777,6,13,0
5067,124945,777,11,90,1
14805,124945,777,11,90,1
16431,124945,777,11,90,1
22857,124945,777,11,90,1
26335,124945,777,11,84,1
65970,124945,777,11,90,1
67178,124945,777,11,90,1
67849,124945,777,11,90,1
68150,124945,777,11,90,1
71432,124945,777,11,1,0
76204,124945,777,11,90,1
76216,124945,777,11,1,0
99281,124945,777,11,1,0
112948,124945,777,11,90,1
126943,124945,777,11,5,0
5140,124946,777,10,90,1
5178,124946,777,10,64,0
10458,124946,777,10,12,0
10651,124946,777,10,25,1
15802,124946,777,10,7,0
20559,124946,777,10,90,1
21737,124946,777,10,12,0
23593,124946,777,10,90,1
23815,124946,777,10,90,1
33231,124946,777,10,82,1
49909,124946,777,10,90,1
63633,124946,777,10,90,1
75382,124946,777,10,77,1
81542,124946,777,10,77,1
116665,124946,777,10,90,1
2100,124946,777,131,3,0
3452,124946,777,131,8,0
8163,124946,777,131,90,1
50727,124946,777,131,90,1
51830,124946,777,131,81,1
72239,124946,777,131,90,1
75709,124946,777,131,90,1
76090,124946,777,131,90,1
112739,124946,777,131,81,1
117732,124946,777,131,26,0
124396,124946,777,131,63,1
134176,124946,777,131,63,1
134333,124946,777,131,26,0
136175,124946,777,131,90,1
143240,124946,777,131,86,1
145043,124946,777,131,8,0
4608,124947,777,12,90,1
5793,124947,777,12,60,1
14580,124947,777,12,68,1
23396,124947,777,12,90,1
24252,124947,777,12,90,1
50848,124947,777,12,1,0
51202,124947,777,12,90,1
66036,124947,777,12,21,0
66360,124947,777,12,90,1
67191,124947,777,12,21,0
67910,124947,777,12,90,1
69176,124947,777,12,90,1
108936,124947,777,12,29,0
118591,124947,777,12,68,1
133114,124947,777,12,90,1
146567,124947,777,12,1,0
3512,124947,777,127,90,1
13706,124947,777,127,1,0
14846,124947,777,127,90,1
21519,124947,777,127,90,1
25474,124947,777,127,90,1
33032,124947,777,127,77,1
42894,124947,777,127,4,1
51942,124947,777,127,1,0
54989,124947,777,127,90,1
74965,124947,777,127,90,1
74976,124947,777,127,85,0
119381,124947,777,127,90,1
132285,124947,777,127,90,1
134403,124947,777,127,90,1
137832,124947,777,127,12,0
15259,124948,777,15,90,1
16035,124948,777,15,90,1
23702,124948,777,15,90,1
23811,124948,777,15,90,1
24626,124948,777,15,5,0
50623,124948,777,15,1,0
51593,124948,777,15,90,1
70249,124948,777,15,90,1
98300,124948,777,15,90,1
108816,124948,777,15,90,1
139648,124948,777,15,90,1
141639,124948,777,15,90,1
304123,124948,777,15,84,1
4408,124948,777,21,31,0
19858,124948,777,21,31,0
22802,124948,777,21,58,1
23764,124948,777,21,58,1
24630,124948,777,21,90,1
32229,124948,777,21,90,1
49374,124948,777,21,10,0
51185,124948,777,21,79,1
51364,124948,777,21,79,1
66635,124948,777,21,90,1
69274,124948,777,21,90,1
71923,124948,777,21,90,1
75582,124948,777,21,90,1
76614,124948,777,21,10,0
117596,124948,777,21,58,1
133603,124948,777,21,31,0
5220,124949,777,23,48,0
8707,124949,777,23,41,1
9662,124949,777,23,31,0
13703,124949,777,23,90,1
14446,124949,777,23,31,0
14716,124949,777,23,31,0
23747,124949,777,23,58,1
49259,124949,777,23,58,1
49495,124949,777,23,90,1
71623,124949,777,23,58,1
74761,124949,777,23,90,1
108922,124949,777,23,90,1
115256,124949,777,23,74,1
117497,124949,777,23,15,0
117647,124949,777,23,90,1
124462,124949,777,23,90,1
10394,124949,777,29,69,1
12136,124949,777,29,90,1
19864,124949,777,29,90,1
51199,124949,777,29,90,1
51610,124949,777,29,7,0
52989,124949,777,29,20,0
63733,124949,777,29,90,1
66659,124949,777,29,90,1
67784,124949,777,29,69,1
75692,124949,777,29,90,1
118633,124949,777,29,82,1
122126,124949,777,29,20,0
124944,124949,777,29,90,1
138104,124949,777,29,90,1
5066,124950,777,2,90,1
5758,124950,777,2,15,0
5865,124950,777,2,90,1
8658,124950,777,2,74,1
13274,124950,777,2,90,1
13344,124950,777,2,90,1
14456,124950,777,2,26,0
20473,124950,777,2,90,1
23968,124950,777,2,90,1
25067,124950,777,2,90,1
26408,124950,777,2,15,0
51223,124950,777,2,74,1
51423,124950,777,2,90,1
108096,124950,777,2,63,1
5748,124950,777,25,90,1
8454,124950,777,25,9,0
8868,124950,777,25,90,1
14164,124950,777,25,90,1
25183,124950,777,25,2,0
32638,124950,777,25,90,1
40159,124950,777,25,1,0
55776,124950,777,25,88,1
63656,124950,777,25,90,1
65961,124950,777,25,87,1
66560,124950,777,25,87,1
119072,124950,777,25,90,1
122005,124950,777,25,80,1
140223,124950,777,25,2,0
145347,124950,777,25,90,1
4245,124951,777,2,90,1
5066,124951,777,2,90,1
5758,124951,777,2,15,0
5865,124951,777,2,90,1
8658,124951,777,2,74,1
13274,124951,777,2,90,1
13344,124951,777,2,90,1
14456,124951,777,2,15,0
23968,124951,777,2,90,1
25067,124951,777,2,87,1
26408,124951,777,2,6,0
51223,124951,777,2,74,1
51423,124951,777,2,83,1
72265,124951,777,2,6,0
107846,124951,777,2,2,0
108096,124951,777,2,83,1
4608,124951,777,12,90,1
14580,124951,777,12,90,1
23396,124951,777,12,45,1
24252,124951,777,12,90,1
50848,124951,777,12,17,0
51202,124951,777,12,90,1
66036,124951,777,12,72,1
67191,124951,777,12,45,0
67910,124951,777,12,90,1
118031,124951,777,12,72,1
118591,124951,777,12,83,1
128366,124951,777,12,17,0
130151,124951,777,12,6,0
133114,124951,777,12,90,1
146567,124951,777,12,90,1
3955,124952,777,43,76,1
6451,124952,777,43,90,1
8127,124952,777,43,90,1
10539,124952,777,43,90,1
13622,124952,777,43,90,1
15139,124952,777,43,13,0
19831,124952,777,43,65,1
31442,124952,777,43,25,0
50460,124952,777,43,76,1
74960,124952,777,43,81,1
74964,124952,777,43,24,0
75735,124952,777,43,64,1
75883,124952,777,43,8,0
128456,124952,777,43,90,1
128643,124952,777,43,13,0
137462,124952,777,43,90,1
10766,124952,777,127,90,1
13706,124952,777,127,73,1
14846,124952,777,127,90,1
15572,124952,777,127,16,0
16582,124952,777,127,27,0
21519,124952,777,127,63,1
25474,124952,777,127,90,1
33032,124952,777,127,62,1
54989,124952,777,127,90,1
74965,124952,777,127,90,1
74976,124952,777,127,1,0
118080,124952,777,127,1,0
119381,124952,777,127,90,1
132285,124952,777,127,90,1
134403,124952,777,127,90,1
137832,124952,777,127,26,0
12136,124953,777,29,90,1
19864,124953,777,29,90,1
25408,124953,777,29,90,1
51199,124953,777,29,90,1
51610,124953,777,29,27,0
52989,124953,777,29,18,0
66659,124953,777,29,90,1
67784,124953,777,29,71,1
75692,124953,777,29,90,1
119614,124953,777,29,63,1
122126,124953,777,29,90,1
126110,124953,777,29,26,0
126317,124953,777,29,62,1
138104,124953,777,29,90,1
2100,124953,777,131,19,0
4874,124953,777,131,45,0
20505,124953,777,131,90,1
50727,124953,777,131,90,1
51830,124953,777,131,90,1
67928,124953,777,131,63,1
72239,124953,777,131,45,1
75709,124953,777,131,90,1
112739,124953,777,131,70,1
117732,124953,777,131,26,0
117758,124953,777,131,4,0
134176,124953,777,131,85,1
134333,124953,777,131,90,1
136175,124953,777,131,70,1
145043,124953,777,131,19,0
303860,124953,777,131,90,1
7975,124954,777,1,90,1
11419,124954,777,1,87,1
15202,124954,777,1,90,1
19680,124954,777,1,25,0
19778,124954,777,1,2,0
20486,124954,777,1,79,1
32728,124954,777,1,64,1
49481,124954,777,1,90,1
64523,124954,777,1,90,1
66104,124954,777,1,10,0
66204,124954,777,1,90,1
67776,124954,777,1,90,1
69914,124954,777,1,90,1
118077,124954,777,1,90,1
4260,124954,777,7,90,1
4333,124954,777,7,90,1
4640,124954,777,7,90,1
8143,124954,777,7,90,1
23841,124954,777,7,90,1
24797,124954,777,7,74,1
24983,124954,777,7,90,1
66538,124954,777,7,90,1
112589,124954,777,7,90,1
112917,124954,777,7,15,0
126789,124954,777,7,24,0
128411,124954,777,7,15,0
133612,124954,777,7,74,1
143922,124954,777,7,65,1
15259,124955,777,15,72,1
15340,124955,777,15,18,0
16035,124955,777,15,90,1
19620,124955,777,15,9,0
23702,124955,777,15,90,1
23811,124955,777,15,90,1
24626,124955,777,15,72,1
49270,124955,777,15,17,0
51593,124955,777,15,90,1
68219,124955,777,15,1,0
70249,124955,777,15,80,1
98300,124955,777,15,90,1
115172,124955,777,15,17,0
139648,124955,777,15,90,1
141639,124955,777,15,90,1
304123,124955,777,15,71,1
3894,124955,777,34,24,0
4880,124955,777,34,90,1
4979,124955,777,34,6,0
4985,124955,777,34,90,1
11071,124955,777,34,84,1
13961,124955,777,34,83,1
14445,124955,777,34,84,1
14624,124955,777,34,90,1
16044,124955,777,34,90,1
21614,124955,777,34,65,1
26151,124955,777,34,90,1
35752,124955,777,34,90,1
49884,124955,777,34,5,0
121610,124955,777,34,77,1
128976,124955,777,34,12,0
144894,124955,777,34,5,0
4604,124956,777,6,64,1
8589,124956,777,6,45,1
13988,124956,777,6,90,1
14451,124956,777,6,76,1
14569,124956,777,6,90,1
20118,124956,777,6,25,0
20874,124956,777,6,76,1
24334,124956,777,6,90,1
37776,124956,777,6,45,0
50842,124956,777,6,90,1
69595,124956,777,6,90,1
76104,124956,777,6,90,1
109117,124956,777,6,85,1
138981,124956,777,6,13,0
146391,124956,777,6,13,0
151538,124956,777,6,4,0
9576,124956,777,9,86,1
13515,124956,777,9,10,0
13796,124956,777,9,90,1
14608,124956,777,9,79,1
19731,124956,777,9,86,1
33124,124956,777,9,90,1
33162,124956,777,9,76,1
50151,124956,777,9,90,1
50643,124956,777,9,3,0
63289,124956,777,9,76,1
63634,124956,777,9,90,1
68676,124956,777,9,13,0
75543,124956,777,9,90,1
115255,124956,777,9,3,0
116888,124956,777,9,90,1
126426,124956,777,9,13,0
5067,124957,777,11,74,1
14805,124957,777,11,90,1
16431,124957,777,11,90,1
22857,124957,777,11,90,1
26335,124957,777,11,66,1
65970,124957,777,11,90,1
67178,124957,777,11,90,1
67849,124957,777,11,66,1
68150,124957,777,11,66,1
76204,124957,777,11,90,1
99281,124957,777,11,23,0
112948,124957,777,11,90,1
126943,124957,777,11,23,0
127852,124957,777,11,15,0
137371,124957,777,11,23,0
5748,124957,777,25,90,1
8454,124957,777,25,11,0
8868,124957,777,25,90,1
13522,124957,777,25,90,1
13815,124957,777,25,90,1
25183,124957,777,25,12,0
32638,124957,777,25,11,0
40159,124957,777,25,11,0
55776,124957,777,25,77,1
63656,124957,777,25,90,1
65961,124957,777,25,78,1
66560,124957,777,25,78,1
117579,124957,777,25,63,1
119072,124957,777,25,78,1
122005,124957,777,25,90,1
131312,124957,777,25,26,0
14538,124958,777,4,90,1
14571,124958,777,4,90,1
14575,124958,777,4,90,1
21998,124958,777,4,90,1
27277,124958,777,4,90,1
49293,124958,777,4,79,1
63741,124958,777,4,36,0
66284,124958,777,4,90,1
68827,124958,777,4,53,1
68987,124958,777,4,90,1
72371,124958,777,4,90,1
112203,124958,777,4,90,1
133245,124958,777,4,11,0
5220,124958,777,23,90,1
9662,124958,777,23,72,1
13703,124958,777,23,90,1
14446,124958,777,23,1,0
14716,124958,777,23,18,0
19888,124958,777,23,88,1
23747,124958,777,23,71,1
49259,124958,777,23,17,0
71623,124958,777,23,90,1
74761,124958,777,23,90,1
108922,124958,777,23,90,1
115256,124958,777,23,72,1
117497,124958,777,23,17,0
117647,124958,777,23,90,1
124462,124958,777,23,90,1
5140,124959,777,10,90,1
10458,124959,777,10,1,0
15802,124959,777,10,1,0
19919,124959,777,10,30,0
20559,124959,777,10,90,1
21737,124959,777,10,14,0
23593,124959,777,10,90,1
23815,124959,777,10,90,1
33231,124959,777,10,90,1
49909,124959,777,10,90,1
63633,124959,777,10,90,1
68582,124959,777,10,45,1
75382,124959,777,10,90,1
81542,124959,777,10,90,1
116665,124959,777,10,90,1
130665,124959,777,10,1,0
19858,124959,777,21,19,0
22802,124959,777,21,90,1
23764,124959,777,21,90,1
24630,124959,777,21,10,0
32229,124959,777,21,90,1
49374,124959,777,21,32,0
51185,124959,777,21,79,1
51364,124959,777,21,57,1
66635,124959,777,21,90,1
69274,124959,777,21,32,1
71923,124959,777,21,90,1
75582,124959,777,21,90,1
117596,124959,777,21,70,1
118579,124959,777,21,19,0
133603,124959,777,21,70,1
4229,124960,777,38,89,1
15715,124960,777,38,90,1
20337,124960,777,38,89,1
35670,124960,777,38,90,1
43010,124960,777,38,90,1
52951,124960,777,38,80,1
108877,124960,777,38,90,1
111988,124960,777,38,1,0
115371,124960,777,38,9,0
133679,124960,777,38,90,1
136815,124960,777,38,90,1
143214,124960,777,38,90,1
143218,124960,777,38,1,0
145492,124960,777,38,25,0
303861,124960,777,38,64,1
10947,124960,777,130,90,1
14723,124960,777,130,90,1
23194,124960,777,130,90,1
24369,124960,777,130,90,1
24659,124960,777,130,90,1
49726,124960,777,130,63,1
49731,124960,777,130,26,0
65987,124960,777,130,90,1
124052,124960,777,130,90,1
127594,124960,777,130,90,1
128891,124960,777,130,90,1
133460,124960,777,130,90,1
7975,124961,777,1,90,1
11419,124961,777,1,90,1
15202,124961,777,1,90,1
19680,124961,777,1,19,0
19778,124961,777,1,90,1
20486,124961,777,1,81,1
32728,124961,777,1,70,1
49481,124961,777,1,90,1
50234,124961,777,1,19,0
64523,124961,777,1,90,1
66104,124961,777,1,8,0
66204,124961,777,1,90,1
114564,124961,777,1,70,1
118077,124961,777,1,90,1
3452,124961,777,131,15,0
8163,124961,777,131,90,1
50727,124961,777,131,90,1
51830,124961,777,131,90,1
67928,124961,777,131,45,1
72239,124961,777,131,45,0
75709,124961,777,131,90,1
76090,124961,777,131,90,1
112739,124961,777,131,74,1
117758,124961,777,131,3,0
134176,124961,777,131,45,1
134333,124961,777,131,90,1
136175,124961,777,131,45,0
143240,124961,777,131,86,1
145043,124961,777,131,3,0
303860,124961,777,131,86,1
3512,124962,777,127,45,1
10766,124962,777,127,90,1
13706,124962,777,127,45,0
14846,124962,777,127,90,1
21519,124962,777,127,45,0
25474,124962,777,127,90,1
33032,124962,777,127,45,0
54989,124962,777,127,90,1
74965,124962,777,127,76,1
74976,124962,777,127,83,1
118080,124962,777,127,6,0
119381,124962,777,127,90,1
132285,124962,777,127,45,1
134403,124962,777,127,90,1
137832,124962,777,127,45,1
302305,124962,777,127,13,0
3712,124962,777,130,1,0
10947,124962,777,130,76,1
14450,124962,777,130,1,0
14723,124962,777,130,90,1
20113,124962,777,130,90,1
23194,124962,777,130,90,1
24369,124962,777,130,88,1
24659,124962,777,130,90,1
49726,124962,777,130,76,1
49731,124962,777,130,13,0
115166,124962,777,130,13,0
124052,124962,777,130,90,1
127594,124962,777,130,90,1
128891,124962,777,130,88,1
133460,124962,777,130,90,1
4333,124963,777,7,90,1
4640,124963,777,7,90,1
8143,124963,777,7,90,1
23841,124963,777,7,90,1
24797,124963,777,7,90,1
24983,124963,777,7,90,1
66538,124963,777,7,90,1
74585,124963,777,7,2,0
112589,124963,777,7,90,1
112917,124963,777,7,87,1
126789,124963,777,7,69,1
128411,124963,777,7,21,0
133612,124963,777,7,68,1
143922,124963,777,7,20,0
3955,124963,777,43,90,1
6451,124963,777,43,90,1
8127,124963,777,43,90,1
10539,124963,777,43,52,1
15139,124963,777,43,87,1
19831,124963,777,43,72,1
31442,124963,777,43,87,1
50460,124963,777,43,17,0
51498,124963,777,43,90,1
63851,124963,777,43,37,0
74960,124963,777,43,90,1
75735,124963,777,43,2,0
75883,124963,777,43,2,0
128456,124963,777,43,90,1
137462,124963,777,43,90,1
4245,124964,777,2,90,1
5066,124964,777,2,90,1
5758,124964,777,2,7,0
5865,124964,777,2,90,1
8658,124964,777,2,32,0
13274,124964,777,2,90,1
13344,124964,777,2,90,1
14456,124964,777,2,58,1
14801,124964,777,2,31,0
23968,124964,777,2,90,1
25067,124964,777,2,82,1
26408,124964,777,2,58,1
51223,124964,777,2,82,1
51423,124964,777,2,58,1
107846,124964,777,2,7,0
108096,124964,777,2,31,0
14538,124964,777,4,90,1
14571,124964,777,4,90,1
14575,124964,777,4,90,1
21998,124964,777,4,90,1
27277,124964,777,4,68,1
49293,124964,777,4,71,1
51813,124964,777,4,21,0
53612,124964,777,4,90,1
63741,124964,777,4,90,1
68583,124964,777,4,21,0
68827,124964,777,4,21,0
68987,124964,777,4,68,1
72371,124964,777,4,68,1
112203,124964,777,4,90,1
304474,124964,777,4,18,0
4604,124965,777,6,57,1
8589,124965,777,6,90,1
13988,124965,777,6,90,1
14451,124965,777,6,32,0
14569,124965,777,6,90,1
20874,124965,777,6,90,1
24334,124965,777,6,90,1
37776,124965,777,6,90,1
69595,124965,777,6,90,1
76104,124965,777,6,90,1
109117,124965,777,6,76,1
133297,124965,777,6,5,0
138981,124965,777,6,84,1
146391,124965,777,6,13,0
19858,124965,777,21,27,0
22802,124965,777,21,90,1
23764,124965,777,21,90,1
24630,124965,777,21,90,1
25892,124965,777,21,90,1
32229,124965,777,21,90,1
49374,124965,777,21,5,0
51185,124965,777,21,62,1
51364,124965,777,21,84,1
69070,124965,777,21,5,0
71923,124965,777,21,90,1
75582,124965,777,21,90,1
117596,124965,777,21,84,1
118579,124965,777,21,27,0
133603,124965,777,21,62,1
5140,124966,777,10,90,1
15802,124966,777,10,60,1
19919,124966,777,10,90,1
20559,124966,777,10,90,1
23593,124966,777,10,90,1
23815,124966,777,10,90,1
32894,124966,777,10,4,0
49909,124966,777,10,90,1
63633,124966,777,10,90,1
68582,124966,777,10,29,0
75382,124966,777,10,90,1
81542,124966,777,10,85,1
116665,124966,777,10,90,1
130665,124966,777,10,1,0
4229,124966,777,38,61,1
15715,124966,777,38,90,1
20337,124966,777,38,61,1
35670,124966,777,38,28,0
43010,124966,777,38,90,1
66692,124966,777,38,61,1
108877,124966,777,38,90,1
111988,124966,777,38,28,0
115114,124966,777,38,78,1
115371,124966,777,38,90,1
133679,124966,777,38,90,1
136815,124966,777,38,28,0
143214,124966,777,38,90,1
143218,124966,777,38,11,0
145492,124966,777,38,90,1
4608,124967,777,12,87,1
5793,124967,777,12,60,1
14580,124967,777,12,45,1
23581,124967,777,12,2,0
24252,124967,777,12,90,1
50848,124967,777,12,30,0
51202,124967,777,12,90,1
66036,124967,777,12,59,1
67191,124967,777,12,87,1
67910,124967,777,12,90,1
117564,124967,777,12,2,0
118031,124967,777,12,90,1
118591,124967,777,12,29,0
128366,124967,777,12,45,0
133114,124967,777,12,90,1
146567,124967,777,12,90,1
5220,124967,777,23,90,1
9662,124967,777,23,67,1
13703,124967,777,23,90,1
14446,124967,777,23,13,0
14716,124967,777,23,22,0
19888,124967,777,23,67,1
20607,124967,777,23,22,0
23747,124967,777,23,90,1
71623,124967,777,23,76,1
74761,124967,777,23,90,1
108922,124967,777,23,90,1
115256,124967,777,23,67,1
117497,124967,777,23,22,0
117647,124967,777,23,90,1
124462,124967,777,23,90,1
4499,124968,777,11,1,0
5067,124968,777,11,90,1
14805,124968,777,11,90,1
16431,124968,777,11,90,1
22857,124968,777,11,90,1
26335,124968,777,11,72,1
65970,124968,777,11,90,1
67178,124968,777,11,90,1
67849,124968,777,11,90,1
68150,124968,777,11,88,1
76204,124968,777,11,90,1
112948,124968,777,11,90,1
126943,124968,777,11,17,0
15259,124968,777,15,90,1
15340,124968,777,15,3,0
16035,124968,777,15,90,1
23702,124968,777,15,90,1
23811,124968,777,15,90,1
51593,124968,777,15,90,1
70249,124968,777,15,90,1
98300,124968,777,15,90,1
115172,124968,777,15,86,1
138137,124968,777,15,1,0
139648,124968,777,15,90,1
141639,124968,777,15,90,1
304123,124968,777,15,90,1
9576,124969,777,9,84,1
13796,124969,777,9,30,1
14608,124969,777,9,90,1
14807,124969,777,9,17,0
19731,124969,777,9,90,1
33124,124969,777,9,90,1
33162,124969,777,9,72,1
50151,124969,777,9,90,1
63289,124969,777,9,90,1
63634,124969,777,9,90,1
68676,124969,777,9,5,0
75543,124969,777,9,90,1
116888,124969,777,9,90,1
126426,124969,777,9,59,0
12136,124969,777,29,90,1
25408,124969,777,29,90,1
51199,124969,777,29,90,1
51609,124969,777,29,90,1
51610,124969,777,29,5,0
52989,124969,777,29,22,0
66659,124969,777,29,90,1
67784,124969,777,29,67,1
75692,124969,777,29,90,1
119614,124969,777,29,67,1
122126,124969,777,29,90,1
126317,124969,777,29,84,1
126920,124969,777,29,22,0
138104,124969,777,29,90,1
5748,124970,777,25,90,1
8454,124970,777,25,34,0
8868,124970,777,25,90,1
13522,124970,777,25,90,1
13815,124970,777,25,90,1
25183,124970,777,25,7,0
55776,124970,777,25,81,1
63656,124970,777,25,90,1
65961,124970,777,25,55,1
66560,124970,777,25,90,1
110117,124970,777,25,8,0
117579,124970,777,25,90,1
119072,124970,777,25,90,1
122005,124970,777,25,82,1
3894,124970,777,34,8,0
4880,124970,777,34,81,1
4985,124970,777,34,90,1
6712,124970,777,34,8,0
11071,124970,777,34,90,1
13961,124970,777,34,90,1
14445,124970,777,34,81,1
14624,124970,777,34,90,1
16044,124970,777,34,87,1
21614,124970,777,34,90,1
26151,124970,777,34,90,1
35752,124970,777,34,90,1
49884,124970,777,34,2,0
121610,124970,777,34,68,1
128976,124970,777,34,21,0
7975,124971,777,1,90,1
11419,124971,777,1,90,1
14548,124971,777,1,7,0
19680,124971,777,1,13,0
19778,124971,777,1,72,1
20486,124971,777,1,90,1
32728,124971,777,1,76,1
42331,124971,777,1,17,0
49481,124971,777,1,82,1
50234,124971,777,1,76,1
64523,124971,777,1,90,1
66204,124971,777,1,90,1
67407,124971,777,1,7,0
67776,124971,777,1,82,1
114564,124971,777,1,13,0
118077,124971,777,1,90,1
4245,124971,777,2,90,1
5066,124971,777,2,90,1
5758,124971,777,2,90,1
5865,124971,777,2,81,1
8658,124971,777,2,90,1
13274,124971,777,2,90,1
14456,124971,777,2,29,0
14801,124971,777,2,60,1
23968,124971,777,2,81,1
26408,124971,777,2,60,1
51423,124971,777,2,45,0
107846,124971,777,2,90,1
108096,124971,777,2,45,1
124181,124971,777,2,8,0
124907,124971,777,2,8,0
133169,124971,777,2,29,0
19858,124972,777,21,79,1
22802,124972,777,21,90,1
23764,124972,777,21,90,1
24630,124972,777,21,90,1
32229,124972,777,21,90,1
51185,124972,777,21,23,0
51364,124972,777,21,90,1
66635,124972,777,21,90,1
71923,124972,777,21,90,1
75582,124972,777,21,90,1
76614,124972,777,21,10,0
117596,124972,777,21,90,1
118579,124972,777,21,66,1
3712,124972,777,130,90,1
10947,124972,777,130,90,1
14450,124972,777,130,10,0
14723,124972,777,130,90,1
20113,124972,777,130,90,1
23194,124972,777,130,90,1
24369,124972,777,130,90,1
24659,124972,777,130,90,1
49726,124972,777,130,10,0
124052,124972,777,130,90,1
127594,124972,777,130,79,1
128891,124972,777,130,79,1
133460,124972,777,130,90,1
5220,124973,777,23,90,1
9662,124973,777,23,18,0
10079,124973,777,23,90,1
14446,124973,777,23,1,0
14716,124973,777,23,71,1
19888,124973,777,23,10,0
20607,124973,777,23,90,1
23747,124973,777,23,79,1
71623,124973,777,23,90,1
74761,124973,777,23,90,1
108922,124973,777,23,90,1
115256,124973,777,23,10,0
117497,124973,777,23,79,1
117647,124973,777,23,90,1
124462,124973,777,23,90,1
3955,124973,777,43,90,1
6451,124973,777,43,90,1
8127,124973,777,43,90,1
8246,124973,777,43,2,0
15139,124973,777,43,90,1
19831,124973,777,43,16,0
31442,124973,777,43,90,1
51498,124973,777,43,75,0
63851,124973,777,43,87,1
74960,124973,777,43,87,1
74964,124973,777,43,73,1
75883,124973,777,43,2,0
124531,124973,777,43,14,1
128456,124973,777,43,90,1
137462,124973,777,43,90,1
14538,124974,777,4,90,1
14571,124974,777,4,45,0
14575,124974,777,4,90,1
21998,124974,777,4,45,0
49293,124974,777,4,62,1
51813,124974,777,4,86,1
63741,124974,777,4,90,1
66284,124974,777,4,90,1
68583,124974,777,4,1,0
68827,124974,777,4,90,1
68987,124974,777,4,45,1
72371,124974,777,4,27,0
112203,124974,777,4,90,1
125075,124974,777,4,45,1
133245,124974,777,4,3,0
304474,124974,777,4,90,1
3512,124974,777,127,1,0
13706,124974,777,127,77,1
14846,124974,777,127,90,1
16582,124974,777,127,8,0
21519,124974,777,127,90,1
25474,124974,777,127,90,1
33032,124974,777,127,81,1
51942,124974,777,127,90,1
54989,124974,777,127,90,1
74965,124974,777,127,90,1
74976,124974,777,127,90,1
118080,124974,777,127,12,0
119381,124974,777,127,90,1
134403,124974,777,127,90,1
4604,124975,777,6,90,1
8589,124975,777,6,56,1
13988,124975,777,6,90,1
14569,124975,777,6,90,1
20118,124975,777,6,1,0
20874,124975,777,6,90,1
24334,124975,777,6,90,1
37776,124975,777,6,90,1
69595,124975,777,6,90,1
76104,124975,777,6,90,1
109117,124975,777,6,81,1
133297,124975,777,6,8,0
138981,124975,777,6,81,1
146391,124975,777,6,8,0
147312,124975,777,6,33,0
3894,124975,777,34,22,0
4818,124975,777,34,5,0
4880,124975,777,34,50,1
4979,124975,777,34,5,0
4985,124975,777,34,90,1
6712,124975,777,34,39,0
11071,124975,777,34,90,1
13961,124975,777,34,84,1
14445,124975,777,34,90,1
14624,124975,777,34,90,1
16044,124975,777,34,90,1
21614,124975,777,34,67,1
26151,124975,777,34,90,1
35752,124975,777,34,90,1
121610,124975,777,34,84,1
9576,124976,777,9,20,0
13515,124976,777,9,90,1
14608,124976,777,9,7,0
14807,124976,777,9,69,1
19731,124976,777,9,90,1
33124,124976,777,9,90,1
33162,124976,777,9,20,0
35718,124976,777,9,82,1
50151,124976,777,9,90,1
63289,124976,777,9,69,1
63634,124976,777,9,90,1
75543,124976,777,9,90,1
115255,124976,777,9,90,1
116888,124976,777,9,90,1
126426,124976,777,9,1,0
5140,124976,777,10,90,1
10458,124976,777,10,65,1
15802,124976,777,10,11,0
19919,124976,777,10,83,1
20559,124976,777,10,90,1
23593,124976,777,10,90,1
23815,124976,777,10,65,1
32894,124976,777,10,24,0
33231,124976,777,10,90,1
49909,124976,777,10,90,1
63633,124976,777,10,24,0
68582,124976,777,10,78,1
75382,124976,777,10,65,1
81542,124976,777,10,90,1
116665,124976,777,10,24,0
134796,124976,777,10,6,0
4608,124977,777,12,90,1
5793,124977,777,12,90,1
24252,124977,777,12,90,1
50848,124977,777,12,45,1
51202,124977,777,12,90,1
66036,124977,777,12,90,1
67191,124977,777,12,90,1
67910,124977,777,12,90,1
118031,124977,777,12,74,1
118591,124977,777,12,15,0
128366,124977,777,12,45,0
130150,124977,777,12,15,0
133114,124977,777,12,74,1
146567,124977,777,12,90,1
4229,124977,777,38,90,1
15715,124977,777,38,90,1
20337,124977,777,38,87,1
35670,124977,777,38,26,0
66692,124977,777,38,90,1
108877,124977,777,38,90,1
111988,124977,777,38,90,1
115114,124977,777,38,90,1
115371,124977,777,38,63,1
133679,124977,777,38,90,1
136815,124977,777,38,1,0
143218,124977,777,38,90,1
145492,124977,777,38,90,1
303861,124977,777,38,2,0
4260,124978,777,7,18,0
4640,124978,777,7,90,1
8143,124978,777,7,90,1
23841,124978,777,7,90,1
24797,124978,777,7,90,1
24983,124978,777,7,90,1
66538,124978,777,7,90,1
74585,124978,777,7,71,1
112589,124978,777,7,90,1
112917,124978,777,7,90,1
126789,124978,777,7,5,0
128411,124978,777,7,90,1
143922,124978,777,7,84,1
15259,124978,777,15,90,1
15340,124978,777,15,28,0
16035,124978,777,15,90,1
19620,124978,777,15,90,1
23702,124978,777,15,74,1
23811,124978,777,15,90,1
24626,124978,777,15,45,0
51593,124978,777,15,90,1
98300,124978,777,15,90,1
115172,124978,777,15,45,1
138137,124978,777,15,15,0
139648,124978,777,15,90,1
141639,124978,777,15,90,1
304123,124978,777,15,61,1
4499,124979,777,11,90,1
5067,124979,777,11,84,1
14805,124979,777,11,90,1
16286,124979,777,11,45,0
16431,124979,777,11,90,1
22857,124979,777,11,90,1
26335,124979,777,11,5,0
54156,124979,777,11,39,0
65970,124979,777,11,90,1
67178,124979,777,11,33,0
67849,124979,777,11,45,1
68150,124979,777,11,90,1
76204,124979,777,11,90,1
112948,124979,777,11,56,1
126943,124979,777,11,50,1
12136,124979,777,29,90,1
25408,124979,777,29,90,1
51199,124979,777,29,90,1
51609,124979,777,29,90,1
51610,124979,777,29,18,0
52989,124979,777,29,32,0
66659,124979,777,29,90,1
67784,124979,777,29,57,1
75692,124979,777,29,90,1
122126,124979,777,29,90,1
126317,124979,777,29,71,1
126920,124979,777,29,90,1
138104,124979,777,29,90,1
5748,124980,777,25,90,1
8454,124980,777,25,62,1
8868,124980,777,25,90,1
13522,124980,777,25,90,1
13815,124980,777,25,82,1
25183,124980,777,25,8,0
32638,124980,777,25,45,0
55776,124980,777,25,82,1
63656,124980,777,25,45,1
65961,124980,777,25,27,0
66560,124980,777,25,90,1
117579,124980,777,25,90,1
119072,124980,777,25,90,1
122005,124980,777,25,81,1
131312,124980,777,25,7,0
140223,124980,777,25,7,0
2100,124980,777,131,71,1
3452,124980,777,131,82,1
4874,124980,777,131,90,1
8163,124980,777,131,90,1
50727,124980,777,131,90,1
51830,124980,777,131,18,0
67928,124980,777,131,57,1
75709,124980,777,131,90,1
76090,124980,777,131,90,1
112739,124980,777,131,18,0
117732,124980,777,131,32,0
134176,124980,777,131,32,0
134333,124980,777,131,90,1
136175,124980,777,131,57,1
143240,124980,777,131,71,1
145043,124980,777,131,7,0
4245,124981,777,2,90,1
5066,124981,777,2,90,1
5758,124981,777,2,21,0
5865,124981,777,2,90,1
8658,124981,777,2,82,1
13274,124981,777,2,90,1
13344,124981,777,2,89,1
14456,124981,777,2,7,0
14801,124981,777,2,21,0
23968,124981,777,2,90,1
25067,124981,777,2,90,1
26408,124981,777,2,68,1
51223,124981,777,2,68,1
51423,124981,777,2,82,1
107846,124981,777,2,7,0
133169,124981,777,2,1,0
10439,124981,777,15,68,1
15259,124981,777,15,90,1
16035,124981,777,15,90,1
16723,124981,777,15,12,0
23811,124981,777,15,90,1
24626,124981,777,15,7,0
49270,124981,777,15,21,0
51593,124981,777,15,90,1
68219,124981,777,15,7,0
70249,124981,777,15,21,0
98300,124981,777,15,90,1
115172,124981,777,15,82,1
138137,124981,777,15,68,1
139648,124981,777,15,90,1
141639,124981,777,15,77,1
304123,124981,777,15,82,1
7975,124982,777,1,90,1
11419,124982,777,1,79,1
15202,124982,777,1,90,1
19680,124982,777,1,24,0
19778,124982,777,1,10,0
20486,124982,777,1,23,0
32728,124982,777,1,65,1
49481,124982,777,1,23,0
50234,124982,777,1,90,1
64523,124982,777,1,90,1
66104,124982,777,1,66,1
66204,124982,777,1,90,1
67407,124982,777,1,66,1
67776,124982,777,1,90,1
118077,124982,777,1,90,1
10766,124982,777,127,16,0
13706,124982,777,127,66,1
14846,124982,777,127,90,1
16582,124982,777,127,16,0
21519,124982,777,127,73,1
25474,124982,777,127,90,1
33032,124982,777,127,73,1
51942,124982,777,127,90,1
54989,124982,777,127,90,1
74965,124982,777,127,90,1
74976,124982,777,127,73,1
118080,124982,777,127,23,0
119381,124982,777,127,90,1
134403,124982,777,127,90,1
137832,124982,777,127,16,0
3955,124983,777,43,90,1
6451,124983,777,43,90,1
8127,124983,777,43,90,1
15139,124983,777,43,35,0
19831,124983,777,43,54,1
31442,124983,777,43,63,1
50460,124983,777,43,80,1
51498,124983,777,43,90,1
63851,124983,777,43,90,1
74960,124983,777,43,54,1
74964,124983,777,43,26,0
119059,124983,777,43,9,0
128456,124983,777,43,90,1
128643,124983,777,43,35,0
137462,124983,777,43,90,1
2100,124983,777,131,10,0
3452,124983,777,131,19,0
4874,124983,777,131,90,1
8163,124983,777,131,90,1
22542,124983,777,131,19,0
50727,124983,777,131,90,1
51830,124983,777,131,70,1
67928,124983,777,131,20,0
75709,124983,777,131,90,1
76090,124983,777,131,90,1
117732,124983,777,131,69,1
117758,124983,777,131,3,0
134176,124983,777,131,86,1
134333,124983,777,131,90,1
143240,124983,777,131,79,1
145043,124983,777,131,70,1
4260,124984,777,7,90,1
4333,124984,777,7,90,1
4640,124984,777,7,90,1
8143,124984,777,7,90,1
23841,124984,777,7,90,1
24797,124984,777,7,45,1
24983,124984,777,7,90,1
66538,124984,777,7,76,1
112589,124984,777,7,90,1
112917,124984,777,7,45,1
126789,124984,777,7,45,0
128411,124984,777,7,45,0
134286,124984,777,7,13,0
143922,124984,777,7,90,1
3712,124984,777,130,26,0
10947,124984,777,130,14,0
14723,124984,777,130,90,1
20113,124984,777,130,90,1
23194,124984,777,130,90,1
24369,124984,777,130,26,0
24659,124984,777,130,90,1
49494,124984,777,130,1,0
49726,124984,777,130,63,1
49731,124984,777,130,90,1
115166,124984,777,130,75,1
124052,124984,777,130,90,1
127594,124984,777,130,63,1
128891,124984,777,130,90,1
133460,124984,777,130,90,1
5140,124985,777,10,90,1
10651,124985,777,10,1,0
15802,124985,777,10,5,0
19919,124985,777,10,14,0
20559,124985,777,10,90,1
23593,124985,777,10,90,1
23815,124985,777,10,84,1
32894,124985,777,10,90,1
33231,124985,777,10,90,1
49909,124985,777,10,90,1
63633,124985,777,10,90,1
68582,124985,777,10,90,1
75382,124985,777,10,75,1
116665,124985,777,10,90,1
3894,124985,777,34,73,1
4818,124985,777,34,1,0
4979,124985,777,34,5,0
4985,124985,777,34,90,1
6712,124985,777,34,90,1
11071,124985,777,34,84,1
13961,124985,777,34,84,1
14445,124985,777,34,73,1
14624,124985,777,34,90,1
16044,124985,777,34,90,1
21614,124985,777,34,16,0
26151,124985,777,34,90,1
35752,124985,777,34,90,1
49884,124985,777,34,90,1
121610,124985,777,34,16,0
144894,124985,777,34,5,0
9576,124986,777,9,90,1
13515,124986,777,9,90,1
14807,124986,777,9,15,0
33124,124986,777,9,90,1
33162,124986,777,9,74,1
35718,124986,777,9,79,1
50151,124986,777,9,90,1
50643,124986,777,9,3,0
63289,124986,777,9,86,1
63634,124986,777,9,90,1
68676,124986,777,9,10,0
75543,124986,777,9,90,1
115255,124986,777,9,79,1
116888,124986,777,9,90,1
126426,124986,777,9,10,0
4608,124986,777,12,90,1
5793,124986,777,12,90,1
24252,124986,777,12,90,1
50848,124986,777,12,27,0
51202,124986,777,12,90,1
66036,124986,777,12,90,1
67191,124986,777,12,90,1
67910,124986,777,12,90,1
118031,124986,777,12,90,1
118591,124986,777,12,62,1
133114,124986,777,12,90,1
146567,124986,777,12,90,1
14571,124987,777,4,90,1
14575,124987,777,4,90,1
21998,124987,777,4,90,1
49293,124987,777,4,90,1
51813,124987,777,4,28,0
53612,124987,777,4,90,1
63741,124987,777,4,90,1
68827,124987,777,4,90,1
72371,124987,777,4,61,1
75989,124987,777,4,90,1
119041,124987,777,4,28,0
125075,124987,777,4,61,1
133245,124987,777,4,45,0
304474,124987,777,4,45,1
4499,124987,777,11,9,0
5067,124987,777,11,90,1
14805,124987,777,11,90,1
16286,124987,777,11,90,1
16431,124987,777,11,80,1
22857,124987,777,11,90,1
26335,124987,777,11,69,1
54156,124987,777,11,20,0
65970,124987,777,11,90,1
67178,124987,777,11,50,1
68150,124987,777,11,90,1
76204,124987,777,11,90,1
112948,124987,777,11,90,1
137371,124987,777,11,39,0
4604,124988,777,6,51,1
8589,124988,777,6,90,1
13988,124988,777,6,90,1
14569,124988,777,6,90,1
20874,124988,777,6,86,1
24334,124988,777,6,90,1
37776,124988,777,6,37,1
49374,124988,777,6,71,1
69595,124988,777,6,86,1
76104,124988,777,6,90,1
109117,124988,777,6,86,1
112449,124988,777,6,3,0
133297,124988,777,6,3,0
138981,124988,777,6,38,0
146391,124988,777,6,18,0
147312,124988,777,6,52,0
151538,124988,777,6,3,0
5220,124988,777,23,90,1
9662,124988,777,23,87,1
10079,124988,777,23,90,1
14446,124988,777,23,2,0
14716,124988,777,23,27,0
19888,124988,777,23,27,0
20607,124988,777,23,90,1
23747,124988,777,23,62,1
49495,124988,777,23,27,0
71623,124988,777,23,62,1
74761,124988,777,23,90,1
108922,124988,777,23,62,1
115256,124988,777,23,12,0
117497,124988,777,23,77,1
117647,124988,777,23,90,1
124462,124988,777,23,90,1
4408,124989,777,21,87,1
19858,124989,777,21,18,0
22802,124989,777,21,90,1
23764,124989,777,21,2,0
24630,124989,777,21,90,1
32229,124989,777,21,90,1
51185,124989,777,21,71,0
51364,124989,777,21,18,1
66570,124989,777,21,2,0
66635,124989,777,21,90,1
71923,124989,777,21,90,1
75582,124989,777,21,90,1
76614,124989,777,21,87,1
117596,124989,777,21,71,1
118579,124989,777,21,71,1
133603,124989,777,21,18,0
12136,124989,777,29,90,1
19864,124989,777,29,24,0
25408,124989,777,29,90,1
51199,124989,777,29,90,1
51609,124989,777,29,58,1
51610,124989,777,29,31,0
66659,124989,777,29,90,1
67784,124989,777,29,90,1
75692,124989,777,29,90,1
119614,124989,777,29,8,0
122126,124989,777,29,90,1
126317,124989,777,29,65,1
126920,124989,777,29,81,1
138104,124989,777,29,90,1
5748,124990,777,25,90,1
8454,124990,777,25,90,1
8868,124990,777,25,90,1
13522,124990,777,25,90,1
13815,124990,777,25,90,1
25183,124990,777,25,45,0
32638,124990,777,25,90,1
65961,124990,777,25,90,1
66560,124990,777,25,45,1
117579,124990,777,25,90,1
119072,124990,777,25,90,1
122005,124990,777,25,45,1
131312,124990,777,25,45,0
15715,124990,777,38,90,1
20337,124990,777,38,60,1
35670,124990,777,38,29,0
43010,124990,777,38,90,1
66692,124990,777,38,90,1
69766,124990,777,38,4,0
108877,124990,777,38,90,1
111988,124990,777,38,90,1
115114,124990,777,38,90,1
115371,124990,777,38,87,1
133679,124990,777,38,45,1
136815,124990,777,38,2,0
143214,124990,777,38,45,0
143218,124990,777,38,90,1
145492,124990,777,38,85,1
7975,124991,777,1,90,1
11419,124991,777,1,77,1
15202,124991,777,1,90,1
19680,124991,777,1,26,0
20486,124991,777,1,63,1
21584,124991,777,1,12,0
32728,124991,777,1,63,1
49481,124991,777,1,77,1
50234,124991,777,1,90,1
64523,124991,777,1,90,1
66104,124991,777,1,26,0
66204,124991,777,1,90,1
67407,124991,777,1,12,0
67776,124991,777,1,90,1
114564,124991,777,1,33,0
118077,124991,777,1,56,1
5140,124991,777,10,90,1
10651,124991,777,10,1,0
19919,124991,777,10,90,1
20559,124991,777,10,90,1
23593,124991,777,10,90,1
32894,124991,777,10,90,1
33231,124991,777,10,90,1
49909,124991,777,10,90,1
63633,124991,777,10,90,1
68582,124991,777,10,90,1
75382,124991,777,10,90,1
116665,124991,777,10,90,1
19858,124992,777,21,90,1
22802,124992,777,21,85,1
23764,124992,777,21,90,1
24630,124992,777,21,23,0
32229,124992,777,21,90,1
51185,124992,777,21,66,1
66635,124992,777,21,90,1
69274,124992,777,21,90,1
71923,124992,777,21,90,1
75582,124992,777,21,90,1
76614,124992,777,21,90,1
117596,124992,777,21,4,0
118579,124992,777,21,33,0
133603,124992,777,21,56,1
10766,124992,777,127,90,1
13706,124992,777,127,26,0
14846,124992,777,127,86,1
16582,124992,777,127,26,0
25474,124992,777,127,90,1
33032,124992,777,127,63,1
51942,124992,777,127,90,1
54989,124992,777,127,90,1
74965,124992,777,127,90,1
74976,124992,777,127,90,1
118080,124992,777,127,3,0
119381,124992,777,127,86,1
132285,124992,777,127,3,0
134403,124992,777,127,90,1
137832,124992,777,127,63,1
140546,124992,777,127,1,0
10361,124993,777,29,7,0
12136,124993,777,29,90,1
19864,124993,777,29,78,1
25408,124993,777,29,78,1
35731,124993,777,29,11,0
51199,124993,777,29,90,1
51609,124993,777,29,11,0
51610,124993,777,29,38,0
66659,124993,777,29,82,1
67784,124993,777,29,90,1
75692,124993,777,29,90,1
119614,124993,777,29,51,1
122126,124993,777,29,90,1
126317,124993,777,29,51,1
126920,124993,777,29,38,0
138104,124993,777,29,90,1
3712,124993,777,130,14,0
10947,124993,777,130,90,1
14450,124993,777,130,8,0
14723,124993,777,130,90,1
20113,124993,777,130,90,1
23194,124993,777,130,90,1
24369,124993,777,130,60,1
24659,124993,777,130,90,1
49726,124993,777,130,75,1
49731,124993,777,130,29,0
115166,124993,777,130,8,0
124052,124993,777,130,81,1
127594,124993,777,130,90,1
128891,124993,777,130,90,1
133460,124993,777,130,81,1
4608,124994,777,12,90,1
5793,124994,777,12,73,1
14580,124994,777,12,29,0
23396,124994,777,12,60,1
24252,124994,777,12,90,1
50848,124994,777,12,16,0
51202,124994,777,12,73,1
66036,124994,777,12,90,1
67191,124994,777,12,90,1
67910,124994,777,12,90,1
108936,124994,777,12,16,0
118031,124994,777,12,83,1
118591,124994,777,12,29,0
130151,124994,777,12,6,0
133114,124994,777,12,60,1
146567,124994,777,12,90,1
3955,124994,777,43,90,1
6451,124994,777,43,90,1
8127,124994,777,43,90,1
15139,124994,777,43,90,1
31442,124994,777,43,75,1
50460,124994,777,43,32,0
51498,124994,777,43,90,1
63851,124994,777,43,90,1
64282,124994,777,43,14,0
68593,124994,777,43,57,1
74960,124994,777,43,90,1
124531,124994,777,43,90,1
128643,124994,777,43,1,0
137462,124994,777,43,90,1
4245,124995,777,2,45,1
5066,124995,777,2,90,1
5758,124995,777,2,72,1
5865,124995,777,2,90,1
8658,124995,777,2,90,1
13274,124995,777,2,90,1
13344,124995,777,2,90,1
14456,124995,777,2,17,0
14801,124995,777,2,64,1
20473,124995,777,2,45,0
23968,124995,777,2,90,1
25067,124995,777,2,81,1
26408,124995,777,2,25,0
51223,124995,777,2,17,0
51423,124995,777,2,72,1
107846,124995,777,2,8,0
8589,124995,777,6,90,1
13988,124995,777,6,90,1
14569,124995,777,6,90,1
20118,124995,777,6,1,0
20874,124995,777,6,90,1
24334,124995,777,6,90,1
49374,124995,777,6,90,1
69595,124995,777,6,90,1
76104,124995,777,6,90,1
109117,124995,777,6,90,1
138981,124995,777,6,89,1
147312,124995,777,6,90,1
4260,124996,777,7,89,1
4333,124996,777,7,82,1
4640,124996,777,7,90,1
8143,124996,777,7,90,1
23841,124996,777,7,90,1
24797,124996,777,7,90,1
24983,124996,777,7,90,1
66538,124996,777,7,90,1
74585,124996,777,7,3,0
112589,124996,777,7,90,1
126789,124996,777,7,3,0
128411,124996,777,7,1,0
134286,124996,777,7,86,1
143922,124996,777,7,86,1
15715,124996,777,38,90,1
20337,124996,777,38,90,1
35670,124996,777,38,23,0
43010,124996,777,38,90,1
66692,124996,777,38,90,1
108877,124996,777,38,67,1
111988,124996,777,38,90,1
115114,124996,777,38,90,1
115371,124996,777,38,90,1
133679,124996,777,38,90,1
143214,124996,777,38,45,0
143218,124996,777,38,45,1
145492,124996,777,38,90,1
147032,124996,777,38,1,0
13549,124997,777,4,90,1
14538,124997,777,4,90,1
14571,124997,777,4,25,0
14575,124997,777,4,90,1
21998,124997,777,4,90,1
27277,124997,777,4,21,1
49293,124997,777,4,74,1
51813,124997,777,4,90,1
63741,124997,777,4,64,1
68827,124997,777,4,75,1
72371,124997,777,4,15,0
112203,124997,777,4,90,1
119041,124997,777,4,62,0
125075,124997,777,4,14,0
133245,124997,777,4,27,1
3894,124997,777,34,72,1
4818,124997,777,34,7,0
4979,124997,777,34,1,0
4985,124997,777,34,90,1
6712,124997,777,34,90,1
11071,124997,777,34,90,1
13961,124997,777,34,90,1
14445,124997,777,34,82,1
14624,124997,777,34,72,1
14656,124997,777,34,17,0
16044,124997,777,34,17,0
21614,124997,777,34,90,1
26151,124997,777,34,90,1
35752,124997,777,34,45,1
49884,124997,777,34,90,1
121610,124997,777,34,45,0
4499,124998,777,11,72,1
5067,124998,777,11,90,1
14805,124998,777,11,72,1
16286,124998,777,11,26,0
22857,124998,777,11,90,1
26335,124998,777,11,90,1
54156,124998,777,11,90,1
65970,124998,777,11,90,1
67849,124998,777,11,63,1
68150,124998,777,11,17,0
76204,124998,777,11,72,1
99281,124998,777,11,17,0
111022,124998,777,11,90,1
112948,124998,777,11,17,0
137371,124998,777,11,90,1
2100,124998,777,131,7,0
3452,124998,777,131,13,0
8163,124998,777,131,90,1
22542,124998,777,131,90,1
50727,124998,777,131,90,1
51830,124998,777,131,76,1
67928,124998,777,131,90,1
75709,124998,777,131,90,1
76090,124998,777,131,90,1
112739,124998,777,131,90,1
117732,124998,777,131,82,1
117758,124998,777,131,7,0
134176,124998,777,131,13,0
134333,124998,777,131,82,1
143240,124998,777,131,76,1
9576,124999,777,9,86,1
13515,124999,777,9,90,1
13796,124999,777,9,90,1
14807,124999,777,9,3,0
19731,124999,777,9,90,1
33124,124999,777,9,90,1
33162,124999,777,9,10,0
35718,124999,777,9,1,0
50151,124999,777,9,90,1
63289,124999,777,9,90,1
63634,124999,777,9,90,1
68676,124999,777,9,1,0
75543,124999,777,9,90,1
115255,124999,777,9,90,1
116888,124999,777,9,79,1
126426,124999,777,9,1,0
5220,124999,777,23,75,1
9662,124999,777,23,9,0
10079,124999,777,23,90,1
14716,124999,777,23,90,1
19888,124999,777,23,14,0
20607,124999,777,23,90,1
23747,124999,777,23,80,1
49495,124999,777,23,45,0
49908,124999,777,23,45,0
71623,124999,777,23,45,1
74761,124999,777,23,90,1
108922,124999,777,23,90,1
115256,124999,777,23,74,1
117497,124999,777,23,15,0
117647,124999,777,23,90,1
124462,124999,777,23,45,1
10439,125000,777,15,90,1
15259,125000,777,15,90,1
16035,125000,777,15,90,1
16723,125000,777,15,90,1
23702,125000,777,15,90,1
23811,125000,777,15,90,1
51593,125000,777,15,90,1
67510,125000,777,15,1,0
98300,125000,777,15,45,1
115172,125000,777,15,90,1
138137,125000,777,15,46,0
139648,125000,777,15,90,1
304123,125000,777,15,90,1
5748,125000,777,25,90,1
8868,125000,777,25,90,1
13815,125000,777,25,90,1
25183,125000,777,25,90,1
32638,125000,777,25,90,1
55776,125000,777,25,62,1
63257,125000,777,25,90,1
63656,125000,777,25,90,1
65961,125000,777,25,90,1
66560,125000,777,25,10,0
117579,125000,777,25,62,1
119072,125000,777,25,79,1
131312,125000,777,25,27,0
304595,125000,777,25,27,0
4245,125001,777,2,90,1
5758,125001,777,2,17,0
5865,125001,777,2,90,1
8658,125001,777,2,90,1
13274,125001,777,2,90,1
13344,125001,777,2,90,1
21529,125001,777,2,90,1
23968,125001,777,2,90,1
26408,125001,777,2,90,1
51223,125001,777,2,72,1
51423,125001,777,2,17,1
72265,125001,777,2,72,0
107846,125001,777,2,72,1
124907,125001,777,2,17,0
4260,125001,777,7,90,1
4640,125001,777,7,90,1
8143,125001,777,7,90,1
23841,125001,777,7,90,1
24797,125001,777,7,90,1
24983,125001,777,7,90,1
74585,125001,777,7,90,1
112589,125001,777,7,90,1
126789,125001,777,7,6,0
128411,125001,777,7,90,1
134286,125001,777,7,90,1
143922,125001,777,7,83,1
3512,125002,777,127,19,0
10766,125002,777,127,90,1
14846,125002,777,127,70,1
15572,125002,777,127,18,0
33032,125002,777,127,90,1
51942,125002,777,127,90,1
54989,125002,777,127,90,1
74965,125002,777,127,90,1
74976,125002,777,127,90,1
118080,125002,777,127,78,1
119381,125002,777,127,90,1
132285,125002,777,127,11,0
134403,125002,777,127,90,1
137832,125002,777,127,71,1
140546,125002,777,127,1,0
3452,125002,777,131,76,1
4874,125002,777,131,90,1
8163,125002,777,131,90,1
20505,125002,777,131,1,0
22542,125002,777,131,90,1
50727,125002,777,131,88,1
51830,125002,777,131,24,0
75709,125002,777,131,90,1
76090,125002,777,131,90,1
112739,125002,777,131,65,1
117732,125002,777,131,90,1
124396,125002,777,131,24,0
134176,125002,777,131,65,1
136175,125002,777,131,24,0
143240,125002,777,131,65,1
145043,125002,777,131,13,0
13549,125003,777,4,57,1
14538,125003,777,4,90,1
14571,125003,777,4,84,1
14575,125003,777,4,90,1
21998,125003,777,4,90,1
27277,125003,777,4,90,1
49293,125003,777,4,90,1
51813,125003,777,4,16,0
63741,125003,777,4,84,1
66284,125003,777,4,32,0
68987,125003,777,4,56,1
72371,125003,777,4,73,1
112203,125003,777,4,90,1
119041,125003,777,4,5,0
125075,125003,777,4,5,0
133245,125003,777,4,33,0
10947,125003,777,130,81,1
14723,125003,777,130,90,1
20113,125003,777,130,90,1
23194,125003,777,130,90,1
24369,125003,777,130,8,0
24659,125003,777,130,90,1
49726,125003,777,130,90,1
49731,125003,777,130,76,1
115166,125003,777,130,8,0
124052,125003,777,130,90,1
127594,125003,777,130,81,1
128891,125003,777,130,90,1
133097,125003,777,130,1,0
133460,125003,777,130,90,1
133890,125003,777,130,13,0
9251,125004,777,9,90,1
9576,125004,777,9,90,1
13515,125004,777,9,90,1
13796,125004,777,9,90,1
14608,125004,777,9,80,1
14807,125004,777,9,9,0
19731,125004,777,9,90,1
33124,125004,777,9,90,1
33162,125004,777,9,69,1
35718,125004,777,9,1,0
63289,125004,777,9,90,1
68676,125004,777,9,20,0
75543,125004,777,9,90,1
115255,125004,777,9,80,1
126426,125004,777,9,9,0
3894,125004,777,34,24,0
4985,125004,777,34,90,1
6712,125004,777,34,90,1
11071,125004,777,34,87,1
13961,125004,777,34,87,1
14445,125004,777,34,76,1
14624,125004,777,34,90,1
14656,125004,777,34,64,1
16044,125004,777,34,65,1
21614,125004,777,34,90,1
26151,125004,777,34,90,1
35752,125004,777,34,90,1
49884,125004,777,34,2,0
121610,125004,777,34,25,0
128976,125004,777,34,13,0
144894,125004,777,34,2,0
5140,125005,777,10,90,1
10458,125005,777,10,12,0
15802,125005,777,10,3,0
19919,125005,777,10,90,1
20559,125005,777,10,90,1
23593,125005,777,10,90,1
23815,125005,777,10,86,1
32894,125005,777,10,77,1
33231,125005,777,10,90,1
49909,125005,777,10,77,1
63633,125005,777,10,12,0
75382,125005,777,10,90,1
81542,125005,777,10,90,1
116665,125005,777,10,77,1
134796,125005,777,10,12,0
3955,125005,777,43,90,1
6451,125005,777,43,90,1
8127,125005,777,43,5,0
13559,125005,777,43,90,1
15139,125005,777,43,89,1
31442,125005,777,43,73,1
50460,125005,777,43,90,1
51498,125005,777,43,90,1
63851,125005,777,43,89,1
64282,125005,777,43,16,0
68593,125005,777,43,1,0
74960,125005,777,43,84,1
74964,125005,777,43,1,0
124531,125005,777,43,73,1
128456,125005,777,43,16,0
137462,125005,777,43,90,1
4499,125006,777,11,90,1
5067,125006,777,11,79,1
14805,125006,777,11,45,1
16286,125006,777,11,90,1
22857,125006,777,11,90,1
25474,125006,777,11,90,1
26335,125006,777,11,10,0
54156,125006,777,11,79,1
65970,125006,777,11,79,1
68150,125006,777,11,45,0
71432,125006,777,11,10,0
99281,125006,777,11,90,1
111022,125006,777,11,45,1
112948,125006,777,11,45,0
127852,125006,777,11,10,0
137371,125006,777,11,90,1
4608,125006,777,12,90,1
5793,125006,777,12,80,1
9566,125006,777,12,90,1
14580,125006,777,12,1,0
23396,125006,777,12,90,1
24252,125006,777,12,90,1
51202,125006,777,12,19,0
66360,125006,777,12,70,1
67191,125006,777,12,90,1
67910,125006,777,12,90,1
69176,125006,777,12,90,1
108936,125006,777,12,90,1
118031,125006,777,12,9,0
133114,125006,777,12,1,0
146567,125006,777,12,90,1
7975,125007,777,1,90,1
11419,125007,777,1,56,1
14548,125007,777,1,90,1
15202,125007,777,1,90,1
19680,125007,777,1,33,0
19778,125007,777,1,33,0
20486,125007,777,1,45,0
21584,125007,777,1,11,0
32728,125007,777,1,56,1
49481,125007,777,1,33,0
50234,125007,777,1,90,1
64523,125007,777,1,78,1
66104,125007,777,1,45,1
66204,125007,777,1,90,1
67407,125007,777,1,56,1
67776,125007,777,1,90,1
10439,125007,777,15,90,1
15259,125007,777,15,90,1
16035,125007,777,15,90,1
16723,125007,777,15,90,1
23702,125007,777,15,90,1
23811,125007,777,15,90,1
50623,125007,777,15,14,0
51593,125007,777,15,90,1
98300,125007,777,15,1,0
108816,125007,777,15,90,1
115172,125007,777,15,88,1
139648,125007,777,15,90,1
304123,125007,777,15,75,1
8589,125008,777,6,90,1
13988,125008,777,6,90,1
20874,125008,777,6,90,1
24334,125008,777,6,90,1
37776,125008,777,6,90,1
49374,125008,777,6,90,1
50842,125008,777,6,90,1
69595,125008,777,6,90,1
76104,125008,777,6,90,1
109117,125008,777,6,90,1
138981,125008,777,6,90,1
12136,125008,777,29,90,1
19864,125008,777,29,90,1
51199,125008,777,29,90,1
51609,125008,777,29,2,0
51610,125008,777,29,87,1
63733,125008,777,29,90,1
66659,125008,777,29,90,1
67784,125008,777,29,83,1
75692,125008,777,29,90,1
122126,125008,777,29,90,1
124944,125008,777,29,90,1
126920,125008,777,29,6,0
138104,125008,777,29,90,1
4408,125009,777,21,18,1
10443,125009,777,21,28,0
21887,125009,777,21,90,1
23764,125009,777,21,71,0
32229,125009,777,21,90,1
50245,125009,777,21,45,0
51185,125009,777,21,90,1
66635,125009,777,21,90,1
69274,125009,777,21,90,1
71923,125009,777,21,90,1
75582,125009,777,21,90,1
76614,125009,777,21,61,1
117596,125009,777,21,45,1
118579,125009,777,21,89,1
133603,125009,777,21,1,0
5748,125009,777,25,90,1
8454,125009,777,25,1,0
8868,125009,777,25,90,1
13522,125009,777,25,1,0
14164,125009,777,25,90,1
25183,125009,777,25,90,1
32638,125009,777,25,90,1
40159,125009,777,25,11,0
63257,125009,777,25,90,1
63656,125009,777,25,90,1
65961,125009,777,25,90,1
117579,125009,777,25,90,1
119072,125009,777,25,90,1
304595,125009,777,25,78,1
3905,125010,777,23,90,1
10079,125010,777,23,90,1
14716,125010,777,23,90,1
20607,125010,777,23,90,1
23747,125010,777,23,66,1
49259,125010,777,23,23,0
49908,125010,777,23,90,1
71623,125010,777,23,66,1
74761,125010,777,23,90,1
108922,125010,777,23,90,1
115256,125010,777,23,66,1
117497,125010,777,23,23,0
117647,125010,777,23,23,0
124462,125010,777,23,90,1
15715,125010,777,38,90,1
20337,125010,777,38,84,1
35670,125010,777,38,25,0
43010,125010,777,38,90,1
66692,125010,777,38,90,1
108877,125010,777,38,90,1
108947,125010,777,38,5,0
111988,125010,777,38,90,1
115114,125010,777,38,90,1
115371,125010,777,38,64,1
133679,125010,777,38,70,1
143214,125010,777,38,90,1
143218,125010,777,38,19,0
145492,125010,777,38,90,1
7975,125011,777,1,90,1
11419,125011,777,1,57,1
14548,125011,777,1,32,0
15202,125011,777,1,90,1
19680,125011,777,1,57,1
19778,125011,777,1,32,0
20486,125011,777,1,74,1
21584,125011,777,1,32,0
32728,125011,777,1,32,0
49481,125011,777,1,90,1
50234,125011,777,1,90,1
64523,125011,777,1,57,1
66204,125011,777,1,90,1
67407,125011,777,1,15,0
67776,125011,777,1,90,1
118077,125011,777,1,57,1
4608,125011,777,12,90,1
5793,125011,777,12,90,1
9566,125011,777,12,90,1
23396,125011,777,12,90,1
24252,125011,777,12,90,1
33245,125011,777,12,2,0
51202,125011,777,12,21,0
66036,125011,777,12,9,0
66360,125011,777,12,68,1
67191,125011,777,12,90,1
67910,125011,777,12,90,1
69176,125011,777,12,87,1
108936,125011,777,12,90,1
146567,125011,777,12,80,1
5140,125012,777,10,90,1
5178,125012,777,10,90,1
10458,125012,777,10,45,0
10651,125012,777,10,33,1
19919,125012,777,10,58,1
20559,125012,777,10,90,1
23815,125012,777,10,31,0
32894,125012,777,10,73,1
33231,125012,777,10,90,1
43586,125012,777,10,56,0
49909,125012,777,10,90,1
63633,125012,777,10,58,1
75382,125012,777,10,90,1
81542,125012,777,10,31,0
116665,125012,777,10,45,1
134796,125012,777,10,16,0
3512,125012,777,127,90,1
10766,125012,777,127,90,1
15572,125012,777,127,23,0
16582,125012,777,127,1,0
33032,125012,777,127,90,1
51942,125012,777,127,90,1
54989,125012,777,127,90,1
74965,125012,777,127,90,1
74976,125012,777,127,90,1
118080,125012,777,127,90,1
119381,125012,777,127,84,1
134403,125012,777,127,90,1
135304,125012,777,127,5,0
137832,125012,777,127,66,1
10439,125013,777,15,90,1
15259,125013,777,15,90,1
15340,125013,777,15,22,0
16035,125013,777,15,90,1
16723,125013,777,15,90,1
23702,125013,777,15,86,1
23811,125013,777,15,90,1
51593,125013,777,15,90,1
67510,125013,777,15,3,0
98300,125013,777,15,29,0
108816,125013,777,15,90,1
115172,125013,777,15,60,1
139648,125013,777,15,90,1
304123,125013,777,15,67,1
3712,125013,777,130,9,0
10947,125013,777,130,66,1
14723,125013,777,130,90,1
20113,125013,777,130,36,1
23194,125013,777,130,90,1
24369,125013,777,130,9,0
24659,125013,777,130,90,1
49726,125013,777,130,90,1
49731,125013,777,130,36,1
65987,125013,777,130,53,0
115166,125013,777,130,23,0
124052,125013,777,130,90,1
127594,125013,777,130,90,1
128891,125013,777,130,80,1
133460,125013,777,130,80,1
133890,125013,777,130,53,0
10443,125014,777,21,90,1
21887,125014,777,21,84,1
23764,125014,777,21,90,1
25892,125014,777,21,77,1
32229,125014,777,21,45,1
50245,125014,777,21,77,1
66570,125014,777,21,5,0
66635,125014,777,21,90,1
69070,125014,777,21,1,0
69274,125014,777,21,90,1
71923,125014,777,21,90,1
75582,125014,777,21,90,1
76614,125014,777,21,12,0
117596,125014,777,21,12,0
118579,125014,777,21,90,1
126824,125014,777,21,45,0
3955,125014,777,43,90,1
6451,125014,777,43,90,1
8127,125014,777,43,21,0
13559,125014,777,43,90,1
15139,125014,777,43,84,1
31442,125014,777,43,68,1
50460,125014,777,43,90,1
51498,125014,777,43,90,1
63851,125014,777,43,68,1
64282,125014,777,43,21,0
68593,125014,777,43,5,0
74960,125014,777,43,90,1
124531,125014,777,43,90,1
137462,125014,777,43,90,1
14538,125015,777,4,90,1
14571,125015,777,4,80,1
14575,125015,777,4,90,1
21998,125015,777,4,73,1
27277,125015,777,4,90,1
51813,125015,777,4,5,0
53612,125015,777,4,90,1
63741,125015,777,4,90,1
66284,125015,777,4,17,0
68583,125015,777,4,16,0
68827,125015,777,4,16,0
72371,125015,777,4,84,1
112203,125015,777,4,72,1
119041,125015,777,4,9,0
133245,125015,777,4,90,1
304474,125015,777,4,73,1
8589,125015,777,6,14,0
13988,125015,777,6,90,1
20118,125015,777,6,25,0
20874,125015,777,6,84,1
24334,125015,777,6,64,1
37776,125015,777,6,90,1
49374,125015,777,6,75,1
49796,125015,777,6,90,1
50842,125015,777,6,90,1
69595,125015,777,6,72,1
76104,125015,777,6,90,1
76353,125015,777,6,75,1
109117,125015,777,6,25,0
110549,125015,777,6,14,0
146391,125015,777,6,5,0
147312,125015,777,6,64,1
4640,125016,777,7,90,1
8143,125016,777,7,90,1
12582,125016,777,7,90,1
14706,125016,777,7,45,0
23841,125016,777,7,90,1
24797,125016,777,7,45,1
24983,125016,777,7,90,1
31936,125016,777,7,90,1
66318,125016,777,7,45,0
74585,125016,777,7,70,1
112589,125016,777,7,90,1
112917,125016,777,7,19,0
126789,125016,777,7,1,0
134286,125016,777,7,45,1
143922,125016,777,7,88,1
9251,125016,777,9,90,1
9576,125016,777,9,90,1
13515,125016,777,9,90,1
13796,125016,777,9,90,1
14608,125016,777,9,90,1
14897,125016,777,9,5,0
19731,125016,777,9,90,1
33124,125016,777,9,90,1
33162,125016,777,9,5,0
35718,125016,777,9,84,1
63289,125016,777,9,84,1
115255,125016,777,9,65,1
116888,125016,777,9,84,1
126426,125016,777,9,24,0
133430,125016,777,9,5,0
3894,125017,777,34,21,0
4717,125017,777,34,87,1
4985,125017,777,34,90,1
6712,125017,777,34,90,1
11071,125017,777,34,90,1
13961,125017,777,34,90,1
14445,125017,777,34,68,1
14624,125017,777,34,58,1
14656,125017,777,34,31,0
21614,125017,777,34,90,1
26151,125017,777,34,90,1
35752,125017,777,34,90,1
53063,125017,777,34,31,0
121610,125017,777,34,58,1
128976,125017,777,34,2,0
2100,125017,777,131,9,0
3452,125017,777,131,87,1
8163,125017,777,131,90,1
20505,125017,777,131,87,1
22542,125017,777,131,87,1
50727,125017,777,131,90,1
51830,125017,777,131,2,0
67928,125017,777,131,2,0
75709,125017,777,131,90,1
76090,125017,777,131,90,1
117732,125017,777,131,90,1
124396,125017,777,131,80,1
134333,125017,777,131,90,1
136175,125017,777,131,9,0
143240,125017,777,131,80,1
145043,125017,777,131,2,0
5067,125018,777,11,90,1
14569,125018,777,11,90,1
14805,125018,777,11,29,0
16286,125018,777,11,90,1
22857,125018,777,11,90,1
25474,125018,777,11,90,1
26335,125018,777,11,60,1
54156,125018,777,11,16,0
65970,125018,777,11,17,0
68150,125018,777,11,72,1
76204,125018,777,11,90,1
76216,125018,777,11,73,1
112948,125018,777,11,90,1
137371,125018,777,11,90,1
15715,125018,777,38,90,1
20337,125018,777,38,70,1
35670,125018,777,38,45,0
43010,125018,777,38,90,1
66692,125018,777,38,90,1
108877,125018,777,38,90,1
108947,125018,777,38,45,0
111988,125018,777,38,45,1
115114,125018,777,38,90,1
115371,125018,777,38,19,0
133679,125018,777,38,90,1
143214,125018,777,38,90,1
143218,125018,777,38,45,1
145492,125018,777,38,90,1
4245,125019,777,2,90,1
5066,125019,777,2,1,0
5758,125019,777,2,15,0
5865,125019,777,2,73,1
8658,125019,777,2,90,1
8900,125019,777,2,15,0
13274,125019,777,2,90,1
13344,125019,777,2,90,1
14801,125019,777,2,58,1
20489,125019,777,2,31,0
21529,125019,777,2,74,1
23968,125019,777,2,90,1
26408,125019,777,2,74,1
51223,125019,777,2,90,1
107846,125019,777,2,16,0
108096,125019,777,2,88,1
3905,125019,777,23,90,1
10079,125019,777,23,90,1
14446,125019,777,23,6,0
14716,125019,777,23,90,1
19888,125019,777,23,42,0
20607,125019,777,23,47,1
23747,125019,777,23,62,1
49259,125019,777,23,27,0
49908,125019,777,23,90,1
71623,125019,777,23,83,1
108922,125019,777,23,90,1
115256,125019,777,23,28,0
117497,125019,777,23,61,1
117647,125019,777,23,90,1
124462,125019,777,23,90,1
5748,125020,777,25,90,1
8454,125020,777,25,20,0
8868,125020,777,25,90,1
13522,125020,777,25,1,0
14164,125020,777,25,90,1
25183,125020,777,25,90,1
32638,125020,777,25,90,1
63257,125020,777,25,74,1
63656,125020,777,25,90,1
65961,125020,777,25,90,1
66560,125020,777,25,15,0
117579,125020,777,25,70,1
119072,125020,777,25,90,1
145347,125020,777,25,20,0
304595,125020,777,25,69,1
10361,125020,777,29,7,0
19864,125020,777,29,90,1
51199,125020,777,29,82,1
51609,125020,777,29,45,0
51610,125020,777,29,45,1
52989,125020,777,29,15,0
63733,125020,777,29,45,1
66659,125020,777,29,90,1
67784,125020,777,29,90,1
75692,125020,777,29,90,1
118633,125020,777,29,45,0
122126,125020,777,29,45,1
124944,125020,777,29,90,1
126110,125020,777,29,45,0
126920,125020,777,29,74,1
138104,125020,777,29,90,1
4245,125021,777,2,90,1
13274,125021,777,2,90,1
13286,125021,777,2,90,1
13344,125021,777,2,90,1
14801,125021,777,2,76,1
20489,125021,777,2,45,0
21529,125021,777,2,90,1
23968,125021,777,2,90,1
24626,125021,777,2,90,1
26408,125021,777,2,90,1
33185,125021,777,2,13,0
51223,125021,777,2,90,1
107846,125021,777,2,45,1
3712,125021,777,130,59,1
10947,125021,777,130,83,1
14723,125021,777,130,90,1
20113,125021,777,130,90,1
23194,125021,777,130,90,1
24369,125021,777,130,14,0
24659,125021,777,130,30,0
49726,125021,777,130,75,1
65987,125021,777,130,90,1
115166,125021,777,130,6,0
124052,125021,777,130,90,1
127594,125021,777,130,41,1
128891,125021,777,130,30,0
133460,125021,777,130,90,1
133890,125021,777,130,59,1
4333,125022,777,7,90,1
4640,125022,777,7,90,1
8143,125022,777,7,90,1
12582,125022,777,7,79,1
14706,125022,777,7,78,1
23841,125022,777,7,90,1
31936,125022,777,7,90,1
66318,125022,777,7,88,1
66538,125022,777,7,10,0
74585,125022,777,7,1,0
112589,125022,777,7,90,1
112917,125022,777,7,10,0
126789,125022,777,7,1,0
133612,125022,777,7,11,0
134286,125022,777,7,79,1
143922,125022,777,7,88,1
2100,125022,777,131,1,0
3452,125022,777,131,69,1
4874,125022,777,131,20,0
8163,125022,777,131,90,1
22542,125022,777,131,90,1
50727,125022,777,131,90,1
51830,125022,777,131,59,1
67928,125022,777,131,69,1
75709,125022,777,131,90,1
76090,125022,777,131,90,1
117732,125022,777,131,90,1
124396,125022,777,131,90,1
134333,125022,777,131,90,1
136175,125022,777,131,30,0
145043,125022,777,131,20,0
14538,125023,777,4,90,1
14571,125023,777,4,9,0
14575,125023,777,4,90,1
21998,125023,777,4,64,0
27277,125023,777,4,45,0
49293,125023,777,4,90,1
51813,125023,777,4,90,1
53612,125023,777,4,45,1
63741,125023,777,4,90,1
66284,125023,777,4,45,0
68583,125023,777,4,25,1
68827,125023,777,4,80,1
68987,125023,777,4,45,1
72371,125023,777,4,45,0
112203,125023,777,4,90,1
119041,125023,777,4,45,1
4979,125023,777,25,9,0
5748,125023,777,25,90,1
8454,125023,777,25,14,0
8868,125023,777,25,80,1
13522,125023,777,25,24,0
14164,125023,777,25,90,1
25183,125023,777,25,90,1
32638,125023,777,25,90,1
63257,125023,777,25,75,1
63656,125023,777,25,90,1
65961,125023,777,25,90,1
117579,125023,777,25,9,0
119072,125023,777,25,90,1
145347,125023,777,25,80,1
304595,125023,777,25,65,1
7975,125024,777,1,90,1
11419,125024,777,1,29,0
15202,125024,777,1,90,1
19680,125024,777,1,14,0
20486,125024,777,1,80,1
20810,125024,777,1,60,1
21584,125024,777,1,9,0
32728,125024,777,1,75,1
50234,125024,777,1,90,1
64523,125024,777,1,90,1
66104,125024,777,1,29,0
66204,125024,777,1,90,1
67407,125024,777,1,60,1
67776,125024,777,1,90,1
69914,125024,777,1,15,0
118077,125024,777,1,74,1
9251,125024,777,9,90,1
9576,125024,777,9,84,1
13515,125024,777,9,45,1
13796,125024,777,9,90,1
14608,125024,777,9,90,1
14897,125024,777,9,45,0
19731,125024,777,9,90,1
33124,125024,777,9,90,1
33162,125024,777,9,45,0
50643,125024,777,9,5,0
63289,125024,777,9,70,1
68676,125024,777,9,9,0
75543,125024,777,9,90,1
115255,125024,777,9,45,1
116888,125024,777,9,80,1
133430,125024,777,9,19,0
5140,125025,777,10,90,1
5178,125025,777,10,83,1
15802,125025,777,10,6,0
20559,125025,777,10,90,1
23593,125025,777,10,90,1
23815,125025,777,10,6,0
32894,125025,777,10,90,1
33231,125025,777,10,90,1
43586,125025,777,10,3,0
49909,125025,777,10,90,1
63633,125025,777,10,90,1
75382,125025,777,10,86,1
81542,125025,777,10,83,1
116665,125025,777,10,90,1
3905,125025,777,23,83,1
8707,125025,777,23,90,1
9662,125025,777,23,17,0
10079,125025,777,23,90,1
14446,125025,777,23,72,1
14716,125025,777,23,72,1
19888,125025,777,23,90,1
23747,125025,777,23,90,1
49259,125025,777,23,72,1
71623,125025,777,23,90,1
108922,125025,777,23,88,1
114590,125025,777,23,6,0
115256,125025,777,23,17,0
117497,125025,777,23,17,0
124462,125025,777,23,90,1
127659,125025,777,23,1,0
4608,125026,777,12,90,1
5793,125026,777,12,74,1
9566,125026,777,12,90,1
23396,125026,777,12,90,1
24252,125026,777,12,85,1
33245,125026,777,12,4,0
51202,125026,777,12,73,1
66036,125026,777,12,16,0
66360,125026,777,12,90,1
67191,125026,777,12,90,1
67910,125026,777,12,90,1
69176,125026,777,12,90,1
108936,125026,777,12,90,1
118031,125026,777,12,15,0
118591,125026,777,12,1,0
3894,125026,777,34,11,0
4717,125026,777,34,90,1
4985,125026,777,34,90,1
6712,125026,777,34,90,1
11071,125026,777,34,90,1
13961,125026,777,34,90,1
14445,125026,777,34,70,1
14624,125026,777,34,70,1
14656,125026,777,34,19,0
21614,125026,777,34,90,1
23793,125026,777,34,4,0
26151,125026,777,34,90,1
35752,125026,777,34,85,1
53063,125026,777,34,78,1
121610,125026,777,34,19,0
8589,125027,777,6,90,1
13988,125027,777,6,90,1
24334,125027,777,6,90,1
37776,125027,777,6,90,1
49374,125027,777,6,90,1
49796,125027,777,6,90,1
50842,125027,777,6,90,1
76104,125027,777,6,90,1
76353,125027,777,6,90,1
109117,125027,777,6,90,1
110549,125027,777,6,60,1
146391,125027,777,6,29,0
10439,125027,777,15,90,1
14238,125027,777,15,45,0
15259,125027,777,15,90,1
15269,125027,777,15,45,0
16035,125027,777,15,90,1
16723,125027,777,15,45,1
23702,125027,777,15,45,1
23811,125027,777,15,44,1
50623,125027,777,15,20,0
51593,125027,777,15,90,1
67510,125027,777,15,45,0
108816,125027,777,15,90,1
115172,125027,777,15,45,1
139648,125027,777,15,90,1
304123,125027,777,15,69,1
10361,125028,777,29,4,0
19864,125028,777,29,90,1
25408,125028,777,29,10,0
51199,125028,777,29,90,1
51610,125028,777,29,10,0
52989,125028,777,29,10,0
63733,125028,777,29,90,1
66659,125028,777,29,85,1
67784,125028,777,29,79,1
75692,125028,777,29,90,1
118633,125028,777,29,79,1
122126,125028,777,29,90,1
124944,125028,777,29,90,1
126110,125028,777,29,79,1
138104,125028,777,29,90,1
3955,125028,777,43,90,1
6451,125028,777,43,90,1
8127,125028,777,43,45,0
13559,125028,777,43,45,1
15139,125028,777,43,68,1
19831,125028,777,43,10,0
31442,125028,777,43,27,0
50460,125028,777,43,79,1
51498,125028,777,43,90,1
63851,125028,777,43,62,1
64282,125028,777,43,62,1
74960,125028,777,43,90,1
74964,125028,777,43,21,0
75735,125028,777,43,27,0
124531,125028,777,43,90,1
137462,125028,777,43,90,1
5067,125029,777,11,87,1
14569,125029,777,11,90,1
14805,125029,777,11,2,0
16286,125029,777,11,90,1
22857,125029,777,11,90,1
25474,125029,777,11,90,1
26335,125029,777,11,21,0
65970,125029,777,11,90,1
67849,125029,777,11,20,0
68150,125029,777,11,68,1
71432,125029,777,11,69,1
76204,125029,777,11,90,1
76216,125029,777,11,1,0
112948,125029,777,11,90,1
137371,125029,777,11,90,1
10443,125029,777,21,89,1
19858,125029,777,21,90,1
21887,125029,777,21,90,1
50245,125029,777,21,67,1
51185,125029,777,21,67,1
66635,125029,777,21,45,1
69070,125029,777,21,90,1
69274,125029,777,21,90,1
71923,125029,777,21,90,1
76614,125029,777,21,22,0
117318,125029,777,21,45,0
117596,125029,777,21,90,1
118579,125029,777,21,22,0
126824,125029,777,21,90,1
146050,125029,777,21,1,0
15715,125030,777,38,90,1
20337,125030,777,38,69,1
35670,125030,777,38,20,0
43010,125030,777,38,88,1
66692,125030,777,38,88,1
108947,125030,777,38,70,1
110203,125030,777,38,90,1
115114,125030,777,38,90,1
115371,125030,777,38,90,1
126108,125030,777,38,19,0
133679,125030,777,38,90,1
136815,125030,777,38,1,0
143214,125030,777,38,79,1
143218,125030,777,38,10,0
145492,125030,777,38,90,1
147032,125030,777,38,1,0
3512,125030,777,127,90,1
10766,125030,777,127,90,1
15572,125030,777,127,22,0
16582,125030,777,127,5,0
33032,125030,777,127,84,1
51942,125030,777,127,90,1
54989,125030,777,127,90,1
74965,125030,777,127,90,1
74976,125030,777,127,90,1
118080,125030,777,127,67,1
119381,125030,777,127,85,1
132285,125030,777,127,1,0
134234,125030,777,127,22,0
134403,125030,777,127,90,1
135304,125030,777,127,4,0
137832,125030,777,127,67,1
7975,125031,777,1,90,1
15202,125031,777,1,90,1
19680,125031,777,1,59,1
20486,125031,777,1,88,1
20810,125031,777,1,66,1
21584,125031,777,1,23,0
32728,125031,777,1,30,0
42331,125031,777,1,1,0
50234,125031,777,1,90,1
64523,125031,777,1,90,1
66104,125031,777,1,30,0
66204,125031,777,1,90,1
67407,125031,777,1,59,1
67776,125031,777,1,90,1
69914,125031,777,1,66,1
118077,125031,777,1,23,0
19864,125031,777,29,90,1
25408,125031,777,29,19,0
51199,125031,777,29,90,1
51610,125031,777,29,26,0
52989,125031,777,29,5,0
63733,125031,777,29,90,1
66659,125031,777,29,90,1
67784,125031,777,29,84,1
75692,125031,777,29,90,1
115105,125031,777,29,5,0
118633,125031,777,29,63,1
122126,125031,777,29,84,1
124944,125031,777,29,70,1
126110,125031,777,29,90,1
138104,125031,777,29,90,1
4115,125032,777,2,13,0
4245,125032,777,2,90,1
5758,125032,777,2,85,1
8658,125032,777,2,85,1
8900,125032,777,2,90,1
13274,125032,777,2,90,1
13286,125032,777,2,4,0
13344,125032,777,2,90,1
14801,125032,777,2,76,1
20489,125032,777,2,24,0
23968,125032,777,2,90,1
24626,125032,777,2,76,1
26408,125032,777,2,65,1
51223,125032,777,2,13,0
107846,125032,777,2,4,0
108096,125032,777,2,90,1
3512,125032,777,127,4,0
10766,125032,777,127,90,1
13706,125032,777,127,3,0
15572,125032,777,127,25,0
16582,125032,777,127,1,0
33032,125032,777,127,89,1
51942,125032,777,127,90,1
54989,125032,777,127,90,1
74965,125032,777,127,90,1
74976,125032,777,127,90,1
118080,125032,777,127,90,1
119381,125032,777,127,85,1
134234,125032,777,127,86,1
134403,125032,777,127,90,1
137832,125032,777,127,64,1
8589,125033,777,6,76,1
13988,125033,777,6,90,1
24334,125033,777,6,90,1
35670,125033,777,6,90,1
37776,125033,777,6,90,1
49374,125033,777,6,2,0
49759,125033,777,6,13,0
49796,125033,777,6,87,1
50842,125033,777,6,90,1
69595,125033,777,6,90,1
72265,125033,777,6,34,0
76104,125033,777,6,90,1
76353,125033,777,6,90,1
109117,125033,777,6,55,1
3452,125033,777,131,19,0
8163,125033,777,131,90,1
14671,125033,777,131,8,0
20505,125033,777,131,90,1
22542,125033,777,131,90,1
50727,125033,777,131,90,1
51830,125033,777,131,81,1
67928,125033,777,131,70,1
75709,125033,777,131,90,1
112739,125033,777,131,8,0
117732,125033,777,131,90,1
124396,125033,777,131,70,1
129952,125033,777,131,70,1
136175,125033,777,131,19,0
143240,125033,777,131,19,0
145043,125033,777,131,81,1
4979,125034,777,25,1,0
8454,125034,777,25,56,1
8868,125034,777,25,90,1
13815,125034,777,25,1,0
14164,125034,777,25,90,1
25183,125034,777,25,90,1
32638,125034,777,25,90,1
54893,125034,777,25,90,1
63257,125034,777,25,78,1
65961,125034,777,25,90,1
66560,125034,777,25,33,0
117579,125034,777,25,11,0
118083,125034,777,25,90,1
119072,125034,777,25,90,1
145347,125034,777,25,78,1
304595,125034,777,25,11,0
3955,125034,777,43,90,1
6451,125034,777,43,90,1
8127,125034,777,43,45,0
15139,125034,777,43,66,1
19831,125034,777,43,24,0
31442,125034,777,43,11,0
50460,125034,777,43,65,1
51498,125034,777,43,90,1
63851,125034,777,43,45,1
64282,125034,777,43,23,0
68593,125034,777,43,90,1
74960,125034,777,43,78,1
74964,125034,777,43,23,0
75735,125034,777,43,66,1
124531,125034,777,43,90,1
137462,125034,777,43,90,1
4333,125035,777,7,90,1
4640,125035,777,7,90,1
8143,125035,777,7,90,1
12582,125035,777,7,90,1
14706,125035,777,7,90,1
23841,125035,777,7,90,1
24983,125035,777,7,84,1
31936,125035,777,7,90,1
66318,125035,777,7,5,0
66538,125035,777,7,1,0
112589,125035,777,7,90,1
118442,125035,777,7,21,0
126789,125035,777,7,21,0
134286,125035,777,7,68,1
143922,125035,777,7,68,1
4717,125035,777,34,90,1
4880,125035,777,34,7,0
4985,125035,777,34,90,1
6712,125035,777,34,82,1
11071,125035,777,34,74,1
13961,125035,777,34,90,1
14445,125035,777,34,82,1
14656,125035,777,34,90,1
21614,125035,777,34,90,1
26151,125035,777,34,90,1
35752,125035,777,34,90,1
53063,125035,777,34,74,1
66657,125035,777,34,7,0
117763,125035,777,34,15,0
121610,125035,777,34,15,0
9251,125036,777,9,90,1
9576,125036,777,9,90,1
13515,125036,777,9,90,1
13796,125036,777,9,90,1
13797,125036,777,9,12,0
14608,125036,777,9,90,1
14897,125036,777,9,8,0
19731,125036,777,9,90,1
33124,125036,777,9,90,1
33162,125036,777,9,81,1
35718,125036,777,9,1,0
63289,125036,777,9,77,1
75543,125036,777,9,90,1
115255,125036,777,9,90,1
10439,125036,777,15,90,1
14238,125036,777,15,23,0
15259,125036,777,15,66,1
16035,125036,777,15,90,1
23702,125036,777,15,66,1
47133,125036,777,15,90,1
50623,125036,777,15,23,0
51593,125036,777,15,90,1
67510,125036,777,15,90,1
76426,125036,777,15,14,0
98300,125036,777,15,36,0
108816,125036,777,15,90,1
115172,125036,777,15,53,1
117754,125036,777,15,75,1
127668,125036,777,15,36,0
304123,125036,777,15,53,1
5140,125037,777,10,90,1
5178,125037,777,10,90,1
15802,125037,777,10,1,0
20559,125037,777,10,90,1
23593,125037,777,10,90,1
23815,125037,777,10,5,0
32894,125037,777,10,84,1
33231,125037,777,10,90,1
49909,125037,777,10,90,1
63633,125037,777,10,90,1
75382,125037,777,10,90,1
81542,125037,777,10,90,1
116665,125037,777,10,90,1
4499,125037,777,11,1,0
5067,125037,777,11,90,1
14569,125037,777,11,90,1
16286,125037,777,11,90,1
16431,125037,777,11,29,0
22857,125037,777,11,90,1
25474,125037,777,11,90,1
65970,125037,777,11,90,1
68150,125037,777,11,29,0
71432,125037,777,11,90,1
76204,125037,777,11,90,1
76216,125037,777,11,60,1
112948,125037,777,11,90,1
137371,125037,777,11,60,1
4608,125038,777,12,86,1
5793,125038,777,12,86,1
9566,125038,777,12,90,1
23396,125038,777,12,90,1
24252,125038,777,12,90,1
33245,125038,777,12,3,0
50848,125038,777,12,3,0
51202,125038,777,12,74,1
66036,125038,777,12,15,0
66360,125038,777,12,86,1
67191,125038,777,12,90,1
67910,125038,777,12,90,1
69176,125038,777,12,90,1
108936,125038,777,12,90,1
118031,125038,777,12,3,0
133650,125038,777,12,1,0
10443,125038,777,21,79,1
19858,125038,777,21,79,1
21887,125038,777,21,79,1
50245,125038,777,21,10,0
51185,125038,777,21,10,0
66635,125038,777,21,28,1
69070,125038,777,21,58,0
69274,125038,777,21,90,1
71923,125038,777,21,90,1
75582,125038,777,21,90,1
76614,125038,777,21,10,0
117318,125038,777,21,90,1
117596,125038,777,21,90,1
118579,125038,777,21,31,1
126824,125038,777,21,54,1
327705,125038,777,21,35,0
3905,125039,777,23,86,1
8707,125039,777,23,3,0
9662,125039,777,23,45,1
10079,125039,777,23,90,1
14446,125039,777,23,45,1
14716,125039,777,23,90,1
19888,125039,777,23,3,0
49259,125039,777,23,45,0
49908,125039,777,23,90,1
71623,125039,777,23,86,1
74761,125039,777,23,90,1
108922,125039,777,23,90,1
114590,125039,777,23,25,0
115256,125039,777,23,45,0
117497,125039,777,23,64,1
124462,125039,777,23,90,1
3712,125039,777,130,55,1
10947,125039,777,130,90,1
14723,125039,777,130,90,1
20113,125039,777,130,90,1
23194,125039,777,130,90,1
24369,125039,777,130,79,1
49726,125039,777,130,86,1
49731,125039,777,130,3,0
65987,125039,777,130,90,1
124052,125039,777,130,90,1
128891,125039,777,130,34,0
133097,125039,777,130,10,0
133460,125039,777,130,90,1
133890,125039,777,130,90,1
14538,125040,777,4,90,1
14575,125040,777,4,90,1
21998,125040,777,4,90,1
27277,125040,777,4,90,1
49293,125040,777,4,60,1
51813,125040,777,4,15,0
63741,125040,777,4,90,1
66284,125040,777,4,90,1
68827,125040,777,4,74,1
68987,125040,777,4,29,0
72371,125040,777,4,74,1
112203,125040,777,4,90,1
119041,125040,777,4,6,0
125075,125040,777,4,15,0
133245,125040,777,4,83,1
4229,125040,777,38,45,1
9199,125040,777,38,90,1
14830,125040,777,38,78,1
15715,125040,777,38,90,1
20337,125040,777,38,42,1
43010,125040,777,38,90,1
66692,125040,777,38,90,1
108877,125040,777,38,47,0
108947,125040,777,38,45,0
115114,125040,777,38,90,1
115371,125040,777,38,90,1
126108,125040,777,38,11,0
133679,125040,777,38,90,1
145492,125040,777,38,90,1
147032,125040,777,38,1,0
4115,125041,777,2,30,0
4245,125041,777,2,90,1
5066,125041,777,2,6,0
8658,125041,777,2,73,1
8900,125041,777,2,90,1
13274,125041,777,2,90,1
13286,125041,777,2,15,0
14801,125041,777,2,59,1
20489,125041,777,2,30,0
23968,125041,777,2,90,1
24626,125041,777,2,83,1
26408,125041,777,2,59,1
51223,125041,777,2,90,1
107846,125041,777,2,90,1
108096,125041,777,2,74,1
326089,125041,777,2,16,0
2100,125041,777,131,68,0
3452,125041,777,131,80,1
4874,125041,777,131,90,1
8163,125041,777,131,90,1
20505,125041,777,131,29,0
22542,125041,777,131,90,1
50727,125041,777,131,90,1
75709,125041,777,131,90,1
76090,125041,777,131,60,1
112739,125041,777,131,90,1
117732,125041,777,131,80,1
124396,125041,777,131,21,1
129952,125041,777,131,9,0
136175,125041,777,131,9,0
143240,125041,777,131,80,1
145043,125041,777,131,9,0
7975,125042,777,1,180,1
11419,125042,777,1,45,0
15202,125042,777,1,180,1
19680,125042,777,1,25,0
20486,125042,777,1,100,1
21584,125042,777,1,70,1
32728,125042,777,1,154,1
49481,125042,777,1,92,1
50234,125042,777,1,180,1
64523,125042,777,1,180,1
66104,125042,777,1,99,1
66204,125042,777,1,90,1
67407,125042,777,1,133,1
67776,125042,777,1,180,1
69914,125042,777,1,10,0
118077,125042,777,1,170,1
119476,125042,777,1,90,1
3712,125042,777,130,17,0
10947,125042,777,130,90,1
14723,125042,777,130,90,1
20113,125042,777,130,90,1
23194,125042,777,130,90,1
24369,125042,777,130,72,1
49726,125042,777,130,90,1
49731,125042,777,130,17,0
65987,125042,777,130,90,1
115166,125042,777,130,1,0
124052,125042,777,130,90,1
128891,125042,777,130,72,1
133460,125042,777,130,90,1
133890,125042,777,130,90,1
14538,125043,777,4,90,1
14575,125043,777,4,90,1
21998,125043,777,4,26,0
27277,125043,777,4,45,1
49293,125043,777,4,90,1
51813,125043,777,4,11,0
63741,125043,777,4,90,1
66284,125043,777,4,11,0
68827,125043,777,4,90,1
72371,125043,777,4,90,1
112203,125043,777,4,90,1
119041,125043,777,4,45,0
125075,125043,777,4,78,1
133245,125043,777,4,78,1
304474,125043,777,4,63,1
9251,125043,777,9,90,1
13515,125043,777,9,90,1
13796,125043,777,9,90,1
13797,125043,777,9,8,0
14608,125043,777,9,90,1
14807,125043,777,9,81,1
14897,125043,777,9,1,0
19731,125043,777,9,90,1
33162,125043,777,9,35,0
35718,125043,777,9,54,1
50151,125043,777,9,90,1
63289,125043,777,9,90,1
75543,125043,777,9,90,1
115255,125043,777,9,90,1
8589,125044,777,6,18,0
13988,125044,777,6,90,1
24334,125044,777,6,90,1
35670,125044,777,6,90,1
37776,125044,777,6,45,1
49374,125044,777,6,32,0
49759,125044,777,6,71,1
49796,125044,777,6,90,1
50842,125044,777,6,90,1
69595,125044,777,6,82,1
72265,125044,777,6,57,1
76104,125044,777,6,90,1
76353,125044,777,6,71,1
109117,125044,777,6,18,0
110549,125044,777,6,45,0
146391,125044,777,6,7,0
3955,125044,777,43,90,1
4617,125044,777,43,7,0
6451,125044,777,43,90,1
8127,125044,777,43,90,1
13622,125044,777,43,90,1
15139,125044,777,43,72,1
19831,125044,777,43,17,0
50460,125044,777,43,90,1
51498,125044,777,43,90,1
63851,125044,777,43,3,0
64282,125044,777,43,17,0
68593,125044,777,43,82,1
74960,125044,777,43,86,1
75735,125044,777,43,72,1
124531,125044,777,43,90,1
4333,125045,777,7,1,0
4640,125045,777,7,90,1
8143,125045,777,7,90,1
12582,125045,777,7,90,1
14706,125045,777,7,90,1
23841,125045,777,7,90,1
24983,125045,777,7,90,1
31936,125045,777,7,90,1
66318,125045,777,7,90,1
112589,125045,777,7,68,1
118442,125045,777,7,61,1
126789,125045,777,7,28,0
134286,125045,777,7,28,0
143922,125045,777,7,61,1
3512,125045,777,127,1,0
10766,125045,777,127,10,0
13706,125045,777,127,10,0
15572,125045,777,127,79,1
16582,125045,777,127,32,0
33032,125045,777,127,57,1
51942,125045,777,127,90,1
54989,125045,777,127,90,1
74965,125045,777,127,90,1
74976,125045,777,127,90,1
118080,125045,777,127,79,1
119381,125045,777,127,90,1
134234,125045,777,127,90,1
134403,125045,777,127,90,1
135304,125045,777,127,57,1
137832,125045,777,127,32,0
5067,125046,777,11,59,1
14569,125046,777,11,90,1
14805,125046,777,11,70,1
16286,125046,777,11,70,1
16431,125046,777,11,90,1
22857,125046,777,11,90,1
25474,125046,777,11,90,1
26335,125046,777,11,30,0
65970,125046,777,11,45,1
67849,125046,777,11,19,0
68150,125046,777,11,19,0
71432,125046,777,11,90,1
76204,125046,777,11,59,1
76216,125046,777,11,45,0
112948,125046,777,11,90,1
137371,125046,777,11,30,0
4717,125046,777,34,90,1
4818,125046,777,34,9,0
4880,125046,777,34,90,1
4985,125046,777,34,90,1
11071,125046,777,34,59,1
13961,125046,777,34,71,1
14445,125046,777,34,59,1
14656,125046,777,34,90,1
21614,125046,777,34,80,1
23793,125046,777,34,90,1
26151,125046,777,34,90,1
53063,125046,777,34,59,1
66657,125046,777,34,18,0
117763,125046,777,34,30,0
121610,125046,777,34,30,0
128976,125046,777,34,30,0
10439,125047,777,15,90,1
15259,125047,777,15,90,1
16035,125047,777,15,90,1
23702,125047,777,15,64,1
23811,125047,777,15,90,1
47133,125047,777,15,90,1
50623,125047,777,15,25,0
51593,125047,777,15,90,1
67510,125047,777,15,90,1
98300,125047,777,15,90,1
108816,125047,777,15,90,1
127668,125047,777,15,70,1
304123,125047,777,15,19,0
9199,125047,777,38,180,1
14830,125047,777,38,98,1
15715,125047,777,38,180,1
43010,125047,777,38,180,1
66692,125047,777,38,149,1
108877,125047,777,38,180,1
108947,125047,777,38,79,1
111988,125047,777,38,99,1
115114,125047,777,38,180,1
115371,125047,777,38,158,1
126108,125047,777,38,95,1
129740,125047,777,38,6,0
133679,125047,777,38,90,1
136815,125047,777,38,30,0
143214,125047,777,38,90,1
145492,125047,777,38,180,1
5140,125048,777,10,90,1
5178,125048,777,10,90,1
10458,125048,777,10,90,1
10651,125048,777,10,21,0
15802,125048,777,10,2,0
20559,125048,777,10,90,1
23593,125048,777,10,90,1
23815,125048,777,10,15,0
32894,125048,777,10,74,1
43586,125048,777,10,68,1
49909,125048,777,10,90,1
63633,125048,777,10,90,1
75382,125048,777,10,90,1
81542,125048,777,10,87,1
19864,125048,777,29,90,1
25408,125048,777,29,10,0
51199,125048,777,29,90,1
51610,125048,777,29,10,0
52989,125048,777,29,1,0
63733,125048,777,29,90,1
66659,125048,777,29,79,1
67784,125048,777,29,90,1
75692,125048,777,29,90,1
115105,125048,777,29,79,1
118633,125048,777,29,10,0
122126,125048,777,29,79,1
124944,125048,777,29,90,1
126110,125048,777,29,90,1
138104,125048,777,29,90,1
10443,125049,777,21,90,1
19858,125049,777,21,45,0
21887,125049,777,21,69,1
23764,125049,777,21,90,1
50245,125049,777,21,45,1
51185,125049,777,21,20,0
69070,125049,777,21,90,1
69274,125049,777,21,90,1
71923,125049,777,21,90,1
75582,125049,777,21,90,1
76614,125049,777,21,55,0
117318,125049,777,21,90,1
117596,125049,777,21,90,1
118579,125049,777,21,34,1
3905,125049,777,23,90,1
8707,125049,777,23,90,1
9662,125049,777,23,15,0
10079,125049,777,23,90,1
14446,125049,777,23,87,1
14716,125049,777,23,90,1
19888,125049,777,23,74,1
23747,125049,777,23,87,1
49259,125049,777,23,74,1
49908,125049,777,23,90,1
71623,125049,777,23,15,0
74761,125049,777,23,90,1
108922,125049,777,23,1,0
114590,125049,777,23,2,0
115256,125049,777,23,2,0
124462,125049,777,23,90,1
4608,125050,777,12,90,1
5793,125050,777,12,90,1
9566,125050,777,12,67,1
23396,125050,777,12,90,1
24252,125050,777,12,81,1
50848,125050,777,12,8,0
51202,125050,777,12,68,1
66036,125050,777,12,21,0
66360,125050,777,12,90,1
67191,125050,777,12,90,1
67910,125050,777,12,90,1
69176,125050,777,12,90,1
108936,125050,777,12,90,1
118591,125050,777,12,22,0
4979,125050,777,25,1,0
8454,125050,777,25,21,0
8868,125050,777,25,89,1
13815,125050,777,25,1,0
14164,125050,777,25,90,1
25183,125050,777,25,90,1
32638,125050,777,25,90,1
54893,125050,777,25,90,1
63257,125050,777,25,68,1
65961,125050,777,25,89,1
66560,125050,777,25,79,1
117579,125050,777,25,10,0
118083,125050,777,25,90,1
119072,125050,777,25,90,1
122005,125050,777,25,11,0
145347,125050,777,25,79,1
4115,125051,777,2,29,0
4245,125051,777,2,90,1
8658,125051,777,2,90,1
8900,125051,777,2,90,1
13274,125051,777,2,90,1
13286,125051,777,2,15,0
13344,125051,777,2,86,1
14801,125051,777,2,29,0
20489,125051,777,2,60,1
23968,125051,777,2,90,1
24626,125051,777,2,86,1
26408,125051,777,2,74,1
51223,125051,777,2,90,1
107846,125051,777,2,3,0
108096,125051,777,2,60,1
133169,125051,777,2,3,0
9251,125051,777,9,90,1
9576,125051,777,9,90,1
13515,125051,777,9,90,1
13796,125051,777,9,90,1
14608,125051,777,9,90,1
14807,125051,777,9,17,0
14897,125051,777,9,7,0
19731,125051,777,9,90,1
33124,125051,777,9,90,1
50151,125051,777,9,45,0
63289,125051,777,9,72,1
75543,125051,777,9,45,1
115255,125051,777,9,90,1
116888,125051,777,9,82,1
3712,125052,777,130,66,1
10947,125052,777,130,90,1
14723,125052,777,130,90,1
20113,125052,777,130,80,1
23194,125052,777,130,45,1
24369,125052,777,130,45,1
24659,125052,777,130,45,0
49726,125052,777,130,90,1
49731,125052,777,130,23,0
65987,125052,777,130,90,1
115166,125052,777,130,44,1
124052,125052,777,130,90,1
127594,125052,777,130,45,0
128891,125052,777,130,45,0
133097,125052,777,130,9,0
133890,125052,777,130,90,1
2100,125052,777,131,89,1
3452,125052,777,131,90,1
4874,125052,777,131,25,0
8163,125052,777,131,90,1
22542,125052,777,131,90,1
50727,125052,777,131,90,1
67928,125052,777,131,14,0
72239,125052,777,131,64,1
75709,125052,777,131,90,1
76090,125052,777,131,90,1
112739,125052,777,131,90,1
117732,125052,777,131,90,1
124396,125052,777,131,1,0
143240,125052,777,131,75,1
13549,125053,777,4,15,0
14538,125053,777,4,90,1
14571,125053,777,4,88,1
14575,125053,777,4,90,1
21998,125053,777,4,87,1
49293,125053,777,4,74,1
51813,125053,777,4,10,0
63741,125053,777,4,90,1
66284,125053,777,4,71,1
68827,125053,777,4,79,1
72371,125053,777,4,79,1
112203,125053,777,4,90,1
119041,125053,777,4,10,0
125075,125053,777,4,1,0
132956,125053,777,4,2,0
133245,125053,777,4,90,1
3955,125053,777,43,45,1
4617,125053,777,43,33,0
6451,125053,777,43,90,1
8127,125053,777,43,77,1
8246,125053,777,43,6,0
13622,125053,777,43,90,1
15139,125053,777,43,90,1
19831,125053,777,43,12,0
50460,125053,777,43,83,1
51498,125053,777,43,82,1
68593,125053,777,43,90,1
74960,125053,777,43,56,1
74964,125053,777,43,7,0
75735,125053,777,43,90,1
124531,125053,777,43,90,1
137462,125053,777,43,45,0
8589,125054,777,6,45,1
13988,125054,777,6,90,1
24334,125054,777,6,90,1
35670,125054,777,6,90,1
49374,125054,777,6,13,0
49759,125054,777,6,45,0
49796,125054,777,6,90,1
50842,125054,777,6,90,1
69595,125054,777,6,90,1
72265,125054,777,6,18,0
76353,125054,777,6,90,1
109117,125054,777,6,76,1
110549,125054,777,6,71,1
147312,125054,777,6,90,1
9199,125054,777,38,62,1
14830,125054,777,38,1,0
15715,125054,777,38,90,1
43010,125054,777,38,90,1
66692,125054,777,38,90,1
108877,125054,777,38,60,1
111988,125054,777,38,90,1
115114,125054,777,38,90,1
115371,125054,777,38,90,1
126108,125054,777,38,86,1
133679,125054,777,38,3,0
136815,125054,777,38,27,0
143214,125054,777,38,90,1
145492,125054,777,38,90,1
4333,125055,777,7,90,1
4640,125055,777,7,90,1
8143,125055,777,7,90,1
12582,125055,777,7,90,1
14706,125055,777,7,90,1
23841,125055,777,7,90,1
31936,125055,777,7,90,1
66318,125055,777,7,90,1
66538,125055,777,7,78,1
118442,125055,777,7,17,0
126789,125055,777,7,11,0
134286,125055,777,7,72,1
143922,125055,777,7,90,1
4608,125055,777,12,90,1
5793,125055,777,12,90,1
9566,125055,777,12,90,1
23396,125055,777,12,90,1
24252,125055,777,12,90,1
33245,125055,777,12,12,0
51202,125055,777,12,90,1
66036,125055,777,12,32,0
66360,125055,777,12,77,1
67910,125055,777,12,90,1
69176,125055,777,12,57,1
108936,125055,777,12,90,1
118591,125055,777,12,90,1
133114,125055,777,12,1,0
5067,125056,777,11,90,1
14569,125056,777,11,90,1
14805,125056,777,11,3,0
16286,125056,777,11,90,1
16431,125056,777,11,45,1
22857,125056,777,11,90,1
25474,125056,777,11,86,1
65970,125056,777,11,90,1
68150,125056,777,11,32,0
71432,125056,777,11,90,1
76204,125056,777,11,90,1
76216,125056,777,11,57,1
112948,125056,777,11,90,1
137371,125056,777,11,45,0
3905,125056,777,23,90,1
8707,125056,777,23,90,1
9662,125056,777,23,12,0
10079,125056,777,23,90,1
14446,125056,777,23,59,1
14716,125056,777,23,30,0
19888,125056,777,23,90,1
20607,125056,777,23,30,0
23747,125056,777,23,77,1
49259,125056,777,23,77,1
71623,125056,777,23,90,1
108922,125056,777,23,90,1
114590,125056,777,23,12,0
115256,125056,777,23,59,1
124462,125056,777,23,90,1
5140,125057,777,10,90,1
5178,125057,777,10,76,1
10458,125057,777,10,7,0
10651,125057,777,10,7,0
15802,125057,777,10,13,0
20559,125057,777,10,90,1
23593,125057,777,10,90,1
23815,125057,777,10,82,1
32894,125057,777,10,76,1
33231,125057,777,10,90,1
49909,125057,777,10,90,1
63633,125057,777,10,90,1
81542,125057,777,10,90,1
116665,125057,777,10,82,1
134796,125057,777,10,13,0
10439,125057,777,15,90,1
15259,125057,777,15,90,1
16035,125057,777,15,90,1
23702,125057,777,15,65,1
23811,125057,777,15,90,1
47133,125057,777,15,90,1
49270,125057,777,15,1,0
50623,125057,777,15,24,0
51593,125057,777,15,76,1
98300,125057,777,15,65,1
108816,125057,777,15,90,1
115172,125057,777,15,13,0
127668,125057,777,15,13,0
138137,125057,777,15,24,0
139648,125057,777,15,90,1
304123,125057,777,15,76,1
12136,125058,777,29,19,0
19864,125058,777,29,90,1
25408,125058,777,29,78,0
51199,125058,777,29,11,1
51610,125058,777,29,51,0
52989,125058,777,29,20,0
66659,125058,777,29,90,1
67784,125058,777,29,69,1
75692,125058,777,29,90,1
115105,125058,777,29,69,1
122126,125058,777,29,90,1
124944,125058,777,29,90,1
126110,125058,777,29,70,1
126920,125058,777,29,20,0
138104,125058,777,29,90,1
327129,125058,777,29,38,1
3894,125058,777,34,2,0
4717,125058,777,34,87,1
4880,125058,777,34,87,1
4985,125058,777,34,90,1
6712,125058,777,34,2,0
11071,125058,777,34,64,1
13961,125058,777,34,90,1
14445,125058,777,34,87,1
14656,125058,777,34,90,1
21614,125058,777,34,90,1
23793,125058,777,34,90,1
26151,125058,777,34,90,1
35752,125058,777,34,2,0
66657,125058,777,34,45,0
117763,125058,777,34,25,0
121610,125058,777,34,45,1
7975,125059,777,1,90,1
11419,125059,777,1,13,0
15202,125059,777,1,90,1
20486,125059,777,1,75,1
21584,125059,777,1,76,1
32728,125059,777,1,90,1
49481,125059,777,1,90,1
50234,125059,777,1,90,1
64523,125059,777,1,90,1
66104,125059,777,1,14,0
66204,125059,777,1,90,1
67407,125059,777,1,1,0
67776,125059,777,1,56,1
118077,125059,777,1,90,1
119476,125059,777,1,33,0
10443,125059,777,21,28,0
19858,125059,777,21,81,1
21887,125059,777,21,61,1
23764,125059,777,21,90,1
24630,125059,777,21,22,0
50245,125059,777,21,90,1
51185,125059,777,21,67,1
69070,125059,777,21,90,1
69274,125059,777,21,90,1
71923,125059,777,21,90,1
75582,125059,777,21,90,1
76614,125059,777,21,8,0
117318,125059,777,21,90,1
117596,125059,777,21,90,1
8454,125060,777,25,18,0
8868,125060,777,25,90,1
14164,125060,777,25,90,1
25183,125060,777,25,71,1
32638,125060,777,25,90,1
54893,125060,777,25,90,1
63257,125060,777,25,90,1
65961,125060,777,25,90,1
118083,125060,777,25,90,1
119072,125060,777,25,90,1
122005,125060,777,25,83,1
140223,125060,777,25,6,0
145347,125060,777,25,90,1
3512,125060,777,127,1,0
13706,125060,777,127,24,0
14846,125060,777,127,10,0
15572,125060,777,127,24,0
16582,125060,777,127,1,0
33032,125060,777,127,79,1
42894,125060,777,127,65,1
51942,125060,777,127,90,1
54989,125060,777,127,90,1
74965,125060,777,127,90,1
74976,125060,777,127,90,1
118080,125060,777,127,65,1
119381,125060,777,127,88,1
134234,125060,777,127,90,1
134403,125060,777,127,90,1
137832,125060,777,127,88,1
7975,125061,777,1,90,1
15202,125061,777,1,75,1
20486,125061,777,1,55,1
20810,125061,777,1,14,0
21584,125061,777,1,90,1
32728,125061,777,1,75,1
42331,125061,777,1,14,0
49481,125061,777,1,90,1
50234,125061,777,1,90,1
64523,125061,777,1,90,1
66104,125061,777,1,34,0
66204,125061,777,1,90,1
67776,125061,777,1,90,1
118077,125061,777,1,90,1
13549,125061,777,4,1,0
14538,125061,777,4,90,1
14571,125061,777,4,90,1
14575,125061,777,4,90,1
21998,125061,777,4,69,1
49293,125061,777,4,85,1
51813,125061,777,4,4,0
63741,125061,777,4,85,1
68827,125061,777,4,15,0
68987,125061,777,4,4,0
72371,125061,777,4,90,1
99282,125061,777,4,15,0
112203,125061,777,4,90,1
119041,125061,777,4,74,1
132956,125061,777,4,89,1
133245,125061,777,4,74,1
10394,125062,777,29,21,0
12136,125062,777,29,75,1
19864,125062,777,29,90,1
25408,125062,777,29,90,1
52989,125062,777,29,1,0
66659,125062,777,29,90,1
75692,125062,777,29,90,1
115105,125062,777,29,14,0
118633,125062,777,29,68,1
122126,125062,777,29,90,1
124944,125062,777,29,90,1
126110,125062,777,29,90,1
126920,125062,777,29,90,1
138104,125062,777,29,90,1
13706,125062,777,127,45,1
14846,125062,777,127,80,1
15572,125062,777,127,28,0
16582,125062,777,127,9,0
33032,125062,777,127,39,0
42894,125062,777,127,61,1
51942,125062,777,127,90,1
54989,125062,777,127,90,1
74965,125062,777,127,90,1
74976,125062,777,127,90,1
118080,125062,777,127,9,0
119381,125062,777,127,90,1
134234,125062,777,127,90,1
134403,125062,777,127,90,1
135304,125062,777,127,5,0
137832,125062,777,127,80,1
10439,125063,777,15,81,1
15259,125063,777,15,90,1
15340,125063,777,15,7,0
16035,125063,777,15,90,1
16723,125063,777,15,90,1
23702,125063,777,15,73,1
23811,125063,777,15,55,1
50623,125063,777,15,8,0
51593,125063,777,15,90,1
76426,125063,777,15,34,0
98300,125063,777,15,55,1
108816,125063,777,15,90,1
138137,125063,777,15,16,0
139648,125063,777,15,90,1
304123,125063,777,15,82,1
304238,125063,777,15,34,0
2100,125063,777,131,85,1
3452,125063,777,131,90,1
4874,125063,777,131,19,0
8163,125063,777,131,90,1
8171,125063,777,131,4,0
22542,125063,777,131,90,1
50727,125063,777,131,90,1
67928,125063,777,131,1,0
72239,125063,777,131,70,1
75709,125063,777,131,90,1
76090,125063,777,131,90,1
112739,125063,777,131,90,1
117732,125063,777,131,90,1
124396,125063,777,131,4,0
143240,125063,777,131,85,1
4617,125064,777,43,74,1
6451,125064,777,43,90,1
8127,125064,777,43,45,1
8246,125064,777,43,1,0
13622,125064,777,43,90,1
19831,125064,777,43,45,1
50460,125064,777,43,90,1
51498,125064,777,43,90,1
63851,125064,777,43,15,0
64282,125064,777,43,45,0
68593,125064,777,43,83,1
74960,125064,777,43,45,0
74964,125064,777,43,6,0
75735,125064,777,43,90,1
124531,125064,777,43,90,1
137462,125064,777,43,90,1
3712,125064,777,130,18,0
10947,125064,777,130,90,1
20113,125064,777,130,90,1
24369,125064,777,130,18,0
49726,125064,777,130,90,1
49731,125064,777,130,90,1
65987,125064,777,130,90,1
124052,125064,777,130,90,1
127594,125064,777,130,71,1
128891,125064,777,130,71,1
133097,125064,777,130,18,0
133460,125064,777,130,90,1
133890,125064,777,130,71,1
144788,125064,777,130,90,1
10443,125065,777,21,90,1
19858,125065,777,21,90,1
21887,125065,777,21,57,1
24630,125065,777,21,32,0
25892,125065,777,21,1,0
32229,125065,777,21,90,1
50245,125065,777,21,79,1
51185,125065,777,21,57,1
69070,125065,777,21,89,1
69274,125065,777,21,57,1
71923,125065,777,21,90,1
75582,125065,777,21,90,1
76614,125065,777,21,32,0
117318,125065,777,21,32,0
117596,125065,777,21,90,1
327705,125065,777,21,10,0
3894,125065,777,34,18,0
4717,125065,777,34,89,1
4880,125065,777,34,90,1
4985,125065,777,34,90,1
11071,125065,777,34,72,1
13961,125065,777,34,71,1
14445,125065,777,34,71,1
14656,125065,777,34,90,1
21614,125065,777,34,90,1
23793,125065,777,34,90,1
35752,125065,777,34,1,0
49884,125065,777,34,90,1
53063,125065,777,34,18,0
66657,125065,777,34,74,1
117763,125065,777,34,17,0
128976,125065,777,34,16,0
9251,125066,777,9,90,1
9576,125066,777,9,90,1
13515,125066,777,9,86,1
13796,125066,777,9,86,1
13797,125066,777,9,14,0
14608,125066,777,9,75,1
14807,125066,777,9,25,0
19731,125066,777,9,90,1
33124,125066,777,9,90,1
50151,125066,777,9,3,0
50643,125066,777,9,3,0
63289,125066,777,9,64,1
68676,125066,777,9,15,0
75543,125066,777,9,90,1
115255,125066,777,9,74,1
116888,125066,777,9,90,1
4499,125066,777,11,2,0
5067,125066,777,11,90,1
14569,125066,777,11,90,1
16286,125066,777,11,90,1
16431,125066,777,11,90,1
22857,125066,777,11,90,1
25474,125066,777,11,90,1
26335,125066,777,11,20,0
68150,125066,777,11,87,1
71432,125066,777,11,90,1
76204,125066,777,11,90,1
76216,125066,777,11,67,1
112948,125066,777,11,69,1
126943,125066,777,11,22,0
5140,125067,777,10,90,1
5178,125067,777,10,90,1
10651,125067,777,10,76,1
19919,125067,777,10,13,0
20559,125067,777,10,90,1
23593,125067,777,10,90,1
32894,125067,777,10,90,1
33231,125067,777,10,90,1
49909,125067,777,10,85,1
63633,125067,777,10,90,1
81542,125067,777,10,75,1
116665,125067,777,10,90,1
130665,125067,777,10,4,0
134796,125067,777,10,14,0
4979,125067,777,25,14,0
8868,125067,777,25,90,1
14164,125067,777,25,90,1
25183,125067,777,25,89,1
32638,125067,777,25,90,1
54893,125067,777,25,90,1
63257,125067,777,25,90,1
65961,125067,777,25,90,1
118083,125067,777,25,90,1
119072,125067,777,25,90,1
122005,125067,777,25,75,1
131312,125067,777,25,1,0
140223,125067,777,25,1,0
145347,125067,777,25,89,1
8589,125068,777,6,22,0
13988,125068,777,6,90,1
24334,125068,777,6,90,1
35670,125068,777,6,57,1
49374,125068,777,6,57,1
49759,125068,777,6,84,1
49796,125068,777,6,90,1
50842,125068,777,6,90,1
69595,125068,777,6,67,1
72265,125068,777,6,32,0
76104,125068,777,6,55,1
76353,125068,777,6,90,1
109117,125068,777,6,5,0
110549,125068,777,6,32,0
147312,125068,777,6,90,1
4608,125068,777,12,23,1
5793,125068,777,12,90,1
9566,125068,777,12,84,1
23396,125068,777,12,90,1
24252,125068,777,12,90,1
33245,125068,777,12,66,0
50848,125068,777,12,4,0
51202,125068,777,12,90,1
66036,125068,777,12,74,1
66360,125068,777,12,85,1
67910,125068,777,12,90,1
69176,125068,777,12,15,0
108936,125068,777,12,90,1
118591,125068,777,12,90,1
133114,125068,777,12,5,0
4333,125069,777,7,1,0
4640,125069,777,7,90,1
8143,125069,777,7,90,1
12582,125069,777,7,90,1
14706,125069,777,7,88,1
23841,125069,777,7,90,1
24797,125069,777,7,80,1
24983,125069,777,7,90,1
31936,125069,777,7,90,1
66318,125069,777,7,90,1
112589,125069,777,7,90,1
126789,125069,777,7,73,1
134286,125069,777,7,9,0
143922,125069,777,7,16,0
3905,125069,777,23,74,1
8707,125069,777,23,90,1
9662,125069,777,23,34,0
10079,125069,777,23,90,1
14446,125069,777,23,45,0
14716,125069,777,23,34,0
19888,125069,777,23,45,1
20607,125069,777,23,90,1
23747,125069,777,23,85,1
49259,125069,777,23,55,1
71623,125069,777,23,90,1
108922,125069,777,23,90,1
114590,125069,777,23,4,0
115256,125069,777,23,55,1
117497,125069,777,23,15,0
124462,125069,777,23,90,1
4115,125070,777,2,30,0
4245,125070,777,2,90,1
5758,125070,777,2,69,1
8658,125070,777,2,85,1
13274,125070,777,2,90,1
13286,125070,777,2,20,0
13344,125070,777,2,90,1
14801,125070,777,2,59,1
20489,125070,777,2,30,0
21529,125070,777,2,90,1
23968,125070,777,2,90,1
24626,125070,777,2,59,1
26408,125070,777,2,69,1
51223,125070,777,2,20,0
108096,125070,777,2,90,1
326089,125070,777,2,4,0
9199,125070,777,38,90,1
14830,125070,777,38,1,0
15715,125070,777,38,90,1
43010,125070,777,38,90,1
66692,125070,777,38,90,1
92635,125070,777,38,90,1
108947,125070,777,38,1,0
111988,125070,777,38,90,1
115114,125070,777,38,90,1
115371,125070,777,38,9,0
126108,125070,777,38,80,1
133679,125070,777,38,90,1
143214,125070,777,38,88,1
145492,125070,777,38,90,1
4115,125071,777,2,27,0
4245,125071,777,2,90,1
8658,125071,777,2,70,1
8900,125071,777,2,90,1
13274,125071,777,2,90,1
13286,125071,777,2,19,0
13344,125071,777,2,45,1
14801,125071,777,2,27,0
20489,125071,777,2,62,1
23968,125071,777,2,90,1
24626,125071,777,2,62,1
26408,125071,777,2,62,1
51223,125071,777,2,90,1
107846,125071,777,2,45,0
108096,125071,777,2,90,1
326089,125071,777,2,27,0
13549,125071,777,4,11,0
14571,125071,777,4,90,1
14575,125071,777,4,90,1
27277,125071,777,4,11,0
49293,125071,777,4,84,1
51813,125071,777,4,5,0
63741,125071,777,4,78,1
66284,125071,777,4,78,1
68827,125071,777,4,74,1
68987,125071,777,4,90,1
72371,125071,777,4,84,1
75989,125071,777,4,90,1
99282,125071,777,4,15,0
112203,125071,777,4,90,1
119041,125071,777,4,90,1
133245,125071,777,4,5,0
14846,125072,777,127,90,1
15572,125072,777,127,73,1
16582,125072,777,127,10,0
33032,125072,777,127,79,1
42894,125072,777,127,90,1
51942,125072,777,127,90,1
54989,125072,777,127,90,1
74965,125072,777,127,90,1
74976,125072,777,127,90,1
118080,125072,777,127,16,0
119381,125072,777,127,90,1
134234,125072,777,127,73,1
134403,125072,777,127,90,1
137832,125072,777,127,16,0
3712,125072,777,130,61,1
10947,125072,777,130,20,1
14723,125072,777,130,90,1
20113,125072,777,130,69,0
24369,125072,777,130,3,0
24659,125072,777,130,90,1
49726,125072,777,130,90,1
49731,125072,777,130,90,1
65987,125072,777,130,90,1
124052,125072,777,130,90,1
127594,125072,777,130,90,1
128891,125072,777,130,28,0
133460,125072,777,130,90,1
133890,125072,777,130,86,1
7975,125073,777,1,90,1
15202,125073,777,1,90,1
20486,125073,777,1,30,0
20810,125073,777,1,31,0
21584,125073,777,1,90,1
32728,125073,777,1,58,1
42331,125073,777,1,10,0
49481,125073,777,1,90,1
50234,125073,777,1,90,1
64523,125073,777,1,79,1
66104,125073,777,1,59,1
67776,125073,777,1,90,1
69914,125073,777,1,26,0
118077,125073,777,1,90,1
119476,125073,777,1,63,1
3452,125073,777,131,21,0
4874,125073,777,131,13,0
20505,125073,777,131,90,1
22542,125073,777,131,90,1
50727,125073,777,131,90,1
51830,125073,777,131,90,1
72239,125073,777,131,76,1
75709,125073,777,131,90,1
76090,125073,777,131,90,1
112739,125073,777,131,68,1
117732,125073,777,131,45,1
124396,125073,777,131,77,1
129952,125073,777,131,13,0
134333,125073,777,131,12,0
136175,125073,777,131,45,0
143240,125073,777,131,76,1
4333,125074,777,7,7,0
4640,125074,777,7,90,1
8143,125074,777,7,90,1
12582,125074,777,7,86,1
14706,125074,777,7,90,1
23841,125074,777,7,90,1
24797,125074,777,7,86,1
24983,125074,777,7,90,1
31936,125074,777,7,90,1
66318,125074,777,7,82,1
66538,125074,777,7,3,0
112589,125074,777,7,90,1
112917,125074,777,7,1,0
118442,125074,777,7,3,0
126789,125074,777,7,82,1
143922,125074,777,7,7,0
3955,125074,777,43,90,1
4617,125074,777,43,33,0
6451,125074,777,43,90,1
8127,125074,777,43,18,0
8246,125074,777,43,7,0
13622,125074,777,43,56,1
50460,125074,777,43,90,1
51498,125074,777,43,90,1
63851,125074,777,43,56,1
64282,125074,777,43,90,1
68593,125074,777,43,71,1
74960,125074,777,43,82,1
74964,125074,777,43,33,0
124531,125074,777,43,90,1
137462,125074,777,43,90,1
4979,125075,777,25,2,0
8454,125075,777,25,59,1
8868,125075,777,25,90,1
14164,125075,777,25,90,1
25183,125075,777,25,90,1
32638,125075,777,25,1,0
54893,125075,777,25,90,1
63257,125075,777,25,87,1
63656,125075,777,25,90,1
65961,125075,777,25,90,1
118083,125075,777,25,90,1
119072,125075,777,25,90,1
122005,125075,777,25,30,0
140223,125075,777,25,1,0
145347,125075,777,25,90,1
3894,125075,777,34,60,1
4717,125075,777,34,90,1
4880,125075,777,34,81,1
4985,125075,777,34,90,1
6712,125075,777,34,8,0
11071,125075,777,34,59,1
14445,125075,777,34,29,0
14624,125075,777,34,90,1
14656,125075,777,34,8,0
21614,125075,777,34,81,1
23793,125075,777,34,90,1
49884,125075,777,34,90,1
53063,125075,777,34,90,1
66657,125075,777,34,29,0
117763,125075,777,34,30,0
128976,125075,777,34,60,1
9251,125076,777,9,90,1
9576,125076,777,9,90,1
13515,125076,777,9,73,1
13796,125076,777,9,90,1
13797,125076,777,9,16,0
14608,125076,777,9,83,1
14807,125076,777,9,28,0
19731,125076,777,9,90,1
33124,125076,777,9,90,1
50151,125076,777,9,6,0
50643,125076,777,9,6,0
63289,125076,777,9,73,1
68676,125076,777,9,16,0
75543,125076,777,9,83,1
115255,125076,777,9,61,1
116888,125076,777,9,90,1
10361,125076,777,29,90,1
10394,125076,777,29,6,0
12136,125076,777,29,35,0
19864,125076,777,29,90,1
25408,125076,777,29,54,1
52989,125076,777,29,34,0
66659,125076,777,29,90,1
110958,125076,777,29,90,1
115105,125076,777,29,87,1
119614,125076,777,29,1,0
122126,125076,777,29,90,1
124944,125076,777,29,90,1
126110,125076,777,29,90,1
126920,125076,777,29,55,1
138104,125076,777,29,90,1
5067,125077,777,11,90,1
14569,125077,777,11,90,1
14805,125077,777,11,76,1
16286,125077,777,11,90,1
16431,125077,777,11,90,1
22857,125077,777,11,90,1
25474,125077,777,11,90,1
54156,125077,777,11,13,0
65970,125077,777,11,90,1
68150,125077,777,11,81,1
71432,125077,777,11,76,1
76204,125077,777,11,90,1
126943,125077,777,11,8,0
137371,125077,777,11,13,0
10439,125077,777,15,90,1
14238,125077,777,15,1,0
15259,125077,777,15,89,1
15340,125077,777,15,11,0
16035,125077,777,15,90,1
16723,125077,777,15,90,1
23702,125077,777,15,27,0
23811,125077,777,15,89,1
51593,125077,777,15,90,1
67510,125077,777,15,1,0
108816,125077,777,15,90,1
115172,125077,777,15,63,1
139648,125077,777,15,90,1
304123,125077,777,15,78,1
304238,125077,777,15,90,1
4608,125078,777,12,60,1
5793,125078,777,12,60,1
9566,125078,777,12,90,1
23396,125078,777,12,90,1
23581,125078,777,12,5,0
24252,125078,777,12,29,0
33245,125078,777,12,84,1
50848,125078,777,12,13,0
51202,125078,777,12,90,1
66036,125078,777,12,90,1
66360,125078,777,12,76,1
67910,125078,777,12,90,1
69176,125078,777,12,14,0
108936,125078,777,12,75,1
118031,125078,777,12,29,0
118591,125078,777,12,90,1
3905,125078,777,23,90,1
8707,125078,777,23,90,1
9662,125078,777,23,6,0
13703,125078,777,23,90,1
14446,125078,777,23,45,0
14716,125078,777,23,45,1
19888,125078,777,23,45,1
20607,125078,777,23,90,1
23747,125078,777,23,84,1
49259,125078,777,23,83,1
49908,125078,777,23,1,0
71623,125078,777,23,90,1
108922,125078,777,23,90,1
114590,125078,777,23,5,0
124462,125078,777,23,90,1
4604,125079,777,6,76,0
8589,125079,777,6,9,0
13988,125079,777,6,90,1
24334,125079,777,6,90,1
35670,125079,777,6,80,1
49374,125079,777,6,23,0
49759,125079,777,6,90,1
49796,125079,777,6,90,1
50842,125079,777,6,90,1
69595,125079,777,6,80,1
72265,125079,777,6,66,1
76353,125079,777,6,13,1
110549,125079,777,6,90,1
146391,125079,777,6,9,0
147312,125079,777,6,90,1
10443,125079,777,21,73,1
19858,125079,777,21,90,1
21887,125079,777,21,47,0
24630,125079,777,21,16,0
25892,125079,777,21,90,1
32229,125079,777,21,73,1
50245,125079,777,21,47,0
51185,125079,777,21,42,1
69274,125079,777,21,16,0
71923,125079,777,21,90,1
75582,125079,777,21,37,1
76614,125079,777,21,90,1
117318,125079,777,21,90,1
117596,125079,777,21,90,1
327705,125079,777,21,42,1
5140,125080,777,10,90,1
5178,125080,777,10,90,1
10458,125080,777,10,25,0
10651,125080,777,10,18,0
15802,125080,777,10,11,0
19919,125080,777,10,71,1
20559,125080,777,10,90,1
23593,125080,777,10,78,1
23815,125080,777,10,45,0
32894,125080,777,10,64,1
33231,125080,777,10,90,1
49909,125080,777,10,45,1
63633,125080,777,10,90,1
81542,125080,777,10,90,1
116665,125080,777,10,64,1
134796,125080,777,10,25,0
4229,125080,777,38,58,1
9199,125080,777,38,59,1
14830,125080,777,38,59,1
15715,125080,777,38,90,1
43010,125080,777,38,90,1
66692,125080,777,38,11,0
108877,125080,777,38,90,1
108947,125080,777,38,20,0
111988,125080,777,38,90,1
115114,125080,777,38,31,0
115371,125080,777,38,30,0
126108,125080,777,38,30,0
133679,125080,777,38,90,1
136815,125080,777,38,78,1
143214,125080,777,38,90,1
145492,125080,777,38,69,1
7975,125081,777,1,90,1
15202,125081,777,1,90,1
20810,125081,777,1,60,1
21584,125081,777,1,90,1
32728,125081,777,1,29,0
49481,125081,777,1,90,1
50234,125081,777,1,90,1
64523,125081,777,1,73,1
66104,125081,777,1,29,0
66204,125081,777,1,90,1
67407,125081,777,1,60,1
67776,125081,777,1,37,1
69914,125081,777,1,73,1
118077,125081,777,1,16,0
119476,125081,777,1,52,0
141181,125081,777,1,16,0
4333,125081,777,7,90,1
4640,125081,777,7,90,1
12582,125081,777,7,90,1
14706,125081,777,7,90,1
23841,125081,777,7,90,1
24797,125081,777,7,85,1
24983,125081,777,7,90,1
31936,125081,777,7,90,1
66538,125081,777,7,85,1
112589,125081,777,7,90,1
118442,125081,777,7,1,0
126789,125081,777,7,68,1
128411,125081,777,7,4,0
134286,125081,777,7,4,0
143922,125081,777,7,21,0
9199,125082,777,38,86,1
14830,125082,777,38,45,0
15715,125082,777,38,90,1
43010,125082,777,38,90,1
66692,125082,777,38,90,1
108877,125082,777,38,90,1
108947,125082,777,38,3,0
111988,125082,777,38,90,1
115114,125082,777,38,90,1
115371,125082,777,38,16,0
126108,125082,777,38,73,1
133679,125082,777,38,90,1
143214,125082,777,38,90,1
145492,125082,777,38,45,1
3712,125082,777,130,90,1
14450,125082,777,130,5,0
14723,125082,777,130,90,1
20113,125082,777,130,18,0
24369,125082,777,130,90,1
24659,125082,777,130,90,1
49726,125082,777,130,90,1
49731,125082,777,130,71,1
65987,125082,777,130,90,1
124052,125082,777,130,90,1
127594,125082,777,130,67,1
128891,125082,777,130,22,0
133460,125082,777,130,90,1
133890,125082,777,130,84,1
3955,125083,777,43,90,1
4617,125083,777,43,90,1
6451,125083,777,43,90,1
8127,125083,777,43,87,1
13622,125083,777,43,16,0
15139,125083,777,43,24,0
31442,125083,777,43,2,0
50460,125083,777,43,90,1
51498,125083,777,43,90,1
64282,125083,777,43,65,1
68593,125083,777,43,90,1
74960,125083,777,43,2,0
75735,125083,777,43,87,1
124531,125083,777,43,73,1
127393,125083,777,43,73,1
137462,125083,777,43,16,0
3512,125083,777,127,60,1
13706,125083,777,127,10,0
14846,125083,777,127,90,1
15572,125083,777,127,60,1
16582,125083,777,127,3,0
33032,125083,777,127,90,1
51942,125083,777,127,90,1
54989,125083,777,127,90,1
74965,125083,777,127,90,1
74976,125083,777,127,90,1
118080,125083,777,127,29,0
119381,125083,777,127,29,0
134234,125083,777,127,86,1
134403,125083,777,127,90,1
137832,125083,777,127,79,1
14538,125084,777,4,90,1
14571,125084,777,4,90,1
14575,125084,777,4,90,1
27277,125084,777,4,90,1
49293,125084,777,4,90,1
51813,125084,777,4,45,0
63741,125084,777,4,90,1
66284,125084,777,4,81,1
68827,125084,777,4,45,1
68987,125084,777,4,90,1
72371,125084,777,4,90,1
99282,125084,777,4,29,0
112203,125084,777,4,60,1
119041,125084,777,4,8,0
8707,125084,777,23,13,0
9662,125084,777,23,77,1
13703,125084,777,23,90,1
14446,125084,777,23,76,1
14716,125084,777,23,90,1
19888,125084,777,23,90,1
20607,125084,777,23,23,0
23747,125084,777,23,90,1
49259,125084,777,23,12,0
49495,125084,777,23,90,1
49908,125084,777,23,90,1
108922,125084,777,23,90,1
115256,125084,777,23,66,1
124462,125084,777,23,90,1
8589,125085,777,6,59,1
20497,125085,777,6,90,1
20874,125085,777,6,30,0
24334,125085,777,6,90,1
35670,125085,777,6,59,1
37776,125085,777,6,90,1
49374,125085,777,6,79,1
49759,125085,777,6,10,0
49796,125085,777,6,90,1
50842,125085,777,6,90,1
69595,125085,777,6,30,0
72265,125085,777,6,90,1
76104,125085,777,6,90,1
109117,125085,777,6,10,0
147312,125085,777,6,79,1
9251,125085,777,9,90,1
9576,125085,777,9,90,1
13515,125085,777,9,90,1
13796,125085,777,9,90,1
14608,125085,777,9,45,0
14807,125085,777,9,45,1
19731,125085,777,9,90,1
33124,125085,777,9,90,1
50151,125085,777,9,90,1
63289,125085,777,9,45,1
75543,125085,777,9,49,1
115255,125085,777,9,45,0
116888,125085,777,9,90,1
5140,125086,777,10,90,1
5178,125086,777,10,26,0
10458,125086,777,10,90,1
10651,125086,777,10,90,1
15802,125086,777,10,1,0
19919,125086,777,10,63,1
20559,125086,777,10,90,1
23815,125086,777,10,26,0
32894,125086,777,10,82,1
33231,125086,777,10,90,1
49909,125086,777,10,90,1
63633,125086,777,10,90,1
75382,125086,777,10,63,1
81542,125086,777,10,26,0
130665,125086,777,10,7,0
134796,125086,777,10,63,1
10443,125086,777,21,90,1
23764,125086,777,21,75,1
24630,125086,777,21,90,1
25892,125086,777,21,90,1
32229,125086,777,21,90,1
51185,125086,777,21,15,0
69070,125086,777,21,90,1
69274,125086,777,21,34,0
71923,125086,777,21,90,1
76614,125086,777,21,74,1
117318,125086,777,21,90,1
117596,125086,777,21,90,1
124319,125086,777,21,1,0
127846,125086,777,21,14,0
327705,125086,777,21,55,1
4115,125087,777,2,81,1
4245,125087,777,2,90,1
5758,125087,777,2,81,1
8658,125087,777,2,59,1
8900,125087,777,2,90,1
13274,125087,777,2,90,1
13286,125087,777,2,30,0
20489,125087,777,2,29,0
23968,125087,777,2,90,1
24626,125087,777,2,8,0
26408,125087,777,2,85,1
51223,125087,777,2,8,0
51423,125087,777,2,60,1
107846,125087,777,2,90,1
108096,125087,777,2,90,1
133169,125087,777,2,4,0
4608,125087,777,12,90,1
5793,125087,777,12,90,1
9566,125087,777,12,90,1
23396,125087,777,12,90,1
24252,125087,777,12,90,1
51202,125087,777,12,90,1
66036,125087,777,12,15,0
66360,125087,777,12,74,1
67910,125087,777,12,90,1
69176,125087,777,12,90,1
108936,125087,777,12,90,1
118031,125087,777,12,1,0
118591,125087,777,12,90,1
10439,125088,777,15,90,1
14238,125088,777,15,16,0
15259,125088,777,15,73,1
15340,125088,777,15,27,0
16035,125088,777,15,90,1
16723,125088,777,15,90,1
23702,125088,777,15,45,1
23811,125088,777,15,90,1
49270,125088,777,15,2,0
50623,125088,777,15,45,0
51593,125088,777,15,87,1
98300,125088,777,15,45,0
108816,125088,777,15,90,1
115172,125088,777,15,45,1
139648,125088,777,15,90,1
304123,125088,777,15,62,1
3894,125088,777,34,12,0
4717,125088,777,34,90,1
4880,125088,777,34,90,1
4985,125088,777,34,90,1
11071,125088,777,34,61,1
13961,125088,777,34,90,1
14624,125088,777,34,90,1
14656,125088,777,34,1,0
16044,125088,777,34,27,0
21614,125088,777,34,77,1
23793,125088,777,34,90,1
26151,125088,777,34,90,1
53063,125088,777,34,28,0
66657,125088,777,34,61,1
117763,125088,777,34,28,0
128976,125088,777,34,62,1
10361,125089,777,29,26,0
12136,125089,777,29,90,1
19864,125089,777,29,63,1
25408,125089,777,29,90,1
51609,125089,777,29,5,0
66659,125089,777,29,90,1
67784,125089,777,29,77,1
110958,125089,777,29,90,1
118633,125089,777,29,84,1
119614,125089,777,29,90,1
122126,125089,777,29,90,1
124944,125089,777,29,90,1
126110,125089,777,29,90,1
126920,125089,777,29,12,0
2100,125089,777,131,90,1
3452,125089,777,131,90,1
4874,125089,777,131,1,0
8163,125089,777,131,90,1
14671,125089,777,131,1,0
22542,125089,777,131,90,1
50727,125089,777,131,90,1
67928,125089,777,131,14,0
72239,125089,777,131,90,1
75709,125089,777,131,90,1
76090,125089,777,131,90,1
112739,125089,777,131,87,1
134333,125089,777,131,2,0
136175,125089,777,131,75,1
143240,125089,777,131,90,1
5067,125090,777,11,74,1
14569,125090,777,11,90,1
14805,125090,777,11,16,0
16286,125090,777,11,90,1
22857,125090,777,11,90,1
25474,125090,777,11,74,1
26335,125090,777,11,15,0
54156,125090,777,11,30,0
65970,125090,777,11,90,1
68150,125090,777,11,30,0
71432,125090,777,11,59,1
76204,125090,777,11,90,1
76216,125090,777,11,59,1
112948,125090,777,11,90,1
137371,125090,777,11,90,1
4979,125090,777,25,15,0
8868,125090,777,25,90,1
14164,125090,777,25,90,1
25183,125090,777,25,90,1
32638,125090,777,25,90,1
54893,125090,777,25,90,1
63257,125090,777,25,74,1
63656,125090,777,25,90,1
118083,125090,777,25,90,1
119072,125090,777,25,90,1
122005,125090,777,25,26,0
140223,125090,777,25,1,0
145347,125090,777,25,90,1
304595,125090,777,25,63,1
4115,125091,777,2,66,1
4245,125091,777,2,90,1
5758,125091,777,2,90,1
5865,125091,777,2,23,0
8658,125091,777,2,86,1
13274,125091,777,2,90,1
13286,125091,777,2,3,0
13344,125091,777,2,90,1
14801,125091,777,2,66,1
20489,125091,777,2,23,0
21529,125091,777,2,90,1
23968,125091,777,2,76,1
24626,125091,777,2,23,0
26408,125091,777,2,13,0
51423,125091,777,2,66,1
108096,125091,777,2,90,1
4979,125091,777,25,45,0
8454,125091,777,25,45,0
8868,125091,777,25,90,1
14164,125091,777,25,82,1
25183,125091,777,25,82,1
32638,125091,777,25,90,1
54893,125091,777,25,90,1
63257,125091,777,25,45,1
66560,125091,777,25,45,1
118083,125091,777,25,90,1
119072,125091,777,25,90,1
122005,125091,777,25,7,0
140223,125091,777,25,7,0
145347,125091,777,25,90,1
304595,125091,777,25,90,1
4608,125092,777,12,90,1
5793,125092,777,12,81,1
9566,125092,777,12,77,1
14580,125092,777,12,1,0
23396,125092,777,12,90,1
24252,125092,777,12,90,1
51202,125092,777,12,81,1
66036,125092,777,12,19,0
66360,125092,777,12,70,1
67910,125092,777,12,90,1
69176,125092,777,12,90,1
108936,125092,777,12,90,1
118031,125092,777,12,8,0
118591,125092,777,12,90,1
133114,125092,777,12,8,0
3512,125092,777,127,17,0
13706,125092,777,127,17,0
14846,125092,777,127,90,1
15572,125092,777,127,72,1
33032,125092,777,127,90,1
51942,125092,777,127,90,1
54989,125092,777,127,90,1
74965,125092,777,127,90,1
74976,125092,777,127,90,1
118080,125092,777,127,72,1
119381,125092,777,127,72,1
121972,125092,777,127,3,0
134234,125092,777,127,86,1
134403,125092,777,127,90,1
137832,125092,777,127,17,0
5140,125093,777,10,90,1
10458,125093,777,10,14,0
15802,125093,777,10,13,0
19919,125093,777,10,62,1
23593,125093,777,10,76,1
23815,125093,777,10,82,0
32894,125093,777,10,90,1
33231,125093,777,10,90,1
49909,125093,777,10,90,1
63633,125093,777,10,90,1
75382,125093,777,10,90,1
81542,125093,777,10,7,1
116496,125093,777,10,90,1
116665,125093,777,10,75,1
134796,125093,777,10,27,0
2100,125093,777,131,75,1
3452,125093,777,131,82,1
4874,125093,777,131,1,0
8163,125093,777,131,90,1
22542,125093,777,131,90,1
50727,125093,777,131,90,1
51830,125093,777,131,7,0
72239,125093,777,131,90,1
75709,125093,777,131,90,1
76090,125093,777,131,90,1
112739,125093,777,131,82,1
117732,125093,777,131,14,0
124396,125093,777,131,14,0
134333,125093,777,131,7,0
136175,125093,777,131,75,1
143240,125093,777,131,90,1
13549,125094,777,4,12,0
14538,125094,777,4,90,1
21998,125094,777,4,69,1
27277,125094,777,4,90,1
49293,125094,777,4,90,1
51813,125094,777,4,12,0
63741,125094,777,4,90,1
66284,125094,777,4,90,1
68827,125094,777,4,45,1
68987,125094,777,4,45,0
72371,125094,777,4,77,1
99282,125094,777,4,56,1
112203,125094,777,4,77,1
119041,125094,777,4,90,1
133245,125094,777,4,33,0
304474,125094,777,4,20,0
4333,125094,777,7,90,1
4640,125094,777,7,90,1
8143,125094,777,7,90,1
12582,125094,777,7,90,1
14706,125094,777,7,88,1
23841,125094,777,7,90,1
24797,125094,777,7,77,1
24983,125094,777,7,90,1
31936,125094,777,7,88,1
66318,125094,777,7,12,0
66538,125094,777,7,1,0
112589,125094,777,7,90,1
126789,125094,777,7,81,1
128411,125094,777,7,1,0
143922,125094,777,7,9,0
4717,125095,777,34,90,1
4818,125095,777,34,3,0
4985,125095,777,34,90,1
6712,125095,777,34,90,1
11071,125095,777,34,8,0
13961,125095,777,34,86,1
14445,125095,777,34,8,0
14624,125095,777,34,60,1
14656,125095,777,34,29,0
21614,125095,777,34,90,1
23793,125095,777,34,90,1
26151,125095,777,34,90,1
53063,125095,777,34,29,0
66657,125095,777,34,61,1
117763,125095,777,34,81,1
128976,125095,777,34,81,1
3955,125095,777,43,86,1
4617,125095,777,43,77,1
6451,125095,777,43,90,1
8127,125095,777,43,90,1
8246,125095,777,43,12,0
15139,125095,777,43,12,0
50460,125095,777,43,90,1
51498,125095,777,43,90,1
64282,125095,777,43,77,1
68593,125095,777,43,17,1
74960,125095,777,43,72,0
74964,125095,777,43,3,0
75735,125095,777,43,90,1
124531,125095,777,43,90,1
127393,125095,777,43,90,1
9251,125096,777,9,90,1
9576,125096,777,9,90,1
13515,125096,777,9,90,1
13796,125096,777,9,90,1
13797,125096,777,9,7,0
14608,125096,777,9,90,1
14807,125096,777,9,68,1
19731,125096,777,9,90,1
33124,125096,777,9,82,1
33162,125096,777,9,21,0
50151,125096,777,9,90,1
63289,125096,777,9,68,1
116888,125096,777,9,90,1
126426,125096,777,9,22,0
3712,125096,777,130,90,1
14723,125096,777,130,90,1
22043,125096,777,130,90,1
24369,125096,777,130,90,1
24659,125096,777,130,90,1
49726,125096,777,130,90,1
65987,125096,777,130,90,1
124052,125096,777,130,90,1
127594,125096,777,130,76,1
128891,125096,777,130,90,1
133460,125096,777,130,90,1
133890,125096,777,130,13,0
4604,125097,777,6,8,0
8589,125097,777,6,59,1
13988,125097,777,6,180,1
20874,125097,777,6,84,1
24334,125097,777,6,180,1
35670,125097,777,6,94,1
37776,125097,777,6,100,1
49374,125097,777,6,153,1
49759,125097,777,6,105,1
49796,125097,777,6,120,1
50842,125097,777,6,180,1
69595,125097,777,6,120,1
76104,125097,777,6,180,1
76353,125097,777,6,171,1
109117,125097,777,6,59,1
147312,125097,777,6,180,1
4499,125097,777,11,122,1
4505,125097,777,11,8,0
5067,125097,777,11,168,1
12520,125097,777,11,11,0
14569,125097,777,11,180,1
14805,125097,777,11,111,1
22857,125097,777,11,180,1
25474,125097,777,11,180,1
26335,125097,777,11,59,1
54156,125097,777,11,121,1
65970,125097,777,11,90,1
67178,125097,777,11,57,1
68150,125097,777,11,70,1
71432,125097,777,11,90,1
76204,125097,777,11,147,1
76216,125097,777,11,108,1
112948,125097,777,11,90,1
126943,125097,777,11,91,1
137371,125097,777,11,90,1
3905,125098,777,23,64,1
8707,125098,777,23,90,1
9662,125098,777,23,25,0
13703,125098,777,23,90,1
14446,125098,777,23,25,0
14716,125098,777,23,75,1
19888,125098,777,23,90,1
20607,125098,777,23,90,1
23747,125098,777,23,88,1
49259,125098,777,23,64,1
49495,125098,777,23,25,0
49908,125098,777,23,53,1
108922,125098,777,23,90,1
114590,125098,777,23,14,0
115256,125098,777,23,64,1
117497,125098,777,23,1,0
124462,125098,777,23,36,0
10361,125098,777,29,90,1
12136,125098,777,29,90,1
25408,125098,777,29,90,1
63733,125098,777,29,1,0
66659,125098,777,29,90,1
67784,125098,777,29,90,1
110958,125098,777,29,90,1
118633,125098,777,29,90,1
119614,125098,777,29,90,1
122126,125098,777,29,90,1
124944,125098,777,29,90,1
126110,125098,777,29,84,1
126920,125098,777,29,1,0
138104,125098,777,29,5,0
10439,125099,777,15,90,1
14238,125099,777,15,20,0
15259,125099,777,15,90,1
15340,125099,777,15,19,0
16035,125099,777,15,90,1
16723,125099,777,15,90,1
23702,125099,777,15,69,1
23811,125099,777,15,90,1
49270,125099,777,15,1,0
50623,125099,777,15,10,0
51593,125099,777,15,90,1
98300,125099,777,15,79,1
108816,125099,777,15,90,1
115172,125099,777,15,1,0
139648,125099,777,15,90,1
304123,125099,777,15,70,1
10443,125099,777,21,90,1
21887,125099,777,21,6,0
23764,125099,777,21,45,1
24630,125099,777,21,66,1
25892,125099,777,21,90,1
32229,125099,777,21,90,1
51185,125099,777,21,23,0
66635,125099,777,21,90,1
69274,125099,777,21,23,0
71923,125099,777,21,90,1
75582,125099,777,21,45,1
76614,125099,777,21,66,1
117318,125099,777,21,90,1
117596,125099,777,21,83,1
126824,125099,777,21,45,0
133603,125099,777,21,45,0
7975,125100,777,1,180,1
11419,125100,777,1,45,0
15202,125100,777,1,180,1
19680,125100,777,1,25,0
20486,125100,777,1,100,1
21584,125100,777,1,70,1
32728,125100,777,1,154,1
49481,125100,777,1,92,1
50234,125100,777,1,180,1
64523,125100,777,1,180,1
66104,125100,777,1,99,1
66204,125100,777,1,90,1
67407,125100,777,1,133,1
67776,125100,777,1,180,1
69914,125100,777,1,10,0
118077,125100,777,1,170,1
119476,125100,777,1,90,1
9199,125100,777,38,180,1
14830,125100,777,38,98,1
15715,125100,777,38,180,1
43010,125100,777,38,180,1
66692,125100,777,38,149,1
108877,125100,777,38,180,1
108947,125100,777,38,79,1
111988,125100,777,38,99,1
115114,125100,777,38,180,1
115371,125100,777,38,158,1
126108,125100,777,38,95,1
129740,125100,777,38,6,0
133679,125100,777,38,90,1
136815,125100,777,38,30,0
143214,125100,777,38,90,1
145492,125100,777,38,180,1
7975,125101,777,1,90,1
14548,125101,777,1,75,1
15202,125101,777,1,90,1
19680,125101,777,1,14,0
20486,125101,777,1,36,0
20810,125101,777,1,53,1
21584,125101,777,1,36,0
32728,125101,777,1,90,1
50234,125101,777,1,90,1
64523,125101,777,1,75,1
66104,125101,777,1,53,1
66204,125101,777,1,90,1
67407,125101,777,1,53,1
114564,125101,777,1,90,1
119476,125101,777,1,14,0
141181,125101,777,1,36,0
3512,125101,777,127,1,0
13706,125101,777,127,20,0
14846,125101,777,127,90,1
15572,125101,777,127,69,1
16582,125101,777,127,1,0
33032,125101,777,127,89,1
42894,125101,777,127,20,0
51942,125101,777,127,90,1
54989,125101,777,127,90,1
74965,125101,777,127,90,1
74976,125101,777,127,90,1
119381,125101,777,127,89,1
134234,125101,777,127,69,1
134403,125101,777,127,90,1
135304,125101,777,127,5,0
137832,125101,777,127,84,1
4640,125102,777,7,90,1
8143,125102,777,7,90,1
12582,125102,777,7,73,1
14706,125102,777,7,90,1
23841,125102,777,7,90,1
24797,125102,777,7,73,1
24983,125102,777,7,90,1
31936,125102,777,7,90,1
66318,125102,777,7,90,1
66538,125102,777,7,16,0
112589,125102,777,7,90,1
118442,125102,777,7,16,0
126789,125102,777,7,73,1
143922,125102,777,7,16,0
14450,125102,777,130,45,0
14723,125102,777,130,90,1
24369,125102,777,130,90,1
24659,125102,777,130,90,1
49726,125102,777,130,90,1
49731,125102,777,130,45,1
65987,125102,777,130,90,1
124052,125102,777,130,90,1
127594,125102,777,130,90,1
128891,125102,777,130,90,1
133460,125102,777,130,90,1
133890,125102,777,130,90,1
3955,125103,777,43,8,0
4617,125103,777,43,90,1
6451,125103,777,43,90,1
15139,125103,777,43,74,1
19831,125103,777,43,23,0
31442,125103,777,43,8,0
50460,125103,777,43,90,1
51498,125103,777,43,81,1
63851,125103,777,43,81,1
74960,125103,777,43,66,1
75735,125103,777,43,90,1
75883,125103,777,43,15,0
124531,125103,777,43,90,1
127393,125103,777,43,81,1
128456,125103,777,43,90,1
137462,125103,777,43,8,0
3452,125103,777,131,74,1
4874,125103,777,131,2,0
20505,125103,777,131,90,1
22542,125103,777,131,90,1
50727,125103,777,131,90,1
51830,125103,777,131,15,0
72239,125103,777,131,90,1
75709,125103,777,131,90,1
76090,125103,777,131,90,1
112739,125103,777,131,74,1
117732,125103,777,131,10,0
124396,125103,777,131,15,0
134333,125103,777,131,90,1
136175,125103,777,131,79,1
143240,125103,777,131,87,1
14538,125104,777,4,90,1
21998,125104,777,4,90,1
27277,125104,777,4,90,1
49293,125104,777,4,90,1
51813,125104,777,4,9,0
66284,125104,777,4,90,1
68827,125104,777,4,87,1
68987,125104,777,4,23,0
72371,125104,777,4,81,1
99282,125104,777,4,23,0
112203,125104,777,4,81,1
115151,125104,777,4,8,0
119041,125104,777,4,90,1
125075,125104,777,4,2,0
133245,125104,777,4,66,1
304474,125104,777,4,66,1
5067,125104,777,11,80,1
12520,125104,777,11,9,0
14569,125104,777,11,90,1
14805,125104,777,11,14,0
16286,125104,777,11,90,1
22857,125104,777,11,90,1
25474,125104,777,11,90,1
54156,125104,777,11,75,1
65970,125104,777,11,90,1
68150,125104,777,11,75,1
71432,125104,777,11,26,0
76204,125104,777,11,90,1
112948,125104,777,11,63,1
126943,125104,777,11,14,0
137371,125104,777,11,90,1
8589,125105,777,6,63,1
13988,125105,777,6,90,1
20118,125105,777,6,1,0
20874,125105,777,6,25,0
24334,125105,777,6,90,1
35670,125105,777,6,64,1
37776,125105,777,6,90,1
49374,125105,777,6,63,1
49759,125105,777,6,14,0
49796,125105,777,6,26,0
50842,125105,777,6,90,1
69595,125105,777,6,26,0
76104,125105,777,6,90,1
76353,125105,777,6,90,1
109117,125105,777,6,75,1
147312,125105,777,6,90,1
9662,125105,777,23,90,1
13703,125105,777,23,90,1
14716,125105,777,23,19,0
19888,125105,777,23,6,0
20607,125105,777,23,83,1
23747,125105,777,23,70,1
49259,125105,777,23,1,0
49495,125105,777,23,90,1
49908,125105,777,23,90,1
71623,125105,777,23,90,1
108922,125105,777,23,90,1
114590,125105,777,23,83,1
115256,125105,777,23,6,0
117497,125105,777,23,1,0
117647,125105,777,23,90,1
124462,125105,777,23,90,1
5140,125106,777,10,90,1
5178,125106,777,10,89,1
10458,125106,777,10,90,1
10651,125106,777,10,21,0
19919,125106,777,10,68,1
21737,125106,777,10,21,0
23593,125106,777,10,90,1
23815,125106,777,10,45,1
32894,125106,777,10,90,1
33231,125106,777,10,90,1
49909,125106,777,10,45,0
63633,125106,777,10,22,0
75382,125106,777,10,67,1
116496,125106,777,10,90,1
130665,125106,777,10,1,0
134796,125106,777,10,68,1
4717,125106,777,34,90,1
4985,125106,777,34,90,1
6712,125106,777,34,90,1
11071,125106,777,34,10,0
13961,125106,777,34,79,1
14445,125106,777,34,45,0
14624,125106,777,34,68,1
14656,125106,777,34,21,0
16044,125106,777,34,45,0
21614,125106,777,34,90,1
23793,125106,777,34,90,1
26151,125106,777,34,90,1
53063,125106,777,34,10,0
66657,125106,777,34,45,1
117763,125106,777,34,79,1
128976,125106,777,34,45,1
9251,125107,777,9,90,1
9576,125107,777,9,90,1
13515,125107,777,9,90,1
14608,125107,777,9,90,1
14897,125107,777,9,4,0
19731,125107,777,9,90,1
33124,125107,777,9,90,1
33162,125107,777,9,73,1
50151,125107,777,9,90,1
63289,125107,777,9,85,1
68676,125107,777,9,16,0
75543,125107,777,9,90,1
115255,125107,777,9,16,0
126426,125107,777,9,73,1
4608,125107,777,12,90,1
5793,125107,777,12,90,1
23396,125107,777,12,90,1
24252,125107,777,12,20,0
33245,125107,777,12,69,1
51202,125107,777,12,90,1
66036,125107,777,12,90,1
66360,125107,777,12,20,0
67191,125107,777,12,55,1
67910,125107,777,12,90,1
69176,125107,777,12,69,1
118031,125107,777,12,90,1
118591,125107,777,12,90,1
4115,125108,777,2,76,1
5066,125108,777,2,90,1
5758,125108,777,2,77,1
5865,125108,777,2,90,1
8658,125108,777,2,86,1
13286,125108,777,2,3,0
13344,125108,777,2,90,1
20473,125108,777,2,90,1
21529,125108,777,2,90,1
23968,125108,777,2,77,1
24626,125108,777,2,13,0
26408,125108,777,2,12,0
51223,125108,777,2,12,0
51423,125108,777,2,90,1
108096,125108,777,2,90,1
133169,125108,777,2,1,0
3756,125108,777,15,25,0
10439,125108,777,15,88,1
14238,125108,777,15,1,0
15259,125108,777,15,83,1
16035,125108,777,15,90,1
16723,125108,777,15,90,1
23702,125108,777,15,90,1
23811,125108,777,15,90,1
50623,125108,777,15,1,0
51593,125108,777,15,90,1
98300,125108,777,15,64,1
108816,125108,777,15,90,1
115172,125108,777,15,6,0
139648,125108,777,15,90,1
304123,125108,777,15,88,1
10443,125109,777,21,90,1
19858,125109,777,21,29,0
21887,125109,777,21,84,1
24630,125109,777,21,60,1
25892,125109,777,21,20,0
32229,125109,777,21,90,1
51185,125109,777,21,90,1
66635,125109,777,21,69,1
69274,125109,777,21,5,0
75582,125109,777,21,90,1
76614,125109,777,21,29,0
117318,125109,777,21,29,0
117596,125109,777,21,60,1
123998,125109,777,21,90,1
126824,125109,777,21,90,1
133603,125109,777,21,60,1
10361,125109,777,29,90,1
12136,125109,777,29,90,1
51199,125109,777,29,81,1
52989,125109,777,29,1,0
63733,125109,777,29,90,1
66659,125109,777,29,90,1
67784,125109,777,29,90,1
75692,125109,777,29,90,1
118633,125109,777,29,8,0
119614,125109,777,29,81,1
122126,125109,777,29,8,0
124944,125109,777,29,90,1
126110,125109,777,29,90,1
138104,125109,777,29,90,1
4979,125110,777,25,12,0
8454,125110,777,25,8,0
8868,125110,777,25,90,1
13815,125110,777,25,90,1
25183,125110,777,25,90,1
32638,125110,777,25,90,1
54893,125110,777,25,90,1
63257,125110,777,25,81,1
65961,125110,777,25,77,1
66560,125110,777,25,12,0
118083,125110,777,25,90,1
119072,125110,777,25,84,1
122005,125110,777,25,5,0
145347,125110,777,25,90,1
304595,125110,777,25,77,1
9199,125110,777,38,70,1
14830,125110,777,38,60,1
15715,125110,777,38,90,1
20337,125110,777,38,19,0
43010,125110,777,38,90,1
66692,125110,777,38,90,1
108877,125110,777,38,90,1
108947,125110,777,38,29,0
111988,125110,777,38,90,1
115114,125110,777,38,70,1
115371,125110,777,38,19,0
126108,125110,777,38,60,1
129740,125110,777,38,5,0
133679,125110,777,38,84,1
143214,125110,777,38,90,1
145492,125110,777,38,29,0
4115,125111,777,2,69,1
4245,125111,777,2,90,1
5758,125111,777,2,20,0
5865,125111,777,2,90,1
8658,125111,777,2,79,1
8900,125111,777,2,90,1
13274,125111,777,2,90,1
13286,125111,777,2,10,0
13344,125111,777,2,90,1
14801,125111,777,2,10,0
23968,125111,777,2,90,1
26408,125111,777,2,20,0
51223,125111,777,2,69,1
51423,125111,777,2,79,1
108096,125111,777,2,90,1
10361,125111,777,29,90,1
12136,125111,777,29,90,1
19864,125111,777,29,27,0
51199,125111,777,29,90,1
52989,125111,777,29,6,0
63733,125111,777,29,62,1
66659,125111,777,29,62,1
67784,125111,777,29,83,1
75692,125111,777,29,90,1
118633,125111,777,29,27,0
119614,125111,777,29,62,1
122126,125111,777,29,27,0
124944,125111,777,29,90,1
126110,125111,777,29,90,1
138104,125111,777,29,90,1
3894,125112,777,34,80,1
4717,125112,777,34,42,1
4985,125112,777,34,90,1
6712,125112,777,34,90,1
11071,125112,777,34,23,0
13961,125112,777,34,90,1
14445,125112,777,34,66,1
14624,125112,777,34,9,0
14656,125112,777,34,80,1
16044,125112,777,34,90,1
23793,125112,777,34,90,1
26151,125112,777,34,90,1
53063,125112,777,34,47,0
66657,125112,777,34,9,0
117763,125112,777,34,66,1
128976,125112,777,34,23,0
14723,125112,777,130,90,1
24369,125112,777,130,90,1
24659,125112,777,130,90,1
49726,125112,777,130,90,1
49731,125112,777,130,90,1
65987,125112,777,130,90,1
124052,125112,777,130,90,1
127594,125112,777,130,90,1
128891,125112,777,130,90,1
133460,125112,777,130,90,1
133890,125112,777,130,90,1
14538,125113,777,4,180,1
14575,125113,777,4,99,1
21998,125113,777,4,180,1
27277,125113,777,4,180,1
49293,125113,777,4,90,1
51813,125113,777,4,161,1
63741,125113,777,4,177,1
66284,125113,777,4,125,1
68827,125113,777,4,170,1
68987,125113,777,4,119,0
99282,125113,777,4,74,1
112203,125113,777,4,180,1
115151,125113,777,4,17,0
119041,125113,777,4,180,1
125075,125113,777,4,10,0
130068,125113,777,4,18,0
304474,125113,777,4,15,1
4608,125113,777,12,90,1
5793,125113,777,12,90,1
14580,125113,777,12,9,0
23396,125113,777,12,90,1
24252,125113,777,12,90,1
33245,125113,777,12,90,1
50848,125113,777,12,3,0
51202,125113,777,12,80,1
66036,125113,777,12,79,1
66360,125113,777,12,86,1
67910,125113,777,12,90,1
69176,125113,777,12,10,0
108936,125113,777,12,90,1
133114,125113,777,12,90,1
8589,125114,777,6,58,1
13988,125114,777,6,90,1
20874,125114,777,6,31,0
24334,125114,777,6,90,1
35670,125114,777,6,58,1
37776,125114,777,6,90,1
49374,125114,777,6,77,1
49759,125114,777,6,31,0
49796,125114,777,6,31,0
50842,125114,777,6,90,1
76104,125114,777,6,90,1
76353,125114,777,6,90,1
109117,125114,777,6,58,1
138981,125114,777,6,12,0
147312,125114,777,6,90,1
8454,125114,777,25,15,0
8868,125114,777,25,90,1
13815,125114,777,25,90,1
25183,125114,777,25,90,1
32638,125114,777,25,90,1
54893,125114,777,25,90,1
63257,125114,777,25,83,1
65961,125114,777,25,90,1
118083,125114,777,25,90,1
119072,125114,777,25,90,1
140223,125114,777,25,6,0
145347,125114,777,25,90,1
304595,125114,777,25,74,1
4333,125115,777,7,3,0
4640,125115,777,7,90,1
8143,125115,777,7,90,1
12582,125115,777,7,90,1
14706,125115,777,7,90,1
23841,125115,777,7,90,1
24797,125115,777,7,79,1
24983,125115,777,7,90,1
31936,125115,777,7,90,1
66318,125115,777,7,86,1
112589,125115,777,7,90,1
118442,125115,777,7,10,0
126789,125115,777,7,72,1
143922,125115,777,7,17,0
5140,125115,777,10,90,1
5178,125115,777,10,90,1
10458,125115,777,10,85,1
10479,125115,777,10,32,0
19919,125115,777,10,6,0
21737,125115,777,10,71,1
23593,125115,777,10,90,1
23815,125115,777,10,90,1
32894,125115,777,10,83,1
33231,125115,777,10,90,1
49909,125115,777,10,90,1
63633,125115,777,10,6,0
75382,125115,777,10,83,1
116496,125115,777,10,57,1
116665,125115,777,10,4,0
134796,125115,777,10,18,0
9251,125116,777,9,180,1
9576,125116,777,9,180,1
13515,125116,777,9,180,1
13796,125116,777,9,46,0
14608,125116,777,9,135,1
14807,125116,777,9,27,0
14897,125116,777,9,7,0
19731,125116,777,9,180,1
33124,125116,777,9,180,1
33162,125116,777,9,129,1
50151,125116,777,9,153,1
50643,125116,777,9,1,0
63289,125116,777,9,160,1
68676,125116,777,9,49,0
75543,125116,777,9,180,1
115255,125116,777,9,12,0
126426,125116,777,9,178,1
9199,125116,777,38,90,1
14830,125116,777,38,37,1
20337,125116,777,38,15,0
43010,125116,777,38,90,1
66692,125116,777,38,90,1
92635,125116,777,38,90,1
108877,125116,777,38,74,1
108947,125116,777,38,23,0
111988,125116,777,38,45,1
126108,125116,777,38,66,1
133679,125116,777,38,90,1
143214,125116,777,38,90,1
145492,125116,777,38,52,0
147032,125116,777,38,45,0
7975,125117,777,1,90,1
11419,125117,777,1,90,1
14548,125117,777,1,16,0
15202,125117,777,1,90,1
20486,125117,777,1,16,0
20810,125117,777,1,90,1
21584,125117,777,1,73,1
32728,125117,777,1,6,0
50234,125117,777,1,90,1
64523,125117,777,1,83,1
66104,125117,777,1,45,0
66204,125117,777,1,90,1
67407,125117,777,1,45,1
118077,125117,777,1,90,1
119476,125117,777,1,73,1
4499,125117,777,11,1,0
5067,125117,777,11,180,1
14569,125117,777,11,180,1
14805,125117,777,11,5,0
16286,125117,777,11,87,1
22857,125117,777,11,180,1
25474,125117,777,11,154,1
54156,125117,777,11,177,1
65970,125117,777,11,180,1
67849,125117,777,11,27,0
68150,125117,777,11,174,1
71432,125117,777,11,64,1
76204,125117,777,11,180,1
112948,125117,777,11,180,1
126943,125117,777,11,27,0
137371,125117,777,11,180,1
3905,125118,777,23,45,0
8707,125118,777,23,16,0
9662,125118,777,23,28,0
13703,125118,777,23,90,1
14716,125118,777,23,90,1
19888,125118,777,23,61,1
49259,125118,777,23,61,1
49495,125118,777,23,73,1
49908,125118,777,23,90,1
71623,125118,777,23,85,1
74761,125118,777,23,28,0
108922,125118,777,23,45,1
114590,125118,777,23,90,1
115256,125118,777,23,4,0
117647,125118,777,23,90,1
124462,125118,777,23,90,1
13706,125118,777,127,90,1
14846,125118,777,127,178,1
15572,125118,777,127,136,1
16582,125118,777,127,1,0
33032,125118,777,127,178,1
42894,125118,777,127,42,0
51942,125118,777,127,180,1
54989,125118,777,127,180,1
74965,125118,777,127,180,1
74976,125118,777,127,180,1
118080,125118,777,127,17,0
119381,125118,777,127,180,1
121972,125118,777,127,12,0
134234,125118,777,127,100,1
134403,125118,777,127,180,1
135304,125118,777,127,2,0
137832,125118,777,127,137,1
3756,125119,777,15,75,1
10439,125119,777,15,90,1
14238,125119,777,15,14,0
15259,125119,777,15,88,1
16035,125119,777,15,90,1
16723,125119,777,15,90,1
23811,125119,777,15,90,1
51593,125119,777,15,90,1
67510,125119,777,15,2,0
98300,125119,777,15,87,1
108816,125119,777,15,90,1
115172,125119,777,15,1,0
138137,125119,777,15,45,1
139648,125119,777,15,41,1
304123,125119,777,15,45,0
304238,125119,777,15,48,0
3955,125119,777,43,180,1
4617,125119,777,43,180,1
6451,125119,777,43,180,1
8127,125119,777,43,93,1
15139,125119,777,43,66,1
19831,125119,777,43,14,0
31442,125119,777,43,14,0
50460,125119,777,43,168,1
51498,125119,777,43,81,1
63851,125119,777,43,90,1
64282,125119,777,43,44,0
74960,125119,777,43,75,1
74964,125119,777,43,78,1
75735,125119,777,43,164,1
75883,125119,777,43,3,0
124531,125119,777,43,180,1
127393,125119,777,43,180,1
128456,125119,777,43,180,1
10443,125120,777,21,90,1
19858,125120,777,21,23,0
21887,125120,777,21,75,1
22802,125120,777,21,66,1
23764,125120,777,21,14,0
25892,125120,777,21,90,1
32229,125120,777,21,90,1
50245,125120,777,21,56,1
51185,125120,777,21,56,1
69274,125120,777,21,90,1
75582,125120,777,21,90,1
76614,125120,777,21,33,0
117596,125120,777,21,33,0
123998,125120,777,21,90,1
126824,125120,777,21,75,1
133603,125120,777,21,14,0
3452,125120,777,131,81,1
4874,125120,777,131,45,0
14671,125120,777,131,16,0
20505,125120,777,131,180,1
22542,125120,777,131,180,1
50727,125120,777,131,180,1
51830,125120,777,131,97,1
67928,125120,777,131,28,0
72239,125120,777,131,135,1
75709,125120,777,131,180,1
76090,125120,777,131,180,1
112739,125120,777,131,164,1
117732,125120,777,131,135,1
124396,125120,777,131,90,1
134333,125120,777,131,89,1
136175,125120,777,131,166,1
143240,125120,777,131,19,1
145043,125120,777,131,8,0
7975,125121,777,1,90,1
11419,125121,777,1,90,1
14548,125121,777,1,90,1
15202,125121,777,1,90,1
20810,125121,777,1,33,1
21584,125121,777,1,52,1
32728,125121,777,1,56,0
49481,125121,777,1,9,0
50234,125121,777,1,90,1
64523,125121,777,1,80,1
66104,125121,777,1,37,0
66204,125121,777,1,90,1
67407,125121,777,1,80,1
114564,125121,777,1,9,0
118077,125121,777,1,90,1
8707,125121,777,23,90,1
9662,125121,777,23,65,1
10079,125121,777,23,90,1
14446,125121,777,23,85,1
14716,125121,777,23,24,0
19888,125121,777,23,90,1
49259,125121,777,23,4,0
49908,125121,777,23,90,1
71623,125121,777,23,90,1
74761,125121,777,23,74,1
114590,125121,777,23,65,1
115256,125121,777,23,15,0
117497,125121,777,23,24,0
117647,125121,777,23,90,1
124462,125121,777,23,90,1
9251,125122,777,9,180,1
9576,125122,777,9,180,1
13515,125122,777,9,180,1
13796,125122,777,9,46,0
14608,125122,777,9,135,1
14807,125122,777,9,27,0
14897,125122,777,9,7,0
19731,125122,777,9,180,1
33124,125122,777,9,180,1
33162,125122,777,9,129,1
50151,125122,777,9,153,1
50643,125122,777,9,1,0
63289,125122,777,9,160,1
68676,125122,777,9,49,0
75543,125122,777,9,180,1
115255,125122,777,9,12,0
126426,125122,777,9,178,1
13706,125122,777,127,90,1
14846,125122,777,127,178,1
15572,125122,777,127,136,1
16582,125122,777,127,1,0
33032,125122,777,127,178,1
42894,125122,777,127,42,0
51942,125122,777,127,180,1
54989,125122,777,127,180,1
74965,125122,777,127,180,1
74976,125122,777,127,180,1
118080,125122,777,127,17,0
119381,125122,777,127,180,1
121972,125122,777,127,12,0
134234,125122,777,127,100,1
134403,125122,777,127,180,1
135304,125122,777,127,2,0
137832,125122,777,127,137,1
14538,125123,777,4,180,1
14575,125123,777,4,99,1
21998,125123,777,4,180,1
27277,125123,777,4,180,1
49293,125123,777,4,90,1
51813,125123,777,4,161,1
63741,125123,777,4,177,1
66284,125123,777,4,125,1
68827,125123,777,4,170,1
68987,125123,777,4,119,0
99282,125123,777,4,74,1
112203,125123,777,4,180,1
115151,125123,777,4,17,0
119041,125123,777,4,180,1
125075,125123,777,4,10,0
130068,125123,777,4,18,0
304474,125123,777,4,15,1
3452,125123,777,131,81,1
4874,125123,777,131,45,0
14671,125123,777,131,16,0
20505,125123,777,131,180,1
22542,125123,777,131,180,1
50727,125123,777,131,180,1
51830,125123,777,131,97,1
67928,125123,777,131,28,0
72239,125123,777,131,135,1
75709,125123,777,131,180,1
76090,125123,777,131,180,1
112739,125123,777,131,164,1
117732,125123,777,131,135,1
124396,125123,777,131,90,1
134333,125123,777,131,89,1
136175,125123,777,131,166,1
143240,125123,777,131,19,1
145043,125123,777,131,8,0
4499,125124,777,11,1,0
5067,125124,777,11,180,1
14569,125124,777,11,180,1
14805,125124,777,11,5,0
16286,125124,777,11,87,1
22857,125124,777,11,180,1
25474,125124,777,11,154,1
54156,125124,777,11,177,1
65970,125124,777,11,180,1
67849,125124,777,11,27,0
68150,125124,777,11,174,1
71432,125124,777,11,64,1
76204,125124,777,11,180,1
112948,125124,777,11,180,1
126943,125124,777,11,27,0
137371,125124,777,11,180,1
3955,125124,777,43,180,1
4617,125124,777,43,180,1
6451,125124,777,43,180,1
8127,125124,777,43,93,1
15139,125124,777,43,66,1
19831,125124,777,43,14,0
31442,125124,777,43,14,0
50460,125124,777,43,168,1
51498,125124,777,43,81,1
63851,125124,777,43,90,1
64282,125124,777,43,44,0
74960,125124,777,43,75,1
74964,125124,777,43,78,1
75735,125124,777,43,164,1
75883,125124,777,43,3,0
124531,125124,777,43,180,1
127393,125124,777,43,180,1
128456,125124,777,43,180,1
4115,125125,777,2,16,0
4245,125125,777,2,90,1
5758,125125,777,2,90,1
5865,125125,777,2,73,1
8658,125125,777,2,79,1
13274,125125,777,2,90,1
13286,125125,777,2,10,0
13344,125125,777,2,90,1
14801,125125,777,2,16,0
20489,125125,777,2,16,0
21529,125125,777,2,90,1
23968,125125,777,2,90,1
24626,125125,777,2,16,0
26408,125125,777,2,73,1
51423,125125,777,2,73,1
107846,125125,777,2,73,1
4985,125125,777,34,90,1
6712,125125,777,34,90,1
11071,125125,777,34,65,1
13961,125125,777,34,90,1
14445,125125,777,34,75,1
14624,125125,777,34,9,0
14656,125125,777,34,80,1
16044,125125,777,34,90,1
21614,125125,777,34,90,1
23793,125125,777,34,90,1
26151,125125,777,34,90,1
53063,125125,777,34,75,1
66657,125125,777,34,14,0
117763,125125,777,34,24,0
128976,125125,777,34,14,0
13988,125126,777,6,90,1
20118,125126,777,6,45,0
20874,125126,777,6,69,1
24334,125126,777,6,45,1
35670,125126,777,6,20,0
49374,125126,777,6,58,1
49759,125126,777,6,90,1
49796,125126,777,6,90,1
50842,125126,777,6,90,1
69595,125126,777,6,90,1
76104,125126,777,6,90,1
76353,125126,777,6,90,1
109117,125126,777,6,31,0
147312,125126,777,6,90,1
5140,125126,777,10,90,1
5178,125126,777,10,58,1
10458,125126,777,10,86,1
10479,125126,777,10,90,1
10651,125126,777,10,3,0
19919,125126,777,10,31,0
21737,125126,777,10,78,1
23593,125126,777,10,90,1
23815,125126,777,10,86,1
32894,125126,777,10,90,1
33231,125126,777,10,90,1
49909,125126,777,10,11,0
63633,125126,777,10,90,1
75382,125126,777,10,90,1
116665,125126,777,10,3,0
4608,125127,777,12,72,1
5793,125127,777,12,90,1
9566,125127,777,12,90,1
14580,125127,777,12,16,0
23396,125127,777,12,90,1
24252,125127,777,12,90,1
33245,125127,777,12,45,0
50848,125127,777,12,2,0
66036,125127,777,12,87,1
66360,125127,777,12,73,1
67910,125127,777,12,90,1
69176,125127,777,12,45,1
108936,125127,777,12,90,1
118591,125127,777,12,17,0
133114,125127,777,12,90,1
14450,125127,777,130,17,0
14723,125127,777,130,90,1
24369,125127,777,130,90,1
24659,125127,777,130,90,1
49726,125127,777,130,90,1
49731,125127,777,130,90,1
65987,125127,777,130,90,1
124052,125127,777,130,90,1
127594,125127,777,130,72,1
128891,125127,777,130,90,1
133460,125127,777,130,90,1
133890,125127,777,130,90,1
3756,125128,777,15,87,1
10439,125128,777,15,90,1
14238,125128,777,15,23,0
15259,125128,777,15,90,1
15340,125128,777,15,2,0
16035,125128,777,15,90,1
16723,125128,777,15,90,1
23811,125128,777,15,90,1
51593,125128,777,15,90,1
67510,125128,777,15,40,0
76426,125128,777,15,23,0
98300,125128,777,15,66,1
108816,125128,777,15,45,1
115172,125128,777,15,45,0
304123,125128,777,15,66,1
304238,125128,777,15,49,1
12136,125128,777,29,90,1
19864,125128,777,29,90,1
51199,125128,777,29,90,1
52989,125128,777,29,25,0
63733,125128,777,29,45,0
66659,125128,777,29,90,1
67784,125128,777,29,90,1
75692,125128,777,29,90,1
119614,125128,777,29,45,1
122126,125128,777,29,90,1
124944,125128,777,29,90,1
126110,125128,777,29,64,1
138104,125128,777,29,90,1
4333,125129,777,7,90,1
4640,125129,777,7,90,1
8143,125129,777,7,90,1
12582,125129,777,7,85,1
14706,125129,777,7,90,1
23841,125129,777,7,90,1
24797,125129,777,7,64,1
24983,125129,777,7,90,1
31936,125129,777,7,90,1
66538,125129,777,7,25,0
112589,125129,777,7,64,1
118442,125129,777,7,25,0
133612,125129,777,7,4,0
143922,125129,777,7,90,1
8454,125129,777,25,9,0
8868,125129,777,25,90,1
13815,125129,777,25,90,1
25183,125129,777,25,90,1
32638,125129,777,25,90,1
54893,125129,777,25,90,1
63257,125129,777,25,78,1
63656,125129,777,25,1,0
65961,125129,777,25,90,1
66560,125129,777,25,11,0
118083,125129,777,25,90,1
119072,125129,777,25,90,1
145347,125129,777,25,90,1
304595,125129,777,25,80,1
10443,125130,777,21,39,1
19858,125130,777,21,28,0
21887,125130,777,21,90,1
22802,125130,777,21,90,1
23764,125130,777,21,90,1
24630,125130,777,21,50,0
25892,125130,777,21,90,1
32229,125130,777,21,90,1
50245,125130,777,21,61,1
51185,125130,777,21,45,1
69070,125130,777,21,1,0
69274,125130,777,21,62,1
75582,125130,777,21,90,1
76614,125130,777,21,45,0
123998,125130,777,21,90,1
133603,125130,777,21,27,0
4229,125130,777,38,84,1
9199,125130,777,38,90,1
15715,125130,777,38,90,1
20337,125130,777,38,5,0
43010,125130,777,38,90,1
66692,125130,777,38,90,1
92635,125130,777,38,90,1
108947,125130,777,38,70,1
111988,125130,777,38,4,0
115371,125130,777,38,19,0
133679,125130,777,38,90,1
136815,125130,777,38,1,0
143214,125130,777,38,90,1
145492,125130,777,38,90,1
147032,125130,777,38,85,1
7975,125131,777,1,90,1
14548,125131,777,1,82,1
15202,125131,777,1,63,1
19680,125131,777,1,26,0
20486,125131,777,1,90,1
21584,125131,777,1,77,1
32728,125131,777,1,63,1
49481,125131,777,1,45,1
50234,125131,777,1,90,1
64523,125131,777,1,26,0
66204,125131,777,1,90,1
67407,125131,777,1,45,0
69914,125131,777,1,90,1
114564,125131,777,1,90,1
119476,125131,777,1,7,0
141181,125131,777,1,12,0
3894,125131,777,34,26,0
4818,125131,777,34,63,1
4985,125131,777,34,90,1
6712,125131,777,34,90,1
11071,125131,777,34,72,1
13961,125131,777,34,63,1
14445,125131,777,34,77,1
14624,125131,777,34,90,1
16044,125131,777,34,90,1
23793,125131,777,34,90,1
26151,125131,777,34,90,1
53063,125131,777,34,63,1
66657,125131,777,34,26,0
117763,125131,777,34,17,0
128976,125131,777,34,26,0
144894,125131,777,34,12,0
4115,125132,777,2,84,1
4245,125132,777,2,90,1
5066,125132,777,2,90,1
5865,125132,777,2,90,1
8658,125132,777,2,30,0
8900,125132,777,2,90,1
13286,125132,777,2,59,1
13344,125132,777,2,90,1
14801,125132,777,2,84,1
20489,125132,777,2,5,0
23968,125132,777,2,90,1
26408,125132,777,2,5,0
51223,125132,777,2,90,1
107846,125132,777,2,90,1
19858,125132,777,21,90,1
21887,125132,777,21,90,1
22802,125132,777,21,66,1
23764,125132,777,21,23,0
24630,125132,777,21,90,1
25892,125132,777,21,90,1
32229,125132,777,21,90,1
50245,125132,777,21,23,0
51185,125132,777,21,66,1
75582,125132,777,21,90,1
76614,125132,777,21,90,1
117318,125132,777,21,1,0
123998,125132,777,21,90,1
126824,125132,777,21,90,1
133603,125132,777,21,1,0
13988,125133,777,6,90,1
20874,125133,777,6,25,0
24334,125133,777,6,45,0
35670,125133,777,6,64,1
37776,125133,777,6,90,1
49374,125133,777,6,90,1
49759,125133,777,6,45,1
49796,125133,777,6,45,0
50842,125133,777,6,14,0
69595,125133,777,6,45,0
76104,125133,777,6,90,1
76353,125133,777,6,45,1
109117,125133,777,6,45,1
110549,125133,777,6,75,1
138981,125133,777,6,90,1
147312,125133,777,6,90,1
13706,125133,777,127,20,0
14846,125133,777,127,85,1
15572,125133,777,127,21,0
16582,125133,777,127,10,0
33032,125133,777,127,79,1
42894,125133,777,127,68,1
51942,125133,777,127,90,1
54989,125133,777,127,90,1
74965,125133,777,127,90,1
74976,125133,777,127,90,1
118080,125133,777,127,4,0
119381,125133,777,127,90,1
121972,125133,777,127,4,0
134234,125133,777,127,85,1
134403,125133,777,127,90,1
137832,125133,777,127,69,1
4979,125134,777,25,16,0
8454,125134,777,25,25,0
8868,125134,777,25,87,1
13815,125134,777,25,64,1
14164,125134,777,25,25,0
25183,125134,777,25,90,1
32638,125134,777,25,90,1
54893,125134,777,25,90,1
63257,125134,777,25,64,1
65961,125134,777,25,87,1
117579,125134,777,25,2,0
118083,125134,777,25,90,1
119072,125134,777,25,90,1
122005,125134,777,25,2,0
145347,125134,777,25,73,1
304595,125134,777,25,90,1
14457,125134,777,130,1,0
14723,125134,777,130,90,1
20113,125134,777,130,10,0
24369,125134,777,130,90,1
24659,125134,777,130,90,1
49726,125134,777,130,90,1
49731,125134,777,130,90,1
65987,125134,777,130,90,1
115166,125134,777,130,1,0
124052,125134,777,130,90,1
127594,125134,777,130,79,1
128891,125134,777,130,90,1
129443,125134,777,130,1,0
133460,125134,777,130,90,1
133890,125134,777,130,89,1
13549,125135,777,4,45,1
14538,125135,777,4,66,1
14575,125135,777,4,90,1
27277,125135,777,4,90,1
49293,125135,777,4,90,1
51229,125135,777,4,45,0
51813,125135,777,4,45,0
63741,125135,777,4,90,1
68827,125135,777,4,90,1
72371,125135,777,4,90,1
75989,125135,777,4,24,0
99282,125135,777,4,57,1
112203,125135,777,4,90,1
133245,125135,777,4,32,0
135830,125135,777,4,45,1
3756,125135,777,15,24,0
14238,125135,777,15,90,1
15259,125135,777,15,20,0
15340,125135,777,15,90,1
16035,125135,777,15,45,0
16723,125135,777,15,90,1
23811,125135,777,15,45,0
49270,125135,777,15,90,1
51593,125135,777,15,45,0
67510,125135,777,15,90,1
76426,125135,777,15,90,1
98300,125135,777,15,10,0
115172,125135,777,15,45,1
117754,125135,777,15,45,1
138137,125135,777,15,79,1
304123,125135,777,15,45,1
304238,125135,777,15,45,1
4333,125136,777,7,90,1
4640,125136,777,7,90,1
8143,125136,777,7,90,1
14706,125136,777,7,90,1
23841,125136,777,7,90,1
24983,125136,777,7,90,1
31936,125136,777,7,90,1
66538,125136,777,7,90,1
74585,125136,777,7,1,0
112589,125136,777,7,90,1
126789,125136,777,7,63,1
128411,125136,777,7,90,1
133612,125136,777,7,1,0
134286,125136,777,7,1,0
143922,125136,777,7,26,0
5067,125136,777,11,86,1
12520,125136,777,11,15,0
14569,125136,777,11,90,1
14805,125136,777,11,16,0
22857,125136,777,11,90,1
25474,125136,777,11,74,1
54156,125136,777,11,90,1
65970,125136,777,11,90,1
67849,125136,777,11,74,1
68150,125136,777,11,90,1
76204,125136,777,11,90,1
76216,125136,777,11,3,0
112948,125136,777,11,90,1
137371,125136,777,11,90,1
9251,125137,777,9,90,1
9576,125137,777,9,90,1
13515,125137,777,9,90,1
13796,125137,777,9,90,1
13797,125137,777,9,1,0
14608,125137,777,9,90,1
14807,125137,777,9,25,0
14897,125137,777,9,18,0
19731,125137,777,9,90,1
33124,125137,777,9,90,1
33162,125137,777,9,64,1
50151,125137,777,9,90,1
63289,125137,777,9,18,0
68676,125137,777,9,1,0
116888,125137,777,9,71,1
126426,125137,777,9,71,1
3955,125137,777,43,90,1
4617,125137,777,43,64,1
6451,125137,777,43,90,1
8127,125137,777,43,53,1
31442,125137,777,43,14,0
50460,125137,777,43,90,1
51498,125137,777,43,75,1
63851,125137,777,43,25,0
68593,125137,777,43,36,0
74964,125137,777,43,90,1
75735,125137,777,43,75,1
124531,125137,777,43,90,1
127393,125137,777,43,64,1
128449,125137,777,43,14,0
128456,125137,777,43,90,1
137462,125137,777,43,25,0
5140,125138,777,10,90,1
10458,125138,777,10,58,1
10479,125138,777,10,90,1
15802,125138,777,10,3,0
19919,125138,777,10,74,1
23593,125138,777,10,86,1
23815,125138,777,10,90,1
32894,125138,777,10,90,1
33231,125138,777,10,90,1
49909,125138,777,10,90,1
63633,125138,777,10,90,1
75382,125138,777,10,90,1
116665,125138,777,10,31,0
134796,125138,777,10,15,0
4608,125138,777,12,90,1
5793,125138,777,12,90,1
9566,125138,777,12,90,1
23396,125138,777,12,90,1
24252,125138,777,12,90,1
50848,125138,777,12,3,0
51202,125138,777,12,86,1
66036,125138,777,12,45,1
66360,125138,777,12,74,1
67910,125138,777,12,90,1
69176,125138,777,12,45,0
108936,125138,777,12,90,1
118591,125138,777,12,1,0
133114,125138,777,12,90,1
146567,125138,777,12,15,0
8707,125139,777,23,90,1
9662,125139,777,23,67,1
10079,125139,777,23,90,1
14446,125139,777,23,67,1
14716,125139,777,23,22,0
19888,125139,777,23,1,0
20607,125139,777,23,90,1
49908,125139,777,23,90,1
71623,125139,777,23,90,1
74761,125139,777,23,90,1
108922,125139,777,23,22,0
114590,125139,777,23,67,1
117497,125139,777,23,22,0
117647,125139,777,23,90,1
124462,125139,777,23,90,1
3452,125139,777,131,80,1
4874,125139,777,131,62,0
8163,125139,777,131,2,0
20505,125139,777,131,90,1
22542,125139,777,131,90,1
50727,125139,777,131,90,1
51830,125139,777,131,10,0
67928,125139,777,131,9,0
72239,125139,777,131,17,1
75709,125139,777,131,90,1
76090,125139,777,131,90,1
112739,125139,777,131,87,1
117732,125139,777,131,90,1
124396,125139,777,131,79,1
136175,125139,777,131,90,1
145043,125139,777,131,10,0
12136,125140,777,29,90,1
19864,125140,777,29,23,1
51199,125140,777,29,90,1
51609,125140,777,29,18,0
52989,125140,777,29,18,0
63733,125140,777,29,71,1
66659,125140,777,29,90,1
67784,125140,777,29,71,1
75692,125140,777,29,90,1
118633,125140,777,29,90,1
122126,125140,777,29,90,1
124944,125140,777,29,71,1
126110,125140,777,29,18,0
138104,125140,777,29,90,1
9199,125140,777,38,90,1
14830,125140,777,38,12,0
43010,125140,777,38,90,1
66692,125140,777,38,77,1
92635,125140,777,38,90,1
108947,125140,777,38,45,0
115114,125140,777,38,90,1
115371,125140,777,38,90,1
129740,125140,777,38,1,0
133679,125140,777,38,90,1
143214,125140,777,38,90,1
145492,125140,777,38,90,1
147032,125140,777,38,45,1
9199,125141,777,38,90,1
14830,125141,777,38,1,0
20337,125141,777,38,88,1
43010,125141,777,38,90,1
66692,125141,777,38,45,1
92635,125141,777,38,90,1
108947,125141,777,38,23,0
115114,125141,777,38,90,1
115371,125141,777,38,1,0
126108,125141,777,38,23,0
133679,125141,777,38,88,1
136815,125141,777,38,45,0
143214,125141,777,38,90,1
145492,125141,777,38,66,1
147032,125141,777,38,66,1
3452,125141,777,131,75,1
4874,125141,777,131,32,0
8163,125141,777,131,90,1
8171,125141,777,131,2,0
22542,125141,777,131,90,1
50727,125141,777,131,90,1
51830,125141,777,131,14,0
67928,125141,777,131,87,1
75709,125141,777,131,90,1
76090,125141,777,131,90,1
112739,125141,777,131,87,1
117732,125141,777,131,57,1
124396,125141,777,131,75,1
134333,125141,777,131,14,0
136175,125141,777,131,90,1
145043,125141,777,131,2,0
4115,125142,777,2,79,1
4245,125142,777,2,90,1
5066,125142,777,2,73,1
5758,125142,777,2,16,0
5865,125142,777,2,90,1
8658,125142,777,2,90,1
8900,125142,777,2,90,1
13274,125142,777,2,90,1
13344,125142,777,2,79,1
20489,125142,777,2,5,0
23968,125142,777,2,90,1
24626,125142,777,2,10,0
26408,125142,777,2,16,0
51223,125142,777,2,73,1
51423,125142,777,2,84,1
107846,125142,777,2,10,0
3955,125142,777,43,90,1
4617,125142,777,43,3,0
8127,125142,777,43,11,0
13559,125142,777,43,90,1
19831,125142,777,43,3,0
50460,125142,777,43,87,1
63851,125142,777,43,86,1
64282,125142,777,43,21,0
68593,125142,777,43,68,1
74960,125142,777,43,78,1
74964,125142,777,43,90,1
75735,125142,777,43,79,1
122056,125142,777,43,90,1
124531,125142,777,43,90,1
128449,125142,777,43,11,0
137462,125142,777,43,90,1
4604,125143,777,6,8,0
8589,125143,777,6,59,1
13988,125143,777,6,180,1
20874,125143,777,6,84,1
24334,125143,777,6,180,1
35670,125143,777,6,94,1
37776,125143,777,6,100,1
49374,125143,777,6,153,1
49759,125143,777,6,105,1
49796,125143,777,6,120,1
50842,125143,777,6,180,1
69595,125143,777,6,120,1
76104,125143,777,6,180,1
76353,125143,777,6,171,1
109117,125143,777,6,59,1
147312,125143,777,6,180,1
4333,125143,777,7,90,1
4640,125143,777,7,90,1
8143,125143,777,7,90,1
14706,125143,777,7,90,1
23841,125143,777,7,90,1
24983,125143,777,7,90,1
31936,125143,777,7,90,1
66538,125143,777,7,90,1
112589,125143,777,7,90,1
118442,125143,777,7,10,0
126789,125143,777,7,69,1
128411,125143,777,7,79,1
133612,125143,777,7,1,0
143922,125143,777,7,20,0
3894,125144,777,34,75,1
4985,125144,777,34,90,1
6712,125144,777,34,82,1
13961,125144,777,34,61,1
14445,125144,777,34,45,1
14624,125144,777,34,90,1
16044,125144,777,34,90,1
23793,125144,777,34,90,1
26151,125144,777,34,51,1
49884,125144,777,34,45,0
53063,125144,777,34,61,1
66657,125144,777,34,28,0
117763,125144,777,34,90,1
121610,125144,777,34,28,0
128976,125144,777,34,14,0
144894,125144,777,34,7,0
3512,125144,777,127,90,1
13706,125144,777,127,11,0
14846,125144,777,127,77,1
15572,125144,777,127,41,1
16582,125144,777,127,11,0
33032,125144,777,127,42,1
42894,125144,777,127,47,0
51942,125144,777,127,90,1
54989,125144,777,127,90,1
74965,125144,777,127,90,1
74976,125144,777,127,90,1
118080,125144,777,127,12,0
134234,125144,777,127,78,1
134403,125144,777,127,90,1
135304,125144,777,127,1,0
137832,125144,777,127,78,1
14571,125145,777,4,27,0
27277,125145,777,4,90,1
49293,125145,777,4,90,1
51229,125145,777,4,90,1
63741,125145,777,4,90,1
66284,125145,777,4,90,1
68827,125145,777,4,90,1
72371,125145,777,4,90,1
75989,125145,777,4,90,1
112203,125145,777,4,90,1
119041,125145,777,4,90,1
133245,125145,777,4,62,1
5140,125145,777,10,90,1
10651,125145,777,10,13,0
15802,125145,777,10,13,0
19919,125145,777,10,90,1
21737,125145,777,10,23,0
23593,125145,777,10,76,1
23815,125145,777,10,90,1
32894,125145,777,10,76,1
33231,125145,777,10,90,1
49909,125145,777,10,90,1
63633,125145,777,10,90,1
116496,125145,777,10,90,1
116665,125145,777,10,90,1
134796,125145,777,10,66,1
4499,125146,777,11,122,1
4505,125146,777,11,8,0
5067,125146,777,11,168,1
12520,125146,777,11,11,0
14569,125146,777,11,180,1
14805,125146,777,11,111,1
22857,125146,777,11,180,1
25474,125146,777,11,180,1
26335,125146,777,11,59,1
54156,125146,777,11,121,1
65970,125146,777,11,90,1
67178,125146,777,11,57,1
68150,125146,777,11,70,1
71432,125146,777,11,90,1
76204,125146,777,11,147,1
76216,125146,777,11,108,1
112948,125146,777,11,90,1
126943,125146,777,11,91,1
137371,125146,777,11,90,1
3712,125146,777,130,11,0
14723,125146,777,130,90,1
20113,125146,777,130,90,1
23194,125146,777,130,29,0
24369,125146,777,130,90,1
24659,125146,777,130,90,1
49726,125146,777,130,90,1
49731,125146,777,130,68,1
115166,125146,777,130,60,1
124052,125146,777,130,90,1
127594,125146,777,130,90,1
128891,125146,777,130,78,1
133460,125146,777,130,90,1
133890,125146,777,130,22,0
3756,125147,777,15,17,0
14238,125147,777,15,45,0
15340,125147,777,15,72,1
16035,125147,777,15,90,1
16723,125147,777,15,90,1
23811,125147,777,15,90,1
49270,125147,777,15,7,0
51593,125147,777,15,90,1
67510,125147,777,15,90,1
76426,125147,777,15,82,1
98300,125147,777,15,26,0
115172,125147,777,15,45,1
127668,125147,777,15,7,0
138137,125147,777,15,63,1
304123,125147,777,15,82,1
304238,125147,777,15,90,1
3905,125147,777,23,1,0
8707,125147,777,23,90,1
9662,125147,777,23,60,1
10079,125147,777,23,90,1
14716,125147,777,23,29,0
19888,125147,777,23,29,0
20607,125147,777,23,90,1
49908,125147,777,23,90,1
71623,125147,777,23,90,1
74761,125147,777,23,90,1
108922,125147,777,23,90,1
114590,125147,777,23,70,1
115256,125147,777,23,60,1
117497,125147,777,23,19,0
124462,125147,777,23,90,1
4608,125148,777,12,90,1
9566,125148,777,12,90,1
14580,125148,777,12,90,1
23396,125148,777,12,90,1
33245,125148,777,12,90,1
50848,125148,777,12,64,1
51202,125148,777,12,90,1
66360,125148,777,12,15,0
67191,125148,777,12,90,1
67910,125148,777,12,90,1
69176,125148,777,12,74,1
108936,125148,777,12,90,1
146567,125148,777,12,25,0
12136,125148,777,29,90,1
25408,125148,777,29,90,1
51199,125148,777,29,90,1
63733,125148,777,29,90,1
66659,125148,777,29,90,1
67784,125148,777,29,90,1
75692,125148,777,29,90,1
115105,125148,777,29,11,0
118633,125148,777,29,78,1
122126,125148,777,29,89,1
124944,125148,777,29,90,1
126920,125148,777,29,1,0
138104,125148,777,29,90,1
9251,125149,777,9,90,1
9576,125149,777,9,90,1
13515,125149,777,9,90,1
13796,125149,777,9,90,1
13797,125149,777,9,62,1
14807,125149,777,9,27,0
14897,125149,777,9,1,0
19731,125149,777,9,90,1
33124,125149,777,9,55,1
35718,125149,777,9,34,0
50151,125149,777,9,90,1
63289,125149,777,9,62,1
68676,125149,777,9,27,0
116888,125149,777,9,90,1
126426,125149,777,9,90,1
8456,125149,777,21,5,0
19858,125149,777,21,90,1
21887,125149,777,21,90,1
22802,125149,777,21,80,1
23764,125149,777,21,5,0
24630,125149,777,21,90,1
25892,125149,777,21,90,1
32229,125149,777,21,90,1
51185,125149,777,21,90,1
75582,125149,777,21,90,1
76614,125149,777,21,84,1
123998,125149,777,21,90,1
126824,125149,777,21,84,1
133603,125149,777,21,9,0
7975,125150,777,1,90,1
11419,125150,777,1,23,0
14548,125150,777,1,27,1
15202,125150,777,1,90,1
20486,125150,777,1,90,1
20810,125150,777,1,23,0
21584,125150,777,1,66,1
32728,125150,777,1,90,1
49481,125150,777,1,79,1
50234,125150,777,1,90,1
64523,125150,777,1,39,0
66204,125150,777,1,90,1
67407,125150,777,1,10,0
69914,125150,777,1,45,1
114564,125150,777,1,90,1
119476,125150,777,1,45,0
8454,125150,777,25,5,0
8868,125150,777,25,90,1
14164,125150,777,25,90,1
25183,125150,777,25,90,1
32638,125150,777,25,90,1
54893,125150,777,25,84,1
63257,125150,777,25,66,1
63656,125150,777,25,90,1
65961,125150,777,25,90,1
118083,125150,777,25,90,1
119072,125150,777,25,90,1
145347,125150,777,25,90,1
304595,125150,777,25,23,0
7975,125151,777,1,90,1
11419,125151,777,1,90,1
15202,125151,777,1,90,1
20486,125151,777,1,90,1
20810,125151,777,1,72,1
21584,125151,777,1,72,1
32728,125151,777,1,17,0
49481,125151,777,1,90,1
50234,125151,777,1,90,1
64523,125151,777,1,1,0
66104,125151,777,1,1,0
66204,125151,777,1,90,1
69914,125151,777,1,71,1
114564,125151,777,1,17,0
118077,125151,777,1,18,0
119476,125151,777,1,90,1
3955,125151,777,43,90,1
4617,125151,777,43,12,0
8127,125151,777,43,19,0
13559,125151,777,43,90,1
19831,125151,777,43,8,0
50460,125151,777,43,90,1
51498,125151,777,43,8,0
63851,125151,777,43,77,1
68593,125151,777,43,69,1
74960,125151,777,43,70,1
74964,125151,777,43,81,1
75735,125151,777,43,90,1
122056,125151,777,43,90,1
124531,125151,777,43,81,1
128449,125151,777,43,20,0
137462,125151,777,43,90,1
4115,125152,777,2,45,0
4245,125152,777,2,90,1
5066,125152,777,2,45,1
5758,125152,777,2,90,1
5865,125152,777,2,89,1
8658,125152,777,2,90,1
13274,125152,777,2,90,1
13344,125152,777,2,90,1
14801,125152,777,2,1,0
21529,125152,777,2,90,1
23968,125152,777,2,90,1
24626,125152,777,2,1,0
26408,125152,777,2,84,1
51223,125152,777,2,5,0
51423,125152,777,2,89,1
5140,125152,777,10,90,1
5178,125152,777,10,16,0
10651,125152,777,10,65,1
15802,125152,777,10,24,0
23593,125152,777,10,90,1
23815,125152,777,10,90,1
32894,125152,777,10,73,1
33231,125152,777,10,90,1
49909,125152,777,10,65,1
63633,125152,777,10,90,1
75382,125152,777,10,24,0
116496,125152,777,10,90,1
116665,125152,777,10,90,1
134796,125152,777,10,90,1
5067,125153,777,11,55,1
12520,125153,777,11,55,1
14569,125153,777,11,90,1
14805,125153,777,11,34,0
16286,125153,777,11,90,1
22857,125153,777,11,90,1
25474,125153,777,11,55,1
54156,125153,777,11,75,1
65970,125153,777,11,90,1
68150,125153,777,11,34,0
76204,125153,777,11,90,1
76216,125153,777,11,14,0
112948,125153,777,11,90,1
126943,125153,777,11,34,0
137371,125153,777,11,90,1
3512,125153,777,127,89,1
10766,125153,777,127,1,0
13706,125153,777,127,6,0
14846,125153,777,127,90,1
16582,125153,777,127,1,0
21519,125153,777,127,14,0
33032,125153,777,127,88,1
42894,125153,777,127,90,1
51942,125153,777,127,90,1
54989,125153,777,127,90,1
74965,125153,777,127,90,1
74976,125153,777,127,90,1
134234,125153,777,127,83,1
134403,125153,777,127,90,1
137832,125153,777,127,75,1
13988,125154,777,6,90,1
20874,125154,777,6,29,0
24334,125154,777,6,90,1
35670,125154,777,6,60,1
37776,125154,777,6,16,0
49374,125154,777,6,45,0
49759,125154,777,6,90,1
49796,125154,777,6,90,1
50842,125154,777,6,29,0
69595,125154,777,6,90,1
72265,125154,777,6,1,0
76104,125154,777,6,60,1
76353,125154,777,6,90,1
109117,125154,777,6,45,1
110549,125154,777,6,73,1
147312,125154,777,6,90,1
3712,125154,777,130,27,0
14457,125154,777,130,1,0
14723,125154,777,130,90,1
20113,125154,777,130,81,1
23194,125154,777,130,62,1
24369,125154,777,130,90,1
24659,125154,777,130,90,1
49726,125154,777,130,62,1
49731,125154,777,130,90,1
65987,125154,777,130,8,0
124052,125154,777,130,90,1
127594,125154,777,130,27,0
128891,125154,777,130,88,1
133460,125154,777,130,90,1
133890,125154,777,130,90,1
14538,125155,777,4,90,1
14575,125155,777,4,16,0
21998,125155,777,4,88,1
27277,125155,777,4,90,1
49293,125155,777,4,88,1
51813,125155,777,4,88,1
63741,125155,777,4,90,1
66284,125155,777,4,80,1
68987,125155,777,4,1,0
112203,125155,777,4,90,1
115151,125155,777,4,1,0
119041,125155,777,4,90,1
122945,125155,777,4,1,0
125075,125155,777,4,73,1
132956,125155,777,4,9,0
133245,125155,777,4,90,1
8456,125155,777,21,21,0
19858,125155,777,21,68,1
21887,125155,777,21,90,1
22802,125155,777,21,90,1
23764,125155,777,21,21,0
24630,125155,777,21,90,1
25892,125155,777,21,90,1
32229,125155,777,21,90,1
51185,125155,777,21,68,1
75582,125155,777,21,90,1
76614,125155,777,21,90,1
117318,125155,777,21,21,0
123998,125155,777,21,90,1
126824,125155,777,21,68,1
3600,125156,777,7,2,0
4333,125156,777,7,90,1
4640,125156,777,7,90,1
8143,125156,777,7,90,1
14706,125156,777,7,90,1
23841,125156,777,7,90,1
24797,125156,777,7,2,0
24983,125156,777,7,90,1
31936,125156,777,7,90,1
66538,125156,777,7,72,1
112589,125156,777,7,87,1
118442,125156,777,7,17,0
126789,125156,777,7,72,1
128411,125156,777,7,87,1
143922,125156,777,7,17,0
10361,125156,777,29,67,0
12136,125156,777,29,90,1
25408,125156,777,29,90,1
51199,125156,777,29,90,1
52989,125156,777,29,13,0
63733,125156,777,29,90,1
66659,125156,777,29,22,1
67784,125156,777,29,76,1
75692,125156,777,29,90,1
115105,125156,777,29,76,1
118633,125156,777,29,30,0
119614,125156,777,29,13,0
122126,125156,777,29,59,1
124944,125156,777,29,76,1
126110,125156,777,29,13,0
138104,125156,777,29,90,1
8945,125157,777,9,1,0
9251,125157,777,9,90,1
9576,125157,777,9,90,1
13515,125157,777,9,90,1
13796,125157,777,9,90,1
13797,125157,777,9,59,1
14807,125157,777,9,30,0
14897,125157,777,9,30,0
19731,125157,777,9,90,1
35718,125157,777,9,90,1
50151,125157,777,9,90,1
50643,125157,777,9,16,0
63289,125157,777,9,59,1
68676,125157,777,9,30,0
116888,125157,777,9,73,1
126426,125157,777,9,59,1
3452,125157,777,131,64,1
4874,125157,777,131,64,1
8163,125157,777,131,90,1
8171,125157,777,131,1,0
22542,125157,777,131,90,1
50727,125157,777,131,90,1
51830,125157,777,131,25,0
67928,125157,777,131,90,1
75709,125157,777,131,90,1
76090,125157,777,131,90,1
112739,125157,777,131,81,1
124396,125157,777,131,81,1
134333,125157,777,131,8,0
136175,125157,777,131,90,1
143240,125157,777,131,25,0
145043,125157,777,131,8,0
4608,125158,777,12,90,1
5793,125158,777,12,80,1
9566,125158,777,12,90,1
14580,125158,777,12,9,0
23396,125158,777,12,90,1
24252,125158,777,12,90,1
50848,125158,777,12,10,0
51202,125158,777,12,79,1
66360,125158,777,12,79,1
67191,125158,777,12,90,1
67910,125158,777,12,90,1
69176,125158,777,12,90,1
108936,125158,777,12,90,1
146567,125158,777,12,10,0
3756,125158,777,15,69,1
15259,125158,777,15,90,1
15340,125158,777,15,20,0
16035,125158,777,15,90,1
16723,125158,777,15,90,1
23811,125158,777,15,90,1
49270,125158,777,15,6,0
51593,125158,777,15,90,1
67510,125158,777,15,90,1
76426,125158,777,15,83,1
98300,125158,777,15,69,1
108816,125158,777,15,20,0
115172,125158,777,15,69,1
138137,125158,777,15,20,0
304123,125158,777,15,83,1
304238,125158,777,15,6,0
3905,125159,777,23,84,1
8707,125159,777,23,15,0
9662,125159,777,23,15,0
10079,125159,777,23,90,1
14446,125159,777,23,37,0
14716,125159,777,23,74,1
19888,125159,777,23,90,1
49259,125159,777,23,5,0
49908,125159,777,23,90,1
71623,125159,777,23,52,1
74761,125159,777,23,90,1
108922,125159,777,23,90,1
114590,125159,777,23,84,1
115256,125159,777,23,74,1
117497,125159,777,23,5,0
124462,125159,777,23,90,1
8454,125159,777,25,90,1
8868,125159,777,25,90,1
14164,125159,777,25,62,1
25183,125159,777,25,62,1
32638,125159,777,25,90,1
54893,125159,777,25,90,1
63257,125159,777,25,64,0
63656,125159,777,25,25,1
65961,125159,777,25,90,1
118083,125159,777,25,90,1
119072,125159,777,25,90,1
140223,125159,777,25,27,0
145347,125159,777,25,90,1
304595,125159,777,25,27,0
4717,125160,777,34,66,1
4985,125160,777,34,90,1
6712,125160,777,34,90,1
11071,125160,777,34,23,0
13961,125160,777,34,11,0
14445,125160,777,34,78,1
14624,125160,777,34,90,1
16044,125160,777,34,90,1
21614,125160,777,34,45,1
23793,125160,777,34,90,1
49884,125160,777,34,90,1
53063,125160,777,34,11,0
66657,125160,777,34,78,1
117763,125160,777,34,66,1
121610,125160,777,34,45,0
128976,125160,777,34,23,0
9199,125160,777,38,71,1
15715,125160,777,38,90,1
20337,125160,777,38,78,1
43010,125160,777,38,90,1
66692,125160,777,38,5,0
108877,125160,777,38,90,1
108947,125160,777,38,84,1
115114,125160,777,38,90,1
115371,125160,777,38,18,0
126108,125160,777,38,11,0
133679,125160,777,38,90,1
136815,125160,777,38,84,1
143214,125160,777,38,90,1
145492,125160,777,38,90,1
147032,125160,777,38,5,0
4608,125161,777,12,81,1
9566,125161,777,12,90,1
14580,125161,777,12,73,1
23396,125161,777,12,90,1
23581,125161,777,12,8,0
33245,125161,777,12,73,1
50848,125161,777,12,16,0
66360,125161,777,12,73,1
67191,125161,777,12,90,1
67910,125161,777,12,90,1
69176,125161,777,12,90,1
108936,125161,777,12,90,1
118591,125161,777,12,16,0
130151,125161,777,12,28,0
133650,125161,777,12,16,0
146567,125161,777,12,61,1
2100,125161,777,131,58,1
3452,125161,777,131,58,1
8163,125161,777,131,90,1
8171,125161,777,131,31,0
22542,125161,777,131,90,1
50727,125161,777,131,90,1
51830,125161,777,131,16,0
67928,125161,777,131,45,1
72239,125161,777,131,90,1
75709,125161,777,131,90,1
76090,125161,777,131,90,1
112739,125161,777,131,73,1
124396,125161,777,131,31,0
136175,125161,777,131,45,0
143240,125161,777,131,58,1
145043,125161,777,131,31,0
9199,125162,777,38,73,1
14830,125162,777,38,65,1
15715,125162,777,38,90,1
20337,125162,777,38,90,1
43010,125162,777,38,90,1
66692,125162,777,38,16,0
92635,125162,777,38,24,0
108877,125162,777,38,65,1
108947,125162,777,38,81,1
115114,125162,777,38,90,1
115371,125162,777,38,24,0
136815,125162,777,38,73,1
143214,125162,777,38,90,1
145492,125162,777,38,90,1
147032,125162,777,38,8,0
302807,125162,777,38,16,0
3955,125162,777,43,90,1
4617,125162,777,43,15,0
8246,125162,777,43,5,0
13559,125162,777,43,90,1
15139,125162,777,43,15,0
19831,125162,777,43,5,0
50460,125162,777,43,84,1
51498,125162,777,43,90,1
63851,125162,777,43,90,1
68593,125162,777,43,65,1
74960,125162,777,43,74,1
74964,125162,777,43,74,1
75735,125162,777,43,84,1
122056,125162,777,43,90,1
128449,125162,777,43,24,0
137462,125162,777,43,90,1
11373,125163,777,1,90,1
19680,125163,777,1,74,1
19778,125163,777,1,28,0
20810,125163,777,1,45,0
21584,125163,777,1,15,0
32728,125163,777,1,7,0
42331,125163,777,1,45,1
50234,125163,777,1,45,0
64523,125163,777,1,90,1
66104,125163,777,1,90,1
67407,125163,777,1,83,1
69914,125163,777,1,45,1
114564,125163,777,1,90,1
118077,125163,777,1,90,1
119476,125163,777,1,90,1
141181,125163,777,1,61,1
4604,125163,777,6,90,1
8589,125163,777,6,90,1
13988,125163,777,6,90,1
20874,125163,777,6,13,0
24334,125163,777,6,45,0
35670,125163,777,6,76,1
37776,125163,777,6,90,1
49759,125163,777,6,45,1
49796,125163,777,6,45,1
69595,125163,777,6,16,0
72265,125163,777,6,28,0
76353,125163,777,6,45,1
109117,125163,777,6,45,0
110549,125163,777,6,90,1
127826,125163,777,6,90,1
138981,125163,777,6,90,1
8707,125164,777,23,83,1
9662,125164,777,23,45,1
10079,125164,777,23,90,1
14446,125164,777,23,90,1
14716,125164,777,23,45,0
19888,125164,777,23,90,1
49259,125164,777,23,24,0
49908,125164,777,23,90,1
74761,125164,777,23,65,1
108922,125164,777,23,90,1
114590,125164,777,23,65,1
115256,125164,777,23,77,1
117497,125164,777,23,24,0
124462,125164,777,23,90,1
127659,125164,777,23,6,0
130234,125164,777,23,13,0
3894,125164,777,34,30,0
4717,125164,777,34,90,1
4985,125164,777,34,90,1
6712,125164,777,34,90,1
11071,125164,777,34,18,0
13961,125164,777,34,18,0
14445,125164,777,34,71,1
14624,125164,777,34,90,1
21614,125164,777,34,90,1
23793,125164,777,34,90,1
35752,125164,777,34,4,0
49884,125164,777,34,85,1
66657,125164,777,34,71,1
117763,125164,777,34,71,1
121610,125164,777,34,59,1
128976,125164,777,34,18,0
5140,125165,777,10,90,1
5178,125165,777,10,73,1
10458,125165,777,10,82,1
10651,125165,777,10,1,0
19919,125165,777,10,16,0
20559,125165,777,10,90,1
23593,125165,777,10,88,1
23815,125165,777,10,90,1
32894,125165,777,10,90,1
33231,125165,777,10,90,1
49909,125165,777,10,82,1
63633,125165,777,10,90,1
75382,125165,777,10,17,0
116665,125165,777,10,7,0
130665,125165,777,10,7,0
134796,125165,777,10,72,1
3712,125165,777,130,59,1
14450,125165,777,130,1,0
14723,125165,777,130,90,1
23194,125165,777,130,90,1
24369,125165,777,130,88,1
24659,125165,777,130,90,1
49726,125165,777,130,82,1
49731,125165,777,130,7,0
65987,125165,777,130,90,1
115166,125165,777,130,30,0
124052,125165,777,130,90,1
127594,125165,777,130,90,1
133460,125165,777,130,90,1
133890,125165,777,130,90,1
4115,125166,777,2,85,1
5066,125166,777,2,72,1
5865,125166,777,2,17,0
8658,125166,777,2,90,1
8900,125166,777,2,90,1
13344,125166,777,2,45,0
20473,125166,777,2,90,1
20489,125166,777,2,90,1
21529,125166,777,2,17,0
24626,125166,777,2,72,1
26408,125166,777,2,90,1
51223,125166,777,2,90,1
51423,125166,777,2,4,0
107846,125166,777,2,72,1
108096,125166,777,2,17,0
133169,125166,777,2,45,1
4499,125166,777,11,76,1
4505,125166,777,11,77,1
5067,125166,777,11,58,1
12520,125166,777,11,31,0
14805,125166,777,11,90,1
16431,125166,777,11,90,1
25474,125166,777,11,57,1
26335,125166,777,11,76,1
32280,125166,777,11,90,1
54156,125166,777,11,13,0
67178,125166,777,11,12,0
67849,125166,777,11,90,1
68150,125166,777,11,32,0
71432,125166,777,11,13,0
99281,125166,777,11,90,1
126943,125166,777,11,90,1
3756,125167,777,15,61,1
14238,125167,777,15,25,0
15259,125167,777,15,90,1
15340,125167,777,15,28,0
16035,125167,777,15,90,1
16723,125167,777,15,90,1
23811,125167,777,15,90,1
49270,125167,777,15,12,0
51593,125167,777,15,64,1
67510,125167,777,15,90,1
76426,125167,777,15,27,0
98300,125167,777,15,77,1
108816,125167,777,15,64,1
115172,125167,777,15,25,0
304123,125167,777,15,90,1
304238,125167,777,15,62,1
3512,125167,777,127,89,1
10766,125167,777,127,1,0
14846,125167,777,127,90,1
16582,125167,777,127,17,0
21519,125167,777,127,17,0
33032,125167,777,127,72,1
42894,125167,777,127,90,1
51942,125167,777,127,90,1
54989,125167,777,127,90,1
74965,125167,777,127,90,1
118080,125167,777,127,17,0
121972,125167,777,127,33,0
134234,125167,777,127,72,1
134403,125167,777,127,90,1
135304,125167,777,127,56,1
137832,125167,777,127,72,1
14538,125168,777,4,90,1
14571,125168,777,4,38,0
14575,125168,777,4,25,0
21998,125168,777,4,64,1
27277,125168,777,4,90,1
49293,125168,777,4,90,1
51229,125168,777,4,90,1
51813,125168,777,4,5,0
63741,125168,777,4,90,1
66284,125168,777,4,61,1
68827,125168,777,4,84,1
72371,125168,777,4,90,1
112203,125168,777,4,84,1
119041,125168,777,4,51,1
125075,125168,777,4,5,0
10361,125168,777,29,90,1
12136,125168,777,29,90,1
25408,125168,777,29,90,1
51199,125168,777,29,90,1
52989,125168,777,29,29,0
63733,125168,777,29,90,1
67784,125168,777,29,60,1
75692,125168,777,29,90,1
115105,125168,777,29,60,1
119614,125168,777,29,1,0
122126,125168,777,29,90,1
124944,125168,777,29,90,1
126110,125168,777,29,29,0
138104,125168,777,29,90,1
3600,125169,777,7,6,0
4333,125169,777,7,90,1
4640,125169,777,7,90,1
8143,125169,777,7,90,1
14706,125169,777,7,83,1
23841,125169,777,7,90,1
24983,125169,777,7,90,1
31936,125169,777,7,90,1
66538,125169,777,7,83,1
112589,125169,777,7,61,1
118442,125169,777,7,28,0
126789,125169,777,7,6,0
128411,125169,777,7,61,1
133612,125169,777,7,6,0
134286,125169,777,7,28,0
143922,125169,777,7,83,1
8456,125169,777,21,8,0
19858,125169,777,21,90,1
21887,125169,777,21,81,1
22802,125169,777,21,81,1
23764,125169,777,21,90,1
24630,125169,777,21,72,1
25892,125169,777,21,90,1
32229,125169,777,21,90,1
51185,125169,777,21,17,0
69070,125169,777,21,1,0
75582,125169,777,21,90,1
76614,125169,777,21,72,1
117318,125169,777,21,17,0
117596,125169,777,21,8,0
123998,125169,777,21,90,1
126824,125169,777,21,89,1
9251,125170,777,9,90,1
9576,125170,777,9,68,1
13515,125170,777,9,90,1
13796,125170,777,9,90,1
13797,125170,777,9,20,0
14608,125170,777,9,77,1
14807,125170,777,9,90,1
19731,125170,777,9,90,1
33124,125170,777,9,90,1
35718,125170,777,9,1,0
50151,125170,777,9,69,1
50643,125170,777,9,12,0
63289,125170,777,9,90,1
68676,125170,777,9,21,0
126426,125170,777,9,77,1
133430,125170,777,9,12,0
8454,125170,777,25,45,0
8868,125170,777,25,90,1
13815,125170,777,25,90,1
25183,125170,777,25,90,1
32638,125170,777,25,90,1
54893,125170,777,25,90,1
63257,125170,777,25,87,1
65961,125170,777,25,90,1
118083,125170,777,25,90,1
119072,125170,777,25,90,1
140223,125170,777,25,2,0
145347,125170,777,25,90,1
304595,125170,777,25,45,1
