fixture_id,season_id,team_id,is_home,formation_used,possession_percentage,touches,touches_in_final_third,touches_in_opp_box,total_pass,accurate_pass,total_back_zone_pass,accurate_back_zone_pass,total_fwd_zone_pass,accurate_fwd_zone_pass,total_final_third_passes,total_long_balls,accurate_long_balls,long_pass_own_to_opp,long_pass_own_to_opp_success,total_cross,accurate_cross,corner_taken,total_corners_intobox,accurate_corners_intobox,total_throws,carries,progressive_carries,total_scoring_att,ontarget_scoring_att,attempts_obox,attempts_ibox,attempts_conceded_ibox,attempts_conceded_obox,shot_off_target,first_half_goals,subs_made,subs_goals,goals_conceded_ibox,goals_conceded_obox,big_chance_missed,big_chance_created,big_chance_scored,goal_assist,total_tackle,won_tackle,interception,ball_recovery,dispossessed,duel_won,duel_lost,aerial_won,aerial_lost,total_clearance,defensive_actions,blocked_scoring_att,outfielder_block,won_contest,total_contest,error_lead_to_goal,big_chance_saves,fk_foul_lost,ppda,penalty_faced,pen_goals_conceded,poss_won_att_3rd,poss_won_mid_3rd,poss_won_def_3rd,total_yel_card,total_red_card,total_offside,pts_gained_losing_pos,pts_dropped_winning_pos,goals_scored,goals_conceded,result,points,non_penalty_goals,penalties_scored,penalties_missed,own_goals,saves,defensive_contribution,xg,xa,xga,npxg
124791,777,10,True,4-2-3-1,61.2,713,177,36,489,401,244,224,262,182,143,51,29,68,41,17,5,6,4,2,27,121,60,19,10,4,15,8,2,7,1,5,1,1,1,2,3,1,3,16,13,4,52,11,63,52,29,18,41,26,2,3,8,17,1,1,7,9.5,0,0,5,23,18,1,0,2,0,0,4,2,W,3,4,0,0,0,1,91,2.22,1.08,1.7,2.22
124791,777,127,False,4-1-4-1,38.8,519,116,28,299,209,149,132,170,82,92,70,24,66,19,20,5,7,6,1,17,61,32,10,3,2,8,15,4,4,0,4,0,4,0,2,3,1,2,20,12,11,54,5,52,63,18,29,45,29,3,2,8,19,0,0,10,12.9,0,0,3,24,19,2,0,2,0,0,2,4,L,0,2,0,0,0,6,104,1.71,0.63,2.21,1.71
124792,777,2,True,4-2-3-1,39.9,472,0,14,310,227,143,116,178,114,73,59,17,59,24,11,3,3,1,0,18,0,0,3,3,0,3,9,7,0,0,1,0,0,0,1,1,0,0,11,5,10,50,4,40,43,10,20,20,18,0,7,9,15,0,0,13,16.9,0,0,4,18,18,1,1,2,0,0,0,0,D,1,0,0,0,0,3,77,0.2,0.22,1.43,0.2
124792,777,23,False,4-3-3,60.1,634,0,33,451,376,181,159,296,223,161,43,21,59,35,26,6,6,6,1,9,0,0,16,3,7,9,3,0,6,0,3,0,0,0,2,2,0,0,10,8,12,63,3,43,40,20,10,22,28,7,0,2,10,0,0,11,8.6,0,0,6,25,19,1,0,1,0,0,0,0,D,1,0,0,0,0,3,71,1.42,0.89,0.2,1.42
124793,777,34,False,4-2-3-1,50.2,583,0,19,423,349,228,209,209,143,100,53,29,54,29,14,3,3,3,1,20,0,0,7,2,2,5,6,4,4,0,5,1,1,0,0,0,1,0,15,8,2,38,11,44,51,10,14,15,22,1,1,5,13,0,0,15,16.2,1,1,1,18,9,3,0,2,1,0,1,1,D,1,1,0,0,0,3,46,0.79,0.49,1.48,0.79
124793,777,131,True,4-2-3-1,49.8,604,0,25,427,374,257,241,181,137,91,50,28,55,39,11,4,4,4,2,10,0,0,10,4,4,6,5,2,5,0,5,0,1,0,1,1,1,0,19,9,9,42,8,51,44,14,10,27,38,1,1,4,11,0,0,16,8.9,0,0,5,19,13,3,0,3,0,2,1,1,D,1,0,1,0,0,1,79,1.49,0.6,0.76,0.71
124794,777,15,True,4-2-3-1,54.4,613,0,25,417,343,157,139,284,209,169,54,18,52,19,24,5,5,3,0,19,0,0,11,5,5,6,7,3,4,3,3,0,1,0,2,4,2,2,12,7,9,48,14,53,48,20,16,24,25,2,3,9,15,0,0,7,12.9,1,1,4,15,24,1,0,2,0,0,3,1,W,3,3,0,0,0,2,70,1.86,0.99,1.5,1.86
124794,777,130,False,4-2-3-1,45.6,533,0,19,346,271,214,194,148,80,68,44,14,60,31,16,3,5,4,2,19,0,0,10,3,3,7,6,5,4,0,4,0,3,0,0,0,1,0,20,6,5,52,5,48,53,16,20,27,28,3,2,7,14,1,0,15,8.9,0,0,1,16,24,2,0,0,0,0,1,3,L,0,0,1,0,0,2,73,1.5,0.25,1.86,0.72
124795,777,25,False,3-4-1-2,62.8,731,0,28,550,468,219,199,357,274,169,59,26,70,48,26,5,7,7,1,20,0,0,12,4,5,7,9,1,2,0,3,0,3,0,0,0,0,0,12,7,4,42,6,46,42,19,18,16,22,6,1,7,15,0,0,10,11.0,0,0,4,22,12,1,0,0,0,0,0,3,L,0,0,0,0,0,2,50,0.57,0.53,0.68,0.57
124795,777,29,True,4-3-3,37.2,497,0,15,323,250,143,124,197,131,94,55,18,52,22,17,5,5,5,3,17,0,0,10,5,1,9,7,5,4,0,4,1,0,0,2,1,0,2,14,5,9,38,6,42,46,18,19,32,17,1,6,1,7,0,0,8,21.4,0,0,1,10,20,0,0,0,0,0,3,0,W,3,3,0,0,0,4,71,0.68,0.31,0.56,0.68
124796,777,21,True,4-3-3,67.3,676,0,26,511,451,270,250,268,209,125,42,20,43,26,27,8,6,5,2,17,0,0,16,6,4,12,7,7,9,1,5,0,0,0,1,1,1,3,12,9,1,38,3,47,45,17,18,26,19,1,2,11,14,0,0,14,8.8,0,0,2,8,21,0,0,0,0,0,3,0,W,3,3,0,0,0,4,58,2.33,1.3,0.94,2.33
124796,777,43,False,5-4-1,32.7,410,0,25,246,181,84,70,176,114,96,45,18,45,21,14,3,5,5,1,15,0,0,14,4,7,7,12,4,7,0,5,0,3,0,0,0,0,0,6,2,7,32,9,45,47,18,17,25,21,3,1,7,10,0,0,8,17.5,0,0,1,14,11,0,0,4,0,0,0,3,L,0,0,0,0,0,3,55,0.94,0.98,2.32,0.94
124797,777,11,False,4-3-3,58.4,765,0,28,563,510,260,246,323,270,134,30,13,53,36,20,6,5,5,3,17,0,0,15,4,7,8,6,3,7,2,5,1,0,0,2,3,1,3,18,11,7,40,14,55,42,10,5,22,24,4,3,14,25,0,0,7,12.9,0,0,2,18,11,2,0,0,0,0,4,0,W,3,4,0,0,0,3,64,2.46,1.46,0.56,2.46
124797,777,38,True,3-4-3,41.6,576,0,19,394,326,204,185,210,145,85,48,24,61,35,20,4,4,4,0,24,0,0,9,3,3,6,8,7,3,0,5,0,3,1,0,0,0,0,25,17,6,41,14,42,55,5,10,20,34,3,4,5,9,1,0,13,12.0,0,0,6,19,10,1,0,4,0,0,0,4,L,0,0,0,0,0,0,71,0.55,0.34,2.47,0.55
124798,777,4,True,4-2-3-1,71.5,763,0,31,568,510,269,256,328,260,151,49,21,70,47,29,6,11,10,4,21,0,0,19,3,8,11,4,7,7,0,4,0,0,0,2,1,0,0,13,6,11,39,4,52,47,17,16,19,28,9,4,12,24,0,0,10,7.4,0,0,8,13,13,2,0,0,0,0,0,0,D,1,0,0,0,0,4,60,1.6,1.33,0.66,1.6
124798,777,6,False,3-4-2-1,28.5,410,0,8,226,168,125,107,112,61,44,43,18,49,31,11,0,2,2,0,18,0,0,11,4,7,4,11,8,3,0,2,0,0,0,1,1,0,0,16,13,7,35,11,47,52,16,17,41,24,4,10,5,7,0,0,12,17.4,0,0,1,14,17,3,0,0,0,0,0,0,D,1,0,0,0,0,2,92,0.66,0.07,1.6,0.66
124799,777,1,False,4-3-3,38.9,499,0,20,294,219,122,109,183,112,84,49,20,58,29,11,2,4,3,1,15,0,0,9,3,4,5,15,7,3,1,5,0,0,0,0,0,1,0,18,10,4,50,6,53,70,16,23,30,28,3,8,9,25,0,0,19,12.3,0,0,4,21,14,4,0,2,0,0,1,0,W,3,1,0,0,0,7,82,1.31,0.52,1.52,1.31
124799,777,12,True,3-4-2-1,61.1,672,0,36,475,393,226,196,264,200,128,67,41,65,40,15,3,3,3,0,20,0,0,22,7,7,15,5,4,7,0,4,0,1,0,0,0,0,0,22,11,4,47,14,70,53,23,16,23,24,8,3,9,13,1,0,10,9.5,0,0,4,18,17,1,0,1,0,0,0,1,L,0,0,0,0,0,2,71,1.51,0.94,1.31,1.51
124800,777,7,False,4-2-3-1,45.6,602,0,14,411,324,234,204,188,124,98,56,18,53,25,11,4,2,2,1,21,0,0,7,1,2,5,12,9,3,0,2,0,1,0,1,0,0,0,16,12,2,37,3,47,45,19,18,31,15,3,10,6,18,0,0,8,22.9,1,1,3,10,18,2,0,2,0,0,0,1,L,0,0,0,0,0,2,77,0.57,0.43,2.07,0.57
124800,777,9,True,4-3-3,54.4,675,0,28,481,401,228,207,279,201,146,56,25,68,46,26,7,7,6,3,23,0,0,21,3,9,12,5,2,7,0,5,1,0,0,2,1,1,0,15,7,9,41,7,45,47,18,19,30,22,11,3,6,15,0,0,6,15.6,0,0,6,16,13,0,0,1,0,0,1,0,W,3,0,1,0,0,1,75,2.08,0.82,0.55,1.3
124801,777,1,True,4-3-3,67.5,780,0,34,599,549,350,345,268,212,127,35,24,55,40,19,8,2,2,2,28,0,0,18,5,5,13,2,1,9,2,5,0,0,0,1,1,2,4,12,8,5,38,6,47,34,13,4,7,30,4,2,12,24,0,0,8,9.1,0,0,7,21,8,0,0,0,0,0,5,0,W,3,4,1,0,0,1,50,2.87,0.9,0.17,2.09
124801,777,9,False,4-3-3,32.5,417,0,6,290,219,203,172,92,48,26,37,13,42,12,5,1,2,2,1,14,0,0,3,1,1,2,13,5,0,0,5,0,5,0,0,0,0,0,18,12,6,33,5,34,47,4,13,20,18,2,3,4,11,0,0,11,26.0,1,1,1,10,19,2,0,0,0,0,0,5,L,0,0,0,0,0,0,64,0.17,0.11,2.88,0.17
124802,777,38,False,3-4-3,41.2,491,0,14,307,225,131,114,193,116,99,59,29,61,30,17,5,3,3,0,18,0,0,6,1,3,3,8,6,3,0,5,0,1,0,0,0,0,0,21,14,9,38,9,64,45,25,8,30,24,2,5,5,8,1,0,16,12.0,0,0,1,13,13,4,1,2,0,0,0,1,L,0,0,0,0,0,3,76,0.46,0.37,1.29,0.46
124802,777,127,True,4-1-4-1,58.8,651,0,30,447,387,163,155,304,235,146,51,23,55,33,20,3,8,6,0,24,0,0,14,4,6,8,3,3,5,1,5,0,0,0,2,2,0,1,12,9,6,34,9,45,64,8,25,32,31,5,2,10,22,0,0,13,7.4,0,0,4,16,11,2,0,2,0,0,1,0,W,3,1,0,0,0,1,67,1.29,1.12,0.46,1.29
124803,777,2,False,4-2-3-1,76.4,785,0,43,587,514,226,211,388,307,180,41,25,56,43,27,4,9,6,0,23,0,0,17,2,5,12,8,1,7,0,5,0,1,0,1,1,0,0,14,12,6,46,12,52,62,21,17,12,18,8,3,8,24,0,0,9,8.1,0,0,1,22,17,2,0,0,0,0,0,1,L,0,0,0,0,0,1,48,1.19,1.53,1.21,1.19
124803,777,130,True,4-2-3-1,23.6,396,0,25,178,128,70,64,119,69,59,48,23,51,25,11,5,2,2,1,13,0,0,9,2,1,8,12,5,4,1,5,0,0,0,1,1,1,0,28,15,11,54,7,62,52,17,21,45,37,3,8,8,15,0,0,11,10.2,0,0,3,23,21,1,0,1,0,0,1,0,W,3,1,0,0,0,2,123,1.21,0.34,1.19,1.21
124804,777,29,False,4-3-3,58.1,801,0,17,616,530,251,232,389,303,180,44,16,79,49,24,5,3,2,1,19,0,0,9,1,3,6,4,3,3,0,5,0,2,0,2,2,0,0,18,8,7,43,15,48,45,19,15,27,15,5,1,2,9,0,0,5,21.3,0,0,1,18,19,1,0,2,0,0,0,2,L,0,0,0,0,0,0,72,0.73,0.59,1.0,0.73
124804,777,43,True,4-2-3-1,41.9,632,0,17,442,356,198,181,259,179,129,57,15,68,31,15,4,4,3,1,11,0,0,7,2,3,4,6,3,4,0,5,0,0,0,1,2,1,2,22,11,7,54,10,45,48,15,19,29,26,1,5,3,11,0,0,9,16.2,0,0,2,22,20,0,0,0,0,0,2,0,W,3,2,0,0,0,1,89,0.99,0.48,0.77,0.99
124805,777,6,True,3-4-3,42.1,534,0,21,377,287,184,165,211,128,110,49,8,67,27,18,6,1,1,1,14,0,0,8,4,1,7,8,1,4,1,3,0,1,0,1,2,1,1,20,11,7,43,8,49,45,16,17,21,29,0,1,3,7,0,0,11,13.2,0,0,2,21,16,3,0,2,0,2,1,1,D,1,1,0,0,0,0,68,1.09,0.89,0.93,1.09
124805,777,15,False,4-2-3-1,57.9,691,0,20,514,442,232,219,308,226,112,56,31,80,46,26,3,3,3,0,16,0,0,9,1,1,8,7,1,7,0,5,0,1,0,1,1,1,1,12,7,10,52,8,45,49,17,16,15,23,1,0,6,18,1,0,11,12.7,0,0,1,14,28,3,0,2,1,0,1,1,D,1,1,0,0,0,3,53,0.93,0.81,1.1,0.93
124806,777,7,True,4-2-3-1,42.4,545,0,18,362,272,141,124,233,152,137,69,31,74,38,12,4,2,2,2,19,0,0,11,3,5,6,7,6,7,1,4,0,0,0,1,2,1,2,15,8,8,44,10,70,47,31,16,35,21,1,3,9,16,0,0,7,19.1,1,0,2,15,17,4,0,0,0,0,2,0,W,3,2,0,0,0,4,87,1.59,0.98,2.43,1.59
124806,777,131,False,4-2-3-1,57.6,676,0,29,490,411,278,262,223,152,120,44,12,70,32,11,3,2,1,0,27,0,0,13,4,6,7,6,5,5,0,4,0,1,1,3,1,0,0,17,8,5,49,10,47,70,16,31,24,25,4,1,8,13,0,0,15,10.1,0,0,4,15,19,3,0,6,0,0,0,2,L,0,0,0,1,0,1,69,2.43,0.86,1.6,1.65
124807,777,12,False,3-4-2-1,47.6,575,128,25,397,328,200,178,211,154,110,56,22,59,32,14,4,6,6,3,17,111,59,10,3,2,8,10,3,6,0,5,0,1,0,2,1,0,0,17,11,5,31,5,53,41,23,20,27,25,1,5,2,7,1,1,10,11.4,0,0,4,13,8,1,0,1,0,2,1,1,D,1,0,0,1,0,2,73,1.64,0.73,1.76,0.86
124807,777,34,True,4-2-3-1,52.4,611,198,38,419,353,187,172,265,191,138,43,21,46,26,33,10,9,9,5,21,113,66,13,4,3,10,9,2,4,0,4,1,1,0,2,3,1,1,10,8,8,36,6,41,53,20,23,24,25,5,1,2,13,0,1,12,11.9,1,0,2,18,11,1,0,2,1,0,1,1,D,1,1,0,0,1,3,58,1.76,2.08,1.63,1.76
124808,777,11,True,4-1-4-1,61.4,728,0,34,525,456,268,247,276,214,149,39,15,54,32,19,5,7,6,1,23,0,0,10,4,4,6,10,2,3,0,5,0,2,0,2,2,0,0,20,10,6,47,16,51,47,12,8,23,23,3,2,7,15,1,0,7,12.3,0,0,6,20,13,1,0,0,0,0,0,2,L,0,0,0,0,0,3,70,1.55,1.56,1.11,1.55
124808,777,21,False,4-3-3,38.6,532,0,26,331,259,194,174,148,89,73,58,20,60,22,11,4,2,2,0,21,0,0,12,5,2,10,6,4,5,2,4,0,0,0,1,1,2,1,24,16,7,51,5,47,51,8,12,25,26,2,3,8,23,0,0,12,15.0,0,0,3,16,27,4,0,1,0,0,2,0,W,3,2,0,0,0,4,86,1.12,0.45,1.55,1.12
124809,777,10,False,4-2-3-1,62.4,622,0,17,445,370,232,214,222,158,105,49,15,65,34,9,2,1,1,0,19,0,0,5,4,2,3,8,2,0,1,5,1,2,0,1,2,1,3,13,8,2,39,9,51,51,18,16,43,18,1,3,5,8,1,0,15,9.9,0,0,4,18,9,3,0,0,0,0,3,2,W,3,3,0,0,0,1,78,0.71,0.5,0.93,0.71
124809,777,23,True,4-3-3,37.6,419,0,27,247,170,94,82,179,94,104,51,12,42,14,26,6,7,7,1,22,0,0,10,3,2,8,3,2,4,0,5,1,2,1,2,2,2,1,12,5,8,41,4,51,51,16,18,21,28,3,1,8,17,0,0,17,12.7,0,0,4,15,17,2,1,0,0,0,2,3,L,0,2,0,0,0,1,62,0.94,0.84,0.7,0.94
124810,777,4,False,4-2-3-1,59.2,714,0,26,577,505,279,263,313,245,123,43,17,62,40,15,3,5,5,1,14,0,0,12,7,2,10,9,3,4,3,5,0,0,1,2,6,5,4,19,13,4,36,7,45,39,15,14,17,19,1,3,4,8,0,0,10,15.9,0,0,2,17,12,1,0,2,3,0,5,1,W,3,5,0,0,0,3,56,2.75,1.47,0.73,2.75
124810,777,25,True,3-4-1-2,40.8,569,0,19,392,339,194,186,214,160,91,35,15,52,32,16,7,7,7,3,25,0,0,12,4,3,9,10,2,5,1,3,0,5,0,1,1,0,1,11,6,7,34,9,39,45,14,15,29,16,3,1,5,15,1,0,7,26.3,0,0,1,12,17,0,0,4,0,3,1,5,L,0,1,0,0,0,2,60,0.72,0.65,2.74,0.72
124811,777,2,True,4-2-3-1,58.4,718,0,20,531,475,189,181,373,300,162,45,29,51,38,31,6,10,7,3,20,0,0,13,4,3,10,5,1,8,0,5,0,3,0,2,1,0,0,11,5,6,43,18,37,48,6,9,17,24,1,1,7,15,0,0,7,11.8,1,1,8,18,12,2,0,0,0,0,0,3,L,0,0,0,0,0,1,55,1.13,0.67,2.67,1.13
124811,777,6,False,3-4-2-1,41.6,566,0,14,386,328,180,161,217,169,96,39,17,49,30,11,2,1,0,0,9,0,0,6,4,1,5,10,3,1,1,4,0,0,0,2,3,2,1,26,16,10,48,9,48,37,9,6,37,19,1,1,6,8,0,0,14,17.8,0,0,4,15,21,3,0,2,0,0,3,0,W,3,2,1,0,0,4,94,2.67,1.18,1.13,1.89
124812,777,11,False,4-3-3,63.7,735,0,24,565,493,283,256,287,238,127,42,19,57,38,5,1,2,2,1,16,0,0,12,3,4,8,10,2,8,1,4,0,2,0,2,2,1,1,15,7,9,50,8,58,47,14,9,15,20,1,2,14,23,0,0,14,12.8,1,1,3,23,15,2,0,0,0,3,1,2,L,0,1,0,0,0,5,62,1.82,1.44,2.3,1.82
124812,777,131,True,4-2-3-1,36.3,475,0,22,315,235,178,159,145,79,82,49,14,52,17,8,3,3,3,1,12,0,0,12,7,2,10,8,4,2,0,5,2,1,0,1,1,2,1,17,13,8,51,9,47,58,9,14,10,39,3,1,8,14,0,0,16,10.3,0,0,5,21,17,2,0,1,3,0,2,1,W,3,1,1,0,0,2,61,2.3,0.69,1.82,1.52
124813,777,4,True,4-2-3-1,53.8,705,0,27,494,429,247,232,260,201,142,47,17,66,39,13,4,6,4,3,18,0,0,13,6,3,10,8,3,1,1,4,0,0,0,1,1,2,1,19,9,18,48,18,60,56,17,13,20,29,6,3,8,19,0,0,11,11.6,0,0,4,22,17,2,0,3,0,0,2,0,W,3,1,1,0,0,1,87,2.36,0.84,1.02,1.58
124813,777,34,False,4-2-3-1,46.2,610,0,20,415,337,230,203,200,139,94,62,25,58,28,15,5,4,3,2,20,0,0,11,3,3,8,10,3,6,0,5,0,2,0,1,1,0,0,29,12,6,46,7,56,60,13,17,20,34,2,6,3,15,0,0,17,11.1,1,1,4,15,17,2,0,1,0,0,0,2,L,0,0,0,0,0,4,80,1.02,0.47,2.35,1.02
124814,777,9,True,4-3-3,43.0,594,0,19,414,328,200,180,231,152,103,57,16,69,33,17,4,5,5,1,15,0,0,10,1,6,4,4,4,6,0,4,0,0,0,1,1,0,0,18,14,13,48,5,47,37,8,12,18,28,3,3,7,12,0,0,10,15.2,0,0,3,23,16,1,0,1,0,0,0,0,D,1,0,0,0,0,2,68,0.69,0.31,0.46,0.69
124814,777,23,False,5-3-2,57.0,722,0,13,547,463,271,246,297,219,134,64,30,67,41,21,2,5,5,1,24,0,0,8,2,4,4,4,6,3,0,4,0,0,0,0,0,0,0,10,4,8,55,10,37,47,12,8,6,28,3,3,5,13,0,0,15,11.6,0,0,5,20,19,1,0,0,0,0,0,0,D,1,0,0,0,0,1,47,0.46,0.32,0.69,0.46
124815,777,1,False,4-3-3,47.0,536,0,29,371,303,197,184,191,122,103,50,25,55,30,17,3,8,8,2,16,0,0,11,1,3,8,4,5,3,0,4,0,0,1,0,0,0,0,14,6,9,45,6,32,38,9,10,19,27,7,4,3,8,0,0,10,14.0,0,0,2,21,11,2,0,0,0,0,0,1,L,0,0,0,0,0,2,67,0.49,0.46,0.52,0.49
124815,777,10,True,4-2-3-1,53.0,612,0,16,435,368,265,246,177,123,81,60,27,58,33,7,1,3,2,0,19,0,0,9,3,5,4,8,3,2,0,4,0,0,0,0,0,0,0,11,9,7,45,7,38,32,10,9,29,20,4,7,7,14,0,0,7,14.5,0,0,2,20,16,2,0,1,0,0,1,0,W,3,1,0,0,0,1,82,0.5,0.22,0.49,0.5
124816,777,12,True,3-4-2-1,61.8,706,0,38,508,418,240,212,294,219,175,55,32,65,40,26,13,7,6,4,21,0,0,26,6,7,19,5,1,13,1,4,0,2,0,2,2,2,1,16,9,3,54,14,50,53,21,22,17,22,7,2,5,11,0,0,9,11.8,0,0,4,25,19,1,0,1,0,0,3,2,W,3,1,1,0,0,1,70,3.63,1.87,1.2,2.85
124816,777,43,False,4-2-3-1,38.2,519,0,18,318,225,143,124,184,102,82,67,24,73,34,9,1,1,0,0,13,0,0,6,3,1,5,20,7,1,0,4,0,3,0,0,1,2,1,20,14,9,40,14,53,50,22,21,39,22,2,6,3,5,0,0,9,16.1,1,1,2,15,17,5,0,1,0,0,2,3,L,0,2,0,0,1,5,91,1.25,0.48,3.63,1.25
124817,777,15,True,4-2-3-1,58.4,734,0,29,541,470,208,195,368,279,190,29,11,56,35,35,4,9,8,3,17,0,0,11,3,2,9,10,2,3,0,4,0,2,1,1,1,0,0,19,14,6,48,7,43,47,12,10,16,34,5,0,6,15,0,0,14,9.7,1,1,5,23,17,0,0,0,0,0,0,3,L,0,0,0,0,0,5,66,0.74,0.75,2.42,0.74
124817,777,25,False,4-2-3-1,41.6,581,0,18,385,316,237,222,166,101,81,43,13,49,22,18,7,7,5,4,12,0,0,12,8,2,10,9,2,4,0,3,1,0,0,2,3,2,2,16,9,6,49,8,47,43,10,12,32,14,0,5,8,19,0,0,6,25.1,0,0,2,17,20,0,0,0,0,0,3,0,W,3,2,1,0,0,3,88,2.43,0.46,0.73,1.65
124818,777,29,True,4-3-3,54.1,599,0,16,419,340,201,187,236,156,114,51,23,68,41,18,3,3,3,0,22,0,0,12,3,3,9,5,2,6,0,3,1,1,0,0,1,2,1,28,14,7,34,6,65,49,24,22,34,41,3,1,4,7,0,0,11,7.0,1,0,3,13,12,3,0,0,3,0,2,1,W,3,1,1,0,0,3,85,1.54,0.39,1.2,0.76
124818,777,130,False,4-2-3-1,45.9,541,0,14,354,283,194,174,176,115,79,46,17,53,22,16,6,4,3,2,16,0,0,7,4,2,5,9,3,2,0,3,0,2,0,1,1,1,1,9,7,4,35,14,49,65,22,24,34,13,1,3,8,22,0,0,12,24.8,1,1,0,9,22,2,0,3,0,3,1,2,L,0,1,0,1,0,1,62,1.19,0.81,1.54,0.41
124819,777,21,True,4-3-3,61.4,709,0,18,477,394,242,228,255,171,117,52,19,72,37,20,5,0,0,0,25,0,0,5,1,2,3,15,5,3,0,4,0,1,0,0,0,0,0,16,8,4,53,11,56,69,17,16,33,31,1,5,10,27,0,0,17,7.2,0,0,1,18,26,2,0,2,0,0,0,1,L,0,0,0,0,0,5,79,0.19,0.28,1.59,0.19
124819,777,127,False,4-2-3-1,38.6,517,0,29,296,208,118,104,196,109,109,57,19,66,24,18,5,8,7,1,15,0,0,20,6,5,15,3,2,9,1,5,0,0,0,3,2,0,1,28,13,9,57,8,69,56,16,17,31,42,5,1,8,16,0,0,13,9.1,0,0,6,25,19,4,0,3,0,0,1,0,W,3,1,0,0,0,1,101,1.59,0.78,0.19,1.59
124820,777,7,False,4-2-3-1,41.5,576,0,23,371,275,141,118,243,159,125,64,23,79,34,13,2,2,2,0,23,0,0,10,4,3,7,6,6,2,2,4,0,2,0,1,3,2,3,16,11,16,50,11,63,47,24,12,28,30,4,5,8,20,1,0,10,13.9,0,0,4,29,11,1,0,1,0,0,3,2,W,3,3,0,0,0,2,93,1.93,1.45,1.11,1.93
124820,777,38,True,3-4-3,58.5,727,0,22,524,421,274,245,266,184,113,61,22,77,37,16,8,2,2,2,30,0,0,12,4,6,6,7,3,3,1,5,1,3,0,0,2,2,2,23,13,10,54,8,47,63,12,24,19,30,5,4,3,11,0,0,15,8.7,0,0,1,20,28,0,0,2,0,0,2,3,L,0,2,0,0,0,1,71,1.11,0.48,1.93,1.11
124821,777,1,True,4-3-3,54.2,645,0,38,478,415,246,230,252,190,135,30,15,49,37,20,5,8,8,3,12,0,0,16,5,4,12,3,2,6,1,5,0,0,0,4,3,1,2,13,11,7,44,2,44,32,9,9,15,27,5,3,11,21,0,0,8,11.0,0,0,7,19,13,1,0,2,0,0,3,0,W,3,3,0,0,0,1,59,1.84,1.67,0.2,1.84
124821,777,15,False,4-2-3-1,45.8,566,0,14,409,350,203,184,219,168,105,43,18,43,26,13,2,3,3,0,23,0,0,5,1,2,3,12,4,1,0,5,0,2,1,0,0,0,0,12,8,11,36,6,32,44,9,9,19,24,3,5,5,12,0,0,11,14.3,0,0,1,15,16,1,0,0,0,0,0,3,L,0,0,0,0,0,2,67,0.19,0.18,1.84,0.19
124822,777,127,True,4-2-3-1,51.3,589,0,28,393,309,165,148,247,165,136,56,25,63,30,19,4,4,4,1,17,0,0,13,5,6,7,5,1,4,1,5,0,1,0,0,0,1,1,18,14,3,50,12,51,55,17,9,35,27,4,2,6,14,1,0,16,10.6,0,0,3,19,24,4,0,1,0,0,2,1,W,3,1,1,0,0,1,89,1.45,0.92,0.62,0.67
124822,777,131,False,4-2-3-1,48.7,590,0,24,374,293,171,154,220,142,109,52,24,62,37,17,3,4,4,1,20,0,0,6,2,1,5,7,6,2,0,5,0,1,1,1,2,1,1,20,16,6,50,9,55,51,9,17,35,31,2,4,10,19,0,0,10,8.9,1,1,3,17,24,4,0,0,0,0,1,2,L,0,1,0,0,0,3,84,0.62,0.4,1.45,0.62
124823,777,4,False,4-2-3-1,65.7,779,0,38,570,516,239,222,348,297,158,41,23,54,39,17,3,6,2,0,20,0,0,16,6,6,10,7,0,3,0,5,1,2,0,1,2,1,1,15,9,13,42,11,46,44,14,7,33,33,7,1,4,10,0,0,9,7.0,0,0,3,20,11,2,0,4,1,2,2,2,D,1,2,0,0,0,3,82,1.26,1.05,1.43,1.26
124823,777,130,True,5-3-2,34.3,480,0,20,284,215,144,128,158,93,70,50,28,54,27,18,6,5,4,2,15,0,0,7,4,0,7,10,6,2,1,5,1,1,1,0,1,1,2,17,10,6,39,6,44,46,7,14,33,19,1,7,11,20,0,0,13,20.5,0,0,4,6,20,3,0,0,1,2,2,2,D,1,2,0,0,0,4,77,1.42,0.8,1.25,1.42
124824,777,10,False,4-2-3-1,81.0,899,0,56,697,610,185,160,556,460,315,28,15,53,28,44,10,13,11,3,21,0,0,27,4,13,14,1,2,11,0,5,0,0,0,2,2,1,0,10,7,7,31,8,57,41,27,16,12,21,12,0,12,20,0,0,9,6.9,0,0,2,16,10,2,0,1,0,0,1,0,W,3,0,1,0,0,0,45,2.43,1.72,0.13,1.65
124824,777,43,True,5-4-1,19.0,345,0,2,168,80,52,33,119,47,46,62,15,63,19,3,0,1,1,0,11,0,0,3,0,2,1,14,13,3,0,4,0,1,0,0,0,0,0,16,11,17,31,4,41,57,16,27,48,27,0,12,2,8,0,0,9,12.2,1,1,1,6,13,0,1,3,0,0,0,1,L,0,0,0,0,0,3,104,0.13,0.02,2.45,0.13
124825,777,6,True,3-4-2-1,55.9,656,0,21,491,410,265,242,246,173,112,58,27,79,46,20,5,5,5,1,23,0,0,14,6,6,8,5,1,4,0,2,0,0,0,3,1,0,0,10,6,6,41,5,33,53,14,21,25,27,4,2,2,10,0,0,10,11.4,0,0,4,15,15,1,0,0,0,0,0,0,D,1,0,0,0,0,0,56,1.8,1.01,0.36,1.8
124825,777,29,False,4-3-3,44.1,572,0,17,386,310,211,192,192,122,88,51,21,67,34,17,4,3,2,1,21,0,0,6,0,1,5,8,6,4,0,3,0,0,0,0,0,0,0,13,9,10,46,3,53,33,21,14,34,22,2,4,11,18,0,0,8,18.2,0,0,1,18,18,1,0,2,0,0,0,0,D,1,0,0,0,0,6,77,0.36,0.51,1.77,0.36
124826,777,2,False,4-2-3-1,51.7,558,0,8,384,313,176,154,218,162,105,49,14,53,29,10,3,3,3,1,14,0,0,7,1,4,3,14,6,1,0,4,0,0,0,0,0,0,0,16,11,4,38,10,51,66,17,20,19,21,5,9,2,15,0,0,15,10.5,0,0,2,17,17,3,0,2,0,0,0,0,D,1,0,0,0,0,2,67,0.54,0.36,2.08,0.54
124826,777,7,True,4-2-3-1,48.3,548,0,46,343,281,123,112,242,177,123,49,25,57,34,22,8,10,7,2,20,0,0,20,2,6,14,3,4,9,0,2,0,0,0,3,3,0,0,23,16,5,49,11,66,51,20,17,17,31,9,5,8,13,0,0,17,8.8,0,0,5,26,9,3,0,2,0,0,0,0,D,1,0,0,0,0,1,80,2.1,1.24,0.54,2.1
124827,777,9,False,4-3-3,46.0,583,0,21,388,313,198,181,203,133,103,52,23,62,35,13,1,3,3,1,15,0,0,10,3,3,7,4,2,3,0,4,0,1,0,1,1,0,0,18,11,7,49,12,60,59,20,14,30,24,4,0,4,16,0,0,15,13.8,0,0,1,15,22,2,0,3,0,0,0,1,L,0,0,0,0,1,3,78,0.78,0.61,0.85,0.78
124827,777,34,True,4-2-3-1,54.0,650,0,10,451,382,191,174,282,211,131,39,19,52,35,22,3,3,3,0,25,0,0,5,3,2,3,7,3,2,0,5,0,0,0,2,2,0,0,24,16,6,42,9,59,60,14,20,23,31,0,4,6,15,0,0,20,9.6,0,0,3,18,16,1,0,1,0,0,1,0,W,3,0,0,0,0,3,76,0.85,0.62,0.79,0.85
124828,777,11,True,4-1-4-1,45.3,619,0,26,430,352,225,202,207,151,96,55,22,51,21,2,1,2,1,0,26,0,0,13,6,1,12,7,5,7,1,4,0,0,0,2,4,2,3,13,7,10,50,8,45,48,18,11,33,20,0,2,7,22,0,0,8,17.7,0,0,3,18,23,0,0,2,0,0,3,0,W,3,3,0,0,0,2,86,2.6,1.46,1.51,2.6
124828,777,12,False,3-4-2-1,54.7,679,0,29,501,420,211,189,313,237,169,58,36,69,46,23,6,4,4,0,21,0,0,12,2,5,7,12,1,8,0,4,0,3,0,2,2,0,0,23,15,13,47,5,48,45,11,18,10,30,2,0,6,14,1,0,8,11.2,0,0,3,27,14,0,0,3,0,0,0,3,L,0,0,0,0,0,3,59,1.51,1.29,2.52,1.51
124829,777,23,True,4-3-3,56.7,650,0,28,449,361,180,167,294,202,168,52,21,59,30,25,8,9,8,5,28,0,0,16,4,8,8,7,1,7,1,4,0,0,0,1,1,0,1,10,5,6,43,7,53,46,22,13,20,22,5,2,5,14,0,0,10,12.0,0,0,4,16,17,1,0,1,0,0,1,0,W,3,1,0,0,0,3,58,1.55,1.02,0.5,1.55
124829,777,38,False,3-5-2,43.3,546,0,22,343,259,144,119,214,143,85,66,22,65,28,15,3,4,3,0,18,0,0,8,3,1,7,8,8,3,0,5,0,1,0,0,0,0,0,16,8,14,55,3,46,53,13,22,34,28,2,5,8,15,0,0,17,10.8,0,0,4,14,25,4,0,0,0,0,0,1,L,0,0,0,0,0,3,80,0.5,0.57,1.55,0.5
124830,777,21,False,4-3-3,64.0,716,0,37,534,465,254,236,311,234,135,42,23,52,32,31,5,13,12,3,21,0,0,14,5,4,10,6,1,4,0,5,0,0,0,1,2,1,3,16,11,3,40,7,48,47,13,22,10,20,5,0,11,17,0,0,7,11.8,0,0,3,15,16,1,0,4,0,0,3,0,W,3,3,0,0,0,4,43,1.3,0.9,0.6,1.3
124830,777,25,True,4-2-3-1,36.0,477,0,10,310,239,144,127,175,115,92,58,17,56,20,9,3,2,1,0,19,0,0,7,4,1,6,10,4,3,0,4,0,3,0,1,1,0,0,13,9,5,34,7,47,48,22,13,41,22,0,5,6,15,0,0,8,17.8,0,0,3,9,19,0,1,0,0,0,0,3,L,0,0,0,0,0,2,75,0.59,0.49,1.29,0.59
124831,777,1,True,4-3-3,66.8,791,0,39,582,517,259,245,355,277,189,53,33,57,41,32,5,11,11,1,20,0,0,12,3,1,11,4,1,6,0,5,1,1,0,1,2,1,1,20,13,5,50,8,51,51,15,17,18,29,3,0,6,11,0,0,11,8.1,0,0,2,24,21,1,0,4,1,0,1,1,D,1,1,0,0,0,2,68,0.95,0.9,0.89,0.95
124831,777,11,False,4-1-4-1,33.2,509,0,7,300,229,130,108,174,121,89,47,19,51,30,4,0,1,1,0,24,0,0,5,3,1,4,11,1,2,1,5,0,1,0,1,2,1,1,13,9,5,48,12,51,51,17,15,60,21,0,2,10,18,0,0,10,18.1,0,0,6,14,24,2,0,2,0,2,1,1,D,1,1,0,0,0,2,105,0.89,0.14,0.96,0.89
124832,777,23,False,3-4-2-1,43.9,604,0,17,390,298,171,145,235,155,134,56,21,62,26,16,2,2,2,0,28,0,0,4,1,3,1,4,7,2,0,4,0,0,0,0,0,0,0,19,11,8,54,8,54,47,16,19,35,24,1,5,12,19,0,0,10,15.6,0,0,2,23,21,1,0,2,0,0,0,0,D,1,0,0,0,0,2,85,0.14,0.39,0.56,0.14
124832,777,127,True,4-2-3-1,56.1,699,0,16,498,409,245,219,274,190,136,61,17,69,32,21,0,5,5,0,21,0,0,11,2,7,4,1,3,3,0,4,0,0,0,0,0,0,0,15,8,16,60,8,47,54,19,16,28,33,6,0,6,17,0,0,7,8.3,0,0,7,22,26,2,0,3,0,0,0,0,D,1,0,0,0,0,1,94,0.54,0.27,0.14,0.54
124833,777,21,False,4-3-3,63.9,748,0,44,523,464,228,211,327,256,178,46,27,54,43,32,3,10,9,2,17,0,0,11,3,2,9,5,7,6,1,4,0,1,1,0,1,1,1,26,10,9,64,9,61,57,12,13,17,41,2,1,13,29,2,0,13,5.8,0,0,4,25,24,2,0,1,1,0,2,2,D,1,1,0,0,0,2,81,1.23,0.88,1.32,1.23
124833,777,131,True,4-2-3-1,36.1,512,0,17,307,236,152,129,163,109,86,57,22,48,26,8,2,2,2,0,11,0,0,12,4,7,5,10,2,7,2,5,0,2,0,0,1,1,1,25,17,5,52,16,57,61,13,12,40,28,1,2,6,16,0,0,10,12.4,0,0,6,17,22,1,0,0,0,2,2,2,D,1,2,0,0,1,2,101,1.32,0.29,1.22,1.32
124834,777,15,False,4-2-3-1,63.2,827,0,29,631,567,257,245,404,327,182,35,17,60,43,30,5,5,4,0,20,0,0,17,8,8,9,9,3,2,1,4,0,1,0,2,1,0,0,11,6,7,45,5,36,45,11,14,29,24,7,3,4,10,0,0,11,10.7,0,0,4,15,23,1,0,2,0,2,1,1,D,1,1,0,0,0,4,73,1.09,0.79,0.85,1.09
124834,777,43,True,5-4-1,36.8,552,0,23,351,272,154,138,223,142,108,46,16,49,26,26,8,4,4,0,17,0,0,12,5,3,9,9,8,4,1,2,0,1,0,1,1,1,1,11,9,10,50,5,45,36,14,11,35,18,3,7,11,17,0,0,12,22.4,0,0,3,16,20,1,0,1,1,0,1,1,D,1,1,0,0,0,7,86,0.85,0.74,1.1,0.85
124835,777,34,True,4-2-3-1,53.0,663,0,27,456,382,242,221,227,166,99,49,22,63,36,13,5,2,2,1,16,0,0,14,3,6,8,8,0,5,2,5,0,1,0,1,2,2,2,19,9,6,43,9,54,36,15,10,39,17,6,3,8,12,1,0,11,19.9,0,0,1,17,19,4,0,2,3,0,3,1,W,3,2,0,0,0,2,92,1.02,0.61,0.6,1.02
124835,777,130,False,5-3-2,47.0,588,0,17,398,324,232,217,187,109,89,46,17,62,35,21,2,10,9,0,23,0,0,8,3,0,8,9,6,2,1,5,0,3,0,0,0,1,0,13,6,5,38,10,36,54,10,15,18,27,3,5,4,13,0,0,13,13.6,0,0,4,15,15,1,0,2,0,3,1,3,L,0,1,0,0,1,2,52,0.61,0.36,1.01,0.61
124836,777,7,False,4-2-3-1,42.8,541,0,21,345,263,134,119,231,149,133,61,23,67,30,20,5,4,3,1,23,0,0,9,2,3,6,9,2,4,0,3,0,2,0,0,0,0,1,18,13,10,49,11,56,57,15,20,23,29,3,5,12,19,0,0,10,12.1,0,0,4,24,16,3,0,1,0,0,1,2,L,0,1,0,0,0,1,85,0.7,0.62,0.9,0.7
124836,777,10,True,4-2-3-1,57.2,678,0,26,475,404,229,209,258,197,142,43,14,59,29,12,2,5,4,1,23,0,0,11,3,2,9,6,3,3,2,3,0,1,0,0,1,1,2,18,7,12,49,11,57,56,20,15,37,31,5,3,10,17,0,0,11,7.7,0,0,2,22,15,2,0,1,0,0,2,1,W,3,2,0,0,0,1,99,0.9,0.79,0.7,0.9
124837,777,4,False,4-2-3-1,58.8,738,0,16,550,466,295,259,270,209,102,45,21,60,37,15,2,5,3,1,20,0,0,5,1,1,4,6,5,2,0,5,0,2,0,0,1,1,1,16,13,8,45,11,53,51,16,12,29,24,2,3,8,18,1,0,14,11.2,0,0,0,21,19,5,1,2,0,0,1,2,L,0,1,0,0,0,2,74,0.43,0.33,1.84,0.43
124837,777,12,True,3-4-2-1,41.2,569,0,21,371,292,153,137,244,163,115,55,13,62,30,26,8,5,3,1,23,0,0,11,4,5,6,4,1,3,2,5,0,1,0,1,3,2,2,21,16,10,47,8,51,53,12,16,19,32,4,2,5,13,0,0,13,13.9,0,0,6,23,16,0,1,3,0,0,2,1,W,3,2,0,0,0,0,70,1.83,1.15,0.43,1.83
124838,777,2,False,4-2-3-1,71.4,728,0,34,547,488,185,172,388,320,230,32,15,40,25,26,4,5,2,0,18,0,0,12,2,6,6,10,4,4,0,5,0,1,0,2,1,0,1,11,7,3,38,12,40,47,17,14,28,21,6,4,0,8,0,0,8,8.5,0,0,3,11,17,1,0,3,0,2,1,1,D,1,1,0,0,0,3,59,0.71,0.9,1.05,0.71
124838,777,29,True,4-3-3,28.6,386,0,16,218,151,106,94,124,59,62,49,16,48,19,12,2,6,6,1,15,0,0,14,4,4,10,6,6,6,0,5,0,0,1,0,1,1,1,20,13,8,30,11,47,40,14,17,34,30,4,6,5,5,1,0,14,9.8,0,0,6,9,10,2,1,0,1,0,1,1,D,1,1,0,0,0,1,82,1.06,0.39,0.71,1.06
124839,777,6,False,3-4-2-1,43.4,547,0,27,345,284,183,165,180,127,94,48,22,48,27,18,8,8,7,3,12,0,0,18,3,4,14,7,1,9,1,3,0,1,0,2,2,2,0,22,16,10,39,8,70,46,29,18,35,19,6,1,5,6,0,0,5,17.6,0,0,2,13,18,3,0,2,0,0,2,1,W,3,2,0,0,0,2,81,2.3,1.31,0.66,2.3
124839,777,25,True,4-3-3,56.6,628,0,20,450,375,194,185,278,197,108,47,21,65,44,22,7,8,8,3,19,0,0,8,3,1,7,14,4,4,0,3,0,2,0,1,1,0,1,9,6,7,43,15,46,70,18,29,22,24,1,6,14,21,0,0,15,11.5,0,0,2,20,14,4,0,1,0,0,1,2,L,0,1,0,0,0,1,56,0.68,1.22,2.31,0.68
124840,777,9,False,4-3-3,44.1,641,0,13,416,351,226,206,197,145,81,45,16,62,40,7,0,0,0,0,15,0,0,6,4,4,2,13,3,2,3,5,0,1,0,0,1,1,1,20,13,7,61,15,57,75,18,29,49,27,0,3,8,21,0,0,9,13.3,0,0,5,21,22,1,0,2,3,0,3,1,W,3,3,0,0,0,5,106,0.49,0.43,1.78,0.49
124840,777,38,True,3-4-2-1,55.9,716,0,39,507,425,218,201,324,238,143,46,24,61,41,35,14,4,4,0,28,0,0,16,6,3,13,2,4,6,1,5,0,2,1,0,1,1,1,28,14,3,53,12,75,57,29,18,16,32,4,0,9,17,1,0,11,10.8,0,0,2,23,26,1,0,0,0,3,1,3,L,0,1,0,0,0,1,63,1.78,1.35,0.48,1.78
124841,777,2,True,4-2-3-1,48.3,571,0,18,403,340,202,190,211,151,99,36,17,58,39,10,1,2,1,1,11,0,0,9,4,5,4,9,2,3,1,5,1,1,0,1,2,2,3,10,4,7,48,9,38,46,14,9,26,24,2,4,5,12,0,0,10,13.2,0,0,6,16,16,1,0,2,3,0,3,1,W,3,3,0,0,0,3,63,1.11,0.86,0.92,1.11
124841,777,34,False,4-2-3-1,51.7,611,0,27,414,357,231,209,213,155,114,46,26,43,26,30,7,8,7,1,18,0,0,11,4,2,9,4,5,4,1,5,0,2,1,1,1,0,1,16,7,9,52,4,46,38,9,14,23,26,3,2,11,17,0,0,13,12.2,0,0,3,16,24,4,0,4,0,3,1,3,L,0,1,0,0,0,1,73,0.93,0.83,1.11,0.93
124842,777,12,False,3-4-2-1,55.8,631,0,17,458,370,249,217,223,157,85,41,18,67,41,14,4,2,2,2,17,0,0,14,6,5,9,7,3,4,1,4,0,2,1,3,0,1,0,16,9,4,43,6,51,52,19,22,29,17,4,1,2,10,0,0,10,16.8,0,0,0,18,20,2,0,1,0,0,1,3,L,0,1,0,1,0,5,66,2.08,0.54,2.02,1.3
124842,777,130,True,4-2-3-1,44.2,554,0,23,359,274,157,136,216,145,99,50,21,67,33,14,7,4,4,2,22,0,0,10,8,3,7,9,5,1,2,5,1,1,0,4,5,2,2,14,8,7,41,8,52,51,22,19,24,36,1,4,6,14,0,0,14,10.7,1,0,2,18,16,2,0,2,0,0,3,1,W,3,3,0,0,0,5,69,2.03,1.25,2.08,2.03
124843,777,4,True,4-3-3,59.5,664,0,17,470,396,261,237,223,162,110,53,15,64,33,14,3,5,3,1,21,0,0,13,3,6,7,8,4,4,1,4,0,3,0,1,1,1,0,21,11,10,35,9,54,48,8,11,8,23,6,2,10,22,1,0,9,9.4,0,0,2,7,16,3,1,2,0,3,1,3,L,0,1,0,0,0,0,53,1.82,0.45,2.28,1.82
124843,777,131,False,4-2-3-1,40.5,516,0,27,316,266,140,126,189,145,121,29,16,32,21,13,5,7,1,0,19,0,0,12,3,4,8,7,6,7,0,5,3,1,0,1,3,3,3,21,13,12,42,10,48,54,11,8,26,35,2,6,7,18,0,0,16,10.5,0,0,9,14,14,5,0,2,3,0,3,1,W,3,3,0,0,0,2,87,2.28,1.65,1.81,2.28
124844,777,6,True,3-4-2-1,28.1,450,0,33,270,175,114,94,164,83,105,71,23,65,21,8,2,2,2,0,20,0,0,16,7,4,12,13,7,7,1,4,1,1,0,5,6,2,1,24,16,9,40,6,48,45,12,22,32,17,2,4,6,7,1,0,10,27.2,0,0,3,13,16,1,0,2,0,0,2,1,W,3,2,0,0,0,3,91,2.94,1.12,2.14,2.94
124844,777,10,False,4-2-3-1,71.9,905,0,28,688,609,260,242,454,375,185,45,19,60,40,26,8,6,6,2,18,0,0,20,4,7,13,12,4,11,0,5,1,2,0,5,5,1,0,7,5,10,55,11,45,48,22,12,36,19,5,1,6,19,0,0,8,11.1,0,0,5,26,15,3,0,1,0,0,1,2,L,0,1,0,0,0,5,83,2.13,0.99,2.92,2.13
124845,777,7,True,4-2-3-1,51.8,652,0,30,447,380,172,157,297,226,147,45,25,58,35,22,3,3,3,0,19,0,0,12,6,3,9,10,4,3,1,2,0,1,0,0,0,0,1,11,6,5,45,10,52,50,21,23,37,22,3,5,4,10,0,0,7,13.5,0,0,8,14,18,3,0,0,0,2,1,1,D,1,1,0,0,0,2,82,0.74,0.66,1.17,0.74
124845,777,25,False,4-1-4-1,48.2,617,0,29,416,332,167,147,267,189,132,55,19,61,35,18,4,5,5,1,22,0,0,14,3,4,10,9,3,5,0,4,0,1,0,1,0,0,0,16,7,6,49,5,50,52,23,21,36,18,6,3,4,10,0,0,16,16.2,0,0,3,18,19,4,0,2,1,0,1,1,D,1,1,0,0,0,5,86,1.17,0.71,0.73,1.17
124846,777,9,True,4-3-3,41.4,567,0,35,357,280,187,168,186,121,88,60,32,67,39,16,9,7,7,6,14,0,0,19,8,3,16,7,5,5,1,3,0,1,1,3,3,0,1,27,16,9,44,14,65,63,18,19,25,34,6,3,8,17,0,0,12,10.0,0,0,4,13,16,2,0,0,1,2,2,2,D,1,2,0,0,0,3,81,1.77,0.67,0.82,1.77
124846,777,127,False,4-2-3-1,58.6,747,0,21,509,436,194,179,336,260,174,46,24,69,48,21,3,4,4,1,28,0,0,12,5,5,7,16,3,4,1,5,1,2,0,0,1,1,1,23,11,7,52,13,63,65,19,18,30,33,3,6,11,25,0,0,13,8.8,0,0,2,19,23,2,0,2,1,2,2,2,D,1,2,0,0,0,6,90,0.82,0.72,1.84,0.82
124847,777,11,True,4-1-4-1,68.5,812,0,64,638,566,194,175,467,400,249,26,10,41,32,23,9,10,9,3,22,0,0,21,8,8,13,5,4,7,1,4,0,1,0,2,3,3,2,8,6,4,36,12,39,40,11,15,19,11,6,5,14,22,0,0,5,20.4,0,0,4,18,11,1,0,1,0,0,5,1,W,3,3,0,0,0,1,55,2.03,1.53,0.41,2.03
124847,777,43,False,5-4-1,31.5,467,0,11,295,242,164,150,138,93,78,53,31,41,24,7,1,2,2,0,14,0,0,9,2,4,5,15,8,2,1,5,0,5,0,0,0,0,1,20,9,10,33,4,40,39,15,11,31,22,5,6,1,5,2,0,7,15.3,0,0,1,10,19,3,0,1,0,0,1,5,L,0,1,0,0,2,5,81,0.42,0.42,2.03,0.42
124848,777,1,False,4-2-3-1,63.4,683,0,43,495,405,186,168,332,246,176,58,22,70,38,23,9,12,10,3,19,0,0,20,7,2,18,7,1,7,0,5,1,1,0,3,3,1,2,13,6,10,48,6,54,49,22,26,29,23,6,3,11,17,0,0,9,10.0,0,0,2,19,19,1,0,0,3,0,2,1,W,3,2,0,0,0,2,80,2.04,1.67,0.61,2.04
124848,777,23,True,4-3-3,36.6,475,0,17,279,194,135,117,159,80,90,55,20,61,26,15,3,7,6,2,21,0,0,8,3,1,7,18,2,1,1,5,0,2,0,0,1,1,1,12,8,8,42,10,49,54,26,22,41,16,4,6,3,6,0,0,8,20.3,0,0,3,12,15,2,0,1,0,3,1,2,L,0,1,0,0,0,5,77,0.61,0.59,2.04,0.61
124849,777,15,True,4-2-3-1,64.6,785,0,36,578,521,221,207,399,322,197,38,23,53,41,42,8,7,6,1,24,0,0,22,6,7,15,8,3,10,0,5,0,1,0,1,1,0,0,16,9,1,46,3,46,40,15,13,20,25,6,3,9,16,0,0,11,10.4,0,0,4,21,18,4,0,0,0,0,0,1,L,0,0,0,0,0,2,62,1.68,1.13,1.19,1.68
124849,777,29,False,4-2-3-1,35.4,517,0,21,318,258,180,163,157,98,71,62,33,46,19,19,3,4,3,1,13,0,0,11,3,3,8,15,7,5,1,5,0,0,0,2,2,1,1,10,7,6,49,11,40,46,13,15,42,13,3,6,7,12,0,0,6,27.5,0,0,0,15,24,2,0,1,0,0,1,0,W,3,1,0,0,0,6,88,1.2,0.72,1.68,1.2
124850,777,21,True,4-2-3-1,51.3,626,0,24,398,325,150,133,280,201,153,48,26,51,34,32,9,10,10,1,24,0,0,10,3,3,7,6,3,5,0,5,0,1,0,1,1,0,1,17,12,10,46,17,56,64,18,16,19,20,2,1,11,25,0,0,9,16.1,0,0,2,28,11,3,0,2,1,0,1,1,D,1,1,0,0,0,2,76,0.87,0.81,1.15,0.87
124850,777,38,False,4-3-3,48.7,616,0,16,394,321,206,182,203,143,87,60,22,75,42,15,4,9,8,3,25,0,0,9,3,3,6,7,3,5,0,5,0,0,1,0,0,1,0,31,14,10,40,9,64,56,16,18,41,27,1,2,8,16,0,0,11,9.3,0,0,3,14,17,2,0,0,0,2,1,1,D,1,1,0,0,0,2,101,1.19,0.33,0.87,1.19
124851,777,1,True,4-3-3,67.9,760,0,46,566,498,250,242,339,259,171,27,10,51,30,23,3,8,6,0,16,0,0,21,5,5,16,4,0,7,1,5,0,0,0,2,2,2,0,23,14,7,36,9,54,45,12,12,27,35,9,1,5,13,0,0,14,6.0,0,0,4,13,13,0,0,1,0,0,2,0,W,3,1,1,0,0,0,73,2.91,1.99,0.49,2.13
124851,777,25,False,4-1-4-1,32.1,480,0,8,268,210,120,110,159,102,70,45,14,47,23,11,2,3,3,2,18,0,0,4,0,0,4,16,5,3,0,3,0,2,0,2,2,0,0,17,7,12,30,12,45,54,12,12,50,16,1,9,3,14,0,0,14,23.7,1,1,0,10,17,2,0,1,0,0,0,2,L,0,0,0,0,0,3,103,0.49,0.42,2.77,0.49
124852,777,2,True,4-2-2-2,55.0,672,0,23,496,434,286,269,221,173,92,38,21,54,39,11,8,6,5,5,9,0,0,15,7,3,12,3,2,5,1,6,0,1,0,1,1,1,2,15,10,5,48,13,56,44,20,7,23,22,3,2,6,20,0,0,9,14.2,0,0,3,18,21,3,0,3,0,0,2,1,W,3,2,0,0,0,1,64,1.38,1.4,0.42,1.38
124852,777,43,False,5-4-1,45.0,560,0,12,409,331,206,190,210,144,99,55,23,43,13,7,3,4,4,2,17,0,0,5,2,2,3,12,3,1,0,5,1,2,0,0,1,1,1,27,11,13,45,8,44,56,7,20,5,45,2,3,2,9,0,0,15,8.8,0,0,3,20,20,1,0,5,0,0,1,2,L,0,1,0,0,0,5,74,0.42,0.28,1.37,0.42
124853,777,34,False,3-4-2-1,46.5,654,164,17,473,383,245,208,245,178,149,57,22,54,24,17,3,3,3,0,19,142,70,12,4,7,5,6,5,4,0,5,0,2,1,0,1,1,1,11,9,7,54,7,33,40,6,11,38,18,4,3,9,12,0,0,10,19.2,0,0,3,18,29,1,0,2,0,3,1,3,L,0,1,0,0,0,3,90,0.87,1.01,1.12,0.87
124853,777,127,True,4-2-3-1,53.5,731,221,30,536,460,202,193,359,268,188,51,25,69,44,25,1,4,4,0,28,183,95,11,6,5,6,5,7,2,0,5,1,1,0,0,1,1,3,10,7,8,60,4,40,33,11,6,23,29,3,4,10,17,0,0,8,11.8,0,0,8,27,18,0,0,2,3,0,3,1,W,3,3,0,0,0,3,79,1.12,1.22,0.88,1.12
124854,777,11,False,4-1-4-1,70.0,937,0,23,764,698,277,256,496,444,198,30,18,57,44,9,2,2,2,1,17,0,0,10,4,4,6,4,2,2,1,3,0,0,0,1,2,1,1,14,10,6,46,7,51,31,17,8,21,15,4,2,10,19,0,0,6,16.9,0,0,3,19,19,2,0,1,0,0,1,0,W,3,1,0,0,0,1,67,0.84,0.71,0.83,0.84
124854,777,130,True,5-3-2,30.0,466,0,8,311,249,180,159,145,92,71,45,17,39,19,14,2,3,2,0,16,0,0,6,1,2,4,6,4,3,0,5,0,1,0,1,0,0,0,16,10,11,42,7,31,51,8,17,14,31,2,3,2,9,0,0,10,15.2,0,0,5,19,9,3,0,1,0,0,0,1,L,0,0,0,0,0,3,59,0.83,0.19,0.83,0.83
124855,777,4,True,4-2-3-1,53.2,688,0,22,508,422,249,224,279,201,156,67,29,61,26,20,3,7,3,0,17,0,0,12,6,6,6,8,4,4,1,5,1,1,0,1,2,1,2,21,12,13,53,8,41,32,7,6,12,20,2,5,6,14,0,0,9,17.8,0,0,5,21,18,0,0,2,0,0,2,1,W,3,2,0,0,0,1,73,1.0,1.09,1.95,1.0
124855,777,10,False,4-2-3-1,46.8,649,0,25,450,370,238,220,223,153,115,43,16,65,36,11,3,2,1,0,24,0,0,12,2,4,8,6,6,5,0,5,0,1,1,3,4,1,1,16,12,9,52,5,32,41,6,7,26,20,5,2,2,18,0,0,8,18.2,0,0,7,16,17,2,0,2,0,0,1,2,L,0,1,0,0,0,4,78,1.95,0.87,1.0,1.95
124856,777,6,False,3-4-2-1,49.7,662,0,23,432,349,239,219,207,133,107,52,17,60,29,14,3,4,4,2,22,0,0,15,8,4,11,10,4,4,1,4,0,2,0,4,2,1,1,31,15,14,49,9,73,62,27,24,38,42,3,2,2,12,0,0,16,7.9,1,1,0,18,21,3,0,1,0,3,1,2,L,0,1,0,0,0,5,102,1.71,1.63,2.03,1.71
124856,777,7,True,4-2-3-1,50.3,675,0,28,433,351,198,183,254,174,128,49,24,71,44,19,6,2,1,0,31,0,0,14,7,4,10,11,4,5,0,4,0,1,0,3,3,2,0,19,10,11,48,17,62,73,24,27,35,33,2,5,6,20,0,0,13,10.7,0,0,5,18,20,2,0,0,3,0,2,1,W,3,1,1,0,0,5,98,2.14,1.58,1.65,1.36
124857,777,9,True,4-3-3,56.5,656,0,22,478,401,239,227,260,184,131,40,16,72,41,21,10,4,4,2,15,0,0,16,4,5,11,4,5,10,1,5,0,1,1,3,3,1,0,19,11,6,53,8,48,44,14,10,25,25,2,2,3,10,1,0,10,11.5,0,0,5,19,22,2,0,1,0,0,1,2,L,0,1,0,0,0,1,74,1.73,0.81,0.53,1.73
124857,777,21,False,4-2-3-1,43.5,556,0,18,374,298,173,157,211,142,104,48,11,62,29,10,1,1,1,0,14,0,0,9,3,5,4,11,5,4,1,4,0,1,0,1,1,0,1,15,10,6,42,12,44,48,10,14,34,25,2,2,10,17,0,0,12,14.1,0,0,1,25,12,3,0,2,0,0,2,1,W,3,2,0,0,0,3,78,0.54,0.46,1.68,0.54
124858,777,12,True,3-4-2-1,50.2,636,0,32,448,351,213,197,242,159,119,59,19,84,37,7,5,2,2,2,23,0,0,15,6,4,11,5,3,7,2,5,0,0,0,1,0,1,1,17,10,10,53,5,48,61,14,20,24,32,2,1,7,23,0,0,10,10.3,0,0,1,29,13,1,0,1,0,0,2,0,W,3,2,0,0,0,3,82,1.89,0.67,0.71,1.89
124858,777,29,False,4-2-3-1,49.8,636,0,14,428,341,191,171,257,174,106,52,16,80,46,20,4,3,3,1,20,0,0,8,3,3,5,11,4,4,0,5,0,2,0,2,2,0,0,21,9,10,47,8,61,48,20,14,31,32,1,2,11,20,0,0,12,10.8,0,0,3,18,16,4,0,2,0,0,0,2,L,0,0,0,0,0,4,83,0.72,0.36,1.84,0.72
124859,777,15,False,3-4-3,48.7,657,0,18,452,372,263,232,203,143,91,51,20,55,25,14,3,1,1,0,17,0,0,5,4,1,4,13,5,1,0,4,0,1,1,0,0,0,0,13,8,9,56,11,54,47,13,12,38,24,0,5,13,18,0,0,15,13.0,1,1,3,18,27,4,0,2,0,0,0,2,L,0,0,0,0,0,7,92,0.29,0.28,3.28,0.29
124859,777,23,True,4-3-3,51.3,668,0,33,464,387,164,147,326,245,160,42,13,61,40,26,5,8,7,3,25,0,0,18,9,5,13,4,1,4,0,4,0,0,0,5,4,1,1,16,11,9,52,6,47,54,12,13,16,40,5,0,5,12,0,0,16,9.4,0,0,7,20,18,0,0,0,0,0,2,0,W,3,1,1,0,0,4,61,3.27,1.01,0.29,2.49
124860,777,38,True,4-3-3,41.5,554,0,8,353,270,183,160,185,113,72,64,31,62,32,15,3,2,2,0,16,0,0,6,3,2,4,10,7,3,1,5,0,1,0,1,1,0,0,26,14,9,55,11,56,52,15,12,32,25,0,4,6,14,0,0,13,14.3,0,0,2,18,25,2,0,1,0,2,1,1,D,1,0,0,0,0,5,90,0.55,0.36,1.15,0.55
124860,777,131,False,4-2-3-1,58.5,725,0,28,492,427,222,197,301,243,132,44,26,42,29,31,13,8,6,2,23,0,0,17,6,7,10,5,2,6,0,4,0,1,0,2,1,0,1,19,10,9,49,6,52,56,12,15,16,32,5,0,8,28,1,0,9,9.4,0,0,0,18,25,4,0,3,1,0,1,1,D,1,1,0,0,1,3,65,1.18,0.7,0.56,1.18
124861,777,23,False,4-3-3,54.4,701,0,25,491,419,229,202,286,224,131,36,17,56,36,24,7,4,4,2,23,0,0,16,3,6,10,6,7,8,0,5,0,1,1,1,1,0,1,17,13,7,50,7,49,57,13,16,22,28,5,5,10,24,0,0,9,11.2,0,0,2,18,17,1,0,1,0,0,1,2,L,0,1,0,0,0,3,70,1.45,1.39,0.91,1.45
124861,777,131,True,4-2-3-1,45.6,614,0,30,421,341,198,186,241,159,104,45,16,71,40,18,4,8,6,2,15,0,0,13,5,7,6,10,6,3,1,5,0,1,0,0,1,1,1,21,14,5,50,11,57,49,16,13,30,31,5,5,11,17,0,0,9,12.1,0,0,7,27,6,0,0,3,0,0,2,1,W,3,2,0,0,0,2,86,0.92,1.15,1.45,0.92
124862,777,9,False,4-3-3,68.9,822,0,44,615,526,251,226,411,318,160,39,13,64,45,47,18,5,5,3,25,0,0,19,4,2,17,1,3,12,0,4,0,1,1,4,4,0,0,13,6,12,37,8,54,40,25,18,12,28,3,0,6,12,0,0,7,8.7,0,0,5,15,13,1,0,0,0,0,0,2,L,0,0,0,0,0,1,49,2.49,1.45,0.45,2.49
124862,777,43,True,4-2-3-1,31.1,485,0,3,292,221,157,135,142,87,70,49,23,50,26,7,1,1,1,0,20,0,0,4,3,3,1,17,2,1,1,4,1,0,0,0,1,1,2,14,8,17,37,6,40,54,18,25,50,23,0,3,2,9,0,0,10,18.8,0,0,0,8,22,2,0,1,0,0,2,0,W,3,2,0,0,0,4,96,0.46,0.22,2.63,0.46
124863,777,6,True,3-4-2-1,52.3,614,0,41,404,308,212,192,211,122,130,69,36,61,32,19,6,6,5,2,17,0,0,20,7,5,15,5,3,6,0,1,0,3,0,4,5,3,1,23,14,6,50,6,73,53,32,22,32,30,7,0,4,16,1,0,8,9.4,0,0,4,21,19,1,0,3,1,0,3,3,D,1,2,1,0,0,2,80,4.48,2.39,2.03,3.7
124863,777,127,False,4-2-3-1,47.7,586,0,19,364,280,174,152,202,130,112,52,20,61,36,12,2,5,4,1,14,0,0,8,5,3,5,15,5,3,2,5,1,3,0,0,1,3,1,18,7,12,45,16,53,73,22,32,47,30,0,6,6,13,0,0,16,10.4,1,1,5,11,18,4,0,3,0,2,3,3,D,1,3,0,0,0,4,100,2.02,1.0,4.44,2.02
124864,777,1,False,4-3-3,63.0,734,236,46,546,475,214,207,356,273,195,48,20,71,49,24,5,10,7,1,17,157,73,16,5,2,14,6,3,7,0,3,0,0,0,2,2,1,1,9,5,1,48,16,52,38,22,8,29,13,4,2,10,14,0,0,4,20.5,0,0,4,31,10,0,0,2,0,0,1,0,W,3,1,0,0,0,0,63,1.91,1.06,0.44,1.91
124864,777,34,True,4-2-3-1,37.0,504,88,16,313,248,167,150,164,100,66,54,19,59,23,18,2,6,6,2,17,85,37,9,0,3,6,14,2,6,0,5,0,1,0,0,0,0,0,20,13,7,44,5,38,52,8,22,35,18,3,4,6,10,0,1,11,19.6,0,0,1,10,22,0,0,0,0,0,0,1,L,0,0,0,0,0,4,87,0.44,0.23,1.87,0.44
124865,777,10,True,4-2-3-1,63.5,716,0,52,480,408,176,152,352,265,152,47,27,65,44,48,9,9,9,3,31,0,0,19,6,3,16,10,2,11,0,5,0,2,0,4,5,1,1,13,7,5,36,8,51,45,21,18,28,18,2,3,4,11,0,0,8,11.7,0,0,1,13,15,0,0,1,0,0,1,2,L,0,1,0,0,0,2,66,2.75,1.61,1.34,2.75
124865,777,12,False,3-4-2-1,36.5,494,0,16,294,200,92,79,214,125,104,75,18,78,23,12,4,4,3,1,17,0,0,12,4,2,10,16,3,5,1,5,0,1,0,3,3,2,2,15,9,6,41,9,45,51,18,21,46,16,3,2,4,8,0,0,14,20.6,0,0,0,13,17,2,0,1,0,0,2,1,W,3,2,0,0,0,5,87,1.35,0.73,2.75,1.35
124866,777,7,False,4-2-3-1,28.9,466,0,15,300,237,124,113,186,125,84,56,25,73,39,10,1,3,3,0,11,0,0,5,1,1,4,16,3,2,0,5,0,2,0,1,1,0,0,18,11,7,41,5,49,60,18,17,28,28,2,7,5,15,0,0,14,18.7,0,0,1,12,24,2,0,1,0,0,0,2,L,0,0,0,0,0,5,85,0.8,0.78,2.39,0.8
124866,777,11,True,4-1-4-1,71.1,952,0,46,749,685,335,320,432,370,201,38,23,70,51,18,5,11,10,3,23,0,0,19,7,3,16,4,1,5,0,5,0,0,0,5,6,1,2,15,9,5,39,10,60,49,17,18,26,20,7,2,15,23,0,0,8,11.3,0,0,3,19,13,0,0,0,0,0,2,0,W,3,2,0,0,0,1,64,2.38,2.03,0.81,2.38
124867,777,4,False,4-2-3-1,50.3,648,0,20,463,397,255,235,217,165,101,57,28,65,40,9,3,2,1,0,12,0,0,17,6,6,11,8,4,6,0,5,0,0,0,2,3,2,2,15,8,13,52,11,53,47,13,5,19,39,5,2,12,20,0,0,16,8.8,0,0,5,23,15,2,1,2,0,0,3,0,W,3,3,0,0,0,2,67,1.67,1.18,2.35,1.67
124867,777,15,True,5-3-2,49.7,626,0,23,445,367,231,212,237,160,125,46,15,61,35,23,5,5,5,3,21,0,0,12,2,4,8,11,6,8,0,4,0,2,1,4,4,0,0,19,10,9,42,6,47,53,5,13,15,27,2,5,8,17,1,0,13,13.6,0,0,5,17,14,2,0,1,0,0,0,3,L,0,0,0,0,0,3,67,2.36,1.37,1.67,2.36
124868,777,29,True,4-2-3-1,41.2,515,0,17,341,248,151,132,202,119,101,56,15,59,21,12,3,2,2,1,17,0,0,8,2,3,5,8,8,3,1,4,0,0,0,1,2,1,1,14,9,7,39,6,60,60,27,34,36,13,3,4,8,17,0,0,5,24.8,0,0,0,11,23,0,0,2,0,0,2,0,W,3,1,0,0,0,3,83,0.64,0.42,0.83,0.64
124868,777,38,False,4-3-3,58.8,684,0,38,466,393,180,164,317,240,138,60,29,65,39,31,11,2,2,1,26,0,0,16,3,8,8,5,4,8,0,4,0,1,1,0,0,0,0,15,12,8,40,5,60,60,34,27,40,34,5,3,7,16,0,0,12,7.3,0,0,5,17,12,0,0,2,0,0,0,2,L,0,0,0,0,1,1,83,0.84,1.26,0.65,0.84
124869,777,2,False,4-2-3-1,47.4,544,0,7,348,292,180,170,184,122,87,42,15,49,22,16,0,6,5,0,21,0,0,8,2,6,2,7,3,4,1,4,1,1,0,0,0,0,1,24,15,2,41,14,55,48,14,11,29,20,2,1,7,18,0,0,7,14.4,0,0,4,16,14,0,0,1,3,0,2,1,W,3,2,0,0,0,2,77,0.31,0.16,0.75,0.31
124869,777,21,True,4-2-3-1,52.6,586,0,28,382,336,193,181,211,160,105,41,25,40,21,22,5,6,5,2,23,0,0,10,3,3,7,2,6,5,1,5,0,0,2,2,2,1,1,25,15,6,47,11,48,55,11,14,29,31,2,2,5,18,0,0,11,9.0,0,0,6,23,12,2,0,6,0,3,1,2,L,0,1,0,0,0,0,84,0.74,0.68,0.32,0.74
124870,777,25,True,4-2-3-1,43.7,552,0,14,344,257,145,128,219,131,85,56,19,64,32,20,2,6,4,0,26,0,0,7,1,5,2,20,2,3,0,5,0,2,0,0,0,0,0,16,12,2,46,4,43,62,15,36,39,20,3,6,2,9,0,0,10,17.1,0,0,5,12,18,1,0,3,0,0,0,2,L,0,0,0,0,0,4,88,0.34,0.2,2.31,0.34
124870,777,130,False,4-2-3-1,56.3,654,0,42,451,372,246,231,229,154,121,48,23,60,33,24,13,10,8,4,23,0,0,22,7,2,20,2,5,10,1,3,1,0,0,4,4,1,2,11,8,7,44,4,62,43,36,15,26,22,5,3,6,18,0,0,10,12.9,0,0,3,17,19,1,0,2,0,0,2,0,W,3,2,0,0,0,1,76,2.31,1.86,0.33,2.31
124871,777,1,True,4-3-3,59.7,716,0,25,540,449,252,233,298,220,147,53,18,81,46,10,4,4,4,2,17,0,0,10,3,3,7,5,2,4,1,5,0,0,0,2,2,0,0,12,7,6,45,10,48,42,21,16,28,21,3,3,5,11,0,0,6,14.1,0,0,3,18,16,0,0,2,0,0,1,0,W,3,1,0,0,0,1,68,1.15,0.9,0.47,1.15
124871,777,6,False,3-4-2-1,40.3,536,0,15,360,265,164,146,206,122,97,63,19,72,37,10,3,3,3,2,19,0,0,7,1,2,5,7,3,3,0,5,0,1,0,0,0,0,0,16,9,12,43,10,42,48,16,21,44,17,3,3,4,6,0,0,11,23.3,0,0,3,17,19,0,0,1,0,0,0,1,L,0,0,0,0,0,2,93,0.47,0.31,1.08,0.47
124872,777,2,True,4-2-3-1,47.0,627,0,26,449,388,249,234,212,157,87,59,25,57,33,12,3,5,4,2,13,0,0,9,3,1,8,14,4,1,1,5,0,0,0,2,1,0,1,18,11,7,45,7,42,41,3,13,19,12,5,10,6,13,0,0,8,24.2,0,0,1,8,20,1,0,1,0,0,1,0,W,3,1,0,0,0,3,76,0.81,0.54,1.18,0.81
124872,777,11,False,4-1-4-1,53.0,674,0,33,504,455,174,166,351,296,174,20,10,31,29,21,7,6,6,4,14,0,0,18,4,4,14,8,1,5,0,5,0,0,1,2,1,0,0,14,8,11,44,7,41,42,13,3,19,30,9,5,6,17,0,0,16,12.3,0,0,7,17,16,4,0,3,0,0,0,1,L,0,0,0,0,0,2,70,1.19,1.1,0.81,1.19
124873,777,15,False,4-2-3-1,47.7,585,0,7,409,318,168,145,254,176,120,69,30,87,49,13,3,4,4,2,19,0,0,8,4,5,3,5,8,2,0,5,0,0,2,0,0,0,0,19,10,9,45,3,58,40,21,17,18,24,2,4,2,8,1,0,7,13.8,0,0,2,19,22,1,0,0,0,0,0,2,L,0,0,0,0,0,3,76,0.35,0.35,0.59,0.35
124873,777,127,True,4-2-3-1,52.3,629,0,16,447,359,203,184,254,177,120,48,17,69,34,10,2,6,2,0,21,0,0,13,5,8,5,3,5,4,2,5,0,0,0,0,0,0,1,9,7,12,50,10,40,58,17,21,16,31,4,2,7,16,0,0,17,10.1,0,0,4,22,18,3,0,3,0,0,2,0,W,3,2,0,0,0,4,66,0.58,0.48,0.35,0.58
124874,777,10,False,4-2-3-1,66.3,804,0,37,586,490,253,226,354,271,196,61,24,61,30,21,7,4,4,2,15,0,0,18,5,6,12,12,5,7,1,5,0,3,0,2,2,1,1,21,12,4,51,7,63,59,26,27,41,24,6,2,9,17,0,0,10,8.6,1,1,2,21,21,2,0,0,0,0,2,3,L,0,2,0,0,0,5,94,2.3,1.2,2.75,2.3
124874,777,130,True,4-2-3-1,33.7,514,0,34,288,201,116,98,191,109,109,64,22,55,21,19,6,5,4,1,23,0,0,17,8,5,12,12,6,7,2,5,0,2,0,4,5,3,1,15,9,14,58,8,59,63,27,26,35,21,2,6,7,20,1,0,7,17.9,0,0,4,23,21,3,0,2,0,0,3,2,W,3,2,1,0,0,3,105,2.74,1.09,2.3,1.96
124875,777,4,True,4-2-3-1,68.4,802,0,26,629,567,281,262,377,309,187,39,19,59,45,29,4,9,7,2,15,0,0,16,7,6,10,7,3,5,1,5,0,2,0,1,2,1,1,8,8,3,47,8,40,48,10,17,18,23,4,4,9,15,0,0,15,10.2,0,0,2,15,24,1,0,3,0,3,1,2,L,0,1,0,0,0,2,47,0.9,1.18,1.31,0.9
124875,777,29,False,5-4-1,31.6,461,0,17,293,230,134,122,168,109,90,49,19,62,34,9,1,1,1,0,13,0,0,10,4,3,7,10,6,2,1,3,1,1,0,1,1,1,1,14,8,8,43,5,48,40,17,10,33,20,4,4,4,7,0,0,13,21.6,0,0,4,11,17,1,0,2,3,0,2,1,W,3,2,0,0,0,6,72,1.31,0.4,0.9,1.31
124876,777,7,True,4-2-3-1,53.5,631,0,31,442,374,183,171,292,206,168,37,16,58,37,33,3,9,8,1,17,0,0,12,2,4,8,5,2,5,0,3,0,3,0,3,2,0,0,19,10,6,46,8,54,48,19,11,27,23,5,1,8,21,1,0,9,14.3,0,0,3,21,17,2,0,2,0,0,0,3,L,0,0,0,0,0,1,75,1.52,1.47,2.08,1.52
124876,777,21,False,4-2-3-1,46.5,607,0,16,395,329,239,220,171,113,75,45,14,50,23,15,4,8,8,2,15,0,0,7,4,2,5,8,4,2,2,4,1,0,0,1,3,3,3,20,11,6,50,11,48,54,11,19,54,16,1,5,8,16,0,0,8,17.5,0,0,1,16,23,0,0,2,0,0,3,0,W,3,3,0,0,0,2,109,2.08,0.76,1.53,2.08
124877,777,9,True,4-3-3,40.9,580,0,10,373,302,230,211,154,96,66,56,20,70,33,11,5,3,3,1,18,0,0,13,5,5,8,4,5,5,2,5,0,1,0,1,2,2,1,21,13,13,45,8,52,57,15,26,39,31,3,3,5,10,0,0,12,12.7,0,0,2,18,17,3,0,1,0,0,2,1,W,3,2,0,0,0,2,90,1.45,0.77,0.65,1.45
124877,777,25,False,3-4-3,59.1,724,0,10,536,441,217,202,342,242,149,47,19,78,44,23,3,4,4,0,31,0,0,9,3,5,4,8,5,3,0,5,1,2,0,0,0,0,1,13,6,4,52,10,57,52,26,15,12,29,3,3,6,17,0,0,11,11.9,0,0,5,22,18,3,0,1,0,0,1,2,L,0,1,0,0,0,3,58,0.65,0.93,1.49,0.65
124878,777,12,True,3-4-2-1,43.6,650,0,21,442,361,185,164,266,198,142,56,27,66,41,9,1,1,1,0,16,0,0,13,9,6,7,10,7,3,2,5,0,1,1,3,4,1,4,21,13,14,63,9,61,57,15,18,15,38,1,4,13,22,0,0,4,12.4,0,0,8,29,16,2,0,2,0,0,4,2,W,3,4,0,0,0,3,87,1.29,0.95,1.12,1.29
124878,777,131,False,4-2-3-1,56.4,761,0,20,568,485,332,301,253,189,102,44,20,61,39,17,5,6,6,2,14,0,0,17,5,7,10,7,6,8,0,5,1,2,2,0,1,1,1,18,12,12,66,15,57,61,18,15,18,35,4,1,17,23,0,0,13,8.6,0,0,5,30,25,2,0,2,0,0,2,4,L,0,2,0,0,0,5,84,1.12,0.79,1.29,1.12
124879,777,23,True,4-3-3,50.8,672,0,35,452,381,232,214,239,173,123,44,22,61,42,19,6,4,2,0,19,0,0,18,7,8,10,8,4,6,1,5,0,1,0,3,3,1,0,14,9,7,52,10,52,46,14,11,20,33,5,4,6,15,0,0,11,10.6,0,0,6,25,15,0,0,0,0,0,2,1,W,3,2,0,0,0,4,73,2.17,1.25,1.53,2.17
124879,777,34,False,4-2-3-1,49.2,627,0,25,444,351,241,205,216,147,106,50,22,55,28,13,1,3,3,1,23,0,0,12,5,4,8,10,8,2,0,5,0,2,0,1,0,1,0,19,11,9,48,7,46,52,11,14,21,31,5,5,5,12,2,0,18,11.2,0,0,3,16,24,2,0,1,0,0,1,2,L,0,1,0,0,0,5,84,1.54,0.32,2.14,1.54
124880,777,38,True,4-3-3,57.1,716,0,35,493,414,172,153,365,273,151,53,28,65,41,44,12,4,3,1,14,0,0,15,7,5,10,6,5,6,2,5,0,2,1,1,1,2,1,14,6,9,52,11,49,52,21,18,24,32,2,3,7,15,1,0,12,9.2,0,0,2,22,18,1,0,2,0,0,2,3,L,0,1,1,0,0,4,67,2.52,1.37,1.43,1.74
124880,777,43,False,4-2-3-1,42.9,601,0,20,391,308,179,157,222,152,98,63,27,63,32,10,1,3,3,0,18,0,0,11,7,5,6,10,5,1,2,4,1,2,0,0,2,2,3,19,8,5,38,8,52,49,18,21,42,22,3,2,3,9,0,0,7,15.0,1,1,2,5,19,0,0,2,0,0,3,2,W,3,3,0,0,0,5,81,1.43,1.14,2.52,1.43
124881,777,9,False,4-1-4-1,50.2,660,0,18,486,423,281,261,224,166,75,47,22,61,39,19,4,7,6,3,18,0,0,5,2,2,3,8,6,2,0,5,0,3,0,1,1,0,0,12,8,6,37,11,43,49,10,10,19,17,1,2,11,24,1,0,7,24.2,0,0,2,18,12,1,0,1,0,0,0,3,L,0,0,0,0,0,4,57,0.5,0.49,3.07,0.5
124881,777,131,True,4-2-3-1,49.8,658,0,26,491,431,291,281,210,152,97,39,19,60,41,10,2,4,4,2,22,0,0,14,7,6,8,3,2,5,1,5,0,0,0,0,2,3,2,24,15,3,41,9,49,43,10,10,14,26,2,1,9,12,0,0,10,16.0,0,0,6,17,12,0,0,3,0,0,3,0,W,3,3,0,0,0,2,67,3.07,1.12,0.5,3.07
124882,777,1,False,4-3-3,53.6,676,0,23,494,426,258,244,250,186,112,43,13,58,30,14,4,6,5,2,21,0,0,12,8,3,9,2,1,3,2,5,0,0,0,2,4,2,2,16,7,6,45,8,47,49,16,18,28,29,1,0,5,11,0,0,13,10.6,0,0,2,16,21,1,0,1,0,0,2,0,W,3,2,0,0,0,0,75,2.42,1.34,0.42,2.42
124882,777,43,True,5-4-1,46.4,597,0,12,427,348,199,184,241,165,107,57,27,50,28,13,1,1,1,0,19,0,0,3,0,1,2,9,3,3,0,5,0,2,0,1,1,0,0,14,9,7,34,8,49,47,18,16,28,23,0,2,6,14,0,0,10,16.6,0,0,2,14,13,2,0,0,0,0,0,2,L,0,0,0,0,0,5,63,0.41,0.43,2.42,0.41
124883,777,6,True,3-4-2-1,35.7,451,0,24,268,178,110,95,175,85,97,56,17,64,25,17,2,6,6,0,23,0,0,10,3,4,6,2,4,3,1,3,0,0,0,1,0,0,1,13,7,12,48,9,42,53,16,25,31,21,4,2,2,9,0,0,7,19.4,0,0,3,21,17,0,0,1,0,0,2,0,W,3,1,0,0,0,2,82,0.7,0.2,0.54,0.7
124883,777,130,False,4-2-3-1,64.3,680,0,16,493,392,273,243,237,150,116,68,27,73,32,17,1,5,5,1,19,0,0,6,2,4,2,7,4,2,0,5,0,2,0,1,1,0,0,16,11,4,60,6,53,42,25,16,38,23,2,4,6,13,0,0,11,9.4,0,0,3,24,22,3,0,3,0,0,0,2,L,0,0,0,0,1,2,92,0.54,0.47,0.7,0.54
124884,777,34,True,4-2-3-1,63.3,751,0,37,549,477,263,244,307,239,161,41,19,59,40,21,6,10,8,4,31,0,0,19,6,8,11,3,2,5,1,5,0,0,0,1,1,1,1,6,2,4,48,9,40,46,14,15,22,15,8,1,7,15,0,0,13,16.0,0,0,3,14,21,1,0,3,0,0,3,0,W,3,2,0,0,0,2,52,1.41,1.09,0.24,1.41
124884,777,38,False,5-3-2,36.7,495,0,17,316,243,148,137,184,110,106,68,31,57,28,16,4,1,1,0,13,0,0,5,2,2,3,12,8,2,0,5,0,2,1,1,1,0,0,17,12,10,38,3,46,40,15,14,31,24,1,8,2,5,0,0,14,17.5,0,0,4,17,11,3,1,0,0,0,0,3,L,0,0,0,0,1,4,79,0.24,0.32,1.39,0.24
124885,777,2,False,4-2-3-1,46.6,564,0,22,398,336,220,205,196,132,104,48,21,48,27,18,1,4,3,0,12,0,0,10,3,6,4,7,9,6,0,5,0,1,1,0,0,0,0,11,7,6,34,8,36,42,6,10,26,18,1,5,6,10,1,0,11,17.7,0,0,3,9,13,3,0,0,0,0,0,2,L,0,0,0,0,0,2,67,0.41,0.42,1.19,0.41
124885,777,10,True,4-2-3-1,53.4,639,0,21,467,408,189,177,289,232,140,42,19,66,44,11,1,1,1,0,17,0,0,16,4,9,7,4,6,7,1,1,0,0,0,3,2,1,1,12,8,6,37,6,42,36,10,6,25,23,5,1,9,14,0,0,13,13.2,0,0,5,15,12,2,0,8,0,0,2,0,W,3,2,0,0,0,3,59,1.19,0.88,0.41,1.19
124886,777,11,True,4-3-2-1,48.4,683,0,43,493,425,216,189,293,240,144,34,16,53,36,16,4,9,7,3,19,0,0,15,8,2,13,4,4,4,2,5,0,1,0,2,4,2,3,10,7,9,42,9,42,42,8,7,23,19,3,1,13,27,1,0,8,20.5,0,0,2,13,20,2,0,0,0,0,3,1,W,3,3,0,0,0,4,62,2.22,0.93,0.72,2.22
124886,777,127,False,4-2-3-1,51.6,698,0,17,521,461,274,254,267,208,124,46,26,56,42,20,1,4,4,0,7,0,0,8,5,4,4,13,2,2,1,5,0,3,0,0,0,1,0,23,10,5,48,5,42,42,7,8,27,33,1,4,4,9,0,0,11,10.2,0,0,3,18,21,2,0,3,0,0,1,3,L,0,1,0,0,0,4,75,0.72,0.51,2.22,0.72
124887,777,12,False,3-4-2-1,58.8,711,0,17,525,442,285,264,253,183,117,62,31,90,53,13,5,5,4,2,12,0,0,18,7,10,8,11,6,6,1,2,0,2,0,0,0,0,1,12,10,10,53,6,59,45,29,17,22,20,5,6,8,19,0,0,7,12.4,0,0,3,26,21,1,0,1,1,2,2,2,D,1,2,0,0,0,1,84,1.12,1.12,1.93,1.12
124887,777,15,True,4-2-3-1,41.2,522,0,24,350,263,127,119,248,149,129,62,23,80,33,25,5,8,7,2,15,0,0,17,3,6,11,8,10,8,0,3,0,1,1,0,0,1,1,17,10,11,56,6,45,59,17,29,17,27,6,6,5,11,0,0,10,15.1,0,0,4,21,20,1,0,2,1,2,2,2,D,1,2,0,0,0,4,80,1.92,0.86,1.12,1.92
124888,777,7,False,4-2-3-1,39.3,540,0,19,347,267,159,132,197,137,93,46,13,66,27,9,2,1,1,0,21,0,0,8,2,3,5,12,5,3,1,4,0,0,1,1,1,0,0,14,6,8,45,6,50,52,20,19,45,19,3,7,6,14,0,0,12,19.9,0,0,4,12,23,2,0,0,0,2,1,1,D,1,1,0,0,0,2,97,0.86,0.55,1.09,0.86
124888,777,29,True,3-4-3,60.7,714,0,29,529,449,246,234,304,221,156,59,29,60,28,21,6,4,4,1,17,0,0,17,3,5,12,5,3,7,0,2,0,1,0,1,1,0,1,14,10,5,54,3,52,50,19,20,21,27,7,3,7,18,0,0,10,9.7,0,0,3,23,21,3,0,2,1,0,1,1,D,1,1,0,0,0,1,67,1.09,1.2,0.86,1.09
124889,777,4,False,4-2-3-1,52.1,649,0,36,425,343,184,159,254,187,128,53,26,62,38,13,3,5,3,0,22,0,0,15,9,3,12,2,1,5,1,4,0,0,0,5,6,1,1,20,12,17,64,11,64,69,22,19,19,41,1,1,8,27,0,0,12,8.0,0,0,7,31,16,2,0,1,0,0,1,0,W,3,1,0,0,0,1,81,3.69,1.77,0.1,3.69
124889,777,21,True,4-2-3-1,47.9,603,0,15,387,294,219,183,184,111,100,46,13,58,26,16,0,6,6,0,25,0,0,3,1,1,2,12,3,1,0,6,0,1,0,0,0,0,0,30,19,4,55,11,69,64,19,22,20,35,1,1,9,18,1,0,14,8.6,0,0,6,20,24,4,0,1,0,0,0,1,L,0,0,0,0,0,8,88,0.1,0.24,3.68,0.1
124890,777,23,False,4-3-3,62.6,737,0,22,545,467,207,194,365,275,180,44,22,55,37,27,2,6,5,1,25,0,0,12,4,6,6,11,5,6,1,5,0,2,1,0,0,0,1,8,5,9,42,13,31,41,11,5,19,18,2,3,7,15,1,0,10,12.9,0,0,1,18,14,2,0,0,0,3,1,3,L,0,1,0,0,1,7,49,0.52,0.5,1.75,0.52
124890,777,25,True,4-3-3,37.4,527,0,21,320,245,144,121,197,130,96,62,20,54,18,21,6,7,6,2,17,0,0,15,9,5,10,6,6,3,2,3,1,0,1,2,1,0,1,21,13,7,45,5,41,31,5,11,41,14,3,2,7,10,0,0,5,26.1,0,0,1,15,21,1,0,4,3,0,3,1,W,3,2,0,0,0,3,91,1.92,0.33,0.52,1.92
124891,777,2,True,4-4-2,51.8,548,0,27,346,271,167,148,195,126,110,48,20,50,25,16,3,6,5,1,15,0,0,16,8,6,10,6,6,2,2,6,2,0,0,2,2,0,2,20,12,6,40,10,54,47,8,11,22,38,6,4,7,13,0,0,8,6.1,1,0,5,16,10,2,0,0,0,0,4,0,W,3,4,0,0,0,3,71,1.7,0.67,1.61,1.7
124891,777,127,False,4-2-3-1,48.2,531,0,12,316,253,140,122,197,133,93,38,17,53,32,21,2,9,9,2,22,0,0,12,3,6,6,10,6,5,0,6,0,2,2,2,1,0,0,16,9,11,44,6,47,54,11,8,35,31,4,4,13,27,0,0,20,8.3,0,0,4,9,25,2,0,2,0,0,0,4,L,0,0,0,1,0,4,87,1.62,0.51,1.7,0.84
124892,777,23,False,4-3-3,51.2,632,0,16,440,362,215,191,240,173,101,50,23,68,39,15,2,2,2,0,14,0,0,5,1,3,2,13,2,3,1,6,0,3,0,0,0,1,0,10,7,5,49,13,39,53,14,19,56,24,1,4,7,11,0,0,13,12.8,1,1,2,23,17,1,1,0,0,3,1,3,L,0,1,0,0,0,4,94,0.42,0.35,2.64,0.42
124892,777,130,True,4-2-3-1,48.8,599,0,35,423,321,180,160,259,166,128,61,28,64,29,16,5,6,5,1,26,0,0,15,7,2,13,2,3,4,0,4,0,1,0,1,1,3,0,17,12,10,55,5,53,39,19,14,16,27,4,1,6,11,0,0,10,12.6,0,0,4,25,24,2,0,2,3,0,3,1,W,3,2,1,0,0,0,74,2.64,0.99,0.42,1.86
124893,777,4,True,4-2-3-1,64.1,772,0,36,614,543,235,220,405,327,227,44,25,65,45,26,4,10,6,1,12,0,0,20,8,7,13,1,2,6,0,5,0,0,0,3,4,3,2,9,8,7,42,3,38,35,7,9,15,22,6,0,9,16,0,0,12,12.5,0,0,4,20,15,1,0,0,0,0,3,0,W,3,3,0,0,0,0,54,3.33,2.76,0.17,3.33
124893,777,38,False,5-3-2,35.9,508,0,8,346,279,191,174,164,106,78,58,29,55,28,9,1,1,1,0,19,0,0,3,0,2,1,13,7,3,0,2,0,3,0,0,0,0,0,10,3,12,39,6,35,38,9,7,30,17,0,5,4,7,0,0,14,21.4,0,0,2,8,22,2,0,0,0,0,0,3,L,0,0,0,0,0,5,71,0.17,0.11,3.31,0.17
124894,777,6,True,3-4-2-1,42.2,570,0,30,373,272,194,165,190,113,90,57,17,67,36,11,6,4,4,1,23,0,0,10,2,2,8,5,2,7,0,2,0,0,0,0,0,0,0,21,14,14,47,10,58,49,21,20,32,30,1,3,5,11,0,0,10,13.1,0,0,5,19,15,1,0,2,0,0,0,0,D,1,0,0,0,0,3,82,0.75,1.04,0.38,0.75
124894,777,131,False,4-2-3-1,57.8,697,0,28,503,423,282,264,247,163,114,46,25,61,31,26,4,8,8,1,17,0,0,7,3,2,5,8,2,1,0,4,0,0,0,1,0,0,0,16,11,4,50,13,49,58,20,21,22,31,3,1,4,12,0,0,12,10.1,0,0,6,23,18,4,0,1,0,0,0,0,D,1,0,0,0,0,2,72,0.38,0.59,0.74,0.38
124895,777,7,True,4-2-3-1,50.1,603,0,26,406,342,166,152,262,196,155,40,16,52,31,22,6,7,7,3,22,0,0,14,5,8,6,5,3,5,1,3,0,0,0,2,4,2,2,15,10,4,40,4,50,49,17,12,23,26,4,2,6,19,0,0,11,13.2,0,0,5,14,17,2,0,5,0,0,2,0,W,3,2,0,0,0,4,64,1.44,1.21,0.4,1.44
124895,777,34,False,4-2-3-1,49.9,602,0,19,411,338,246,217,179,123,92,47,22,48,32,14,2,5,3,0,18,0,0,8,4,3,5,6,8,1,0,5,0,2,0,0,0,0,0,17,12,13,36,5,49,50,12,17,34,24,3,4,9,19,0,0,14,11.0,0,0,2,11,19,2,0,1,0,0,0,2,L,0,0,0,0,0,3,83,0.39,0.33,1.44,0.39
124896,777,10,False,4-2-3-1,51.5,634,0,22,471,410,226,213,263,198,124,37,18,53,31,18,1,7,7,1,13,0,0,7,1,2,5,8,6,2,0,5,0,1,2,2,2,0,0,8,7,9,37,9,31,49,5,8,13,29,4,5,4,12,0,0,15,11.6,1,0,7,16,9,4,0,7,0,0,0,3,L,0,0,0,0,0,3,55,0.72,0.66,1.6,0.72
124896,777,11,True,4-3-3,48.5,623,0,28,452,377,257,230,206,151,122,31,14,39,24,11,4,7,6,4,21,0,0,14,6,6,8,5,2,3,2,2,0,0,0,1,0,0,3,17,12,9,38,4,49,31,8,5,23,26,5,4,9,13,0,0,14,13.2,0,0,0,14,19,2,0,1,0,0,3,0,W,3,3,0,1,0,2,67,1.6,0.38,0.71,0.82
124897,777,9,False,4-3-3,54.5,640,0,20,435,353,263,241,185,114,92,55,19,73,34,13,2,4,4,1,17,0,0,10,3,5,5,10,4,5,1,5,0,3,0,1,1,0,1,15,10,9,45,9,49,58,19,13,28,24,2,5,5,23,0,0,11,10.9,1,1,4,19,17,1,0,1,0,3,1,3,L,0,1,0,0,0,3,82,0.68,0.3,2.55,0.68
124897,777,15,True,4-2-3-1,45.5,571,0,24,348,277,150,135,224,148,118,58,23,65,32,26,6,6,5,2,20,0,0,14,6,4,10,5,5,2,1,4,0,1,0,0,1,3,1,27,17,6,50,5,58,49,13,19,27,23,6,2,7,17,0,0,10,16.3,0,0,5,14,26,2,0,2,3,0,3,1,W,3,2,1,0,0,2,86,2.55,1.43,0.69,1.77
124898,777,1,False,4-2-3-1,64.8,705,0,32,529,460,150,134,401,330,224,36,10,49,26,22,4,2,1,1,21,0,0,17,7,5,12,6,0,6,0,1,0,2,0,3,3,1,2,12,4,3,38,7,60,50,31,21,25,20,4,2,8,17,0,0,13,10.8,0,0,6,19,11,1,0,0,1,2,2,2,D,1,2,0,0,0,0,71,2.01,1.03,0.44,2.01
124898,777,29,True,5-4-1,35.2,457,0,14,287,226,123,109,175,117,78,41,12,55,23,11,0,2,2,0,17,0,0,6,2,0,6,12,5,2,1,4,1,1,1,0,1,2,1,16,8,6,29,7,50,60,21,31,39,19,2,4,2,7,1,0,13,13.6,0,0,0,7,13,2,0,2,1,2,2,2,D,1,2,0,0,0,5,73,0.43,0.33,1.91,0.43
124899,777,12,False,3-4-2-1,45.1,590,0,19,396,305,203,171,205,138,83,59,29,73,46,12,4,3,3,1,26,0,0,5,2,0,5,6,4,2,1,5,0,2,0,1,2,1,2,21,8,6,48,16,52,59,18,14,23,23,1,2,3,13,0,0,8,14.5,0,0,5,17,23,1,0,3,1,2,2,2,D,1,2,0,0,0,2,80,0.62,0.8,0.92,0.62
124899,777,21,True,4-2-3-1,54.9,684,0,18,464,385,209,188,284,202,138,44,14,72,40,29,5,5,4,0,18,0,0,10,4,4,6,5,0,3,0,5,1,2,0,2,3,1,2,26,15,7,55,11,59,52,14,18,17,44,3,1,12,22,0,0,10,7.4,0,0,5,25,21,5,0,2,1,2,2,2,D,1,2,0,0,0,0,75,0.93,0.53,0.63,0.93
124900,777,25,True,4-3-3,42.6,579,0,22,374,308,161,147,231,165,102,55,25,51,27,18,4,7,5,2,15,0,0,15,6,7,8,9,7,1,1,4,2,2,0,0,0,3,0,14,10,13,45,4,41,54,9,21,30,29,8,7,6,18,1,0,15,12.9,0,0,3,20,16,2,0,2,3,0,3,2,W,3,3,0,0,0,5,88,3.05,0.58,1.06,3.05
124900,777,43,False,4-2-3-1,57.4,710,0,25,517,440,240,226,290,217,141,50,21,61,37,13,3,4,2,0,17,0,0,16,7,7,9,8,7,2,1,5,0,3,0,2,2,2,0,16,11,7,49,7,54,41,21,9,28,22,7,8,3,10,0,0,13,12.1,0,0,3,20,21,2,0,1,0,3,2,3,L,0,2,0,0,0,3,82,1.06,1.07,3.02,1.06
124901,777,1,True,4-2-3-1,57.4,639,0,27,448,363,197,179,266,188,140,51,20,58,37,15,4,4,4,2,18,0,0,17,8,5,12,0,3,7,2,4,0,0,1,2,3,1,4,23,16,11,51,9,58,49,15,14,17,42,2,0,5,17,1,0,11,7.3,0,0,6,27,14,1,0,3,0,0,4,1,W,3,4,0,0,0,1,82,1.93,1.47,0.07,1.93
124901,777,21,False,3-4-2-1,42.6,535,0,4,330,250,211,178,126,72,53,55,18,61,31,7,0,1,1,0,22,0,0,3,2,3,0,12,5,1,0,5,0,4,0,0,0,0,1,21,12,8,48,15,49,58,14,15,34,19,0,2,4,12,0,0,15,16.3,0,0,2,11,25,3,0,1,0,0,1,4,L,0,1,0,0,0,4,82,0.08,0.04,1.93,0.08
124902,777,25,False,3-4-3,23.8,418,0,8,202,115,87,65,121,51,57,69,24,66,19,6,1,2,2,0,10,0,0,5,2,1,4,22,6,2,2,3,0,2,0,0,0,0,2,13,10,9,55,14,42,45,12,9,57,16,1,7,8,13,0,0,10,19.6,1,1,3,10,31,2,0,2,0,2,2,2,D,1,2,0,0,0,10,107,0.64,0.26,4.05,0.64
124902,777,127,True,4-2-3-1,76.2,848,0,57,616,527,181,159,489,383,254,35,13,56,34,54,15,9,6,1,27,0,0,28,10,6,22,4,1,11,0,5,1,1,1,2,2,2,1,19,10,7,59,6,45,42,9,12,11,33,7,1,9,16,0,0,9,5.3,0,0,6,26,23,3,0,2,1,0,2,2,D,1,1,1,0,0,0,72,4.09,1.57,0.65,3.31
124903,777,130,False,4-2-3-1,35.8,512,0,25,314,234,168,147,160,90,70,51,18,64,34,14,3,4,4,1,11,0,0,10,4,3,7,8,6,5,1,4,0,1,1,2,1,1,0,20,8,13,56,11,48,55,9,14,29,27,1,1,9,21,0,0,9,16.5,0,0,3,19,26,2,0,1,0,3,1,2,L,0,0,1,1,0,3,89,1.91,0.54,1.22,0.35
124903,777,131,True,4-2-3-1,64.2,764,0,35,576,479,314,286,280,196,128,45,20,70,44,18,3,7,6,2,16,0,0,14,5,6,8,7,3,8,0,5,1,1,0,0,1,1,1,23,10,8,56,10,55,48,14,9,19,26,1,1,10,20,0,0,10,10.2,2,1,4,27,19,4,0,0,3,0,2,1,W,3,2,0,0,0,3,81,1.22,0.66,1.91,1.22
124904,777,4,False,4-2-3-1,55.8,706,0,31,524,439,327,306,210,134,96,46,18,81,39,13,1,9,8,1,10,0,0,15,5,5,10,6,2,5,1,3,0,0,0,0,2,2,2,15,9,12,55,9,52,39,16,14,19,22,5,3,9,16,0,0,8,15.2,0,0,4,24,18,3,0,3,0,0,2,0,W,3,2,0,0,0,2,73,1.71,1.1,0.44,1.71
124904,777,43,True,4-3-3,44.2,577,0,17,418,329,215,196,210,134,97,61,21,62,27,7,1,1,1,0,18,0,0,8,2,2,6,10,5,3,0,5,0,2,0,1,1,0,0,16,7,12,44,9,39,52,14,16,28,28,3,5,1,7,0,0,13,16.2,0,0,1,14,18,2,0,0,0,0,0,2,L,0,0,0,0,0,3,69,0.44,0.26,1.72,0.44
124905,777,29,False,5-4-1,43.1,546,0,22,373,299,194,176,193,125,100,49,17,71,35,14,2,4,3,1,17,0,0,4,2,0,4,18,6,1,0,4,0,1,0,0,0,0,0,21,9,9,42,8,43,36,14,12,25,25,1,6,3,6,0,0,13,14.6,0,0,1,17,17,3,0,3,0,0,0,1,L,0,0,0,0,0,4,73,0.17,0.56,2.16,0.17
124905,777,34,True,4-2-3-1,56.9,685,0,46,485,412,233,213,278,207,136,45,22,56,29,26,8,7,7,1,20,0,0,24,6,6,18,4,0,13,0,4,0,0,0,3,3,1,1,11,7,6,41,9,36,43,12,14,28,19,5,1,2,14,0,0,5,15.8,0,0,3,17,15,3,0,1,0,0,1,0,W,3,1,0,0,0,2,74,2.16,1.24,0.17,2.16
124906,777,2,False,4-4-2,52.1,649,0,23,449,358,236,212,224,150,99,49,18,77,42,11,4,3,3,1,15,0,0,14,3,6,8,9,5,7,0,5,0,1,0,1,1,0,1,20,8,7,57,14,61,62,15,11,18,25,4,5,12,24,0,0,16,12.1,0,0,4,18,29,1,0,2,3,0,2,1,W,3,2,0,0,0,3,80,1.57,0.75,1.79,1.57
124906,777,9,True,4-3-3,47.9,612,0,24,400,339,202,177,224,166,110,48,20,57,38,26,4,3,2,0,11,0,0,14,5,5,9,8,6,5,1,5,0,1,1,2,2,1,0,26,16,12,59,7,62,61,11,15,21,47,4,3,9,22,0,0,18,7.9,0,0,7,27,24,5,0,4,0,3,1,2,L,0,1,0,0,0,2,94,1.96,0.81,1.58,1.96
124907,777,10,True,4-3-3,74.5,869,0,50,629,559,199,190,469,378,253,34,19,64,45,39,9,8,8,2,25,0,0,21,4,5,16,9,6,8,0,4,0,3,0,1,0,0,0,15,10,4,42,9,53,56,17,12,17,28,9,5,14,32,0,0,11,6.2,0,0,6,15,11,2,0,0,0,0,0,3,L,0,0,0,0,0,4,65,1.94,1.42,1.58,1.94
124907,777,15,False,4-2-3-1,25.5,454,0,23,215,151,92,76,138,78,70,57,21,57,24,15,3,6,5,2,17,0,0,15,7,6,9,16,5,3,1,3,0,0,0,1,2,1,1,27,17,7,40,4,56,53,12,17,46,13,5,10,7,18,0,0,8,28.2,0,0,3,11,18,0,0,2,0,0,3,0,W,3,3,0,0,0,3,111,1.62,0.26,1.93,1.62
124908,777,7,False,4-2-3-1,30.1,470,0,10,281,190,107,83,183,108,93,65,26,54,24,9,1,1,1,0,18,0,0,3,1,1,2,17,8,1,1,5,0,0,0,0,0,0,1,6,3,11,48,9,49,45,28,19,46,13,1,6,4,9,0,0,9,25.6,0,0,4,14,22,0,1,2,0,0,1,0,W,3,1,0,0,0,6,95,0.23,0.2,1.66,0.23
124908,777,12,True,3-4-2-1,69.9,834,0,50,635,558,214,191,459,374,271,28,18,54,42,38,7,9,8,3,19,0,0,25,6,8,17,2,1,12,0,3,0,1,0,3,3,0,0,14,7,8,51,2,45,49,19,28,19,26,7,1,4,8,0,0,12,7.7,0,0,3,32,13,2,0,1,0,0,0,1,L,0,0,0,0,0,0,65,1.65,2.12,0.23,1.65
124909,777,11,False,4-3-2-1,67.0,770,0,43,584,525,191,171,419,360,198,33,18,38,26,26,6,9,8,1,17,0,0,17,4,3,14,7,2,9,0,4,0,1,1,3,3,0,0,13,9,10,44,5,45,45,11,16,15,23,4,1,9,21,0,0,8,9.9,0,0,3,15,18,3,0,2,0,0,1,2,L,0,1,0,0,0,3,58,2.49,1.91,2.24,2.49
124909,777,23,True,4-5-1,33.0,448,0,14,285,220,128,113,171,112,76,56,25,55,25,14,5,5,5,1,11,0,0,9,5,2,7,14,3,3,0,3,0,1,0,4,3,1,1,17,11,7,41,8,45,45,16,11,36,32,1,4,4,9,1,0,13,10.4,0,0,3,12,22,1,0,3,0,0,2,1,W,3,2,0,0,0,3,85,2.51,1.02,2.49,2.51
124910,777,6,False,3-4-3,52.1,649,0,23,437,364,208,186,252,178,131,50,24,49,33,23,0,4,3,0,16,0,0,10,4,4,6,5,3,3,0,5,0,0,0,1,2,1,2,19,11,10,50,11,52,48,13,12,30,29,3,2,7,17,0,0,9,11.2,0,0,5,19,19,3,0,3,0,0,2,0,W,3,2,0,0,0,1,80,1.27,0.8,1.79,1.27
124910,777,38,True,5-3-2,47.9,622,0,24,408,330,212,194,210,138,98,56,27,51,29,14,2,1,1,0,19,0,0,8,1,3,5,6,4,5,0,4,0,1,1,2,1,0,0,21,10,8,46,13,48,52,12,13,44,27,2,2,7,13,1,0,13,11.9,0,0,3,21,16,2,0,2,0,0,0,2,L,0,0,0,0,0,2,96,1.86,0.83,1.27,1.86
124911,777,2,True,4-2-3-1,52.2,652,0,28,461,401,166,150,316,256,161,29,14,38,28,21,5,7,5,3,13,0,0,16,6,7,9,7,2,6,0,5,0,0,0,0,0,0,1,16,9,4,41,13,59,55,17,13,26,28,4,3,7,16,0,0,13,10.8,0,0,4,17,18,0,0,0,0,0,1,0,W,3,1,0,0,0,4,68,0.99,0.84,0.49,0.99
124911,777,38,False,3-4-3,47.8,606,0,20,423,369,191,176,250,198,92,45,22,54,32,18,5,3,3,2,10,0,0,9,4,2,7,9,7,2,0,4,0,0,1,1,1,0,0,22,11,6,43,7,55,59,13,17,28,32,3,4,7,16,0,0,21,8.5,0,0,1,16,22,4,0,2,0,0,0,1,L,0,0,0,0,0,5,79,0.5,0.33,1.0,0.5
124912,777,43,False,4-2-3-1,47.9,557,0,13,379,263,185,159,209,105,103,79,20,82,30,15,1,6,6,0,21,0,0,6,2,4,2,11,3,1,0,5,0,3,0,0,0,1,0,26,18,7,44,3,51,52,16,30,37,24,3,1,2,8,0,0,7,12.3,1,1,1,11,21,2,0,1,0,0,1,3,L,0,0,1,0,0,1,87,0.96,0.2,3.06,0.18
124912,777,130,True,4-2-3-1,52.1,633,0,35,406,321,175,156,255,170,123,42,19,64,39,24,5,5,5,2,23,0,0,14,4,3,11,2,4,9,0,4,0,1,0,3,3,3,1,9,8,11,58,16,52,51,30,16,51,22,1,3,7,17,0,0,7,14.4,1,1,8,27,15,0,0,3,0,0,3,1,W,3,2,1,0,0,1,102,3.05,0.81,0.95,2.27
124913,777,1,False,4-3-3,61.7,620,0,23,463,390,196,175,282,219,141,40,11,48,27,15,4,3,3,0,15,0,0,8,4,2,6,6,5,3,0,4,0,1,0,0,1,1,1,15,9,10,41,6,44,58,12,29,17,24,1,2,5,12,0,0,13,9.7,0,0,2,12,20,6,0,3,1,0,1,1,D,1,1,0,0,0,3,61,1.25,1.31,0.79,1.25
124913,777,4,True,4-2-3-1,38.3,458,0,20,279,222,133,123,161,104,79,61,26,57,27,15,5,3,3,1,14,0,0,11,4,5,6,6,2,5,0,2,0,1,0,1,1,0,1,13,6,6,40,4,58,44,29,12,30,23,2,1,5,16,0,0,12,13.4,0,0,2,16,10,1,1,1,0,2,1,1,D,1,1,0,0,0,3,60,0.81,0.57,1.26,0.81
124914,777,6,True,3-4-2-1,43.9,538,0,26,339,244,150,127,206,121,109,61,16,64,28,17,4,4,4,2,14,0,0,14,3,3,11,8,6,6,1,5,0,1,1,2,0,1,0,14,9,7,47,10,53,61,23,27,44,21,5,0,2,8,0,0,14,15.3,0,0,1,16,19,3,0,3,0,3,1,2,L,0,0,1,0,0,4,81,1.84,0.48,1.19,1.06
124914,777,12,False,3-4-2-1,56.1,642,0,18,443,352,205,183,256,172,123,58,27,78,49,18,3,4,4,1,23,0,0,14,6,6,8,11,3,8,0,4,0,1,0,2,0,0,2,16,6,10,46,6,61,53,27,23,31,21,0,5,5,13,0,0,14,11.9,1,1,5,22,16,2,0,0,3,0,2,1,W,3,2,0,0,0,2,87,1.35,0.55,1.83,1.35
124915,777,7,True,4-2-3-1,48.8,695,0,31,520,458,180,166,365,297,175,51,30,59,40,25,5,8,6,1,14,0,0,10,2,3,7,10,3,6,0,4,0,4,0,0,1,1,1,19,12,9,46,8,46,41,17,18,19,30,2,5,4,12,2,0,4,13.7,0,0,5,18,19,0,0,0,0,0,1,4,L,0,1,0,0,0,3,75,0.97,1.21,1.91,0.97
124915,777,23,False,4-3-3,51.2,741,0,28,553,485,287,268,283,224,137,36,20,77,55,17,7,7,7,3,18,0,0,13,8,3,10,7,3,1,3,5,0,1,0,2,5,3,4,16,16,3,45,9,41,46,18,17,30,15,4,2,5,15,0,0,6,20.9,0,0,1,19,20,0,0,0,0,0,4,1,W,3,4,0,0,0,1,79,1.9,1.42,0.99,1.9
124916,777,9,False,4-3-3,38.3,527,0,20,348,265,209,187,153,81,66,56,20,54,18,14,3,1,1,0,10,0,0,9,4,1,8,14,4,3,0,5,1,3,0,1,0,2,0,26,14,8,41,3,64,44,18,20,21,34,2,6,4,7,0,0,11,9.6,0,0,4,11,19,1,0,4,0,0,2,3,L,0,2,0,1,0,6,79,1.53,0.57,3.1,0.75
124916,777,11,True,4-3-2-1,61.7,750,0,45,561,495,217,192,370,312,200,42,26,45,32,26,9,8,7,3,9,0,0,18,9,4,14,8,1,3,2,3,0,2,0,4,6,2,3,6,2,2,46,13,44,64,20,18,25,23,6,3,7,20,1,0,17,13.0,1,0,3,17,20,4,0,2,0,0,3,2,W,3,3,0,0,0,1,53,3.09,2.12,1.54,3.09
124917,777,15,True,4-2-3-1,51.9,700,0,35,492,409,217,198,308,219,174,59,29,76,45,33,8,9,8,2,14,0,0,19,3,6,13,11,6,6,0,5,0,2,0,1,1,0,0,22,14,7,59,8,62,48,13,13,19,27,10,7,17,28,1,0,11,14.6,0,0,6,24,26,0,0,1,0,0,0,2,L,0,0,0,0,0,3,89,0.71,0.53,1.53,0.71
124917,777,131,False,4-2-3-1,48.1,677,0,28,476,392,272,250,209,145,106,64,26,75,42,5,3,2,2,2,16,0,0,17,6,6,11,13,6,5,1,5,1,0,0,2,2,2,0,19,13,13,60,12,48,62,13,13,37,30,6,8,6,16,0,0,10,11.1,0,0,3,24,22,1,0,0,0,0,2,0,W,3,2,0,0,0,3,104,1.53,0.81,0.71,1.53
124918,777,29,True,4-2-3-1,42.5,521,0,29,334,240,141,119,215,127,117,50,13,56,22,22,6,6,5,1,12,0,0,12,6,2,10,13,5,4,1,4,1,1,1,1,1,1,2,14,8,8,55,5,56,50,21,15,26,23,2,4,9,23,2,0,14,13.7,0,0,8,22,17,5,0,1,3,0,3,2,W,3,2,1,0,0,4,76,1.28,0.66,1.7,0.5
124918,777,127,False,4-2-3-1,57.5,665,0,36,463,376,170,150,316,231,155,59,24,70,31,23,5,3,3,1,18,0,0,18,6,5,13,10,2,8,2,5,0,3,0,1,1,1,0,19,10,9,48,8,50,56,15,21,21,23,4,2,3,9,0,0,13,10.1,1,1,5,16,21,5,1,2,0,3,2,3,L,0,2,0,0,0,3,72,1.85,1.25,1.28,1.85
124919,777,21,True,4-2-2-2,62.6,742,0,27,507,439,231,218,315,227,163,41,21,65,41,39,6,8,7,1,26,0,0,14,2,4,10,3,4,6,0,5,0,0,2,3,1,0,1,14,7,13,51,17,49,61,24,17,18,38,6,3,7,19,1,0,11,7.8,0,0,2,33,12,3,0,3,0,0,1,2,L,0,1,0,0,0,1,72,0.86,0.86,0.45,0.86
124919,777,34,False,4-2-3-1,37.4,535,0,15,320,240,191,166,135,75,53,59,21,63,24,6,1,2,2,1,23,0,0,7,3,4,3,10,4,1,2,4,0,1,0,0,0,0,2,29,16,9,49,9,61,49,17,24,47,30,3,7,5,10,0,0,7,12.0,0,0,1,26,15,2,0,4,0,0,2,1,W,3,2,0,0,0,0,125,0.45,0.81,0.86,0.45
124920,777,10,False,4-2-3-1,56.2,679,0,20,515,445,264,241,261,206,126,40,19,61,41,10,2,2,2,1,23,0,0,9,5,4,5,4,3,4,0,3,0,0,0,2,3,1,2,11,7,4,41,6,44,41,16,10,29,25,0,5,6,13,0,0,14,10.5,0,0,1,17,21,0,0,1,0,0,2,0,W,3,2,0,0,0,0,70,1.25,1.15,0.29,1.25
124920,777,25,True,4-2-3-1,43.8,548,0,11,380,303,145,129,259,176,111,47,16,63,34,24,2,7,6,0,14,0,0,7,0,3,4,5,4,2,0,3,0,2,0,0,0,0,0,13,9,9,45,7,41,44,10,16,21,29,5,0,5,9,0,0,12,13.7,0,0,2,17,19,1,1,2,0,0,0,2,L,0,0,0,0,0,3,61,0.3,0.37,1.24,0.3
124921,777,1,True,4-3-3,61.9,733,0,28,542,456,235,218,322,240,180,55,25,72,41,15,2,4,3,0,17,0,0,15,7,5,10,5,1,4,1,4,1,0,0,3,2,1,2,26,14,6,56,10,57,51,16,20,25,30,4,3,7,16,0,0,7,9.0,0,0,7,21,19,0,0,0,0,0,2,0,W,3,2,0,0,0,1,84,1.8,1.02,0.35,1.8
124921,777,130,False,5-3-2,38.1,522,0,13,333,255,177,154,168,104,81,65,28,59,25,12,3,8,8,2,14,0,0,6,1,1,5,10,5,2,0,5,0,2,0,1,1,0,0,19,12,10,48,13,51,57,20,16,34,17,3,4,5,18,1,0,9,21.0,0,0,0,20,26,1,0,0,0,0,0,2,L,0,0,0,0,0,5,82,0.35,0.31,1.77,0.35
124922,777,7,False,4-2-3-1,45.1,573,0,33,378,281,136,114,268,169,161,53,18,65,34,26,2,6,6,0,25,0,0,13,3,4,9,5,0,5,0,2,0,0,0,2,1,0,1,18,11,4,49,6,58,56,24,20,24,30,5,2,2,11,0,0,14,12.3,0,0,3,18,22,3,0,1,0,0,1,0,W,3,1,0,0,0,2,83,1.42,0.57,0.5,1.42
124922,777,127,True,4-2-3-1,54.9,705,0,28,476,402,235,219,258,186,121,45,15,67,37,17,3,1,0,0,20,0,0,5,2,0,5,9,4,1,0,4,0,0,1,1,1,0,0,15,10,3,43,11,56,58,20,24,55,20,2,4,8,15,0,0,14,11.6,0,0,2,13,24,3,0,1,0,0,0,1,L,0,0,0,0,0,2,95,0.5,0.73,1.44,0.5
124923,777,2,False,4-2-3-1,43.6,560,0,25,362,300,240,218,137,86,66,38,15,49,27,15,4,6,6,2,16,0,0,14,10,2,12,13,4,2,2,5,1,3,0,2,5,4,3,23,13,8,40,15,56,54,10,9,25,25,2,3,13,21,1,0,9,13.7,0,0,3,13,16,2,0,1,3,0,4,3,W,3,4,0,0,1,4,78,2.51,1.42,2.21,2.51
124923,777,131,True,4-2-3-1,56.4,671,0,29,473,404,235,223,257,185,126,38,15,62,40,19,4,5,5,1,11,0,0,16,7,4,12,12,2,6,2,4,0,4,0,2,2,1,2,23,13,9,48,14,54,56,9,10,16,50,3,2,13,22,0,0,10,6.5,0,0,7,21,11,2,0,4,0,3,3,4,L,0,2,0,0,0,6,79,2.21,0.6,2.41,2.21
124924,777,6,False,3-4-2-1,42.4,610,0,22,417,309,206,181,222,133,90,52,22,68,32,11,5,3,3,2,20,0,0,3,3,0,3,8,3,0,1,4,0,0,0,1,2,1,1,17,13,11,55,9,55,43,28,19,42,23,0,6,1,5,0,0,8,19.3,0,0,2,22,26,0,0,3,0,0,1,0,W,3,1,0,0,0,3,100,0.59,1.37,0.95,0.59
124924,777,43,True,4-4-2,57.6,785,0,29,567,474,298,276,288,203,127,61,23,75,43,19,5,3,2,0,29,0,0,11,4,3,8,3,0,1,0,5,0,1,0,2,2,0,0,13,7,16,51,12,43,55,19,28,42,30,6,0,3,8,0,0,9,11.3,0,0,4,25,19,0,0,0,0,0,0,1,L,0,0,0,0,0,2,97,0.96,0.65,0.59,0.96
124925,777,11,False,4-3-3,42.8,662,148,23,467,392,235,213,239,183,107,51,23,44,26,7,4,2,2,1,18,119,66,11,4,2,9,9,3,3,3,4,0,3,1,1,3,2,3,16,7,16,42,8,47,39,14,6,27,27,4,4,8,18,0,1,7,17.6,0,0,8,11,20,1,0,1,0,0,5,4,W,3,4,0,0,0,1,84,2.18,1.75,0.91,2.18
124925,777,34,True,4-2-3-1,57.2,800,182,23,612,538,329,305,304,238,138,40,25,66,47,21,5,7,7,1,18,146,68,12,6,3,9,10,2,3,1,5,2,4,1,1,1,0,1,18,11,11,49,12,39,47,6,14,19,31,3,4,8,12,1,0,9,10.9,0,0,4,22,20,0,0,4,0,0,4,5,L,0,4,0,0,1,0,79,0.9,0.86,2.17,0.9
124926,777,4,False,4-2-3-1,71.1,888,0,33,682,608,332,311,370,302,141,35,15,77,54,20,5,2,2,1,23,0,0,14,2,3,11,11,6,7,0,5,1,2,1,0,1,1,1,16,11,3,42,14,51,51,18,14,35,25,5,2,8,15,1,0,13,7.8,0,0,1,21,16,1,0,1,0,0,1,3,L,0,1,0,0,0,2,71,0.96,1.82,2.79,0.96
124926,777,9,True,3-5-2,28.9,470,0,20,264,186,101,86,181,106,88,59,20,61,24,18,6,4,4,2,12,0,0,17,5,6,11,11,3,10,2,5,0,1,0,1,1,1,2,21,15,9,53,8,51,51,14,18,32,25,2,5,4,12,0,0,10,21.0,0,0,8,21,19,1,0,3,0,0,3,1,W,3,3,0,0,0,1,91,2.79,0.45,0.96,2.79
124927,777,10,True,4-2-3-1,68.0,839,300,33,638,554,221,191,451,369,255,41,15,58,42,34,6,7,7,3,16,110,50,23,4,10,13,4,5,8,0,5,0,0,1,1,0,0,0,12,9,6,50,7,39,44,18,17,26,23,11,2,5,13,1,1,10,10.6,0,0,6,21,14,1,0,2,1,0,1,1,D,1,0,0,0,0,4,73,1.44,0.87,0.41,1.44
124927,777,29,False,4-4-2,32.0,491,90,16,304,218,154,133,162,88,85,73,24,55,18,12,3,3,3,2,15,81,40,9,6,5,4,14,10,2,0,3,0,1,0,1,1,0,1,15,7,9,42,6,44,39,17,18,47,18,1,10,3,9,1,1,5,20.7,0,0,5,10,16,1,0,2,0,2,1,1,D,1,1,0,0,1,4,93,0.41,0.31,1.45,0.41
124928,777,12,True,3-4-2-1,64.9,769,0,43,547,446,217,181,361,270,186,47,22,62,40,31,5,6,4,1,28,0,0,17,4,4,13,10,1,5,0,5,0,1,0,2,1,1,0,19,14,5,52,10,47,64,11,25,17,31,8,6,9,14,0,0,13,7.1,0,0,3,17,28,2,0,3,0,2,1,1,D,1,1,0,0,0,1,72,1.59,1.01,0.77,1.59
124928,777,25,False,4-2-3-1,35.1,529,0,28,297,212,112,93,201,122,100,63,27,57,27,16,3,6,6,1,19,0,0,11,3,1,10,13,4,3,0,3,0,1,0,0,0,1,0,15,8,20,45,12,64,47,25,11,39,30,5,9,11,18,0,0,9,11.5,0,0,4,16,21,2,0,2,1,0,1,1,D,1,1,0,0,0,3,106,0.8,0.34,1.56,0.8
124929,777,21,False,4-2-3-1,46.7,593,0,22,388,313,175,149,241,170,111,41,12,59,31,28,6,8,8,0,16,0,0,8,2,1,7,13,6,1,0,5,0,2,0,0,1,1,1,17,13,8,49,8,46,63,14,25,37,25,5,8,10,20,0,0,12,13.4,1,1,1,20,20,3,0,1,1,0,2,2,D,1,2,0,0,0,4,90,0.74,0.91,2.04,0.74
124929,777,23,True,4-3-3,53.3,670,0,38,440,377,209,198,271,189,118,33,13,58,32,40,10,11,11,1,14,0,0,19,7,6,13,7,1,5,0,4,2,2,0,0,0,1,1,18,13,9,54,12,63,46,25,14,28,38,7,5,9,14,0,0,5,7.5,0,0,11,24,14,0,0,3,0,2,2,2,D,1,1,1,0,0,0,87,2.03,0.74,0.75,1.25
124930,777,15,False,4-2-3-1,50.2,628,0,23,416,334,176,157,261,185,139,66,28,70,38,21,8,9,6,2,22,0,0,10,3,3,7,4,1,3,0,3,0,0,0,1,2,1,1,17,7,5,44,11,55,55,15,17,19,38,4,2,4,12,0,0,11,9.0,0,0,3,17,17,2,0,2,0,0,1,0,W,3,1,0,0,0,1,63,0.74,1.14,0.91,0.74
124930,777,38,True,3-4-3,49.8,602,0,10,415,329,220,196,213,136,82,58,24,71,40,18,3,3,3,1,17,0,0,5,1,1,4,7,3,2,0,5,0,1,0,1,1,0,0,19,14,10,51,12,55,55,17,15,19,27,2,4,8,13,1,0,19,11.1,0,0,0,17,27,2,0,2,0,0,0,1,L,0,0,0,0,0,2,68,0.92,0.64,0.74,0.92
124931,777,1,False,4-3-3,52.7,641,0,33,443,376,189,171,270,209,152,42,18,45,27,16,4,3,3,1,16,0,0,15,9,6,9,13,2,5,0,5,1,2,0,3,3,1,0,20,11,11,51,8,48,40,12,7,24,28,1,7,6,13,0,0,8,10.1,0,0,7,20,20,2,0,3,0,0,1,2,L,0,1,0,0,0,4,89,1.92,0.96,2.16,1.92
124931,777,2,True,4-2-3-1,47.3,578,0,43,397,325,170,153,241,173,126,56,31,64,40,14,1,3,3,0,17,0,0,15,6,2,13,9,6,2,1,5,1,1,0,4,2,1,1,15,10,6,44,13,40,48,7,12,23,20,7,2,10,17,1,0,10,14.3,0,0,2,20,13,0,0,0,0,0,2,1,W,3,2,0,0,0,7,67,2.27,1.08,1.92,2.27
124932,777,4,False,4-2-3-1,60.9,725,0,20,519,430,235,213,298,222,158,55,21,80,50,14,5,0,0,0,20,0,0,11,4,5,6,8,5,6,0,3,0,0,0,0,0,0,0,17,9,10,56,5,61,54,23,17,26,31,1,2,7,19,0,0,13,8.9,0,0,1,36,15,2,0,0,0,0,0,0,D,1,0,0,0,0,5,77,0.92,0.76,1.42,0.92
124932,777,127,True,4-2-3-1,39.1,521,0,24,329,232,142,120,198,113,102,69,26,68,33,11,1,5,4,1,22,0,0,13,5,5,8,6,5,6,0,4,0,0,0,1,0,0,0,17,12,14,57,7,54,61,17,23,23,31,2,1,7,17,0,0,15,12.3,0,0,1,21,25,0,0,4,0,0,0,0,D,1,0,0,0,0,4,81,1.42,0.28,0.92,1.42
124933,777,25,False,3-4-1-2,31.9,487,0,24,277,203,92,77,196,129,79,54,15,59,25,11,3,6,6,2,13,0,0,14,5,2,12,15,7,6,0,5,0,1,0,3,2,0,1,14,7,13,40,6,51,40,12,14,41,17,3,9,13,19,0,0,8,19.4,0,0,4,11,19,2,0,1,0,2,1,1,D,1,1,0,0,0,4,98,1.16,0.58,1.87,1.16
124933,777,131,True,4-2-3-1,68.1,777,0,44,586,515,223,208,402,320,227,26,19,34,29,39,13,10,7,4,16,0,0,22,4,7,15,12,2,8,0,4,0,1,0,2,3,1,1,12,7,9,42,7,40,51,14,12,13,25,10,3,6,13,1,0,12,8.4,0,0,3,18,18,2,0,1,1,0,1,1,D,1,1,0,0,0,4,56,1.87,1.32,1.14,1.87
124934,777,7,True,4-2-3-1,41.3,526,0,27,306,238,126,117,198,124,108,47,15,60,22,18,3,6,5,0,21,0,0,11,5,4,7,6,1,2,2,3,0,0,0,0,1,1,2,15,11,11,51,13,53,72,21,24,42,37,4,3,3,14,0,0,17,9.9,0,0,4,23,18,4,0,3,0,0,3,0,W,3,2,0,0,0,2,99,1.12,0.82,0.53,1.12
124934,777,15,False,4-2-3-1,58.7,656,0,12,441,357,242,214,217,146,80,50,14,61,29,18,3,3,3,1,29,0,0,7,3,1,6,8,4,2,0,4,0,3,0,1,1,0,0,24,15,6,41,12,72,53,24,21,35,28,2,4,8,11,1,0,15,7.8,0,0,0,17,19,3,0,1,0,0,0,3,L,0,0,0,0,1,3,92,0.53,0.23,1.12,0.53
124935,777,6,False,3-4-2-1,36.9,558,0,18,367,303,187,175,193,131,89,48,21,65,35,13,3,4,4,2,14,0,0,11,5,2,9,9,3,1,1,4,0,1,0,2,4,2,2,20,14,9,47,2,38,44,7,16,28,23,5,3,6,16,0,0,8,21.5,0,0,1,21,17,0,0,2,0,0,2,1,W,3,2,0,0,0,3,82,1.65,0.85,0.76,1.65
124935,777,34,True,4-2-3-1,63.1,827,0,26,640,556,332,311,327,252,141,51,23,78,52,19,7,6,6,3,25,0,0,12,4,3,9,9,2,5,1,5,0,2,0,2,2,0,1,12,7,8,50,10,44,38,16,7,23,23,3,5,9,19,0,0,5,13.4,0,0,2,17,29,0,0,3,0,0,1,2,L,0,1,0,0,0,3,73,0.76,0.88,1.65,0.76
124936,777,9,True,3-5-2,44.7,596,0,19,402,321,179,162,237,163,121,50,14,67,31,14,4,5,4,1,23,0,0,12,5,3,9,12,4,5,0,5,1,3,0,0,0,2,1,9,6,10,44,10,43,55,17,19,19,27,2,4,5,12,1,0,14,12.5,0,0,5,15,18,3,0,2,1,0,3,3,D,1,2,1,0,0,4,57,1.51,0.42,1.91,0.73
124936,777,10,False,4-2-3-1,55.3,673,0,27,503,418,205,177,315,247,164,48,16,63,32,17,6,4,3,1,15,0,0,16,7,4,12,9,3,5,0,4,0,3,0,2,3,2,1,17,9,5,48,4,55,43,19,17,28,26,4,2,6,11,0,0,14,11.7,1,1,5,23,13,3,0,2,0,2,3,3,D,1,3,0,0,0,2,77,1.91,0.79,1.51,1.91
124937,777,11,True,4-3-2-1,63.9,808,0,42,623,559,211,197,431,368,240,35,15,43,32,19,6,6,6,2,25,0,0,18,6,3,15,5,3,7,2,5,0,0,0,2,3,1,3,8,8,4,44,9,40,42,11,10,21,22,5,3,11,22,0,0,9,13.8,0,0,6,19,18,1,0,0,0,0,3,0,W,3,3,0,0,0,1,58,2.42,1.78,0.71,2.42
124937,777,29,False,5-4-1,36.1,498,0,7,347,277,225,196,135,82,55,48,20,44,24,13,1,5,4,1,14,0,0,8,1,3,5,15,3,4,0,5,0,2,1,1,0,0,0,20,13,8,45,2,42,40,10,11,28,25,3,5,3,9,0,0,10,13.7,0,0,6,5,29,0,1,3,0,0,0,3,L,0,0,0,0,0,2,80,0.72,0.3,2.42,0.72
124938,777,23,True,4-3-3,69.5,799,0,26,611,554,231,218,405,337,209,49,29,62,44,25,1,9,4,0,12,0,0,17,7,11,6,5,4,7,2,5,0,1,0,1,1,1,0,19,15,1,58,7,54,34,16,9,27,20,3,2,9,17,0,0,9,9.8,1,1,4,23,21,2,0,3,0,0,2,1,W,3,1,1,0,0,2,68,1.77,1.32,1.61,0.99
124938,777,43,False,4-3-3,30.5,429,0,19,259,188,108,97,171,97,85,58,18,59,27,20,6,9,8,4,13,0,0,9,3,4,5,6,11,3,0,5,1,1,1,2,2,1,0,15,8,7,41,13,34,54,9,16,28,17,3,3,4,10,0,0,11,21.9,1,1,4,12,18,2,1,2,0,0,1,2,L,0,0,1,0,0,6,70,1.62,0.71,1.77,0.84
124939,777,21,True,4-2-3-1,53.3,614,0,23,400,329,172,152,254,182,138,52,24,54,25,26,5,7,6,1,18,0,0,15,7,6,9,3,1,5,2,4,0,0,0,3,3,1,1,17,10,11,59,13,50,58,16,18,29,26,3,1,8,19,0,0,8,10.6,0,0,7,15,28,3,0,2,0,0,2,0,W,3,2,0,0,0,1,92,2.17,1.25,0.29,2.17
124939,777,130,False,4-2-3-1,46.7,559,0,16,355,281,158,144,215,139,100,42,17,57,27,18,2,6,6,1,15,0,0,4,1,1,3,9,6,2,0,5,0,2,0,1,1,0,0,24,16,7,48,9,58,50,18,16,34,21,1,3,8,16,1,0,9,13.1,0,0,3,19,21,4,0,1,0,0,0,2,L,0,0,0,0,0,5,82,0.28,0.57,2.18,0.28
124940,777,12,False,3-4-2-1,63.3,757,0,42,541,458,262,236,293,225,151,48,20,65,39,14,3,9,6,2,23,0,0,27,10,7,20,4,4,3,1,5,0,1,0,4,6,4,3,16,9,7,49,16,63,71,22,20,27,31,14,2,10,20,0,0,12,6.3,0,0,4,19,22,2,0,3,0,0,4,1,W,3,3,1,0,0,1,77,4.16,1.97,0.41,3.38
124940,777,38,True,3-4-2-1,36.7,521,0,21,294,208,100,84,219,130,112,59,26,54,27,25,6,1,1,0,19,0,0,8,2,4,4,20,7,3,1,5,0,4,0,0,1,1,1,26,12,13,56,11,71,63,20,22,24,43,3,15,13,18,1,0,17,9.2,1,1,5,21,26,3,0,2,0,0,1,4,L,0,1,0,0,0,4,96,0.4,0.54,4.1,0.4
124941,777,1,True,4-3-3,69.2,747,273,41,572,500,153,140,449,366,219,28,11,50,37,30,6,8,6,1,20,178,106,16,2,4,12,3,0,11,0,5,0,1,0,3,3,0,0,5,3,8,45,3,51,33,21,15,21,12,3,1,10,15,0,1,7,16.1,0,0,2,22,13,0,0,1,0,0,2,1,W,3,0,0,0,0,1,55,1.11,0.97,0.38,1.11
124941,777,38,False,3-5-2,30.8,419,72,14,261,180,87,72,182,112,74,63,21,69,32,8,4,0,0,0,12,41,22,3,2,0,3,14,4,0,0,5,1,2,0,1,1,0,1,8,5,5,37,2,33,51,15,21,54,18,1,3,4,7,0,0,15,15.6,0,0,2,12,15,4,0,1,0,0,1,2,L,0,1,0,0,2,2,83,0.37,0.37,1.13,0.37
124942,777,9,False,3-5-2,43.1,566,0,31,361,271,142,122,242,155,120,52,18,74,33,23,6,3,3,0,21,0,0,18,4,7,11,4,3,6,0,4,0,1,0,1,2,1,1,15,8,7,46,7,57,53,26,31,43,21,8,1,8,13,0,0,9,18.6,0,0,6,20,11,0,0,0,1,0,1,1,D,1,1,0,0,0,1,82,1.51,1.28,0.72,1.51
124942,777,130,True,4-2-3-1,56.9,692,0,14,497,403,238,218,277,186,117,77,33,83,43,18,1,0,0,0,25,0,0,7,2,3,4,11,7,4,0,4,0,1,0,0,0,1,0,12,9,8,42,4,53,57,31,26,44,22,1,7,4,15,0,0,8,11.9,0,0,2,14,23,0,0,2,0,2,1,1,D,1,1,0,0,0,3,86,0.72,0.22,1.52,0.72
124943,777,34,False,4-2-3-1,47.2,657,0,15,479,393,300,270,194,127,86,50,18,62,35,15,4,4,3,1,19,0,0,6,4,0,6,10,6,2,2,4,0,2,0,0,2,2,3,22,12,12,53,9,52,40,18,14,38,13,0,4,4,8,0,0,8,28.2,0,0,2,12,33,2,0,0,0,0,3,2,W,3,3,0,0,0,6,98,2.23,1.46,2.46,2.23
124943,777,43,True,4-3-3,52.8,699,0,25,536,444,244,226,309,221,173,48,22,70,43,17,3,10,8,2,23,0,0,16,8,6,10,6,0,4,1,5,1,3,0,3,3,2,1,13,9,9,49,11,40,52,14,18,10,32,4,0,6,17,1,0,8,12.7,0,0,6,26,12,1,0,1,0,0,2,3,L,0,2,0,0,0,1,53,2.47,0.79,2.23,2.47
124944,777,4,True,4-2-3-1,57.7,733,0,24,537,473,329,310,218,166,110,44,22,69,48,10,3,4,4,1,8,0,0,17,5,6,11,9,2,9,2,3,0,0,0,3,4,2,2,15,8,11,52,10,45,55,12,14,32,33,3,4,7,19,0,0,13,8.1,0,0,5,22,20,1,0,0,0,0,2,0,W,3,2,0,0,0,2,84,2.19,1.12,1.03,2.19
124944,777,7,False,4-2-3-1,42.3,578,0,23,373,306,180,152,216,159,117,51,25,53,31,23,5,7,5,1,21,0,0,11,2,2,9,11,6,5,0,4,0,2,0,3,2,0,0,22,8,8,45,8,55,45,14,12,12,33,4,3,6,13,0,0,11,13.5,0,0,5,16,15,0,0,1,0,0,0,2,L,0,0,0,0,0,3,66,1.04,0.52,2.2,1.04
124945,777,6,True,3-4-2-1,39.1,554,0,33,375,284,201,172,188,114,87,56,21,49,25,14,2,2,2,0,19,0,0,16,4,4,12,5,2,6,0,3,0,2,1,1,1,0,0,23,17,6,50,11,45,53,13,16,20,36,6,0,4,7,0,0,9,12.6,1,1,9,15,21,2,0,3,0,0,0,3,L,0,0,0,0,0,3,77,1.89,0.92,1.19,1.89
124945,777,11,False,4-3-2-1,60.9,793,0,13,598,516,308,284,299,235,123,44,20,55,33,9,3,2,2,0,11,0,0,7,6,2,5,12,4,1,1,4,0,0,0,0,1,2,2,14,6,8,56,14,53,45,16,13,39,22,0,6,14,23,0,0,6,13.5,0,0,3,22,23,0,0,2,0,0,3,0,W,3,2,1,0,0,4,95,1.19,0.35,1.88,0.41
124946,777,10,True,4-2-3-1,48.8,705,0,38,519,448,247,227,277,223,129,57,29,70,42,5,2,2,2,1,9,0,0,18,4,8,10,11,3,8,1,4,0,0,0,1,3,2,2,22,12,8,50,6,70,36,18,8,31,18,6,6,17,24,0,0,8,19.9,0,0,3,21,19,1,0,2,0,0,2,0,W,3,2,0,0,0,1,94,1.88,1.24,1.9,1.88
124946,777,131,False,4-2-3-1,51.2,694,0,28,526,470,259,250,285,224,152,51,28,46,30,18,4,2,2,0,7,0,0,14,1,3,11,10,8,7,0,5,0,2,0,3,3,0,0,13,7,6,56,8,36,70,8,18,6,34,6,5,7,21,0,0,15,10.9,0,0,7,20,17,2,0,0,0,0,0,2,L,0,0,0,0,0,2,60,1.91,1.13,1.89,1.91
124947,777,12,True,3-4-2-1,56.6,613,0,49,393,310,160,139,254,177,141,45,16,55,26,21,6,5,5,2,19,0,0,25,9,7,18,9,5,6,2,5,0,3,1,0,0,2,1,16,8,3,41,4,57,63,24,26,47,22,10,0,7,17,0,0,15,8.8,0,0,5,20,9,2,0,0,1,2,4,4,D,1,4,0,0,0,5,82,3.3,1.58,1.92,3.3
124947,777,127,False,4-2-3-1,43.4,512,0,24,300,202,89,71,228,134,125,55,15,60,26,17,3,4,4,0,20,0,0,14,9,5,9,18,7,5,1,4,1,3,1,4,4,2,2,14,8,8,43,7,63,57,26,24,29,15,0,10,9,18,2,0,12,17.1,0,0,4,15,15,3,0,1,1,2,4,4,D,1,4,0,0,0,5,77,1.93,0.6,3.29,1.93
124948,777,15,True,4-2-3-1,47.9,604,0,24,392,320,181,157,226,168,111,46,23,57,34,15,5,3,2,0,22,0,0,15,6,5,10,5,1,7,1,2,0,0,0,3,4,1,3,17,9,12,50,19,48,61,13,10,23,34,2,4,6,17,0,0,9,8.9,0,0,6,18,20,1,0,4,0,0,3,0,W,3,3,0,0,0,1,82,2.34,1.63,0.33,2.34
124948,777,21,False,4-2-3-1,52.1,627,0,13,420,335,205,173,234,165,118,44,18,52,34,19,3,3,3,1,24,0,0,6,1,1,5,10,5,1,0,5,0,1,2,0,0,0,0,30,20,11,45,8,61,48,10,13,17,32,4,2,12,21,1,0,13,9.0,0,0,6,16,19,3,0,1,0,0,0,3,L,0,0,0,0,0,3,83,0.33,0.6,2.32,0.33
124949,777,23,False,4-3-3,53.4,644,0,14,444,377,207,193,263,186,122,62,32,52,25,26,2,6,6,1,22,0,0,6,2,4,2,4,2,1,0,5,0,1,0,0,0,0,0,8,5,3,39,3,53,54,27,27,53,20,3,2,8,15,0,0,10,12.2,0,0,1,13,17,4,0,0,0,0,0,1,L,0,0,0,0,1,1,80,0.24,0.54,0.3,0.24
124949,777,29,True,4-2-3-1,46.6,558,0,15,394,302,141,126,267,178,154,61,18,63,25,14,2,3,3,1,19,0,0,5,1,2,3,2,4,2,0,3,0,0,0,1,1,0,0,10,7,11,47,6,54,53,27,27,29,24,2,3,7,9,0,0,10,14.2,0,0,4,9,20,5,0,0,0,0,1,0,W,3,0,0,0,0,2,69,0.3,0.41,0.24,0.3
124950,777,2,False,4-2-3-1,59.1,731,154,12,566,503,325,302,252,204,126,44,27,46,29,11,3,3,2,0,12,164,93,7,4,3,4,7,3,2,1,3,0,2,0,0,1,1,2,22,17,6,47,10,66,45,19,9,13,28,1,2,10,17,1,0,13,10.2,0,0,2,19,21,2,0,1,3,0,3,2,W,3,2,0,0,0,1,61,0.66,0.67,1.03,0.66
124950,777,25,True,4-3-1-2,40.9,555,125,19,386,324,167,155,232,169,97,39,16,46,28,13,0,5,5,0,18,90,51,10,3,3,7,5,3,4,2,4,0,2,1,0,1,2,1,17,10,9,45,10,45,66,9,19,14,34,3,1,6,18,0,0,18,12.5,0,0,4,16,21,1,0,1,0,3,2,3,L,0,2,0,0,1,2,70,1.02,0.23,0.67,1.02
124951,777,2,True,4-2-3-1,42.6,545,0,20,351,281,233,205,125,77,59,48,16,50,21,7,1,5,4,1,8,0,0,12,4,4,8,5,10,3,1,5,0,1,0,2,1,0,2,18,10,7,49,16,45,58,11,13,22,29,5,3,3,13,1,0,11,11.2,0,0,2,15,19,1,0,3,0,0,2,1,W,3,2,0,0,0,5,73,1.57,0.21,1.33,1.57
124951,777,12,False,3-4-2-1,57.4,669,0,34,460,396,206,196,280,204,131,41,22,55,40,26,4,5,5,0,19,0,0,15,6,10,5,8,4,6,1,4,0,2,0,2,3,1,1,26,14,9,54,8,58,45,13,11,21,41,3,5,8,18,0,0,14,7.6,0,0,8,27,15,2,0,1,0,0,1,2,L,0,1,0,0,0,2,81,1.34,1.08,1.54,1.34
124952,777,43,False,4-4-2,34.4,465,0,16,269,178,114,93,163,87,88,74,30,73,35,8,2,3,2,1,18,0,0,4,1,3,1,11,5,1,0,5,1,0,1,0,1,1,1,15,10,10,44,9,47,54,21,16,38,32,2,3,2,14,1,0,11,10.3,0,0,1,20,19,1,0,2,1,0,1,1,D,1,1,0,0,0,0,91,0.38,0.4,1.41,0.38
124952,777,127,True,4-2-3-1,65.6,708,0,37,506,404,182,162,346,248,194,57,18,67,35,22,6,5,3,1,26,0,0,16,1,5,11,1,3,12,0,5,0,1,0,3,3,0,0,21,15,8,50,9,54,47,16,21,31,27,3,2,6,12,0,0,11,7.9,0,0,7,16,22,1,0,2,0,2,1,1,D,1,1,0,0,0,0,89,1.41,1.47,0.38,1.41
124953,777,29,False,4-2-3-1,43.2,529,0,26,334,255,157,133,191,127,100,58,24,55,23,14,5,4,4,1,17,0,0,14,6,5,9,7,9,4,0,3,0,0,0,2,1,0,0,25,15,9,49,6,57,59,20,21,22,28,4,5,2,8,0,0,15,11.6,0,0,2,16,20,2,0,1,0,0,0,0,D,1,0,0,0,0,4,77,1.4,1.16,1.13,1.4
124953,777,131,True,4-2-3-1,56.8,658,0,37,441,364,212,184,250,188,132,42,17,45,26,21,8,3,3,1,22,0,0,16,4,9,7,9,5,7,0,5,0,0,0,0,0,0,0,12,8,7,46,7,59,57,21,20,30,21,5,4,13,31,0,0,11,12.0,0,0,2,17,21,2,0,1,0,0,0,0,D,1,0,0,0,0,6,73,1.13,1.06,1.38,1.13
124954,777,1,False,4-3-3,65.4,845,0,43,654,573,348,324,318,251,155,52,23,63,38,12,2,3,3,0,17,0,0,13,2,1,12,4,1,9,1,3,0,0,0,2,1,1,0,14,9,7,59,14,47,57,21,22,32,18,2,1,9,21,0,0,5,15.6,0,0,4,17,26,2,0,1,0,0,1,0,W,3,0,1,0,0,1,79,2.13,0.79,0.2,1.35
124954,777,7,True,4-2-3-1,34.6,519,0,13,339,250,177,156,176,96,92,61,19,59,19,14,2,2,2,0,19,0,0,5,1,1,4,12,1,2,0,3,0,1,0,0,0,0,0,26,13,8,51,8,57,47,22,21,23,25,2,3,4,10,0,0,4,19.5,1,1,6,20,19,2,0,0,0,0,0,1,L,0,0,0,0,0,0,87,0.21,0.14,2.0,0.21
124955,777,15,False,4-2-3-1,50.3,667,0,21,490,417,206,196,307,223,136,65,28,72,36,23,2,5,4,0,22,0,0,12,2,6,6,8,3,6,0,5,0,1,0,0,0,0,0,10,5,8,53,8,35,55,17,17,16,24,4,6,3,16,0,0,9,17.0,1,1,6,24,22,4,0,2,0,0,0,1,L,0,0,0,0,0,0,67,0.59,0.53,1.5,0.59
124955,777,34,True,4-2-3-1,49.7,681,0,24,495,396,289,252,213,148,101,65,27,70,37,7,4,1,0,0,18,0,0,11,1,3,8,6,6,4,1,5,0,0,0,1,1,1,0,21,13,10,58,6,55,35,17,17,29,15,6,4,8,12,0,0,5,23.7,0,0,1,27,18,5,0,2,0,0,1,0,W,3,0,1,0,0,2,91,1.51,0.57,0.6,0.73
124956,777,6,False,3-4-2-1,47.2,577,0,19,362,284,187,160,191,126,89,45,14,48,23,16,2,5,5,1,8,0,0,9,3,4,5,14,6,3,0,5,1,3,1,1,1,1,0,22,13,6,41,10,55,58,23,27,58,31,3,7,5,10,1,0,10,10.5,0,0,1,19,18,3,0,3,0,0,1,4,L,0,0,1,0,0,2,111,1.57,0.85,2.67,0.79
124956,777,9,True,3-5-2,52.8,631,0,37,400,327,220,212,202,121,90,48,19,66,30,22,6,9,9,5,34,0,0,20,8,6,14,5,4,7,2,5,0,1,0,1,1,3,1,15,11,7,45,13,58,55,27,23,29,21,5,3,6,15,0,0,5,12.8,1,1,4,21,15,1,0,2,0,0,4,1,W,3,4,0,0,0,2,77,2.74,1.39,1.57,2.74
124957,777,11,True,4-3-2-1,66.2,926,0,40,750,693,321,305,450,394,215,33,24,49,42,21,6,6,6,2,12,0,0,17,8,3,14,5,2,7,2,4,0,0,0,5,6,3,1,12,7,9,54,10,37,50,8,4,9,38,2,0,9,23,0,0,16,9.1,0,0,9,26,15,1,0,1,0,0,3,0,W,3,3,0,0,0,4,51,2.1,1.88,0.98,2.1
124957,777,25,False,4-3-1-2,33.8,554,0,12,391,314,267,234,125,81,52,46,17,44,22,1,1,0,0,0,14,0,0,7,3,2,5,14,3,4,0,5,0,3,0,2,1,0,0,24,15,12,49,5,50,37,4,8,13,24,0,2,7,14,1,0,10,19.9,0,0,8,11,26,1,0,2,0,0,0,3,L,0,0,0,0,0,5,77,1.0,0.53,2.1,1.0
124958,777,4,False,4-2-3-1,53.4,605,0,26,433,351,208,179,241,174,110,55,14,60,30,16,2,4,3,1,14,0,0,13,4,3,10,9,2,5,0,2,0,2,0,0,1,1,1,11,9,13,52,7,46,48,15,17,24,25,4,0,9,15,0,0,14,10.9,0,0,1,32,15,6,0,0,1,0,2,2,D,1,2,0,0,0,3,74,1.22,0.46,2.31,1.22
124958,777,23,True,4-3-3,46.6,547,0,21,361,278,169,148,220,138,109,43,16,56,30,28,8,6,4,0,19,0,0,11,5,2,9,10,3,6,2,4,0,1,1,5,6,2,1,13,8,14,53,10,48,46,17,15,19,33,0,4,5,6,0,0,13,9.8,0,0,4,22,21,3,0,2,0,2,2,2,D,1,2,0,0,0,2,90,2.49,1.4,1.22,2.49
124959,777,10,False,4-2-3-1,65.1,807,0,30,614,542,193,179,444,368,238,45,23,55,32,23,5,6,5,3,27,0,0,8,4,1,7,11,4,1,0,5,1,1,0,0,1,2,1,4,4,7,37,6,38,31,17,9,22,17,3,6,8,13,0,0,7,13.6,0,0,3,15,13,3,0,6,0,0,2,1,W,3,2,0,0,0,4,54,0.67,0.89,1.07,0.67
124959,777,21,True,4-2-2-2,34.9,491,0,20,322,246,135,112,207,138,103,53,17,55,24,20,4,2,2,1,14,0,0,15,4,4,11,7,1,4,0,4,1,2,0,1,1,1,0,11,7,7,44,3,31,38,9,17,33,22,7,3,4,5,1,0,9,16.5,0,0,2,16,23,3,2,1,0,0,1,2,L,0,1,0,0,0,2,75,1.06,0.39,0.66,1.06
124960,777,38,True,3-5-2,43.2,563,0,22,358,281,159,144,221,141,112,48,21,48,25,22,4,3,3,0,21,0,0,9,2,3,6,7,0,1,0,4,0,2,0,2,1,0,0,16,9,9,46,6,53,47,16,19,37,27,6,0,7,13,1,0,12,14.1,0,0,5,21,14,2,0,2,0,0,0,2,L,0,0,0,1,0,4,79,1.27,0.33,1.28,0.49
124960,777,130,False,4-3-3,56.8,680,0,28,481,400,244,224,259,186,100,49,20,67,37,22,10,4,4,1,22,0,0,7,6,0,7,6,3,1,0,1,0,0,0,2,4,2,2,12,6,16,53,7,47,53,19,16,36,35,0,6,4,13,0,0,15,7.4,1,0,0,24,28,4,0,2,0,0,2,0,W,3,2,0,0,0,2,93,1.28,1.7,1.27,1.28
124961,777,1,True,4-3-3,52.7,632,0,57,450,376,218,199,251,183,135,46,16,57,33,19,6,7,6,1,20,0,0,24,6,3,21,7,1,8,1,3,0,1,0,4,3,0,1,14,6,9,42,10,46,47,10,18,16,23,10,2,10,16,0,0,7,14.3,0,0,4,17,16,2,0,1,0,0,2,1,W,3,1,0,0,0,2,68,3.26,0.91,0.85,3.26
124961,777,131,False,3-4-2-1,47.3,584,0,18,407,336,222,204,195,135,88,50,23,55,27,10,3,2,2,1,12,0,0,8,3,1,7,22,3,3,0,5,0,1,1,0,0,1,0,16,13,5,43,8,47,46,18,10,28,27,2,9,7,13,1,0,13,12.0,0,0,3,15,15,3,0,1,0,0,1,2,L,0,1,0,0,1,5,74,0.85,0.54,3.08,0.85
124962,777,127,False,4-2-3-1,50.7,602,0,40,376,290,134,121,280,172,140,50,22,64,28,38,3,15,8,0,14,0,0,20,10,7,13,11,5,2,0,5,0,4,0,3,3,1,0,18,13,7,54,5,56,52,15,21,27,33,8,5,14,21,0,0,8,9.2,0,0,9,22,15,2,0,1,0,0,1,4,L,0,1,0,0,1,4,78,2.71,0.96,3.66,2.71
124962,777,130,True,4-2-3-1,49.3,622,0,32,395,311,191,164,212,149,121,64,35,63,36,8,2,2,1,1,19,0,0,15,7,5,10,13,7,4,2,4,0,1,0,2,5,3,3,12,7,10,53,12,52,56,21,15,51,21,4,9,12,18,1,0,9,11.9,0,0,0,14,29,2,0,3,0,0,4,1,W,3,3,0,0,0,8,110,3.66,1.45,2.72,3.66
124963,777,7,False,4-2-3-1,45.9,627,0,24,394,307,157,138,255,171,117,64,22,72,32,18,2,5,5,0,12,0,0,15,6,5,10,9,7,6,0,3,0,0,0,1,1,0,0,25,14,11,47,4,69,69,31,32,48,30,3,7,6,24,0,0,8,11.5,0,0,3,15,25,2,0,3,0,0,0,0,D,1,0,0,0,0,0,115,0.84,0.82,1.41,0.84
124963,777,43,True,3-4-3,54.1,700,0,28,466,359,192,164,290,196,139,62,27,65,35,16,1,6,5,0,27,0,0,16,0,7,9,10,5,9,0,4,0,0,0,1,1,0,0,22,12,4,42,12,69,69,32,31,39,25,7,3,7,20,0,0,8,10.7,0,0,0,21,14,0,0,2,0,0,0,0,D,1,0,0,0,0,6,88,1.41,0.73,0.85,1.41
124964,777,2,False,4-4-2,37.1,489,0,19,321,257,203,176,126,82,63,42,19,47,23,8,1,7,2,1,13,0,0,11,8,4,7,8,6,1,0,5,2,1,0,3,3,2,1,8,2,4,44,16,37,51,9,11,28,8,2,7,6,16,0,0,8,40.8,0,0,1,10,29,3,0,0,3,0,2,1,W,3,2,0,0,0,2,78,1.2,0.67,2.14,1.2
124964,777,4,True,4-2-3-1,62.9,691,0,42,528,469,196,187,361,286,183,45,28,65,50,29,4,6,4,1,6,0,0,14,3,6,8,7,4,4,1,4,0,2,0,1,2,1,1,26,19,9,58,5,51,37,11,9,6,43,7,2,6,9,1,0,16,6.4,0,0,8,28,13,5,0,0,0,3,1,2,L,0,1,0,0,0,6,70,2.14,1.13,1.19,2.14
124965,777,6,True,3-4-2-1,61.9,763,0,35,544,431,221,199,350,236,182,60,26,90,56,27,4,3,3,1,21,0,0,15,2,6,9,5,3,8,0,3,0,1,0,2,2,0,0,16,11,7,68,9,48,65,20,31,23,33,5,0,7,18,0,0,7,8.7,0,0,7,33,22,3,0,1,0,0,0,1,L,0,0,0,0,0,3,82,1.32,1.74,0.84,1.32
124965,777,21,False,4-2-3-1,38.1,565,0,18,340,236,168,132,184,107,91,69,28,78,30,12,3,2,2,1,20,0,0,8,4,3,5,9,6,3,1,4,0,0,0,0,1,1,1,20,10,6,64,7,65,48,31,20,50,14,1,5,8,17,0,0,5,27.5,0,0,2,19,36,2,0,3,0,0,1,0,W,3,1,0,0,0,2,104,0.83,0.58,1.31,0.83
124966,777,10,True,4-2-3-1,66.6,856,0,41,660,581,194,179,487,410,252,45,18,66,44,21,8,6,6,6,12,0,0,14,4,3,11,4,5,7,2,3,0,1,0,0,1,1,2,19,16,9,53,8,66,41,21,18,21,28,3,1,13,21,0,0,5,8.7,0,0,2,29,13,0,0,1,0,0,2,1,W,3,2,0,0,0,3,77,1.54,1.49,1.07,1.54
124966,777,38,False,3-4-2-1,33.4,504,0,13,327,252,148,129,194,125,94,53,17,52,25,15,2,4,4,1,16,0,0,9,4,5,4,11,3,4,0,4,0,2,0,1,1,0,0,16,10,8,50,10,41,66,18,21,24,24,1,3,2,11,0,0,13,15.4,0,0,6,9,27,1,0,0,0,0,1,2,L,0,1,0,0,0,2,73,1.18,0.39,1.54,1.18
124967,777,12,True,4-2-3-1,33.3,555,0,15,328,252,171,145,165,110,63,44,11,51,16,8,3,2,2,1,20,0,0,10,4,2,8,14,2,6,1,5,0,0,0,1,1,0,0,20,8,18,48,9,45,52,13,18,45,22,0,7,7,12,0,0,9,16.4,0,0,3,14,21,2,0,0,0,0,1,0,W,3,1,0,0,0,3,112,1.27,0.46,1.18,1.27
124967,777,23,False,4-3-3,66.7,843,0,44,627,548,201,188,472,367,239,36,18,63,45,46,7,11,8,1,16,0,0,16,3,2,14,8,2,6,0,4,0,1,0,1,1,0,0,14,7,6,54,8,52,45,18,13,13,35,7,0,11,23,0,0,5,7.7,0,0,7,25,17,1,0,1,0,0,0,1,L,0,0,0,0,0,3,57,1.18,0.94,1.27,1.18
124968,777,11,False,4-3-2-1,66.0,773,0,33,595,536,220,205,393,334,189,32,15,57,44,18,3,5,5,1,16,0,0,16,5,7,9,5,2,4,0,2,0,1,0,0,1,1,2,14,8,4,42,5,42,46,13,12,37,22,7,3,11,21,0,0,13,10.0,0,0,3,27,11,2,0,1,0,0,2,1,W,3,2,0,0,0,1,82,1.45,1.51,0.55,1.45
124968,777,15,True,4-2-3-1,34.0,470,0,12,293,219,127,104,188,119,97,67,33,55,28,22,4,5,4,0,17,0,0,7,2,2,5,9,7,2,0,2,0,2,0,0,1,1,1,15,12,8,41,3,46,42,12,13,22,19,3,6,6,17,0,0,5,18.9,0,0,0,13,23,1,0,1,0,0,1,2,L,0,1,0,0,0,3,80,0.57,0.54,1.45,0.57
124969,777,9,False,3-5-2,56.8,696,0,42,513,433,263,250,277,190,128,50,21,60,33,27,7,9,8,4,13,0,0,17,6,6,11,8,0,5,0,3,0,1,0,3,4,1,1,14,8,6,46,4,52,46,27,20,20,31,6,2,4,14,0,0,9,10.3,0,0,5,23,13,0,0,3,1,0,1,1,D,1,1,0,0,0,2,63,2.18,2.16,0.7,2.18
124969,777,29,True,4-2-3-1,43.2,596,0,21,393,322,207,178,200,147,92,46,25,55,33,14,3,3,3,1,19,0,0,8,3,0,8,11,6,3,1,3,0,1,0,2,2,0,1,14,8,5,34,4,46,52,20,27,42,22,2,6,5,15,0,0,7,17.4,0,0,0,7,19,1,0,4,0,2,1,1,D,1,1,0,0,0,4,75,0.71,0.72,2.17,0.71
124970,777,25,True,4-3-2-1,44.3,617,0,27,404,330,165,147,256,185,125,52,23,56,33,17,2,5,5,0,19,0,0,11,2,4,7,11,6,4,0,3,0,1,0,1,1,0,0,29,17,9,39,13,61,46,17,17,25,26,5,6,7,10,1,0,8,12.3,0,0,1,16,18,1,0,7,0,0,0,1,L,0,0,0,0,0,4,89,0.9,0.68,1.62,0.9
124970,777,34,False,4-2-3-1,55.7,737,0,35,508,439,189,178,343,271,156,42,22,67,45,24,10,4,3,1,24,0,0,17,5,6,11,7,4,6,0,4,0,0,0,0,1,1,1,16,5,12,36,16,46,61,17,17,34,25,6,5,7,20,0,0,8,10.9,0,0,3,13,17,3,0,2,0,0,1,0,W,3,1,0,0,0,2,85,1.63,1.43,0.91,1.63
124971,777,1,True,4-3-3,46.3,504,0,38,351,302,123,118,240,189,133,28,17,33,20,12,5,3,3,1,8,0,0,22,7,5,17,9,2,8,0,5,1,1,0,4,3,2,3,17,7,8,39,6,38,44,7,9,17,35,7,4,5,9,0,0,18,10.0,0,0,8,16,6,2,0,4,0,0,4,1,W,3,4,0,0,0,2,64,3.04,1.53,2.67,3.04
124971,777,2,False,4-2-3-1,53.7,573,0,21,416,362,261,231,167,132,58,38,21,41,29,12,1,3,3,0,17,0,0,11,3,2,9,17,5,4,0,5,0,2,2,4,1,1,0,10,3,3,24,10,44,38,9,7,17,8,4,7,8,15,2,0,9,25.1,0,0,1,8,11,3,0,0,0,0,1,4,L,0,1,0,0,0,3,52,3.54,0.39,3.04,3.54
124972,777,21,False,4-3-3,44.1,600,0,18,412,324,182,154,241,171,112,65,24,62,27,11,1,1,1,0,16,0,0,9,3,2,7,4,3,2,0,2,0,0,0,0,0,0,0,18,13,10,62,9,53,48,18,17,33,22,4,2,9,18,0,0,10,17.6,0,0,5,22,29,2,0,0,0,0,0,0,D,1,0,0,0,0,2,91,1.0,0.6,0.83,1.0
124972,777,130,True,4-3-3,55.9,704,0,20,515,426,250,231,285,199,145,58,24,69,36,20,4,3,3,2,18,0,0,7,2,3,4,7,2,3,0,2,0,0,0,1,1,0,0,18,12,9,64,10,48,53,17,18,20,30,2,5,3,11,0,0,8,10.1,0,0,5,28,24,1,0,4,0,0,0,0,D,1,0,0,0,0,2,79,0.83,1.3,1.01,0.83
124973,777,23,False,4-3-3,51.9,677,0,23,467,389,255,231,231,162,91,47,19,60,32,19,4,4,4,1,16,0,0,20,9,7,13,8,7,5,2,4,0,1,0,6,4,1,0,19,10,11,52,11,57,51,23,22,36,21,6,4,6,16,0,0,3,15.0,0,0,2,27,17,1,0,2,0,0,3,1,W,3,3,0,0,0,2,103,2.68,0.8,1.09,2.68
124973,777,43,True,3-4-3,48.1,637,0,27,439,349,175,160,276,190,118,52,16,68,27,12,1,3,3,0,17,0,0,15,4,7,8,13,7,8,1,4,0,2,1,2,2,0,1,21,14,11,59,7,51,57,22,23,27,29,3,8,5,17,2,0,9,13.0,0,0,1,30,23,2,0,1,0,0,1,3,L,0,1,0,0,0,4,94,1.1,0.78,2.31,1.1
124974,777,4,True,4-2-3-1,67.2,777,0,52,563,483,196,185,393,306,219,46,21,69,45,26,8,12,11,4,17,0,0,17,3,2,15,12,5,6,2,5,0,2,0,1,1,1,1,17,9,8,51,4,66,45,26,15,29,28,8,4,11,23,0,0,5,7.0,0,0,7,17,20,1,0,0,1,2,2,2,D,1,1,1,0,0,4,78,2.3,1.77,3.14,1.52
124974,777,127,False,4-2-3-1,32.8,480,0,23,269,197,109,91,176,109,99,53,17,53,24,16,3,3,2,0,13,0,0,17,6,5,12,15,2,7,2,3,0,2,0,4,3,2,0,16,12,17,50,7,45,66,15,26,41,22,4,8,9,19,0,0,12,15.2,1,1,5,13,26,1,0,1,1,2,2,2,D,1,2,0,0,0,2,104,3.14,0.81,2.31,3.14
124975,777,6,True,3-4-2-1,40.0,569,0,37,388,299,181,162,219,138,115,57,22,62,28,12,1,6,6,0,15,0,0,11,2,2,9,12,5,5,1,4,0,0,1,2,1,1,1,14,9,9,43,5,46,51,15,23,29,19,4,6,7,18,0,0,7,21.8,0,0,2,16,17,0,0,5,0,2,1,1,D,1,1,0,0,0,4,78,1.62,0.84,1.91,1.62
124975,777,34,False,4-2-3-1,60.0,779,0,31,586,502,284,260,321,249,147,56,30,69,43,19,7,3,2,1,17,0,0,17,5,5,12,9,2,6,0,4,1,1,0,3,1,0,1,16,9,9,49,7,51,46,23,15,35,29,6,3,5,12,0,0,10,10.1,0,0,1,24,22,5,0,1,1,0,1,1,D,1,1,0,0,0,1,83,1.9,1.23,1.62,1.9
124976,777,9,False,3-5-2,31.7,480,0,11,295,194,153,124,152,73,82,60,18,61,19,10,3,3,3,1,18,0,0,4,2,1,3,11,8,1,0,4,0,0,0,1,0,0,0,18,10,11,42,5,58,53,22,26,37,18,1,8,8,11,0,0,8,19.6,0,0,2,12,22,2,0,1,0,0,0,0,D,1,0,0,0,0,4,95,0.68,0.13,1.96,0.68
124976,777,10,True,4-2-3-1,68.3,842,0,35,636,549,190,165,471,388,255,40,16,77,53,25,4,8,6,2,21,0,0,19,4,8,11,3,1,7,0,5,0,0,0,2,2,0,0,8,3,6,48,11,53,58,26,22,21,31,8,1,12,19,0,0,10,7.9,0,0,7,14,21,0,0,6,0,0,0,0,D,1,0,0,0,0,2,59,1.99,1.28,0.68,1.99
124977,777,12,True,4-2-3-1,56.1,687,0,21,506,450,212,194,316,262,116,44,26,53,42,22,6,8,8,2,19,0,0,15,6,5,10,8,3,5,1,3,0,1,0,2,2,0,0,21,14,4,41,14,48,55,10,16,16,31,4,1,5,11,0,0,9,8.9,0,0,4,17,18,0,0,3,0,2,1,1,D,1,1,0,0,0,3,55,0.84,0.67,1.16,0.84
124977,777,38,False,3-5-2,43.9,586,0,23,397,335,185,170,226,169,101,41,18,47,24,14,4,4,4,1,14,0,0,11,4,3,8,10,5,5,1,3,0,0,1,2,1,0,0,20,9,10,42,7,55,48,16,10,28,24,2,4,10,24,1,0,12,14.8,0,0,4,10,19,2,0,1,1,0,1,1,D,1,1,0,0,0,5,79,1.29,0.55,0.84,1.29
124978,777,7,False,4-2-3-1,30.3,526,0,18,301,223,158,135,150,90,80,68,26,73,34,7,2,2,1,0,14,0,0,11,3,4,7,12,9,4,1,2,0,0,0,1,3,2,2,23,11,9,57,13,63,58,25,13,53,28,4,7,7,15,0,0,9,13.9,0,0,0,13,29,0,0,0,0,0,2,0,W,3,2,0,0,0,6,119,1.26,0.93,1.55,1.26
124978,777,15,True,4-2-3-1,69.7,907,0,42,665,600,226,211,491,398,277,34,19,76,53,52,9,9,5,1,23,0,0,21,6,9,12,7,4,8,0,3,0,2,0,1,1,0,0,21,14,5,56,14,58,63,13,25,12,34,7,4,16,25,0,0,11,7.5,0,0,5,33,13,1,0,0,0,0,0,2,L,0,0,0,0,0,1,69,1.55,2.36,1.26,1.55
124979,777,11,False,4-3-2-1,67.7,850,0,52,640,548,298,259,363,295,192,50,21,44,28,21,6,5,5,2,24,0,0,14,4,2,12,7,3,5,0,4,0,0,0,5,5,0,0,23,17,12,59,8,57,47,9,14,21,28,5,2,16,26,0,0,6,8.2,0,0,1,20,35,1,0,1,0,0,0,0,D,1,0,0,0,0,4,86,2.25,1.55,0.81,2.25
124979,777,29,True,4-2-3-1,32.3,508,0,22,304,221,124,112,189,112,110,52,22,56,28,9,3,3,3,1,19,0,0,10,4,3,7,12,2,4,0,2,0,0,0,2,2,0,0,18,15,17,52,15,47,57,14,9,31,45,2,5,9,17,0,0,9,9.2,0,0,4,23,17,1,0,0,0,0,0,0,D,1,0,0,0,0,4,94,0.81,0.64,2.25,0.81
124980,777,25,True,4-2-3-1,38.5,544,0,21,335,251,138,114,213,139,96,67,31,73,35,16,2,5,5,0,14,0,0,10,4,0,10,8,8,3,2,5,0,2,0,2,3,2,1,27,14,9,56,10,58,50,12,18,27,24,3,4,4,7,1,0,11,15.6,2,1,3,14,29,3,0,1,0,2,2,2,D,1,1,1,0,0,5,90,2.05,0.51,2.94,1.27
124980,777,131,False,4-2-3-1,61.5,772,0,31,541,466,256,238,308,229,154,36,21,50,31,23,1,5,5,0,16,0,0,16,6,8,8,10,0,6,1,5,0,2,0,2,1,2,0,13,10,16,63,12,50,58,18,12,24,35,4,2,8,23,1,0,18,7.5,1,1,10,27,18,5,0,1,1,0,2,2,D,1,1,1,1,0,2,81,2.94,0.39,2.06,1.38
124981,777,2,True,4-2-3-1,72.7,842,0,46,645,579,235,227,426,354,237,30,16,57,44,16,2,4,0,0,17,0,0,11,4,6,5,6,4,3,1,5,0,1,0,1,2,1,3,18,9,11,46,8,49,43,10,6,12,36,4,2,4,15,0,0,10,5.9,0,0,7,25,7,1,0,1,0,0,3,1,W,3,3,0,0,0,4,66,1.6,1.0,0.89,1.6
124981,777,15,False,4-5-1,27.3,413,0,13,239,170,154,125,94,45,40,48,20,41,19,9,0,4,3,0,8,0,0,10,5,4,6,5,6,3,0,5,0,1,2,1,2,1,1,19,8,14,46,16,43,49,6,10,28,25,2,4,8,10,1,0,20,15.8,0,0,5,8,28,2,0,4,0,0,1,3,L,0,1,0,0,0,1,93,0.88,0.51,1.59,0.88
124982,777,1,False,4-3-3,57.0,646,0,28,462,368,210,181,272,190,137,51,18,65,35,20,3,5,4,1,13,0,0,12,5,5,7,5,10,3,1,4,0,1,1,0,1,2,2,25,11,7,52,6,65,48,21,17,30,30,4,5,7,17,1,0,8,8.7,0,0,5,21,21,1,0,1,3,0,3,2,W,3,3,0,0,0,1,103,1.13,0.65,1.43,1.13
124982,777,127,True,4-2-3-1,43.0,540,0,13,339,259,146,126,215,137,107,57,22,63,31,22,4,7,6,0,14,0,0,15,3,10,5,7,5,7,1,4,1,2,1,0,0,1,1,16,12,4,48,13,48,65,17,21,37,21,5,4,8,20,0,0,13,16.1,0,0,4,19,18,3,0,1,0,3,2,3,L,0,2,0,0,0,2,85,1.43,0.45,1.13,1.43
124983,777,43,False,5-4-1,40.1,570,0,12,396,325,220,198,192,128,94,42,21,50,26,16,1,4,4,0,22,0,0,5,3,1,4,9,6,2,0,4,0,2,0,0,0,0,0,25,13,3,42,9,53,59,13,19,21,37,0,4,8,16,1,0,17,13.0,0,0,2,11,23,4,0,1,0,0,0,2,L,0,0,0,0,0,2,73,0.31,0.25,1.45,0.31
124983,777,131,True,4-2-3-1,59.9,801,0,26,608,546,348,326,271,224,117,32,17,62,47,11,4,4,4,1,13,0,0,15,4,6,9,4,1,7,1,5,0,0,0,1,2,1,1,17,10,6,43,11,59,53,19,13,25,27,4,1,8,22,0,0,7,11.9,0,0,6,21,13,0,0,3,0,0,2,0,W,3,2,0,0,0,2,70,1.45,0.97,0.3,1.45
124984,777,7,True,4-2-3-1,45.4,584,0,31,364,286,153,126,238,170,135,52,24,69,43,27,10,4,4,1,21,0,0,14,6,3,11,9,2,3,0,3,1,4,0,0,1,1,2,24,15,7,57,11,73,54,29,24,22,36,5,2,13,18,1,0,9,10.6,0,0,10,20,19,0,0,0,0,0,2,4,L,0,2,0,0,0,3,83,0.85,0.89,2.4,0.85
124984,777,130,False,4-2-3-1,54.6,667,0,23,455,355,257,231,210,130,104,74,21,70,25,12,6,5,5,1,19,0,0,11,7,2,9,11,3,2,1,4,0,2,0,2,6,4,4,16,8,10,64,12,54,73,24,29,24,29,2,6,6,18,0,0,8,9.1,0,0,6,24,23,2,0,2,0,0,4,2,W,3,4,0,0,0,4,91,2.4,1.16,0.85,2.4
124985,777,10,False,4-2-3-1,58.1,816,0,33,639,563,234,225,428,339,214,49,26,72,52,23,1,8,7,1,27,0,0,10,2,3,7,5,3,5,0,3,0,1,1,1,2,2,1,7,5,5,36,10,30,37,9,13,24,17,3,2,4,9,0,0,4,21.5,0,0,2,21,9,1,0,4,1,2,2,2,D,1,2,0,0,0,0,51,1.36,1.25,0.75,1.36
124985,777,34,True,3-4-2-1,41.9,641,0,15,462,386,260,237,215,150,103,46,14,54,23,13,1,3,2,0,17,0,0,8,2,3,5,7,3,3,1,5,1,2,0,0,1,1,2,15,9,10,40,3,37,30,13,9,40,21,3,3,5,9,2,0,11,19.7,0,0,0,18,16,1,0,2,1,2,2,2,D,1,2,0,0,0,0,78,0.75,0.37,1.35,0.75
124986,777,9,True,3-5-2,45.4,628,0,25,425,312,180,151,265,164,123,61,21,83,45,20,3,6,6,1,20,0,0,11,3,3,8,9,6,6,0,4,0,1,0,0,1,1,1,18,10,17,52,13,54,55,23,16,23,37,2,4,4,16,0,0,9,11.1,0,0,2,25,21,0,0,1,0,2,1,1,D,1,1,0,0,0,1,86,0.9,0.85,1.58,0.9
124986,777,12,False,3-4-2-1,54.6,740,0,22,529,419,272,248,267,173,118,63,23,86,39,10,2,4,4,1,16,0,0,15,2,6,9,8,3,8,0,1,0,1,0,3,3,0,1,25,15,8,50,11,55,54,16,23,38,28,5,2,5,12,0,0,9,11.4,0,0,3,22,21,1,0,3,1,0,1,1,D,1,1,0,0,0,2,91,1.58,0.84,0.9,1.58
124987,777,4,False,4-2-3-1,42.7,625,0,16,436,363,299,263,141,102,79,35,15,35,18,4,2,2,1,1,21,0,0,8,3,0,8,12,2,4,0,3,0,1,0,2,1,1,0,20,10,14,48,11,39,57,3,10,23,28,1,5,7,20,0,0,14,13.9,0,0,4,11,25,3,0,2,1,0,1,1,D,1,1,0,0,0,2,78,1.74,0.58,0.99,1.74
124987,777,11,True,4-1-4-1,57.3,764,0,35,580,504,254,241,341,268,171,36,22,47,38,15,5,8,8,3,10,0,0,14,3,2,12,8,0,6,1,3,0,1,0,0,0,0,0,24,18,9,58,14,57,39,10,3,6,45,5,1,9,15,0,0,12,8.3,0,0,15,26,12,3,0,2,0,2,1,1,D,1,1,0,0,0,2,75,0.98,0.94,1.73,0.98
124988,777,6,False,3-4-2-1,40.6,570,0,26,344,239,120,94,239,147,127,44,11,50,22,15,2,6,6,2,17,0,0,11,1,2,9,11,1,5,0,6,0,2,0,1,1,0,0,28,11,11,53,12,57,62,17,20,45,38,5,2,8,12,0,0,12,9.6,0,0,6,23,18,3,0,2,0,0,0,2,L,0,0,0,0,0,5,109,0.7,1.13,2.08,0.7
124988,777,23,True,4-3-3,59.4,750,0,35,494,408,242,221,283,194,129,52,25,68,43,31,7,8,8,0,16,0,0,12,7,1,11,9,2,3,0,5,0,0,0,3,3,2,1,16,9,7,56,14,62,57,20,17,35,25,2,5,15,29,0,0,5,9.5,0,0,3,20,29,1,0,5,0,0,2,0,W,3,2,0,0,0,1,100,2.25,2.0,0.7,2.25
124989,777,21,True,4-2-3-1,48.7,570,0,33,361,284,157,129,227,162,125,50,26,52,24,23,7,3,3,2,22,0,0,13,5,4,9,9,1,6,1,5,0,1,0,1,2,1,1,15,12,8,54,11,51,60,20,27,33,32,2,3,10,16,0,0,9,9.0,0,0,7,21,16,2,0,4,0,2,1,1,D,1,1,0,0,0,2,87,1.19,0.85,0.48,1.19
124989,777,29,False,4-4-2,51.3,569,0,20,382,294,184,160,219,138,93,49,20,53,28,21,4,5,4,0,20,0,0,10,3,1,9,9,4,4,0,3,0,1,0,0,0,0,1,17,13,9,50,8,60,51,27,20,27,26,3,2,7,14,0,0,6,9.6,0,0,4,19,18,3,0,2,1,0,1,1,D,1,1,0,0,0,3,72,0.48,0.58,1.18,0.48
124990,777,25,False,4-2-3-1,67.2,818,0,25,624,546,229,218,423,335,180,42,26,62,43,28,7,7,7,1,16,0,0,6,0,2,4,8,3,6,0,2,0,2,1,0,0,0,0,27,17,6,44,13,58,54,13,15,15,43,0,0,8,18,0,0,10,5.8,1,1,4,17,17,0,0,1,0,0,0,3,L,0,0,0,0,0,5,69,0.25,0.8,1.87,0.25
124990,777,38,True,3-5-2,32.8,513,0,14,301,234,143,119,174,120,64,36,12,54,31,16,5,6,6,2,27,0,0,11,8,3,8,4,2,3,3,4,0,0,0,1,2,2,2,23,12,9,44,13,54,58,15,13,34,15,0,0,6,20,0,0,11,26.4,0,0,0,13,22,1,0,1,0,0,3,0,W,3,2,1,0,0,0,78,1.87,0.92,0.25,1.09
124991,777,1,True,4-3-3,47.6,593,0,24,459,396,182,168,292,231,158,34,12,51,29,15,3,3,3,1,15,0,0,9,4,3,6,2,6,1,0,5,0,0,0,1,1,0,0,11,6,7,33,2,33,35,6,5,15,25,4,3,8,16,0,0,10,14.2,0,0,6,10,15,2,0,2,0,0,0,0,D,1,0,0,0,0,0,51,0.58,0.69,0.36,0.58
124991,777,10,False,4-2-3-1,52.4,667,0,11,509,453,209,187,309,266,122,45,20,61,44,9,0,0,0,0,17,0,0,8,0,6,2,6,3,5,0,1,0,0,0,0,0,0,0,10,7,8,37,8,35,33,5,6,23,14,3,4,10,13,0,0,9,19.6,0,0,1,13,13,2,0,1,0,0,0,0,D,1,0,0,0,0,4,60,0.36,0.35,0.57,0.36
124992,777,21,False,4-2-3-1,57.9,636,0,29,434,336,249,218,206,123,88,62,22,67,35,21,5,7,7,4,25,0,0,16,4,5,11,5,6,7,1,3,0,2,1,2,2,0,1,24,16,5,48,3,73,50,16,19,15,24,5,5,14,28,0,0,10,10.8,0,0,3,11,30,3,0,0,0,3,2,3,L,0,2,0,0,0,0,72,1.24,1.02,1.27,1.24
124992,777,127,True,4-2-3-1,42.1,513,0,14,321,240,132,117,201,126,84,45,9,72,35,12,3,3,1,0,19,0,0,11,3,6,5,11,5,3,2,5,0,2,0,0,1,1,3,17,8,10,54,10,50,73,19,16,35,34,5,5,4,18,0,0,19,11.0,0,0,4,27,18,3,0,4,3,0,3,2,W,3,3,0,0,0,2,95,1.28,1.0,1.25,1.28
124993,777,29,False,4-2-3-1,49.5,542,0,21,389,314,195,178,207,138,101,56,21,64,38,13,2,4,3,0,11,0,0,11,3,4,7,14,4,4,0,5,0,3,0,2,1,0,0,7,6,10,48,5,41,42,18,17,26,21,4,3,3,6,0,0,13,12.6,0,0,4,19,16,1,0,1,0,0,0,3,L,0,0,0,1,0,3,62,1.72,0.59,3.24,0.94
124993,777,130,True,4-2-3-1,50.5,565,0,42,392,328,178,161,236,171,129,65,30,54,29,22,4,7,5,1,14,0,0,18,6,4,14,7,4,7,1,4,0,0,0,2,5,3,3,8,3,8,51,1,42,41,17,18,22,20,5,4,4,10,0,0,13,15.3,1,0,4,21,21,2,0,1,0,0,3,0,W,3,3,0,0,0,3,68,3.24,1.51,1.72,3.24
124994,777,12,False,4-2-3-1,65.4,798,0,43,593,519,273,254,346,274,167,32,17,55,35,26,9,6,6,1,16,0,0,30,10,9,21,7,1,13,0,5,0,2,0,3,4,2,2,19,16,6,57,10,65,42,22,9,13,26,7,5,16,22,0,0,8,8.8,0,0,6,23,25,0,0,0,1,2,2,2,D,1,2,0,0,1,0,65,2.54,1.92,0.24,2.54
124994,777,43,True,3-4-2-1,34.6,507,0,9,315,240,132,113,190,127,88,55,20,59,23,7,0,2,2,0,16,0,0,7,1,1,6,21,9,1,1,3,1,2,0,0,0,0,1,16,10,7,55,9,42,65,9,22,25,28,5,9,10,20,0,0,9,13.9,0,0,5,18,21,2,0,3,1,2,2,2,D,1,1,0,0,0,6,85,0.24,0.13,2.55,0.24
124995,777,2,False,4-2-3-1,59.1,728,0,37,537,470,313,297,240,177,133,35,19,65,45,16,4,5,5,1,18,0,0,15,3,4,11,9,2,7,0,5,0,0,0,3,3,0,0,14,8,9,40,11,38,36,10,11,21,22,5,4,7,16,0,0,3,12.1,0,0,4,16,13,0,0,0,0,0,0,0,D,1,0,0,0,0,5,60,1.75,0.94,1.5,1.75
124995,777,6,True,3-4-2-1,40.9,546,0,21,369,297,166,149,214,151,95,44,12,56,31,11,3,3,3,0,17,0,0,11,5,2,9,11,4,2,0,1,0,0,0,3,1,0,0,20,6,4,40,9,36,38,11,10,31,26,4,5,2,7,0,0,8,16.3,0,0,2,14,16,2,0,2,0,0,0,0,D,1,0,0,0,0,4,74,1.51,0.93,1.74,1.51
124996,777,7,True,4-3-3,45.4,559,0,30,364,296,163,146,220,155,100,31,12,51,32,19,5,2,1,0,12,0,0,13,2,4,9,9,4,8,1,3,0,0,1,1,2,1,1,17,8,6,40,8,69,57,31,24,42,31,3,3,8,16,0,0,13,10.1,0,0,3,17,14,1,2,0,0,2,1,1,D,1,1,0,0,0,3,93,0.89,0.7,0.73,0.89
124996,777,38,False,3-5-2,54.6,629,0,28,434,367,213,198,251,176,117,52,24,70,44,30,7,7,5,1,8,0,0,13,4,4,9,9,4,6,0,3,0,1,0,0,1,1,1,16,9,5,48,12,57,69,24,31,24,24,3,3,5,10,0,0,15,10.9,0,0,2,17,25,3,0,0,1,0,1,1,D,1,1,0,0,0,1,72,0.72,0.62,0.89,0.72
124997,777,4,False,4-2-3-1,45.0,641,0,25,459,392,240,223,241,173,105,58,27,64,35,22,4,11,11,2,11,0,0,14,6,3,11,9,7,5,0,4,0,2,0,3,2,1,0,13,9,8,46,12,41,52,10,19,30,33,3,7,7,11,0,0,6,11.1,0,0,5,13,19,3,1,2,0,0,1,2,L,0,1,0,0,0,3,76,2.52,0.85,1.2,2.52
124997,777,34,True,3-4-2-1,55.0,751,0,34,572,503,256,235,335,272,195,40,24,50,34,19,4,2,0,0,15,0,0,16,5,7,9,11,3,3,0,5,0,1,0,0,0,0,1,16,10,9,40,3,52,41,19,10,28,33,8,4,12,22,0,0,11,10.8,0,0,5,18,14,3,0,1,0,0,2,1,W,3,2,0,0,0,4,75,1.19,1.32,2.39,1.19
124998,777,11,True,4-1-4-1,60.3,809,0,53,608,530,242,224,379,312,186,43,23,66,48,13,6,6,6,5,19,0,0,21,6,5,16,5,1,9,1,4,0,0,1,6,5,1,0,14,11,19,47,10,59,38,14,8,7,29,6,0,16,28,0,0,6,12.7,0,0,11,18,14,1,0,2,0,2,1,1,D,1,0,1,0,0,2,63,2.56,1.66,1.16,1.78
124998,777,131,False,4-2-3-1,39.7,577,0,15,399,313,287,250,121,66,60,53,18,46,23,9,3,2,2,1,22,0,0,6,3,1,5,16,5,3,0,4,0,1,0,5,4,0,1,22,12,20,44,10,38,59,8,14,24,30,0,8,2,6,0,0,16,13.5,1,1,1,16,24,6,0,3,1,0,1,1,D,1,1,0,0,0,3,98,1.16,1.22,2.55,1.16
124999,777,9,False,3-1-4-2,37.5,525,0,26,334,256,113,103,233,157,114,54,24,59,31,12,4,4,4,2,15,0,0,14,6,2,12,15,3,5,2,5,0,4,0,2,2,1,2,17,7,16,50,8,52,53,19,23,33,31,3,5,8,14,0,0,10,13.5,1,1,7,18,20,2,0,0,0,3,3,4,L,0,2,1,0,0,3,97,1.89,0.71,2.44,1.11
124999,777,23,True,4-3-3,62.5,762,0,37,545,471,253,224,327,256,128,47,25,69,48,35,9,8,8,2,16,0,0,18,8,3,15,12,2,6,1,5,0,2,1,2,2,1,3,14,11,9,47,7,53,52,23,19,32,23,4,3,8,18,1,0,11,10.1,1,1,2,21,20,3,0,1,3,0,4,3,W,3,3,1,0,0,3,83,2.46,1.65,1.89,1.68
125000,777,15,False,4-2-3-1,52.8,652,0,26,418,337,147,128,299,214,167,53,19,63,34,28,5,5,5,1,27,0,0,13,5,6,7,12,3,4,0,2,0,1,0,0,0,1,1,15,9,6,55,14,52,66,21,27,32,18,4,5,2,16,0,0,9,14.9,0,0,5,21,23,0,0,0,3,0,2,1,W,3,1,1,0,1,3,88,1.38,0.63,0.95,0.6
125000,777,25,True,4-2-3-1,47.2,598,0,17,379,290,161,141,237,151,127,63,19,71,29,19,2,6,6,2,23,0,0,14,3,3,11,7,6,6,1,3,0,2,0,3,1,0,0,28,19,7,48,9,66,52,27,21,33,26,5,3,2,8,0,0,15,10.3,1,1,4,15,22,3,0,1,0,3,1,2,L,0,0,0,0,0,3,96,0.95,0.4,1.38,0.95
125001,777,2,True,4-2-3-1,62.9,689,0,31,495,434,239,221,275,217,138,44,22,48,32,19,4,6,5,2,20,0,0,18,5,6,12,5,4,7,0,3,0,1,0,0,0,0,0,14,7,4,49,10,47,53,16,19,16,24,6,4,5,12,2,0,15,9.8,0,0,5,18,21,1,0,1,0,0,0,1,L,0,0,0,0,0,2,59,1.45,1.26,0.51,1.45
125001,777,7,False,4-2-3-1,37.1,475,0,16,292,227,149,132,150,97,82,52,26,53,26,7,2,4,2,2,12,0,0,9,3,4,5,12,6,2,0,1,0,0,0,0,0,1,0,17,10,13,55,9,53,47,19,16,28,30,4,6,2,7,0,0,13,11.7,0,0,5,22,20,2,0,4,0,0,1,0,W,3,1,0,0,0,5,96,0.52,0.21,1.44,0.52
125002,777,127,False,4-2-3-1,33.1,496,0,18,282,194,129,103,168,93,94,70,27,55,16,15,2,6,4,0,21,0,0,11,2,4,7,12,5,4,1,4,0,1,0,0,0,1,0,18,6,17,52,12,51,61,20,22,31,17,5,7,6,15,0,0,6,22.1,0,0,2,17,26,3,0,3,0,2,1,1,D,1,0,1,0,0,4,96,1.34,0.67,1.05,0.56
125002,777,131,True,4-2-3-1,66.9,796,0,45,580,490,239,219,364,276,183,40,24,55,39,23,5,11,7,2,22,0,0,17,5,5,12,7,4,5,0,5,1,1,0,1,1,0,1,21,10,2,50,4,61,51,22,20,24,24,7,5,12,26,0,0,7,9.1,1,1,3,28,15,2,0,1,1,0,1,1,D,1,1,0,0,0,1,76,1.06,0.8,1.33,1.06
125003,777,4,True,4-2-3-1,45.8,623,0,11,443,374,267,240,187,135,99,55,27,54,31,11,1,3,1,0,13,0,0,6,2,2,4,10,5,2,1,5,0,0,0,1,1,1,1,17,9,11,51,4,45,36,12,12,42,21,2,5,7,17,0,0,7,18.0,0,0,3,18,17,3,0,0,0,0,2,0,W,3,1,1,0,0,6,101,1.59,0.33,1.52,0.81
125003,777,130,False,4-2-3-1,54.2,694,0,33,513,446,266,256,276,197,129,49,22,63,37,29,7,9,8,2,21,0,0,15,5,5,10,4,2,5,0,4,0,2,0,3,3,0,0,14,9,8,50,7,36,45,12,12,16,32,5,2,3,13,0,0,10,11.0,1,1,4,25,18,2,0,1,0,0,0,2,L,0,0,0,0,0,0,70,1.53,1.17,1.59,1.53
125004,777,9,True,3-5-2,46.3,576,0,22,402,311,207,189,216,127,94,58,18,71,35,21,5,7,6,2,21,0,0,14,5,4,10,5,3,8,0,4,1,0,0,4,5,1,1,10,8,7,47,11,46,52,22,27,13,23,1,2,4,9,0,0,6,19.1,0,0,2,18,23,1,0,8,0,0,1,0,W,3,1,0,0,0,1,48,1.43,0.89,0.39,1.43
125004,777,34,False,4-2-3-1,53.7,645,0,7,477,388,300,272,185,117,76,54,22,81,51,8,1,3,3,1,16,0,0,8,1,3,5,10,4,5,0,5,0,1,0,0,0,0,0,16,7,10,40,5,52,46,27,22,31,24,2,1,3,8,0,0,11,13.5,0,0,2,11,15,5,0,3,0,0,0,1,L,0,0,0,0,0,4,73,0.38,0.42,1.43,0.38
125005,777,10,True,4-2-3-1,72.9,940,0,78,728,635,200,177,562,467,355,49,26,59,41,34,9,9,7,0,25,0,0,32,11,12,20,5,2,8,1,4,0,1,0,3,2,0,1,7,4,8,44,9,52,46,20,12,13,18,13,2,15,25,0,0,8,11.4,0,0,3,22,13,1,0,1,0,2,1,1,D,1,1,0,1,0,1,50,3.19,3.14,0.4,2.41
125005,777,43,False,3-4-2-1,27.1,469,0,15,275,191,115,95,167,96,82,60,12,62,19,7,0,1,1,0,12,0,0,7,1,2,5,20,12,4,0,5,0,1,0,0,0,0,1,19,7,9,44,6,46,52,12,20,41,20,2,15,7,8,0,0,10,18.2,1,0,7,10,18,2,0,2,1,0,1,1,D,1,1,0,0,0,8,101,0.4,0.22,3.18,0.4
125006,777,11,False,4-1-4-1,68.2,829,293,35,646,581,245,230,421,353,242,29,15,39,26,20,2,6,6,1,13,187,108,7,1,2,5,10,1,3,0,5,0,2,0,0,0,0,0,13,11,9,46,14,39,46,7,9,19,24,3,0,6,16,0,2,8,8.4,0,0,7,15,13,3,0,1,0,0,0,2,L,0,0,0,0,0,5,63,0.45,0.92,2.27,0.45
125006,777,12,True,4-2-3-1,31.8,482,122,21,302,240,121,106,191,138,110,46,26,46,23,10,4,1,1,1,16,72,43,11,7,1,10,5,2,4,0,4,0,0,0,4,5,2,2,24,12,12,48,8,46,39,9,7,27,23,0,3,5,10,0,0,13,16.8,0,0,3,19,22,2,0,6,0,0,2,0,W,3,2,0,0,0,1,85,2.29,0.86,0.45,2.29
125007,777,1,False,4-3-3,60.0,658,0,36,494,416,232,217,288,210,146,46,15,58,32,26,11,9,9,4,10,0,0,15,3,1,14,1,5,4,0,5,0,0,0,4,3,0,0,16,7,4,36,5,48,46,18,17,27,25,8,3,6,13,0,0,14,8.0,0,0,2,13,14,1,0,0,0,0,0,0,D,1,0,0,0,0,0,64,2.1,2.27,0.34,2.1
125007,777,15,True,4-2-3-1,40.0,524,0,14,321,259,114,101,232,163,122,48,18,57,26,25,5,4,4,2,19,0,0,6,0,5,1,14,1,3,0,2,0,0,0,0,0,0,0,12,5,6,31,6,46,48,17,18,33,13,3,8,4,14,0,0,8,27.2,0,0,4,8,14,1,0,1,0,0,0,0,D,1,0,0,0,0,3,71,0.34,0.54,2.1,0.34
125008,777,6,False,3-4-2-1,42.7,511,0,16,339,255,151,126,203,131,95,50,15,52,22,15,2,4,4,1,12,0,0,6,2,1,5,10,3,2,1,0,0,2,0,2,2,0,0,12,7,9,42,11,47,59,24,27,36,31,2,1,3,7,0,0,15,10.9,0,0,3,20,16,3,0,2,0,3,1,2,L,0,1,0,0,0,5,81,0.62,1.0,1.71,0.62
125008,777,29,True,4-2-3-1,57.3,657,0,18,456,365,231,204,243,168,131,57,21,55,30,18,7,3,3,1,25,0,0,13,7,3,10,5,1,5,1,2,0,1,0,2,2,1,1,15,11,11,38,5,59,47,27,24,35,25,1,2,6,13,0,0,8,10.0,0,0,1,17,12,3,0,0,3,0,2,1,W,3,2,0,0,0,1,79,1.83,0.58,0.61,1.83
125009,777,21,True,4-2-3-1,61.7,725,0,52,481,401,200,183,324,228,177,36,21,56,39,43,10,11,8,2,18,0,0,21,6,6,15,17,0,11,0,4,0,2,0,2,1,1,1,19,15,7,58,9,69,67,20,26,15,36,4,6,13,29,1,0,12,6.9,0,0,4,28,21,5,0,1,0,0,1,2,L,0,1,0,0,0,2,73,1.49,1.43,2.69,1.49
125009,777,25,False,4-4-1-1,38.3,541,0,28,306,230,146,125,180,111,71,49,24,58,30,20,6,5,5,1,12,0,0,17,4,0,17,15,6,7,1,3,1,1,0,3,2,1,1,25,12,19,50,12,67,69,26,20,43,23,6,4,6,13,0,0,17,13.6,0,0,4,10,29,3,0,1,0,0,2,1,W,3,2,0,0,0,5,114,2.7,0.58,1.44,2.7
125010,777,23,False,4-3-3,67.0,808,0,24,614,563,259,249,389,324,196,34,22,52,44,34,10,7,7,2,12,0,0,12,2,3,9,6,0,6,0,3,0,0,0,0,0,0,0,10,7,8,45,4,49,37,19,11,20,27,4,2,6,13,0,0,8,8.4,0,0,3,24,11,2,0,3,0,0,0,0,D,1,0,0,0,0,2,59,0.95,1.19,0.29,0.95
125010,777,38,True,3-5-2,33.0,463,0,14,303,235,148,133,172,105,74,52,18,43,15,17,3,4,4,0,14,0,0,6,2,0,6,9,3,2,0,3,0,0,0,0,0,0,0,11,9,8,39,5,37,49,11,19,28,17,2,4,7,12,0,0,14,23.5,0,0,1,10,24,2,0,1,0,0,0,0,D,1,0,0,0,0,2,66,0.28,0.56,0.94,0.28
125011,777,1,True,4-3-3,56.1,623,0,28,443,371,166,147,302,228,157,35,14,48,30,25,4,9,9,2,17,0,0,15,4,6,9,3,7,5,1,5,1,1,2,0,0,1,0,11,7,11,42,8,41,40,14,12,20,26,6,2,7,13,1,0,11,10.7,0,0,4,18,11,2,0,3,0,3,2,3,L,0,1,0,0,0,0,68,1.2,1.4,0.71,1.2
125011,777,12,False,4-2-3-1,43.9,522,0,9,364,289,157,143,212,147,86,56,15,77,38,5,1,2,2,0,12,0,0,10,3,7,3,10,6,5,1,3,1,2,0,1,0,1,2,14,9,6,40,9,40,41,12,14,25,19,2,5,4,6,0,0,9,14.4,0,0,2,14,15,0,0,0,3,0,3,2,W,3,3,0,0,1,3,67,0.7,0.33,1.19,0.7
125012,777,10,False,4-2-2-2,66.8,805,0,40,616,537,212,197,424,344,262,35,20,48,36,20,4,11,10,3,22,0,0,14,4,7,7,9,3,4,1,5,0,3,0,1,1,0,2,12,8,4,46,8,35,37,9,6,27,21,6,3,7,19,1,0,7,11.0,0,0,4,17,19,1,0,0,0,0,2,3,L,0,2,0,0,0,2,66,0.92,1.56,2.35,0.92
125012,777,127,True,4-2-3-1,33.2,500,0,26,298,230,141,124,170,109,85,49,22,49,25,13,3,3,3,2,15,0,0,12,5,3,9,7,7,4,2,3,0,1,1,3,3,3,2,20,10,14,50,3,37,35,6,9,38,13,3,6,4,13,0,0,7,25.2,0,0,1,12,25,1,0,0,0,0,3,2,W,3,3,0,0,0,2,101,2.34,0.98,0.93,2.34
125013,777,15,False,4-2-3-1,34.1,515,0,16,295,219,132,107,179,115,85,53,19,67,31,16,3,5,3,1,14,0,0,7,2,2,5,9,1,2,1,3,1,0,0,0,1,1,1,18,11,8,52,8,54,57,16,23,54,20,3,3,9,15,0,0,10,18.6,0,0,2,17,27,0,0,0,0,0,2,0,W,3,2,0,0,0,1,110,0.77,0.19,1.81,0.77
125013,777,130,True,4-2-3-1,65.9,785,0,42,567,490,219,207,384,290,182,45,32,75,52,36,7,6,5,3,24,0,0,10,1,1,9,5,2,6,0,5,0,2,0,3,3,0,0,14,6,15,54,9,57,54,23,16,22,29,3,3,10,19,0,0,11,7.6,0,0,8,29,14,1,0,1,0,0,0,2,L,0,0,0,0,0,0,81,1.79,1.76,0.78,1.79
125014,777,21,False,3-4-2-1,62.5,832,0,28,620,526,306,275,333,258,147,52,23,68,36,19,7,3,2,0,18,0,0,18,11,7,11,6,3,7,1,5,0,2,0,4,3,0,1,26,16,10,71,11,66,46,16,9,14,37,0,3,17,25,0,0,9,8.1,0,0,11,31,24,0,0,1,1,2,2,2,D,1,2,0,0,0,2,88,2.06,1.77,1.44,2.06
125014,777,43,True,3-4-2-1,37.5,571,0,15,379,292,167,139,218,155,87,48,13,71,37,6,2,1,0,0,18,0,0,9,4,3,6,11,7,2,1,3,1,2,0,1,2,2,1,19,13,16,58,14,46,66,9,16,20,36,3,0,9,21,0,0,8,12.0,0,0,3,23,27,1,0,3,1,2,2,2,D,1,2,0,0,0,9,83,1.44,0.68,2.05,1.44
125015,777,4,False,4-2-3-1,56.8,792,0,21,590,504,406,368,199,141,80,65,31,61,35,15,5,5,5,1,16,0,0,10,6,2,8,12,1,3,1,5,0,1,0,2,2,3,1,15,10,14,39,9,46,63,15,29,45,27,1,4,6,14,0,0,10,12.4,0,0,0,18,15,2,0,1,0,0,3,1,W,3,2,1,0,0,5,91,2.2,0.5,1.77,1.42
125015,777,6,True,3-4-2-1,43.2,628,0,27,440,342,235,216,225,129,125,60,19,58,21,20,3,4,4,2,17,0,0,13,7,1,12,8,2,3,0,5,0,3,0,5,4,1,1,17,9,10,45,10,63,46,29,15,23,32,3,1,8,13,1,0,11,16.3,1,1,5,18,16,2,1,2,0,0,1,3,L,0,1,0,0,0,2,70,1.79,0.83,2.2,1.79
125016,777,7,True,4-2-3-1,58.1,779,0,25,542,450,177,155,385,298,176,51,16,67,36,20,3,4,4,0,25,0,0,10,3,4,6,10,4,3,0,4,0,1,0,0,1,1,1,20,15,6,53,16,73,63,31,23,32,25,4,2,10,25,0,0,9,13.0,0,0,4,18,25,0,0,1,1,0,1,1,D,1,1,0,0,0,3,76,0.6,0.93,1.23,0.6
125016,777,9,False,3-4-2-1,41.9,623,0,23,394,304,207,186,199,120,98,66,27,70,28,12,2,4,4,1,22,0,0,14,4,4,10,6,4,7,1,4,0,1,0,2,2,1,1,31,20,10,60,7,63,73,23,31,44,27,3,4,1,14,0,0,13,11.8,0,0,3,19,31,3,0,0,0,2,1,1,D,1,1,0,0,0,2,113,1.24,0.68,0.6,1.24
125017,777,34,True,4-2-3-1,49.1,701,0,19,502,417,289,257,231,162,100,56,26,69,40,18,2,6,6,1,24,0,0,12,4,7,5,10,3,5,0,4,1,1,0,1,2,1,1,11,8,7,43,9,33,45,12,13,41,22,3,4,4,11,0,0,10,17.5,0,0,3,18,14,1,0,1,3,0,2,1,W,3,2,0,0,0,3,83,1.06,0.35,1.59,1.06
125017,777,131,False,4-3-3,50.9,708,0,28,517,432,279,265,264,175,131,50,15,73,42,26,8,6,6,3,14,0,0,13,5,3,10,5,7,4,1,5,0,1,1,4,3,0,1,16,9,12,48,6,45,33,13,12,23,30,4,3,7,12,1,0,6,13.8,0,0,5,22,14,1,0,3,0,3,1,2,L,0,1,0,0,0,2,77,1.68,1.02,1.05,1.68
125018,777,11,True,4-1-4-1,64.2,821,0,24,644,581,274,264,379,320,159,45,27,56,40,9,3,4,4,2,21,0,0,11,4,3,8,5,6,7,2,3,0,0,0,0,1,1,2,16,6,17,42,10,41,52,10,8,11,53,0,5,2,11,0,0,16,6.3,0,0,3,19,17,1,0,0,0,0,2,0,W,3,2,0,0,0,1,68,0.86,0.77,0.61,0.86
125018,777,38,False,3-5-2,35.8,540,0,17,349,278,251,217,110,65,49,35,12,43,23,12,4,6,6,2,24,0,0,11,1,6,5,8,3,5,0,3,0,2,0,1,1,0,0,19,13,10,41,8,52,41,8,10,21,20,5,0,9,17,0,0,14,22.2,0,0,2,8,26,3,0,6,0,0,0,2,L,0,0,0,0,0,2,68,0.6,0.45,0.86,0.6
125019,777,2,False,4-2-3-1,39.3,545,0,26,353,272,118,108,245,169,135,58,16,78,31,10,5,5,4,2,12,0,0,14,8,7,7,9,6,4,1,5,0,0,0,1,1,1,2,21,13,7,66,9,49,66,16,18,29,28,2,6,6,21,0,0,12,12.5,0,0,5,19,25,2,0,0,0,0,2,0,W,3,2,0,0,0,4,92,1.16,1.14,2.18,1.16
125019,777,23,True,4-3-3,60.7,740,0,24,519,447,238,219,315,234,170,36,18,58,38,34,6,6,6,0,14,0,0,15,4,6,9,7,7,4,0,4,0,1,1,3,3,0,0,24,15,3,70,16,66,49,18,16,22,24,7,2,13,18,0,0,7,9.3,0,0,4,30,24,1,0,2,0,0,0,2,L,0,0,0,0,0,6,75,2.17,0.92,1.16,2.17
125020,777,25,True,4-4-1-1,47.1,555,0,25,366,279,170,151,209,130,100,63,26,63,26,13,2,3,3,1,24,0,0,13,5,6,7,4,3,5,3,4,0,1,0,2,2,2,1,25,16,5,37,3,60,44,15,21,24,23,3,1,4,14,0,0,9,14.2,0,0,3,11,17,2,0,0,0,0,3,1,W,3,2,1,0,0,1,72,1.53,1.02,0.67,0.75
125020,777,29,False,4-4-2,52.9,595,0,13,406,335,196,178,227,161,100,41,22,64,42,17,4,3,3,1,25,0,0,7,2,3,4,7,6,4,0,5,0,2,1,2,3,1,1,13,6,3,44,15,44,60,21,15,30,23,1,3,2,12,0,0,16,12.1,1,1,1,19,17,4,0,1,0,0,1,3,L,0,1,0,0,0,2,68,0.67,0.34,1.52,0.67
125021,777,2,True,4-2-3-1,71.7,821,368,77,636,558,170,153,492,412,297,28,15,58,43,26,7,12,5,2,16,188,109,27,5,10,17,5,1,11,0,2,0,1,0,3,3,0,0,19,10,3,49,2,49,35,15,18,19,17,11,1,8,13,1,0,8,12.8,0,0,3,24,19,0,0,1,0,0,0,1,L,0,0,0,0,0,0,57,2.43,2.11,0.38,2.43
125021,777,130,False,4-2-3-1,28.3,446,72,13,256,184,119,109,144,76,63,73,26,65,21,7,1,1,1,0,18,63,30,6,2,1,5,17,10,3,1,4,0,0,0,1,1,1,0,7,4,13,48,7,35,49,18,15,34,20,1,10,2,14,0,2,8,15.2,0,0,0,13,27,3,1,6,0,0,1,0,W,3,1,0,0,0,5,84,0.37,0.15,2.4,0.37
125022,777,7,False,4-2-3-1,46.4,608,0,26,423,333,200,175,238,161,120,67,35,73,44,15,3,2,2,1,22,0,0,7,4,0,7,9,2,2,0,5,1,1,0,1,1,1,0,23,14,7,48,13,64,50,25,14,20,25,1,4,4,11,0,0,14,15.4,0,0,3,18,22,2,0,0,1,0,1,1,D,1,1,0,0,0,1,81,1.25,0.57,1.44,1.25
125022,777,131,True,4-3-3,53.6,687,0,23,492,408,246,227,259,185,113,42,13,69,39,13,4,5,5,1,10,0,0,11,2,2,9,7,0,5,0,4,0,1,0,2,2,0,1,20,9,9,56,11,50,64,14,25,30,35,4,0,4,16,0,0,13,9.2,0,0,5,27,19,1,0,3,0,2,1,1,D,1,1,0,0,0,3,95,1.45,0.96,1.2,1.45
125023,777,4,True,4-1-4-1,70.8,943,307,35,721,644,318,298,439,352,226,45,30,71,55,36,6,9,6,1,17,156,86,14,6,3,11,8,3,4,0,5,2,1,1,2,2,2,2,14,8,8,49,4,46,51,17,14,23,36,4,3,3,14,0,1,11,6.1,0,0,6,18,17,3,0,0,3,0,3,2,W,3,3,0,0,0,4,70,3.25,1.52,1.12,3.25
125023,777,25,False,4-4-1-1,29.2,500,106,24,300,205,127,104,184,103,106,61,24,56,20,11,2,3,3,0,13,72,38,11,6,3,8,11,3,2,2,4,0,3,0,2,1,0,2,15,9,7,49,8,51,46,14,17,47,13,3,4,11,17,0,0,13,35.8,0,0,2,12,29,2,1,2,0,3,2,3,L,0,2,0,0,0,3,97,1.11,0.51,2.7,1.11
125024,777,1,False,4-2-3-1,50.5,602,170,28,395,313,170,147,251,174,132,55,23,59,31,26,8,12,11,5,23,81,46,15,9,3,12,2,1,4,2,5,1,0,0,5,6,1,3,14,7,6,42,7,52,47,18,18,31,21,2,1,10,19,0,0,7,15.5,0,0,3,12,18,1,0,1,0,0,4,0,W,3,4,0,0,0,1,71,2.2,1.66,0.15,2.2
125024,777,9,True,3-4-2-1,49.5,587,123,21,395,316,188,174,226,143,102,53,17,75,31,19,1,4,4,1,23,77,43,3,1,1,2,12,3,1,0,5,0,3,1,0,0,0,0,16,6,10,36,4,47,52,18,18,36,25,1,3,6,16,0,2,10,11.6,0,0,2,11,12,1,0,0,0,0,0,4,L,0,0,0,0,0,4,81,0.15,0.16,2.19,0.15
125025,777,10,True,4-2-3-1,53.8,593,0,41,411,345,145,134,282,215,147,46,21,51,30,16,4,7,6,2,15,0,0,17,7,6,11,4,4,7,2,3,0,1,0,3,6,4,3,18,11,6,46,6,46,34,15,7,38,22,3,3,7,14,0,0,11,12.0,0,0,4,23,13,1,0,1,3,0,4,1,W,3,4,0,0,0,1,90,2.29,1.1,0.36,2.29
125025,777,23,False,4-3-3,46.2,531,0,21,332,266,168,150,189,122,109,42,14,45,22,25,6,11,10,3,17,0,0,8,2,4,4,11,6,3,1,5,0,4,0,0,0,0,0,13,7,8,47,8,34,46,7,15,23,17,3,3,3,13,2,0,7,15.6,0,0,0,12,20,3,0,3,0,3,1,4,L,0,1,0,0,0,3,67,0.36,0.35,2.28,0.36
125026,777,12,True,4-2-3-1,42.1,614,147,27,428,372,168,153,272,225,132,48,27,54,36,12,6,3,3,2,12,111,63,13,6,1,12,8,6,4,1,4,1,1,1,2,3,1,3,22,10,10,43,7,50,39,14,10,30,23,3,5,5,15,0,1,6,17.3,1,1,3,18,18,2,0,1,0,0,3,2,W,3,3,0,0,0,4,87,1.8,1.45,1.94,1.8
125026,777,34,False,4-2-3-1,57.9,758,225,26,576,517,278,266,326,259,167,33,11,51,34,28,8,7,6,2,23,171,107,14,6,6,8,12,1,3,0,4,1,3,0,1,1,1,1,17,12,13,43,10,39,50,10,14,10,25,5,3,6,18,0,1,9,11.2,0,0,3,15,20,1,0,2,0,0,2,3,L,0,1,1,0,0,3,66,1.94,1.4,1.79,1.16
125027,777,6,False,3-4-2-1,67.2,740,0,28,575,489,221,205,378,290,195,53,27,67,44,24,6,7,5,2,16,0,0,14,3,5,9,6,3,8,1,1,0,1,0,0,0,1,0,14,10,6,49,10,37,63,20,20,24,34,3,3,0,6,0,0,12,6.1,0,0,1,26,14,3,0,0,1,0,1,1,D,1,0,1,0,0,0,67,1.9,0.98,0.49,1.12
125027,777,15,True,4-2-3-1,32.8,476,0,19,282,206,111,95,184,113,89,61,31,65,40,13,2,5,5,1,17,0,0,9,1,3,6,9,5,5,1,4,0,1,0,1,0,1,0,16,11,10,45,9,63,37,20,20,25,14,3,3,15,20,0,0,4,25.4,1,1,2,17,20,1,1,2,0,2,1,1,D,1,1,0,0,0,1,72,0.48,0.25,1.9,0.48
125028,777,29,True,5-4-1,44.2,596,109,25,426,355,205,186,231,170,106,54,27,58,34,10,1,1,1,0,17,122,65,14,5,4,10,2,3,7,2,4,0,0,0,2,2,1,2,9,7,9,52,9,41,40,15,15,25,20,2,1,9,14,0,0,12,18.9,0,0,3,20,24,1,0,0,0,0,3,0,W,3,2,0,0,0,0,68,1.51,0.74,0.06,1.51
125028,777,43,False,3-4-2-1,55.8,705,148,8,529,460,247,226,304,236,128,47,22,55,35,22,2,2,2,0,24,123,59,5,0,3,2,11,4,3,0,5,0,2,1,0,0,0,0,14,11,5,35,8,40,41,15,15,27,29,2,2,1,2,1,0,10,11.1,0,0,3,18,9,4,0,2,0,0,0,3,L,0,0,0,0,1,3,64,0.06,0.25,1.47,0.06
125029,777,11,False,4-1-3-2,60.0,795,163,30,578,522,253,238,342,291,119,42,25,54,42,17,7,4,4,3,14,136,81,15,3,1,14,7,5,8,2,4,0,2,0,1,2,1,2,23,12,4,48,10,61,51,17,5,25,30,4,5,7,21,0,1,12,9.4,0,0,2,19,21,3,0,2,0,2,2,2,D,1,2,0,0,0,4,78,2.08,1.19,1.05,2.08
125029,777,21,True,3-4-2-1,40.0,579,140,28,385,311,191,175,207,141,101,53,23,55,28,13,5,3,2,1,19,108,60,12,6,5,7,14,1,1,0,4,0,2,0,1,2,1,2,24,10,6,43,14,51,61,5,17,19,34,5,4,10,19,2,0,15,12.1,0,0,6,14,19,3,0,1,1,0,2,2,D,1,2,0,0,0,1,86,1.05,0.89,2.08,1.05
125030,777,38,True,3-5-2,50.8,678,156,26,476,389,271,240,227,156,104,45,19,65,41,22,7,5,5,2,16,142,86,17,7,10,7,7,2,7,0,5,0,2,0,4,3,0,0,23,17,3,59,8,60,56,17,16,19,27,3,1,6,18,0,1,11,13.9,0,0,2,23,28,2,0,2,0,0,0,2,L,0,0,0,0,0,2,72,1.38,0.98,1.36,1.38
125030,777,127,False,4-2-3-1,49.2,690,125,15,469,397,239,225,241,175,99,53,24,77,51,11,3,6,5,1,13,103,53,9,4,2,7,7,10,4,1,5,0,0,0,1,2,1,2,20,11,13,56,11,56,60,16,17,32,32,1,3,9,21,0,2,15,12.1,0,0,4,27,17,3,0,2,0,0,2,0,W,3,2,0,0,0,7,94,1.36,1.03,1.38,1.36
125031,777,1,True,4-3-3,49.3,576,190,34,389,325,158,143,250,184,145,41,22,45,25,19,2,5,5,0,12,108,56,16,5,6,10,4,1,6,1,5,2,0,0,0,1,1,3,15,8,12,52,8,46,45,17,16,22,36,5,2,6,11,0,1,11,9.1,0,0,6,24,12,1,0,3,0,0,3,0,W,3,3,0,0,0,2,77,1.49,0.82,0.19,1.49
125031,777,29,False,4-2-3-1,50.7,583,101,13,408,327,213,186,207,143,104,53,19,67,35,12,2,2,1,0,16,95,52,5,3,1,4,10,6,1,0,4,0,2,1,1,1,0,0,13,7,6,46,9,45,46,16,17,30,18,1,4,5,11,0,0,8,13.8,0,0,2,15,19,2,0,1,0,0,0,3,L,0,0,0,0,0,2,64,0.18,0.17,1.49,0.18
125032,777,2,False,4-2-3-1,47.3,586,126,20,382,310,183,166,210,148,111,51,21,64,28,11,4,4,2,2,17,69,29,7,4,2,5,12,8,0,1,5,0,1,0,0,1,1,1,18,12,7,43,7,48,40,22,17,40,21,3,5,5,8,1,3,11,14.0,0,0,2,11,21,1,0,3,0,2,1,1,D,1,1,0,0,0,7,88,0.43,0.45,2.06,0.43
125032,777,127,True,4-2-3-1,52.7,616,166,26,413,343,183,170,257,176,128,48,25,60,35,27,3,11,11,2,21,122,71,20,9,8,12,5,2,7,0,4,0,1,0,3,1,0,1,10,6,11,57,10,40,48,17,22,25,23,4,2,3,11,0,0,4,12.7,0,0,5,26,23,1,0,3,1,0,1,1,D,1,1,0,0,0,3,76,2.08,1.57,0.44,2.08
125033,777,6,False,3-4-2-1,36.2,511,99,25,311,217,142,117,181,103,98,67,22,67,26,12,3,4,4,3,18,77,38,7,4,1,6,5,2,3,0,3,0,0,0,0,1,1,1,21,11,10,53,11,57,53,17,22,33,25,0,2,7,13,0,1,9,18.7,0,0,1,22,18,3,0,3,0,0,1,0,W,3,1,0,0,0,2,90,1.17,0.77,0.85,1.17
125033,777,131,True,4-2-3-1,63.8,755,132,13,557,476,327,303,245,175,102,57,32,80,53,15,2,3,3,0,12,150,73,7,2,2,5,6,1,2,0,5,0,1,0,1,0,0,0,17,7,3,58,11,53,57,22,17,34,30,3,0,5,15,0,0,12,8.4,0,0,3,22,27,1,0,3,0,0,0,1,L,0,0,0,0,0,3,74,0.86,0.61,1.16,0.86
125034,777,25,False,4-4-1-1,46.1,629,107,16,424,345,231,211,201,136,97,60,18,70,33,8,2,2,2,1,18,124,54,6,4,3,3,11,7,2,2,5,0,0,0,0,2,2,2,14,10,17,55,6,40,44,5,11,34,20,0,8,11,21,0,2,10,15.8,0,0,3,14,25,1,0,1,0,0,2,0,W,3,2,0,0,0,5,98,1.03,0.66,1.34,1.03
125034,777,43,True,4-5-1,53.9,687,208,24,470,400,203,185,302,222,151,36,15,55,32,35,7,5,4,2,25,168,104,18,5,7,11,3,3,5,0,5,0,2,0,2,1,0,0,16,9,2,50,9,44,40,11,5,23,29,8,0,7,12,0,0,11,12.2,0,0,3,18,20,3,0,0,0,0,0,2,L,0,0,0,0,0,2,62,1.36,1.02,1.02,1.36
125035,777,7,False,4-2-3-1,44.6,573,148,28,392,334,174,166,239,174,108,50,24,65,40,21,6,6,6,3,15,117,64,16,3,4,12,12,2,10,0,4,0,1,0,3,3,0,1,15,10,8,46,10,48,48,18,14,29,27,3,2,4,14,0,3,12,13.6,0,0,5,23,17,5,0,2,3,0,2,1,W,3,1,0,0,1,3,79,1.88,1.27,1.97,1.88
125035,777,34,True,4-2-3-1,55.4,665,166,26,483,419,249,229,253,200,131,38,16,47,23,19,10,6,5,3,12,139,90,13,3,2,11,13,4,8,1,4,0,2,0,4,3,0,0,20,12,9,46,7,48,48,14,18,22,22,2,3,3,11,0,0,11,13.1,0,0,1,15,17,1,0,2,0,3,1,2,L,0,0,0,0,1,2,73,1.97,2.03,1.88,1.97
125036,777,9,True,3-4-2-1,56.4,685,132,30,477,398,281,261,213,144,104,50,17,72,34,17,7,5,5,2,12,97,57,14,5,1,13,9,7,3,2,3,0,1,0,4,5,3,3,22,16,5,33,9,63,52,18,19,36,24,6,4,11,16,0,0,9,11.1,0,0,4,13,8,1,0,1,0,0,3,1,W,3,3,0,0,0,5,82,2.52,1.4,1.33,2.52
125036,777,15,False,4-2-3-1,43.6,562,161,24,350,274,164,142,220,142,106,53,24,70,35,34,10,10,10,3,22,90,39,16,6,7,9,13,1,6,0,5,1,3,0,1,2,1,1,14,10,8,43,10,52,63,19,18,18,20,4,5,10,22,0,2,12,19.8,0,0,1,16,25,1,0,4,0,0,1,3,L,0,1,0,0,0,2,63,1.35,1.28,2.5,1.35
125037,777,10,True,4-2-3-1,46.5,590,172,32,390,306,171,155,240,157,144,65,30,67,31,21,6,5,5,0,15,77,40,15,4,6,9,9,8,8,0,2,0,2,0,1,1,0,0,17,9,7,51,7,49,51,8,20,20,17,3,3,8,16,0,1,13,19.1,1,1,3,16,24,2,1,6,0,3,1,2,L,0,1,0,0,0,5,73,1.2,1.08,2.91,1.2
125037,777,11,False,4-1-3-2,53.5,664,175,25,465,393,185,166,291,230,137,53,20,65,37,11,3,4,3,1,16,122,63,17,7,8,9,9,6,6,0,3,0,0,1,1,2,2,1,15,8,10,45,8,51,49,20,8,31,31,4,3,3,12,0,0,16,9.0,0,0,3,23,14,4,0,2,3,0,2,1,W,3,1,1,0,0,3,65,2.92,1.28,1.21,2.14
125038,777,12,True,4-2-3-1,65.2,831,301,37,649,582,224,212,445,375,243,27,12,64,48,20,5,7,5,1,18,124,64,23,10,13,10,4,3,7,1,5,0,0,0,2,2,1,2,18,11,5,42,7,47,40,9,6,11,28,6,5,9,18,0,1,12,9.4,0,0,5,18,16,1,0,3,0,0,2,0,W,3,2,0,0,0,1,55,1.78,1.66,0.49,1.78
125038,777,21,False,4-3-3,34.8,527,90,17,342,283,180,164,172,123,71,46,17,46,21,10,4,0,0,0,8,79,41,7,1,3,4,10,13,1,0,5,0,2,0,1,1,0,0,16,6,9,41,7,40,47,6,9,30,17,5,6,6,17,0,2,11,21.8,0,0,1,12,16,2,1,1,0,0,0,2,L,0,0,0,0,0,8,78,0.49,0.54,1.78,0.49
125039,777,23,True,4-3-3,53.8,624,158,24,428,351,184,166,265,189,133,56,28,64,36,21,4,9,9,3,12,127,79,16,4,6,10,6,5,8,1,5,0,3,0,3,2,1,1,9,6,4,58,11,59,49,23,16,31,16,4,3,10,14,0,0,14,18.9,1,1,2,29,16,2,0,1,0,3,2,3,L,0,1,1,0,0,3,73,2.24,1.24,1.79,1.46
125039,777,130,False,4-2-3-1,46.2,531,113,21,379,286,170,151,222,137,109,66,20,78,36,13,2,3,3,0,21,69,32,11,5,5,6,10,6,2,2,3,0,2,0,2,3,2,2,15,10,3,53,5,49,59,16,23,22,22,4,4,6,10,0,1,18,13.9,1,1,5,23,20,2,0,2,3,0,3,2,W,3,2,1,0,0,1,69,1.79,0.71,2.24,1.01
125040,777,4,False,4-2-3-1,66.3,924,167,28,747,694,416,406,344,290,142,30,16,77,60,13,2,4,4,0,9,158,69,15,6,4,11,9,2,3,3,4,0,1,0,3,4,3,1,21,10,10,47,9,48,43,10,9,28,32,6,4,8,11,0,0,10,9.7,0,0,4,22,12,1,0,1,0,0,3,1,W,3,1,2,0,0,2,86,3.43,1.3,1.06,1.87
125040,777,38,True,4-2-3-1,33.7,549,121,24,365,307,214,197,171,116,79,33,15,48,30,20,6,3,3,2,13,113,52,11,3,2,9,11,4,4,0,4,0,3,0,0,1,1,1,12,8,8,46,13,43,48,9,10,21,24,4,6,13,21,0,2,9,24.0,2,2,1,16,22,1,0,2,0,0,1,3,L,0,1,0,0,0,3,61,1.05,1.22,3.44,1.05
125041,777,2,True,4-2-3-1,49.7,595,136,31,418,342,231,210,201,137,121,55,25,52,23,14,5,7,4,2,12,93,43,15,1,5,10,7,2,10,0,5,0,0,0,0,0,0,0,11,5,7,50,6,39,41,12,11,22,20,4,1,2,12,0,0,9,15.5,0,0,4,11,22,2,0,0,0,0,1,0,W,3,0,0,0,0,3,59,0.74,0.93,0.5,0.74
125041,777,131,False,4-3-3,50.3,592,149,24,418,348,210,193,235,160,105,52,24,53,28,27,5,5,5,0,23,73,45,9,3,2,7,11,5,5,0,5,0,1,0,0,0,0,0,16,10,13,41,4,41,39,11,12,13,35,1,4,5,12,0,0,15,9.3,0,0,3,19,18,3,0,3,0,0,0,1,L,0,0,0,0,1,2,64,0.51,0.61,0.72,0.51
125042,777,1,False,4-2-3-1,59.2,645,221,32,452,384,166,147,309,245,176,48,29,56,38,23,8,4,4,2,19,138,66,7,2,1,6,9,3,2,0,4,0,1,0,1,1,0,1,22,12,4,42,6,58,35,21,7,37,26,3,5,3,8,0,1,11,9.9,0,0,5,14,13,2,0,0,0,2,3,1,W,3,3,0,0,0,2,172,2.46,2.63,1.8,2.46
125042,777,130,True,4-2-3-1,40.8,497,105,23,314,235,171,151,158,89,78,63,23,57,25,15,5,6,6,2,23,82,38,12,3,3,9,6,1,4,0,3,0,1,0,2,3,1,1,11,6,12,42,8,35,58,7,21,28,22,5,3,6,20,0,1,12,12.6,0,0,1,10,28,3,0,0,1,0,1,3,L,0,1,0,0,0,1,74,1.5,1.06,0.6,1.5
125043,777,4,True,4-2-3-1,65.8,832,188,34,644,593,344,333,319,266,158,34,18,62,42,19,6,4,3,1,20,138,69,19,4,5,14,2,2,8,1,4,0,2,0,3,4,2,1,14,6,7,36,5,46,38,14,17,22,19,7,2,5,11,1,0,9,14.8,1,1,1,19,11,4,0,4,0,2,2,2,D,1,1,1,0,0,0,60,3.13,2.65,1.44,2.35
125043,777,9,False,5-4-1,34.2,504,95,17,336,274,185,170,155,105,74,52,21,55,28,4,1,1,1,0,17,42,22,4,2,2,2,14,5,0,0,3,1,2,0,0,1,2,1,11,6,9,30,12,38,46,17,14,33,19,2,7,2,4,0,0,13,25.3,1,1,1,8,12,4,0,1,1,0,2,2,D,1,1,1,0,0,2,65,1.44,0.54,3.13,0.66
125044,777,6,True,3-4-2-1,64.5,785,200,39,572,462,273,241,324,232,161,54,21,77,50,25,11,8,7,3,17,145,85,21,3,6,15,5,4,7,2,5,0,3,0,1,3,2,2,14,8,8,51,11,51,55,28,23,25,31,11,0,2,7,1,0,11,8.0,0,0,6,21,18,2,0,1,0,3,2,3,L,0,2,0,0,1,1,72,1.78,2.06,0.53,1.78
125044,777,43,False,3-4-2-1,35.5,506,107,19,316,212,142,112,187,103,94,66,16,60,23,13,3,2,2,1,15,58,28,8,3,4,4,15,6,4,3,4,0,2,0,1,1,0,2,16,8,7,57,7,55,51,23,28,37,22,1,9,5,12,0,0,8,19.0,0,0,2,23,27,1,0,1,3,0,3,2,W,3,2,0,0,0,1,94,0.54,0.32,1.8,0.54
125045,777,7,True,4-2-3-1,52.7,645,197,37,443,357,185,168,282,200,153,52,22,76,39,24,11,7,7,2,20,101,42,16,6,2,14,5,6,5,1,3,0,2,0,2,1,1,0,11,6,8,48,9,58,55,28,20,20,36,5,5,5,17,0,0,14,8.8,0,0,5,23,12,1,1,1,0,3,1,2,L,0,0,1,0,0,2,74,2.96,1.88,1.34,2.18
125045,777,127,False,4-2-3-1,47.3,582,99,14,403,310,199,166,216,146,89,53,16,55,21,12,2,2,1,0,18,102,51,11,4,6,5,14,2,2,0,5,0,1,0,0,2,2,2,21,9,8,51,3,55,58,20,28,35,20,5,5,3,11,0,1,15,15.4,1,1,3,21,21,3,0,0,3,0,2,1,W,3,2,0,0,0,5,92,1.35,1.23,2.94,1.35
125046,777,11,True,4-1-3-2,56.0,812,161,18,634,577,303,283,340,295,126,41,27,55,43,9,1,4,3,1,11,162,80,13,5,8,5,12,2,3,3,5,0,0,0,0,1,2,2,22,11,7,49,8,44,41,8,7,16,30,5,3,5,20,0,0,8,13.4,0,0,7,22,15,3,0,3,0,0,3,0,W,3,3,0,0,0,3,71,1.38,0.42,1.42,1.38
125046,777,34,False,4-2-3-1,44.0,669,118,21,492,418,307,273,199,149,87,47,22,48,28,14,4,4,4,0,22,122,55,14,3,2,12,5,8,8,0,5,0,2,1,1,1,0,0,23,14,8,47,14,41,44,7,8,11,23,3,5,3,11,1,0,10,19.0,0,0,3,20,19,1,0,1,0,0,0,3,L,0,0,0,0,0,2,72,1.43,0.55,1.37,1.43
125047,777,15,True,4-2-3-1,62.7,698,263,40,480,426,179,163,339,273,191,37,27,51,38,38,10,8,7,0,16,171,92,35,10,19,16,4,3,16,0,2,0,0,0,4,3,0,0,18,10,6,48,10,60,48,23,13,26,27,9,0,6,16,0,0,12,8.8,0,0,4,23,19,0,0,2,0,0,0,2,L,0,0,0,0,0,3,75,2.67,2.14,0.42,2.67
125047,777,38,False,3-4-1-2,37.3,501,88,13,287,216,146,130,152,87,74,65,24,59,26,11,1,2,2,0,10,71,40,7,3,3,4,16,19,4,0,3,0,0,0,0,0,0,0,20,14,6,39,8,48,60,13,23,39,25,0,8,5,15,0,2,13,11.8,0,0,2,8,17,2,0,0,0,0,2,0,W,3,2,0,0,0,12,153,0.73,0.47,4.41,0.73
125048,777,10,False,4-2-3-1,56.9,711,242,42,501,432,158,146,369,289,187,52,24,61,37,26,3,11,10,2,12,103,56,23,3,7,16,8,3,7,0,3,0,0,0,3,2,1,1,15,9,4,47,9,55,42,22,10,37,25,13,2,10,15,0,1,10,10.9,0,0,3,22,11,0,0,1,0,0,1,0,W,3,1,0,0,0,2,83,2.52,1.13,0.63,2.52
125048,777,29,True,4-2-3-1,43.1,591,141,27,372,311,172,158,225,157,93,52,18,55,27,25,4,3,2,1,12,120,62,11,2,3,8,16,7,5,0,4,0,1,0,1,1,0,0,14,7,8,41,3,42,55,10,22,39,23,4,13,8,20,0,1,8,12.2,0,0,1,17,14,1,0,2,0,0,0,1,L,0,0,0,0,0,2,81,0.61,0.95,2.53,0.61
125049,777,21,True,4-3-3,52.8,624,133,29,407,341,180,164,240,184,108,51,23,59,31,13,7,2,2,2,15,105,60,16,2,6,10,17,4,6,0,3,0,2,0,1,2,1,1,16,11,7,44,14,48,57,12,18,42,24,8,9,9,18,0,0,15,9.2,0,0,2,19,19,3,0,0,0,0,1,2,L,0,1,0,0,0,3,98,1.85,1.34,2.48,1.85
125049,777,23,False,4-3-3,47.2,564,187,53,339,277,129,117,244,168,136,45,24,45,29,34,8,12,12,5,14,72,41,21,5,4,17,10,6,7,1,5,0,1,0,2,0,1,1,23,15,3,46,8,57,48,18,12,26,32,9,8,3,11,0,0,11,9.5,0,0,4,12,22,2,0,2,0,0,2,1,W,3,2,0,0,0,1,83,2.5,1.22,1.85,2.5
125050,777,12,False,4-2-3-1,65.1,804,223,22,629,551,256,234,393,323,193,40,21,59,48,20,6,3,3,2,28,201,117,9,3,1,8,4,3,4,0,3,1,1,0,1,1,0,1,19,12,8,47,7,50,33,12,10,12,18,2,3,10,18,0,1,4,13.2,0,0,4,21,21,1,0,3,1,0,1,1,D,1,1,0,0,0,2,68,0.57,0.69,1.11,0.57
125050,777,25,True,4-2-3-1,34.9,506,112,9,329,261,141,124,202,140,87,46,21,56,24,14,3,5,4,0,14,95,52,7,3,3,4,8,1,1,0,5,0,1,0,1,2,1,1,15,10,16,45,11,33,50,10,12,24,25,3,3,4,12,0,0,10,16.2,0,0,2,14,20,1,0,1,0,2,1,1,D,1,1,0,0,0,2,82,1.09,0.78,0.57,1.09
125051,777,2,True,4-2-3-1,66.8,741,253,30,520,443,209,189,339,261,204,36,16,55,38,28,7,7,6,3,23,140,76,16,4,10,6,9,5,7,0,5,1,0,1,1,1,0,0,14,8,8,45,9,61,53,23,15,20,28,5,3,8,21,0,2,11,7.3,0,0,6,19,18,1,0,4,1,0,1,1,D,1,1,0,0,0,3,73,1.46,1.24,1.35,1.46
125051,777,9,False,5-4-1,33.2,473,105,21,256,182,126,108,143,79,72,44,17,54,26,13,5,2,2,0,16,68,37,14,4,5,9,6,10,6,1,3,0,1,0,2,2,0,0,22,13,11,43,9,53,61,15,23,40,30,4,5,5,10,0,1,16,10.8,0,0,4,14,17,4,0,5,0,2,1,1,D,1,1,0,0,0,3,98,1.35,0.68,1.46,1.35
125052,777,130,True,4-2-3-1,51.9,617,129,24,439,343,232,203,228,146,105,66,22,76,32,21,6,6,6,2,25,114,50,13,3,4,9,6,5,10,0,5,0,2,0,3,3,0,0,8,6,10,40,10,46,54,21,26,21,16,0,1,5,11,1,1,9,18.3,0,0,2,13,18,1,0,1,0,0,0,2,L,0,0,0,0,0,5,56,1.6,1.79,1.09,1.6
125052,777,131,False,4-3-3,48.1,581,140,19,416,319,161,142,268,179,127,60,18,76,34,13,2,4,3,1,14,100,48,11,7,5,6,9,4,3,2,3,0,0,0,1,1,1,0,16,8,9,43,5,54,46,26,21,26,33,1,0,3,6,0,1,14,11.0,0,0,4,17,14,2,0,1,0,0,2,0,W,3,2,0,0,0,4,67,1.09,0.27,1.6,1.09
125053,777,4,True,4-2-3-1,66.5,748,223,25,605,533,226,208,397,327,191,46,23,50,32,18,2,9,8,1,13,113,53,12,2,6,6,9,3,5,1,5,0,1,0,2,2,1,1,13,8,9,44,1,43,36,11,11,13,29,5,2,8,16,0,0,13,8.4,0,0,10,14,14,2,1,2,0,2,1,1,D,1,1,0,0,0,3,55,2.0,1.35,0.85,2.0
125053,777,43,False,3-4-2-1,33.5,457,96,15,302,240,159,132,154,113,76,43,17,44,25,11,5,5,3,3,15,80,43,12,4,3,9,6,6,6,0,5,0,1,0,0,1,1,1,9,6,15,40,5,36,43,11,11,20,20,2,5,4,12,0,1,11,18.4,0,0,5,11,22,2,0,4,1,0,1,1,D,1,1,0,0,0,1,70,0.85,0.51,1.99,0.85
125054,777,6,True,3-4-2-1,60.6,627,185,23,425,340,185,160,264,185,134,49,18,60,31,24,5,7,6,1,26,85,46,14,3,5,9,7,5,7,0,3,1,0,0,2,3,1,1,15,12,7,49,8,52,69,24,23,31,26,4,3,2,11,0,1,19,7.9,1,0,4,23,14,5,0,0,0,0,1,0,W,3,1,0,0,0,7,74,1.99,0.82,1.63,1.99
125054,777,38,False,3-4-2-1,39.4,516,119,16,277,210,113,97,179,120,96,43,12,52,24,15,7,3,3,2,21,72,38,12,7,5,7,9,5,2,0,3,0,1,0,2,1,0,0,17,9,13,46,8,69,52,23,24,48,27,3,3,10,17,0,0,13,11.0,0,0,4,12,22,1,1,1,0,0,0,1,L,0,0,0,1,0,2,100,1.63,1.15,2.0,0.85
125055,777,7,True,4-2-3-1,47.8,609,211,16,413,316,132,115,316,206,165,55,21,69,30,35,5,10,10,2,22,107,54,12,4,7,5,6,5,2,0,2,0,1,0,0,0,0,0,18,8,14,62,3,61,44,27,16,13,33,6,2,10,19,0,0,12,11.1,0,0,3,29,21,2,0,1,0,0,0,1,L,0,0,0,0,0,1,78,0.63,0.55,1.27,0.63
125055,777,12,False,4-2-3-1,52.2,683,134,16,483,388,239,207,250,182,125,59,23,69,36,6,1,1,0,0,14,115,58,11,3,5,6,5,7,6,0,3,1,0,0,1,1,1,1,12,8,8,62,8,44,61,16,27,38,16,2,6,5,15,0,0,7,15.4,0,0,2,25,25,3,0,0,0,0,1,0,W,3,1,0,0,0,4,86,1.26,0.46,0.62,1.26
125056,777,11,True,4-1-3-2,54.8,652,193,31,467,393,194,171,284,228,140,49,19,53,28,11,6,5,1,0,14,137,79,15,7,5,10,8,5,6,2,3,0,0,1,4,2,1,2,21,13,5,47,7,61,49,13,16,23,28,2,3,14,25,0,0,12,10.7,0,0,4,14,23,2,0,1,0,0,2,1,W,3,2,0,0,0,6,72,1.35,0.98,0.62,1.35
125056,777,23,False,4-3-3,45.2,549,114,20,375,305,182,168,206,141,99,59,27,55,29,13,4,5,3,1,12,85,43,13,7,5,8,10,5,3,1,4,0,2,0,0,0,0,1,18,10,8,50,11,49,61,16,13,18,29,3,2,3,13,0,2,13,10.5,0,0,2,24,14,5,0,5,0,0,1,2,L,0,1,0,0,0,5,64,0.61,0.53,1.35,0.61
125057,777,10,False,4-2-3-1,52.8,677,153,18,489,412,239,217,263,199,131,49,28,65,43,13,4,2,2,1,18,97,52,10,4,2,8,7,11,2,0,4,0,0,0,3,3,1,0,14,7,9,48,12,44,48,10,17,27,26,4,8,8,14,0,1,9,10.2,0,0,7,17,20,0,0,1,0,0,1,0,W,3,1,0,0,0,2,83,1.81,1.16,1.19,1.81
125057,777,15,True,4-2-3-1,47.2,626,210,23,421,348,202,181,249,174,150,52,24,38,12,30,7,7,7,3,14,119,62,18,2,11,7,8,2,8,0,5,0,1,0,1,1,0,0,18,14,10,58,11,48,44,17,10,35,30,8,4,6,9,0,3,13,11.9,0,0,9,24,24,2,0,1,0,0,0,1,L,0,0,0,0,0,3,105,1.18,0.5,1.73,1.18
125058,777,29,True,4-1-4-1,53.4,581,131,34,406,334,209,197,211,138,118,53,24,61,34,14,1,6,5,1,18,115,55,12,2,4,8,9,3,5,0,5,0,3,0,2,2,1,0,12,5,5,53,13,41,47,14,16,25,16,5,2,4,13,0,0,6,17.3,1,1,4,21,21,1,0,1,0,0,1,3,L,0,0,1,0,0,1,73,1.85,0.93,1.88,1.07
125058,777,34,False,4-2-3-1,46.6,545,115,19,355,287,151,136,221,154,86,57,19,70,35,17,3,4,3,1,23,90,44,12,4,3,9,8,4,5,0,5,0,1,0,0,2,3,2,22,10,9,47,5,47,41,16,14,37,24,3,5,3,10,0,0,13,13.5,1,1,4,16,20,1,0,1,0,0,3,1,W,3,2,1,0,0,1,103,1.88,0.64,1.85,1.1
125059,777,1,False,4-2-3-1,60.1,701,241,45,480,378,158,139,337,242,193,50,17,71,39,15,3,5,5,1,16,89,44,20,7,7,13,3,3,6,1,4,0,1,0,3,4,3,2,31,21,8,61,12,71,49,20,12,15,42,7,1,4,16,1,0,11,6.9,0,0,19,21,8,1,0,0,0,0,4,1,W,3,4,0,0,0,4,89,2.06,1.41,0.76,2.06
125059,777,21,True,3-5-2,39.9,558,73,7,320,232,190,152,141,82,50,50,10,51,18,11,2,2,2,0,30,103,37,6,5,3,3,13,7,0,1,3,0,3,1,0,0,0,0,24,13,15,49,17,49,71,12,20,42,32,1,8,2,16,2,2,17,9.2,0,0,3,15,26,2,0,0,0,0,1,4,L,0,1,0,0,0,2,118,0.76,0.54,2.07,0.76
125060,777,25,True,4-5-1,42.0,550,135,35,334,242,144,125,212,125,101,41,15,61,27,22,8,9,9,3,17,75,44,20,3,4,16,4,6,10,0,2,0,0,0,3,2,0,0,21,13,8,58,9,63,44,27,11,30,25,7,4,5,13,0,0,10,15.2,0,0,7,20,20,1,0,2,0,0,0,0,D,1,0,0,0,0,5,87,3.27,2.01,0.65,3.27
125060,777,127,False,4-2-3-1,58.0,678,143,17,484,384,241,216,258,169,108,56,17,73,39,15,1,5,4,0,19,143,82,10,5,6,4,16,4,1,0,5,0,0,0,0,0,0,0,17,12,8,48,9,44,63,11,27,25,30,4,7,7,19,0,2,11,8.7,0,0,0,21,22,1,0,3,0,0,0,0,D,1,0,0,0,0,3,79,0.66,0.34,3.27,0.66
125061,777,1,True,4-2-3-1,41.1,500,124,30,338,277,152,143,197,136,110,43,21,52,31,11,2,5,4,2,8,73,46,12,5,5,7,6,4,3,1,3,0,1,0,0,2,2,2,17,9,5,41,12,48,49,11,16,21,25,4,1,7,15,0,1,11,16.2,0,0,6,20,11,1,0,0,0,0,2,1,W,3,2,0,0,1,4,64,1.13,1.52,1.05,1.13
125061,777,4,False,4-3-3,58.9,654,113,13,482,425,309,288,191,141,76,47,19,56,33,18,4,10,9,3,9,109,48,9,3,4,5,7,5,5,1,5,0,2,0,3,2,0,0,20,8,13,44,10,49,48,16,11,22,22,1,3,3,10,0,0,14,11.2,0,0,1,10,26,3,1,1,0,0,1,2,L,0,0,0,0,0,3,70,1.05,0.79,1.13,1.05
125062,777,29,False,4-2-3-1,38.0,518,108,14,287,193,134,107,165,87,86,53,18,55,24,12,1,3,3,1,24,62,28,8,4,2,6,10,11,2,1,3,0,1,0,0,0,1,0,26,16,6,45,5,61,65,16,25,46,37,2,6,4,15,1,1,12,8.3,0,0,3,18,20,2,0,2,0,2,1,1,D,1,1,0,0,0,4,107,1.45,0.22,1.71,1.45
125062,777,127,True,4-2-3-1,62.0,692,199,28,464,358,198,168,292,194,162,68,28,70,32,26,4,7,5,0,18,90,50,21,5,11,10,6,2,9,0,5,1,1,0,1,1,1,1,16,10,14,51,14,65,61,25,16,27,30,7,1,12,24,0,0,15,7.8,0,0,3,20,20,4,0,1,1,0,1,1,D,1,1,0,0,0,3,80,1.69,0.99,1.42,1.69
125063,777,15,False,4-2-3-1,46.5,623,119,17,444,380,248,224,213,160,95,50,29,54,36,17,4,4,3,0,14,131,59,13,4,6,7,7,7,3,1,5,0,2,0,1,1,0,1,9,5,8,50,9,41,48,10,17,15,24,6,2,11,19,1,2,13,16.4,0,0,2,15,28,1,0,4,0,0,1,2,L,0,1,0,0,0,5,55,0.93,0.55,1.31,0.93
125063,777,131,True,4-2-3-1,53.5,696,174,28,522,453,281,267,252,192,141,53,25,65,37,11,6,4,4,2,15,106,52,14,7,7,7,7,6,5,2,4,0,0,1,2,2,0,2,17,11,6,44,5,48,41,17,10,20,33,2,6,2,6,0,0,12,10.8,0,0,11,18,8,3,0,0,0,0,2,1,W,3,2,0,0,0,3,76,1.31,1.31,0.93,1.31
125064,777,43,True,3-4-2-1,41.3,531,124,13,326,256,144,128,199,133,101,55,20,64,35,17,5,4,4,0,20,87,46,12,3,3,9,13,3,7,1,5,0,4,0,0,1,1,2,13,8,4,42,6,52,66,16,29,39,21,2,6,16,24,0,0,9,17.2,0,0,1,17,18,2,0,2,0,0,3,4,L,0,2,0,0,0,2,79,0.97,0.78,2.25,0.97
125064,777,130,False,4-2-3-1,58.7,656,161,44,463,376,245,226,240,155,108,62,28,74,40,22,5,8,7,2,14,111,66,16,7,3,13,10,3,4,3,3,0,3,0,1,4,4,3,14,11,8,51,4,66,52,29,16,28,31,5,2,15,24,1,0,9,8.3,0,0,3,23,19,2,0,0,0,0,4,3,W,3,4,0,0,1,1,75,2.34,0.9,0.97,2.34
125065,777,21,False,4-4-2,45.9,583,122,30,395,293,213,186,203,113,94,64,21,72,30,21,6,8,7,2,22,83,42,13,1,3,10,15,3,5,0,5,1,1,1,0,1,1,1,16,11,10,50,9,47,55,14,23,18,31,7,4,6,9,0,1,14,12.2,0,0,6,17,21,3,0,1,0,0,1,2,L,0,1,0,0,0,2,78,0.87,0.54,2.14,0.87
125065,777,34,True,4-2-3-1,54.1,676,124,34,480,384,253,233,240,156,107,54,23,71,31,13,5,5,5,1,16,128,59,18,4,3,15,10,3,10,2,5,0,1,0,2,2,1,1,12,8,10,45,7,55,47,23,14,34,26,4,7,8,17,0,0,11,12.7,0,0,2,18,21,3,0,1,0,0,2,1,W,3,2,0,0,0,0,87,2.14,0.98,0.88,2.14
125066,777,9,True,5-4-1,33.0,495,126,25,311,229,160,141,173,94,86,46,18,56,23,22,6,5,5,1,21,47,26,14,2,7,7,11,3,7,0,5,0,1,0,3,3,0,0,14,5,9,41,7,32,59,9,16,26,26,5,4,1,11,0,3,10,14.8,0,0,6,17,13,0,0,1,0,0,0,1,L,0,0,0,0,0,4,74,1.49,0.87,2.0,1.49
125066,777,11,False,4-1-3-2,67.0,863,257,25,655,587,262,244,414,348,210,46,23,55,34,21,5,3,3,0,13,132,70,14,5,3,11,7,7,5,1,3,0,0,0,3,3,1,1,17,8,0,37,8,59,32,16,9,39,17,4,4,16,22,0,1,8,14.6,0,0,1,19,10,3,0,4,0,0,1,0,W,3,1,0,0,0,2,74,2.0,1.36,1.49,2.0
125067,777,10,True,4-2-3-1,49.1,611,171,34,405,328,191,168,234,162,140,39,17,49,25,20,2,10,10,2,20,136,80,18,7,5,13,8,3,4,3,3,0,2,0,2,2,0,4,21,10,6,47,8,46,49,11,18,22,26,7,2,4,9,0,0,12,11.8,0,0,4,13,22,2,0,1,0,0,5,2,W,3,4,0,0,0,3,69,1.84,1.3,1.86,1.84
125067,777,25,False,4-5-1,50.9,628,160,31,422,332,195,180,248,156,116,57,25,53,24,21,4,5,5,2,21,114,58,11,4,3,8,14,5,4,0,3,0,5,0,0,2,2,2,13,8,13,52,16,49,46,18,11,19,30,3,7,6,11,0,0,11,9.5,0,0,4,19,22,2,0,1,0,0,2,5,L,0,2,0,0,1,2,77,1.86,0.83,1.84,1.86
125068,777,6,False,3-4-2-1,39.0,564,72,13,399,308,207,188,198,121,80,61,17,82,40,6,1,1,1,1,11,85,39,8,3,3,5,11,9,3,1,4,0,2,0,0,0,0,1,16,5,6,51,8,45,57,13,24,29,22,2,5,3,9,0,1,12,17.7,1,1,2,22,15,2,1,2,0,3,1,2,L,0,1,0,0,0,9,73,0.38,0.29,2.05,0.38
125068,777,12,True,4-2-3-1,61.0,778,220,32,612,527,208,186,429,352,177,38,22,70,50,25,11,7,7,2,10,146,81,20,11,9,11,5,3,4,0,4,0,1,0,1,2,2,1,14,6,4,50,8,57,45,24,13,16,26,5,2,7,15,0,0,13,12.8,0,0,5,28,13,2,0,1,3,0,2,1,W,3,1,1,0,0,2,56,2.05,1.2,0.38,1.27
125069,777,7,False,4-2-3-1,33.9,514,103,11,311,231,131,114,184,119,89,51,18,59,29,4,2,2,2,1,13,82,37,9,5,4,5,7,10,3,2,3,1,1,1,1,2,2,2,27,14,9,54,8,80,48,26,16,41,24,1,5,12,17,0,1,7,14.2,0,0,1,23,25,3,0,4,0,0,3,2,W,3,3,0,0,0,4,118,2.15,0.91,1.03,2.15
125069,777,23,True,4-3-3,66.1,782,287,32,587,510,207,186,410,328,227,31,10,59,46,30,4,7,6,0,27,183,104,17,7,10,7,5,4,6,1,5,1,3,0,1,0,0,2,13,5,5,46,19,48,80,16,26,11,34,4,1,12,20,2,0,15,6.9,0,0,5,21,16,2,0,0,0,0,2,3,L,0,2,0,0,0,2,51,1.03,0.67,2.13,1.03
125070,777,2,False,4-2-3-1,60.8,675,165,24,502,439,283,267,245,179,124,35,24,58,43,26,7,5,5,4,15,113,64,14,5,4,10,6,3,3,0,5,0,2,0,2,1,0,0,11,5,11,45,8,44,48,15,4,15,46,6,2,5,13,0,0,19,6.1,0,0,4,22,16,3,0,0,0,0,0,2,L,0,0,0,0,0,0,61,1.04,0.59,0.86,1.04
125070,777,38,True,3-4-2-1,39.2,521,68,12,328,256,178,154,161,104,61,47,14,52,21,11,2,0,0,0,15,83,49,9,2,3,6,10,4,4,0,3,1,0,0,0,1,2,1,16,12,10,47,6,48,44,4,15,25,21,3,7,9,14,0,2,13,18.4,0,0,0,17,24,3,0,1,0,0,2,0,W,3,2,0,0,0,4,81,0.86,0.16,1.03,0.86
125071,777,2,True,4-2-3-1,43.1,595,119,17,431,371,244,221,198,151,106,32,18,40,25,11,1,3,1,0,16,102,53,9,4,3,6,14,1,4,1,5,0,4,0,3,3,0,1,11,8,7,43,9,29,37,7,6,14,24,1,4,2,8,0,2,10,19.8,0,0,2,16,16,3,0,2,0,3,1,4,L,0,1,0,0,0,4,53,0.78,1.03,3.6,0.78
125071,777,4,False,4-3-3,56.9,740,135,34,565,515,377,359,207,159,93,28,13,55,41,19,3,8,5,1,20,122,80,15,8,1,14,6,3,3,2,5,0,1,0,2,5,3,4,15,6,9,43,6,37,29,6,7,15,24,4,1,6,11,0,2,9,14.0,0,0,3,19,13,2,0,2,3,0,4,1,W,3,4,0,0,0,3,61,3.59,2.27,0.78,3.59
125072,777,127,True,4-2-3-1,47.7,628,172,27,413,320,165,146,264,177,146,55,20,70,34,16,3,4,1,0,23,160,94,13,2,4,9,3,2,8,0,3,0,0,0,4,4,0,0,13,9,12,65,5,57,52,27,24,43,28,3,2,8,17,0,1,9,13.2,0,0,9,28,21,2,0,2,0,0,0,0,D,1,0,0,0,0,2,106,1.92,1.71,0.4,1.92
125072,777,130,False,4-2-3-1,52.3,635,119,15,454,348,246,210,223,140,108,77,34,64,34,15,2,3,3,1,21,103,50,5,2,2,3,9,4,1,0,3,0,0,0,2,2,0,0,14,3,6,60,10,52,57,24,27,30,27,2,2,5,8,0,1,10,10.6,0,0,4,22,28,1,0,0,0,0,0,0,D,1,0,0,0,0,2,84,0.39,0.59,1.92,0.39
125073,777,1,False,4-2-3-1,40.1,535,104,18,322,226,164,142,165,85,92,61,25,60,25,7,1,3,3,0,24,73,42,7,2,1,6,6,5,4,1,4,0,0,0,0,0,0,1,16,6,8,38,14,55,58,20,18,50,27,1,5,5,14,0,2,12,12.9,0,0,4,15,11,1,0,0,0,0,1,0,W,3,1,0,0,0,2,100,0.46,0.31,0.82,0.46
125073,777,131,True,4-2-3-1,59.9,695,175,29,470,385,219,196,281,194,142,52,23,61,35,30,5,4,4,1,23,123,71,11,3,5,6,6,1,3,0,5,0,1,0,2,0,0,0,23,15,11,43,8,58,55,18,20,28,31,5,1,5,13,1,0,14,8.5,0,0,6,13,23,4,0,3,0,0,0,1,L,0,0,0,0,0,1,89,0.81,0.57,0.47,0.81
125074,777,7,True,4-2-3-1,55.4,772,239,24,581,509,244,227,357,285,199,49,26,69,48,20,3,6,5,0,22,131,62,14,5,5,9,3,2,5,1,5,0,0,0,0,2,2,2,18,12,10,51,9,49,39,10,12,25,29,4,0,9,17,0,1,10,12.5,0,0,8,19,18,0,0,1,0,0,2,0,W,3,2,0,0,0,2,87,1.3,0.85,0.79,1.3
125074,777,43,False,3-4-2-1,44.6,661,125,11,476,407,235,217,248,190,112,51,23,53,27,7,0,3,3,0,22,107,53,5,2,2,3,9,5,2,0,4,0,2,0,1,1,0,0,17,10,14,53,9,39,49,12,10,29,24,1,4,1,10,0,0,12,15.4,0,0,4,22,20,1,0,2,0,0,0,2,L,0,0,0,0,0,3,88,0.79,0.13,1.3,0.79
125075,777,25,False,4-4-2,40.3,568,107,13,379,302,219,196,175,108,82,42,13,60,33,15,2,5,5,1,16,82,40,9,3,3,6,10,3,4,0,4,0,0,0,2,3,1,1,7,4,14,49,5,40,41,13,16,31,20,2,4,8,12,0,0,12,20.6,0,0,3,16,21,4,0,7,0,0,1,0,W,3,1,0,0,0,5,79,1.09,0.69,0.89,1.09
125075,777,34,True,4-2-3-1,59.7,731,173,29,563,470,282,261,306,218,144,56,28,64,38,25,9,6,5,3,18,124,66,13,5,3,10,6,3,4,0,5,0,1,0,0,0,0,0,9,4,3,53,5,41,40,16,13,21,23,4,2,6,8,1,1,14,13.8,0,0,3,23,18,2,0,0,0,0,0,1,L,0,0,0,0,0,3,62,0.88,0.71,1.09,0.88
125076,777,9,True,4-5-1,70.3,748,173,25,550,455,278,254,301,205,125,66,30,76,43,29,4,9,9,2,22,111,53,18,4,6,12,3,0,5,0,5,0,1,0,0,0,0,0,16,6,6,51,8,62,56,24,25,20,33,9,2,3,11,0,0,15,6.3,1,1,5,22,19,1,0,2,0,0,0,1,L,0,0,0,0,0,0,61,1.14,0.65,0.86,1.14
125076,777,29,False,4-2-3-1,29.7,442,64,8,233,143,110,87,131,57,72,73,17,58,12,8,1,2,2,1,19,50,23,3,1,0,3,12,6,0,0,4,0,0,0,0,0,1,0,16,11,7,44,8,56,62,25,24,50,28,2,9,2,10,0,0,19,15.0,0,0,2,17,16,3,0,5,0,0,1,0,W,3,0,1,0,0,4,101,0.86,0.12,1.15,0.08
125077,777,11,True,4-1-3-2,69.9,937,336,46,774,714,226,215,572,503,272,36,24,46,34,24,4,6,5,3,17,236,134,21,7,5,16,6,3,8,1,3,0,1,1,3,4,2,2,10,6,6,49,7,46,42,16,7,6,25,6,3,14,27,0,0,10,11.2,0,0,3,28,16,0,0,1,0,2,2,2,D,1,2,0,0,0,2,52,2.11,1.93,0.97,2.11
125077,777,15,False,5-3-2,30.1,496,63,13,329,269,196,180,144,91,54,47,18,57,28,11,2,1,1,1,6,57,34,9,4,3,6,16,5,2,0,4,0,2,0,1,2,1,2,20,14,6,47,5,42,46,7,16,27,16,3,8,6,11,0,1,6,23.7,0,0,2,17,22,4,0,3,1,0,2,2,D,1,2,0,0,0,3,86,0.97,0.34,2.12,0.97
125078,777,12,False,4-2-3-1,54.9,638,176,33,469,384,176,158,307,228,148,47,18,75,40,14,2,4,4,0,18,146,89,14,5,6,8,8,4,4,1,5,0,2,0,3,3,1,1,12,9,9,49,9,53,60,20,22,18,32,5,1,7,16,0,1,16,8.8,1,1,3,23,16,3,0,0,0,0,1,2,L,0,1,0,0,0,3,66,1.49,1.65,2.48,1.49
125078,777,23,True,4-3-3,45.1,574,125,23,381,291,164,147,232,149,108,74,32,67,29,15,5,2,2,2,21,92,45,12,5,4,8,8,6,6,1,4,1,1,0,2,2,1,1,18,14,9,46,6,60,53,22,20,30,29,1,5,4,10,0,1,15,11.3,0,0,2,18,24,2,1,0,0,0,2,1,W,3,1,1,0,0,4,91,2.49,1.06,1.48,1.71
125079,777,6,False,3-4-2-1,60.0,647,124,21,463,402,240,224,243,180,90,49,22,55,29,20,2,3,3,0,13,103,43,9,4,1,8,10,2,2,3,4,0,1,0,0,2,3,2,24,13,6,31,11,62,60,21,23,30,20,3,3,3,9,0,0,14,12.1,0,0,2,16,10,2,0,1,3,0,3,1,W,3,2,1,0,0,3,73,1.78,0.93,1.58,1.0
125079,777,21,True,3-4-2-1,40.0,504,116,23,311,242,141,131,182,116,76,41,19,57,30,12,5,6,4,2,22,98,43,12,4,2,10,8,1,3,1,4,0,3,0,0,1,1,1,17,10,10,31,14,60,62,23,21,28,24,5,3,7,17,1,0,14,14.9,1,1,3,11,15,3,1,1,0,3,1,3,L,0,1,0,0,0,1,74,1.59,0.91,1.78,1.59
125080,777,10,False,4-2-3-1,65.8,795,279,47,609,540,246,226,390,319,209,33,21,58,49,27,5,11,9,1,18,187,95,20,7,6,14,2,2,10,0,5,0,1,1,4,4,1,0,16,9,8,53,10,42,52,11,8,11,34,3,0,6,21,0,0,13,8.1,0,0,7,22,18,1,0,1,0,0,1,2,L,0,1,0,0,0,1,64,1.85,1.42,0.44,1.85
125080,777,38,True,3-5-1-1,34.2,523,71,11,315,249,191,166,133,85,57,33,6,50,25,9,2,2,2,1,13,86,41,4,3,2,2,14,6,1,0,5,1,1,0,0,1,1,2,25,16,9,54,10,52,42,8,11,35,23,0,3,7,13,2,2,10,16.3,0,0,2,10,29,2,0,0,0,0,2,1,W,3,2,0,0,0,5,96,0.44,0.13,1.83,0.44
125081,777,1,True,4-2-3-1,64.5,774,311,40,581,503,197,179,405,328,249,36,14,49,25,21,4,8,5,1,15,148,79,25,7,13,12,5,4,9,0,5,2,0,0,0,2,2,2,16,12,4,43,6,56,48,21,17,29,29,9,3,7,16,0,1,11,9.3,0,0,5,23,11,0,0,2,0,0,2,0,W,3,2,0,0,0,3,69,2.72,0.98,1.05,2.72
125081,777,7,False,4-2-3-1,35.5,521,91,15,321,238,174,146,156,94,85,53,14,69,30,9,2,3,3,0,18,78,33,9,3,4,5,12,13,2,0,4,0,2,0,2,0,0,0,15,8,16,39,11,48,56,17,21,33,20,4,9,5,10,1,0,12,15.1,0,0,2,10,22,0,0,1,0,0,0,2,L,0,0,0,0,0,4,97,1.07,0.13,2.7,1.07
125082,777,38,False,3-4-2-1,50.2,628,135,28,428,346,228,197,227,156,103,62,30,65,38,27,7,5,5,1,26,102,49,13,4,4,9,9,1,6,1,3,1,2,0,2,3,1,2,8,7,8,44,5,35,48,10,20,27,24,3,0,6,16,0,0,10,14.1,0,0,4,21,14,4,0,2,1,0,2,2,D,1,2,0,0,0,1,58,1.39,1.62,2.56,1.39
125082,777,130,True,4-1-4-1,49.8,601,127,23,438,336,232,209,220,134,105,60,24,69,33,14,7,1,1,0,16,100,47,10,3,1,9,9,4,7,2,3,0,1,1,3,5,2,2,15,10,11,52,4,48,35,20,10,25,35,0,2,3,7,0,0,12,10.4,0,0,4,18,24,2,0,0,0,2,2,2,D,1,2,0,0,0,2,78,2.56,2.26,1.39,2.56
125083,777,43,True,4-2-3-1,38.0,511,151,25,283,199,107,87,196,118,102,57,23,58,25,20,6,5,5,2,34,55,31,15,2,3,12,14,8,5,0,5,0,0,0,3,3,0,0,13,8,3,50,12,45,63,20,22,38,27,8,10,7,15,0,1,11,12.9,0,0,4,19,20,1,0,1,0,0,0,0,D,1,0,0,0,0,2,89,1.41,0.59,2.55,1.41
125083,777,127,False,4-2-3-1,62.0,703,182,32,471,377,217,191,280,193,149,54,15,69,41,26,7,8,7,3,18,115,72,22,3,8,14,12,3,10,0,4,0,0,0,3,3,0,0,20,16,11,60,5,63,45,22,20,42,16,9,8,10,18,0,1,5,13.1,0,0,7,21,29,0,0,1,0,0,0,0,D,1,0,0,0,0,2,117,2.56,1.55,1.4,2.56
125084,777,4,True,4-2-3-1,67.1,887,312,33,675,620,265,253,438,374,233,28,17,46,36,28,7,8,7,1,24,175,97,22,3,12,10,3,4,10,0,3,0,1,0,2,2,0,0,11,6,9,37,6,41,47,16,16,22,20,9,1,5,15,0,0,9,12.4,0,0,1,15,15,2,0,0,0,0,0,1,L,0,0,0,0,0,4,59,1.39,1.34,1.41,1.39
125084,777,23,False,4-2-3-1,32.9,496,108,12,331,259,159,145,184,116,104,51,17,56,22,12,2,1,1,1,17,70,33,7,5,4,3,10,12,1,1,3,0,0,0,0,1,1,1,16,9,7,38,4,47,41,16,16,29,22,1,7,6,13,0,0,10,18.0,0,0,4,9,17,2,0,0,0,0,1,0,W,3,1,0,0,0,3,75,1.4,0.69,1.39,1.4
125085,777,6,True,3-4-2-1,66.6,676,174,26,463,364,184,162,300,206,137,64,27,61,36,21,4,8,7,2,22,111,63,12,0,5,7,7,3,5,0,4,0,0,0,0,0,0,0,9,8,3,39,8,61,57,38,28,51,22,7,2,5,12,0,0,12,8.5,1,0,3,9,20,2,0,5,0,0,0,0,D,1,0,0,0,0,3,84,0.68,0.48,1.12,0.68
125085,777,9,False,3-4-1-2,33.4,434,100,20,228,142,92,79,150,67,80,56,18,62,18,14,4,3,3,2,24,39,26,10,3,3,7,7,5,4,0,2,0,0,0,1,0,0,0,15,8,6,38,3,57,61,28,38,55,17,3,6,4,10,0,0,11,18.9,0,0,2,13,15,1,1,2,0,0,0,0,D,1,0,0,1,0,0,92,1.12,0.52,0.67,0.34
125086,777,10,True,4-2-3-1,63.3,752,255,45,553,465,228,198,345,270,203,48,21,65,41,20,3,3,2,0,23,124,68,17,4,7,10,7,6,7,1,5,0,1,0,1,0,0,0,12,8,11,59,12,49,47,14,8,17,32,6,2,12,20,1,0,8,7.7,0,0,7,31,12,0,0,0,0,2,1,1,D,1,1,0,0,0,6,76,1.69,1.4,1.18,1.69
125086,777,21,False,4-4-2,36.7,537,120,18,320,233,145,122,187,115,99,68,26,50,20,12,4,4,4,2,25,101,59,13,7,6,7,10,7,3,0,4,0,0,1,1,2,1,1,20,11,12,51,8,47,49,8,14,36,28,3,6,12,16,0,0,13,12.3,0,0,4,18,24,0,0,1,1,0,1,1,D,1,1,0,0,0,3,107,1.18,0.56,1.7,1.18
125087,777,2,False,4-2-3-1,48.0,616,167,31,442,376,201,185,258,197,146,40,15,47,22,17,6,6,4,0,11,102,55,9,2,3,6,11,5,5,0,5,0,3,0,2,2,1,0,16,10,8,45,10,39,40,8,13,31,20,2,4,5,14,1,1,5,16.1,0,0,3,15,21,2,0,1,0,0,1,3,L,0,1,0,0,0,3,85,1.0,1.64,1.1,1.0
125087,777,12,True,4-2-3-1,52.0,639,172,20,479,410,197,186,303,226,144,45,22,47,28,21,2,6,5,2,11,113,59,16,6,5,11,6,3,6,0,2,1,1,0,2,3,1,2,19,9,12,47,10,40,39,13,8,22,25,4,2,4,10,0,0,10,11.6,0,0,3,18,23,3,0,1,0,0,3,1,W,3,3,0,0,0,1,84,1.09,0.91,1.0,1.09
125088,777,15,True,4-2-3-1,45.8,587,132,18,401,321,200,183,215,141,104,52,28,64,33,14,3,5,4,1,28,111,54,11,2,6,5,5,1,4,0,5,0,0,0,1,1,0,0,8,7,7,54,6,42,45,14,13,22,17,5,2,10,20,0,0,8,21.8,0,0,4,19,24,2,0,3,0,0,0,0,D,1,0,0,0,0,1,70,0.94,0.52,1.03,0.94
125088,777,34,False,4-2-3-1,54.2,639,136,15,474,378,253,227,239,154,122,57,26,62,35,18,3,4,4,1,21,133,74,6,1,1,5,5,6,3,0,5,0,0,0,1,1,0,0,16,10,10,48,7,45,42,13,14,22,29,2,5,8,9,0,0,11,11.4,0,0,5,17,21,3,0,0,0,0,0,0,D,1,0,0,0,0,2,71,1.04,0.56,0.95,1.04
125089,777,29,True,4-1-4-1,48.0,619,161,28,422,332,179,164,263,168,118,57,22,74,32,20,0,7,6,0,28,128,55,14,4,6,8,9,3,5,0,3,0,1,0,0,0,0,0,7,4,5,57,16,40,56,13,16,22,19,5,5,9,19,0,1,7,19.2,0,0,3,20,23,1,0,3,0,0,0,1,L,0,0,0,0,0,3,56,0.91,0.59,1.68,0.91
125089,777,131,False,4-2-3-1,52.0,652,124,31,471,371,244,213,240,163,113,57,15,77,37,13,5,3,3,1,9,104,49,12,4,3,9,8,6,3,0,4,0,0,0,1,1,0,0,26,17,12,54,2,56,40,16,13,43,29,5,6,7,12,0,0,12,10.8,0,0,1,24,21,2,0,1,0,0,1,0,W,3,1,0,0,0,3,122,1.69,1.4,0.9,1.69
125090,777,11,False,4-1-3-2,71.5,966,295,40,755,684,281,267,507,427,234,39,21,60,44,33,10,15,15,5,16,210,120,24,6,5,19,1,0,11,1,4,0,1,0,1,0,0,1,8,7,13,50,12,51,41,18,7,16,32,7,0,12,25,0,0,5,8.7,0,0,3,22,21,2,0,2,0,2,1,1,D,1,1,0,0,0,0,55,2.04,1.85,0.54,2.04
125090,777,25,True,3-4-2-1,28.5,494,52,6,304,224,191,165,119,60,52,48,13,47,14,6,1,1,1,1,21,54,17,1,1,0,1,19,5,0,1,3,0,1,0,0,1,1,1,25,15,12,44,6,41,51,7,18,34,28,0,7,5,7,0,0,14,16.1,0,0,1,10,25,2,0,3,1,0,1,1,D,1,1,0,0,0,5,90,0.54,0.24,2.03,0.54
125091,777,2,True,4-2-3-1,58.9,683,198,35,507,452,209,196,315,261,150,39,22,60,44,17,5,6,6,3,20,120,66,23,7,11,12,8,1,9,1,5,0,0,0,2,2,1,1,18,13,4,38,8,45,39,14,14,17,20,7,5,6,11,0,0,3,14.1,0,0,2,15,15,0,0,0,0,0,2,0,W,3,2,0,0,0,1,64,1.72,1.56,0.94,1.72
125091,777,25,False,4-3-3,41.1,510,104,19,342,283,175,153,186,136,73,49,23,41,26,19,6,6,5,2,14,97,50,9,1,1,8,12,11,3,0,4,0,1,1,0,0,0,0,13,8,10,37,12,39,45,14,14,21,24,5,8,9,15,1,1,7,13.9,0,0,3,13,14,1,0,4,0,0,0,2,L,0,0,0,0,0,4,65,0.93,0.79,1.68,0.93
125092,777,12,False,4-2-3-1,45.1,594,127,27,415,320,201,172,229,151,113,49,20,65,29,15,3,8,7,1,12,85,46,14,5,6,8,6,10,2,0,4,0,2,0,1,1,1,0,16,10,12,54,8,47,42,19,13,30,24,7,4,3,8,0,0,9,13.1,1,1,1,22,21,2,1,0,0,2,2,2,D,1,0,1,0,0,3,90,1.77,0.87,1.8,0.99
125092,777,127,True,4-2-3-1,54.9,697,198,23,502,426,194,180,330,248,164,40,19,50,30,22,2,6,5,0,15,108,71,16,5,10,6,9,6,7,0,4,1,2,0,1,1,1,1,13,8,9,63,7,42,47,13,19,24,26,4,7,7,16,0,1,10,12.0,1,1,7,33,17,2,0,2,1,0,2,2,D,1,1,1,0,1,4,81,1.83,0.57,1.77,1.05
125093,777,10,False,4-1-2-1-2,53.0,640,173,29,431,346,195,161,254,190,132,61,24,51,29,18,5,8,8,3,30,134,64,12,5,2,10,11,5,4,1,4,0,2,0,0,0,1,0,12,6,12,39,3,43,36,10,8,30,19,3,3,10,18,0,2,11,13.7,0,0,4,11,21,5,0,1,0,0,1,2,L,0,1,0,0,0,4,87,1.03,0.48,2.17,1.03
125093,777,131,True,4-2-3-1,47.0,575,179,32,380,297,156,138,240,165,132,49,23,53,29,16,6,4,3,1,22,101,48,16,7,5,11,10,2,7,1,5,0,1,0,3,5,2,2,11,6,7,47,5,36,43,8,10,25,27,2,3,6,13,1,0,11,11.4,0,0,6,17,14,5,0,2,0,0,2,1,W,3,2,0,0,0,4,71,2.17,2.25,1.03,2.17
125094,777,4,False,4-2-3-1,63.6,871,253,32,690,617,270,252,444,366,198,32,15,59,48,24,1,9,8,0,15,166,81,12,4,3,9,9,1,4,0,5,0,3,0,2,1,0,0,15,7,7,48,13,44,49,14,13,22,27,4,2,9,18,1,1,7,10.6,0,0,3,16,22,2,0,0,0,0,0,3,L,0,0,0,0,0,5,69,0.93,0.73,1.18,0.93
125094,777,7,True,4-2-3-1,36.4,574,135,25,392,318,203,177,207,147,106,53,20,48,25,18,6,3,2,1,16,85,43,10,9,1,9,9,3,0,1,4,0,0,0,1,1,1,3,22,11,7,47,11,49,44,13,14,29,15,1,2,8,12,0,2,6,29.1,0,0,5,10,29,0,0,0,0,0,3,0,W,3,3,0,0,0,4,86,1.17,0.59,0.93,1.17
125095,777,34,True,4-2-3-1,55.5,696,191,42,518,442,240,219,300,228,168,55,30,49,33,22,5,6,3,1,19,155,91,22,6,5,17,6,3,10,0,5,1,1,0,2,1,2,1,18,13,6,57,8,49,34,19,13,25,16,6,3,3,8,0,3,6,19.7,0,0,3,22,26,2,0,1,3,0,3,1,W,3,2,1,0,0,4,83,3.22,1.03,1.24,2.44
125095,777,43,False,4-2-3-1,44.5,595,128,16,413,343,210,192,221,155,107,70,36,66,41,18,4,6,5,0,12,99,52,9,5,3,6,17,5,1,0,4,0,3,0,3,4,1,1,13,6,7,49,13,34,49,13,19,24,19,3,6,3,8,1,0,9,18.6,1,1,2,16,23,2,1,0,0,3,1,3,L,0,1,0,0,0,3,72,1.24,0.83,3.15,1.24
125096,777,9,True,3-4-1-2,57.0,700,213,33,461,369,196,171,297,203,150,50,26,63,30,32,5,6,6,1,23,122,68,14,4,8,6,4,2,3,0,3,0,0,0,0,0,0,0,15,6,8,53,4,68,64,39,41,38,27,7,1,5,12,0,0,6,11.4,0,0,7,21,14,2,0,1,0,0,0,0,D,1,0,0,0,0,2,86,0.53,0.95,0.46,0.53
125096,777,130,False,5-3-2,43.0,573,99,19,358,234,187,155,184,84,84,83,16,78,27,13,5,2,2,1,26,68,25,6,2,2,4,6,8,3,0,1,0,0,0,0,0,0,0,11,8,7,57,7,64,68,41,39,47,24,1,7,7,15,0,0,9,13.0,0,0,4,17,25,0,0,3,0,0,0,0,D,1,0,0,0,0,4,93,0.46,0.24,0.52,0.46
125097,777,6,False,5-4-1,27.3,461,33,9,281,216,186,160,102,58,36,49,18,50,28,7,2,4,4,1,13,47,24,6,2,0,6,10,5,2,0,5,0,3,0,0,0,0,0,28,14,5,42,6,47,35,10,8,40,16,2,3,0,5,0,0,7,25.6,0,0,1,15,22,2,0,4,0,0,0,0,D,1,0,0,0,0,0,0,0.0,0.0,0.0,0.0
125097,777,11,True,4-2-2-2,72.7,921,344,40,743,662,232,219,529,447,278,43,21,51,28,18,4,9,6,3,19,209,114,15,4,5,10,6,0,8,2,5,0,0,0,0,3,3,3,11,5,7,42,16,35,47,8,10,6,29,3,2,11,23,0,0,10,9.3,0,0,7,19,9,0,0,0,0,0,0,0,D,1,0,0,0,0,0,0,0.0,0.0,0.0,0.0
125098,777,23,True,4-2-3-1,59.9,612,145,22,403,328,212,192,214,143,108,57,19,63,33,23,7,9,7,4,19,116,54,16,4,8,8,11,6,8,1,6,0,2,0,0,1,1,1,13,9,6,45,7,53,41,17,13,38,22,4,6,4,14,0,1,8,8.5,0,0,3,25,13,1,0,1,0,3,1,2,L,0,1,0,0,0,4,89,1.27,0.83,2.45,1.27
125098,777,29,False,4-1-4-1,40.1,448,130,30,262,187,98,84,187,109,90,53,13,55,18,23,6,5,4,2,17,74,51,17,7,6,11,8,8,5,0,3,0,1,0,1,1,2,0,17,14,4,39,6,41,53,13,17,32,33,5,4,5,12,1,0,19,10.0,0,0,2,17,16,6,0,0,3,0,2,1,W,3,2,0,0,0,3,74,2.53,1.6,1.27,2.53
125099,777,15,False,4-2-3-1,41.1,540,103,16,336,252,137,119,210,136,91,68,21,66,26,11,3,3,3,1,12,72,38,8,7,2,6,7,7,0,1,5,1,0,0,1,3,2,3,21,14,9,39,10,57,72,18,28,40,31,1,6,6,15,0,1,13,10.8,0,0,2,13,20,2,0,0,0,0,3,0,W,3,3,0,0,0,3,96,1.49,0.94,1.14,1.49
125099,777,21,True,4-4-2,58.9,669,199,27,459,365,219,199,271,172,150,42,14,59,33,31,6,13,13,3,16,156,96,14,3,7,7,6,2,5,0,5,0,3,0,3,2,0,0,19,11,7,48,10,72,57,28,18,14,34,6,1,13,24,0,1,13,7.6,0,0,3,23,13,1,0,2,0,0,0,3,L,0,0,0,0,0,4,60,1.15,0.66,1.48,1.15
125100,777,1,False,4-2-3-1,57.5,688,203,31,486,395,145,131,362,270,171,49,12,66,30,21,6,3,2,2,16,139,66,10,4,1,9,2,3,4,1,4,0,1,1,1,2,2,2,20,12,13,60,17,67,51,28,15,25,30,2,0,14,23,1,0,8,10.1,0,0,5,35,14,1,0,3,0,2,0,0,D,1,0,0,0,0,0,0,0.0,0.0,0.0,0.0
125100,777,38,True,3-4-2-1,42.5,557,99,10,361,269,193,151,182,121,83,59,24,57,29,14,3,1,1,0,31,82,46,5,2,3,2,9,1,3,0,3,1,2,0,0,0,1,1,26,14,8,49,13,51,67,15,28,18,25,0,2,2,9,0,1,6,11.5,0,0,0,23,22,2,0,1,1,0,0,0,D,1,0,0,0,0,0,0,0.0,0.0,0.0,0.0
125101,777,1,True,4-2-3-1,52.4,608,173,33,389,314,197,175,214,144,119,47,21,58,28,22,5,10,9,2,30,107,51,15,3,5,10,5,3,4,1,5,0,2,0,4,3,1,0,17,11,7,41,9,56,58,13,19,23,32,8,2,9,20,0,0,12,9.5,0,0,2,16,13,1,0,2,0,0,1,2,L,0,0,1,0,0,1,64,2.31,0.73,1.19,1.53
125101,777,127,False,4-2-3-1,47.6,560,106,18,367,292,181,163,194,130,87,51,13,68,30,8,1,1,0,0,20,88,47,8,3,3,5,10,5,3,1,5,0,1,0,0,1,2,1,20,11,9,46,7,58,56,19,13,28,29,2,7,8,18,0,1,18,10.3,1,1,5,19,17,3,0,0,0,0,2,1,W,3,2,0,0,0,2,83,1.19,0.29,2.32,1.19
125102,777,7,False,4-2-3-1,45.3,577,155,22,376,304,181,165,215,141,126,41,14,62,33,20,2,3,3,0,22,122,74,14,7,5,9,12,5,3,1,3,0,2,0,1,1,1,1,16,9,7,49,13,41,46,17,16,44,27,4,5,2,4,0,2,7,12.1,1,1,5,26,14,2,0,1,1,0,2,2,D,1,2,0,0,0,2,101,1.54,0.83,2.84,1.54
125102,777,130,True,4-2-3-1,54.7,681,162,35,457,380,203,187,276,202,135,72,38,61,35,22,9,2,2,2,18,118,70,17,4,5,12,9,5,7,1,1,0,2,0,3,2,1,1,15,8,8,57,9,46,41,16,17,30,23,6,5,8,15,1,1,6,12.2,0,0,3,19,30,0,0,0,0,2,2,2,D,1,1,1,0,0,4,86,2.88,1.26,1.53,2.1
125103,777,43,True,4-2-3-1,50.4,687,138,15,475,387,239,210,258,183,103,61,28,62,36,22,6,8,8,5,27,107,46,10,5,2,8,9,4,3,0,5,0,1,1,1,1,0,0,11,6,10,55,15,45,52,12,9,25,20,2,5,12,26,1,1,7,18.1,0,0,4,17,26,2,0,2,0,0,0,2,L,0,0,0,0,0,3,71,0.88,0.56,1.93,0.88
125103,777,131,False,4-2-3-1,49.6,681,157,39,477,397,248,232,245,173,133,46,19,62,36,16,8,2,1,0,11,129,81,13,6,4,9,8,2,3,1,4,0,0,0,1,1,0,2,29,19,18,61,7,52,45,9,12,26,43,4,2,7,11,0,1,11,9.0,0,0,6,30,20,1,0,1,0,0,2,0,W,3,2,0,0,0,4,116,1.93,1.1,0.88,1.93
125104,777,4,True,4-2-3-1,37.3,595,122,15,407,342,237,213,179,133,100,35,12,46,24,9,4,4,2,1,12,106,52,12,3,5,7,14,4,4,0,5,0,3,0,1,1,0,0,21,10,5,46,12,45,50,3,9,21,15,5,6,7,15,1,0,10,26.5,0,0,7,15,15,3,0,6,0,0,0,3,L,0,0,0,0,0,5,78,1.13,0.85,2.29,1.13
125104,777,11,False,4-2-3-1,62.7,882,305,47,685,627,271,254,436,379,243,29,20,48,39,22,6,12,7,2,13,211,116,18,8,4,14,7,5,4,0,4,0,0,0,0,2,3,2,20,8,8,46,7,50,45,9,3,10,37,6,5,11,25,0,1,15,9.0,0,0,8,18,15,1,0,0,0,0,3,0,W,3,3,0,0,0,3,65,2.29,1.64,1.14,2.29
125105,777,6,True,3-4-3,41.2,594,113,21,380,303,187,157,207,151,99,60,23,62,29,14,5,2,2,1,20,78,34,11,5,2,9,5,2,3,0,5,2,1,0,2,3,2,1,21,13,12,64,3,49,48,16,18,41,42,3,3,1,4,1,1,17,9.7,0,0,9,14,32,0,0,1,3,0,2,1,W,3,1,1,0,0,2,109,2.58,1.5,1.13,1.8
125105,777,23,False,4-3-3,58.8,728,184,14,542,437,268,247,294,191,159,54,20,69,39,20,1,4,4,0,28,143,77,7,3,2,5,9,2,1,1,5,0,2,0,1,1,1,1,6,4,12,52,12,48,49,18,16,16,27,3,3,8,17,0,0,12,10.9,1,1,7,19,17,3,0,0,0,3,1,2,L,0,1,0,0,0,3,59,1.14,0.27,2.56,1.14
125106,777,10,True,4-2-3-1,53.0,716,225,47,510,447,233,217,294,232,168,52,29,58,34,17,2,6,6,1,26,139,69,18,5,4,14,13,6,7,2,5,0,0,0,4,3,0,2,17,11,7,44,10,34,49,8,14,26,32,6,8,5,15,0,1,10,9.7,0,0,7,14,16,0,0,4,0,0,2,0,W,3,2,0,0,0,4,83,1.59,1.37,1.04,1.59
125106,777,34,False,4-2-3-1,47.0,662,183,42,435,371,224,200,241,182,129,40,24,42,29,30,11,9,7,2,18,136,72,19,4,6,13,14,4,7,0,5,0,2,0,2,1,0,0,20,11,15,41,9,49,34,14,8,28,22,8,6,6,14,0,1,4,15.5,0,0,3,15,16,0,0,2,0,0,0,2,L,0,0,0,0,0,3,89,1.05,1.35,1.59,1.05
125107,777,9,False,3-4-2-1,47.3,647,176,32,453,376,181,168,289,216,136,58,31,69,40,17,8,4,4,4,15,120,67,15,6,4,11,15,5,4,2,3,0,1,0,4,3,0,1,12,8,7,45,10,45,62,13,24,37,24,5,8,9,17,0,0,15,15.3,0,0,5,18,13,2,0,0,0,0,2,1,W,3,2,0,0,0,6,81,2.39,1.89,1.31,2.39
125107,777,12,True,4-2-3-1,52.7,702,181,36,497,420,222,203,300,223,136,47,29,64,41,25,6,11,10,3,17,137,82,20,9,5,15,11,4,5,0,2,0,1,1,0,1,1,1,18,13,15,43,8,62,45,24,13,25,27,6,6,7,11,0,3,12,11.5,0,0,3,16,18,3,1,1,0,0,1,2,L,0,1,0,0,0,3,79,1.32,1.2,2.37,1.32
125108,777,2,False,4-2-3-1,59.2,681,156,22,501,442,277,254,238,191,128,43,21,42,25,14,3,3,3,2,15,145,72,12,5,4,8,9,6,7,1,5,0,0,1,3,3,0,0,15,6,8,45,9,48,43,10,15,12,24,0,5,10,16,0,0,10,9.3,0,0,5,11,20,2,0,2,0,2,1,1,D,1,0,0,0,0,4,65,1.03,0.5,1.15,1.03
125108,777,15,True,4-2-3-1,40.8,507,154,35,336,278,129,114,229,170,111,39,19,44,26,22,6,7,6,2,5,109,57,15,4,6,9,9,4,6,1,4,0,1,0,1,1,0,1,15,12,9,43,9,43,48,15,10,21,35,5,0,5,11,0,0,15,10.6,0,0,11,16,11,2,0,1,1,0,1,1,D,1,1,0,0,1,5,72,1.15,1.01,1.02,1.15
125109,777,21,False,4-2-3-1,47.9,565,115,25,365,301,207,187,182,122,76,46,22,54,28,24,8,6,5,2,16,99,57,11,7,1,10,8,5,3,0,5,0,0,1,1,0,0,0,10,5,8,41,11,43,50,15,7,28,24,1,3,5,16,0,1,15,12.0,0,0,4,11,19,3,0,0,0,0,0,1,L,0,0,0,0,0,1,68,0.84,0.45,1.33,0.84
125109,777,29,True,4-2-3-1,52.1,578,143,20,403,318,172,151,249,173,120,50,19,58,30,18,6,2,2,0,12,129,69,13,2,5,8,10,1,8,0,3,0,0,0,3,3,0,1,22,13,9,50,6,50,43,7,15,22,35,3,1,8,12,0,1,14,8.8,0,0,5,15,18,3,0,0,0,0,1,0,W,3,1,0,0,0,7,79,1.33,1.03,0.84,1.33
125110,777,25,True,4-4-1-1,44.1,546,113,24,355,288,188,168,184,124,95,60,28,48,22,17,4,5,5,0,25,68,47,18,7,4,14,9,5,7,1,4,0,0,0,3,5,3,3,23,9,5,47,9,49,49,14,12,21,25,4,3,5,13,0,0,11,13.8,0,0,3,18,22,2,0,0,0,0,4,0,W,3,4,0,0,0,4,74,2.34,0.89,0.59,2.34
125110,777,38,False,3-5-1-1,55.9,661,144,22,456,393,218,202,255,194,98,26,8,57,40,17,3,2,1,1,25,132,77,14,3,5,9,14,4,8,0,5,0,4,0,0,0,0,0,17,10,8,43,13,49,49,12,14,19,27,3,4,10,20,2,0,7,10.4,0,0,3,20,15,2,0,1,0,0,0,4,L,0,0,0,0,0,3,61,0.57,0.44,2.35,0.57
125111,777,2,True,4-2-3-1,49.9,560,146,26,403,341,195,178,224,169,112,52,31,54,35,16,6,4,3,2,13,97,43,15,7,5,10,8,2,5,2,4,1,3,0,3,7,4,4,10,6,5,46,8,38,40,11,12,20,21,3,1,6,12,1,1,11,14.2,0,0,2,17,20,1,0,0,0,0,4,3,W,3,4,0,0,0,4,54,2.85,2.47,1.73,2.85
125111,777,29,False,4-2-3-1,50.1,556,118,16,406,340,184,172,238,172,102,41,13,56,36,16,4,5,2,0,14,130,67,10,7,2,8,10,5,2,1,4,2,4,0,1,2,2,2,14,9,7,49,6,40,38,12,11,23,22,1,3,5,9,1,2,11,13.5,0,0,5,23,17,3,0,3,0,0,3,4,L,0,3,0,0,0,3,73,1.71,0.54,2.84,1.71
125112,777,34,False,4-2-3-1,51.9,599,105,20,435,355,244,215,204,142,95,50,16,60,34,13,2,3,3,1,20,114,68,11,0,3,8,12,1,5,0,5,0,0,0,1,1,0,0,13,10,5,37,7,46,48,20,18,22,26,6,2,5,10,0,1,13,12.9,0,0,0,15,14,1,0,1,0,0,0,0,D,1,0,0,0,0,4,60,0.76,0.78,1.43,0.76
125112,777,130,True,4-2-3-1,48.1,567,118,22,391,310,218,200,195,118,95,60,16,59,23,22,8,9,8,4,19,108,65,13,4,1,12,8,3,6,0,0,0,0,0,4,4,0,0,12,7,3,45,5,48,46,18,20,15,23,3,5,7,15,0,0,8,15.8,0,0,3,19,13,0,0,1,0,0,0,0,D,1,0,0,0,0,0,60,1.43,1.17,0.77,1.43
125113,777,4,True,4-2-3-1,58.7,781,218,40,605,541,288,273,345,276,171,51,30,63,47,28,8,7,3,1,10,149,73,21,3,10,11,1,3,5,0,4,0,1,0,0,0,0,0,10,6,10,49,9,32,38,6,9,14,31,13,2,5,12,0,0,12,11.4,0,0,2,22,21,1,0,2,0,0,0,1,L,0,0,0,0,0,5,114,1.93,1.99,2.43,1.93
125113,777,12,False,4-2-3-1,41.3,606,98,10,431,362,236,209,206,154,87,40,15,59,41,11,1,1,1,0,14,110,52,4,1,3,1,11,10,1,1,3,0,0,0,0,1,1,1,16,11,6,36,5,38,32,9,6,29,18,2,13,2,7,0,0,13,23.7,0,0,1,11,18,3,0,0,0,0,1,0,W,3,1,0,0,0,3,85,0.29,0.19,1.57,0.29
125114,777,6,True,3-4-2-1,54.2,666,140,18,454,370,234,209,244,165,121,50,16,64,37,24,4,4,4,0,26,127,87,9,1,4,5,7,2,7,0,4,0,0,0,1,1,0,0,13,10,5,49,10,44,55,17,17,41,26,1,3,4,10,0,1,13,10.7,0,0,2,19,23,2,0,0,0,0,0,0,D,1,0,0,0,0,3,86,0.73,0.6,0.61,0.73
125114,777,25,False,4-4-1-1,45.8,570,151,28,366,271,167,149,229,126,121,60,19,69,29,30,4,6,6,0,17,87,42,9,4,2,7,5,4,3,0,2,0,0,0,1,1,0,0,16,13,6,54,6,55,44,17,17,30,33,2,1,10,17,0,0,12,10.8,0,0,6,23,13,1,0,2,0,0,0,0,D,1,0,0,0,0,1,80,0.61,0.36,0.73,0.61
125115,777,7,True,4-2-3-1,43.6,570,125,20,377,288,177,156,216,136,113,65,25,63,26,16,4,1,1,0,18,96,47,10,4,3,7,7,7,5,0,3,0,2,0,1,2,1,1,29,18,10,54,6,63,37,19,14,28,29,1,5,4,10,1,0,8,13.5,0,0,4,18,24,2,0,4,0,0,1,2,L,0,1,0,0,0,3,98,0.79,0.99,1.45,0.79
125115,777,10,False,4-2-3-1,56.4,681,145,18,498,413,225,202,283,213,128,55,15,76,42,10,2,6,6,1,21,124,66,14,6,7,7,7,3,4,1,5,0,1,0,0,2,2,2,12,8,10,50,20,37,63,14,19,25,23,4,1,5,14,0,0,12,12.7,0,0,2,20,21,0,0,0,0,0,2,1,W,3,2,0,0,0,3,78,1.45,1.12,0.79,1.45
125116,777,9,True,3-4-2-1,56.1,688,134,29,465,378,266,236,216,146,87,49,24,71,38,17,4,5,5,2,31,74,46,17,6,2,15,7,0,7,2,5,0,0,0,4,5,3,2,12,6,15,38,17,43,53,11,16,22,27,4,4,5,11,0,1,9,11.2,0,0,5,16,14,2,0,0,0,0,4,0,W,3,3,1,0,0,6,191,3.67,1.63,2.02,2.89
125116,777,38,False,3-4-2-1,43.9,562,116,19,357,264,198,169,177,99,91,72,29,64,26,18,4,6,5,2,16,74,44,7,2,0,7,15,2,2,0,4,0,3,0,2,1,0,0,23,13,4,39,6,53,43,16,11,35,36,3,4,5,11,1,2,17,10.9,1,1,2,22,10,1,0,1,0,0,0,4,L,0,0,0,0,0,0,83,0.57,0.31,2.82,0.57
125117,777,1,False,4-3-3,41.4,518,132,14,348,262,149,128,211,136,119,60,22,62,32,12,2,5,5,1,17,100,36,9,3,1,8,13,2,3,1,4,0,2,0,4,2,1,0,22,14,9,44,7,43,51,13,19,26,33,3,6,3,8,0,2,12,10.3,0,0,7,14,16,2,0,4,0,0,1,3,L,0,1,0,0,0,2,88,1.79,0.78,1.36,1.79
125117,777,11,True,4-2-3-1,58.6,692,208,40,498,424,211,186,303,241,161,51,24,45,28,16,3,8,8,1,17,150,86,15,5,2,13,8,1,5,1,4,0,1,0,3,2,2,1,12,10,9,52,11,51,43,19,13,27,17,5,4,9,20,1,3,5,15.2,0,0,6,18,22,2,0,0,0,0,3,1,W,3,3,0,0,0,2,147,4.96,2.59,2.23,4.96
125118,777,23,True,4-3-3,53.5,639,196,41,436,346,196,174,259,177,160,57,22,59,30,19,5,2,2,2,22,119,67,12,3,1,11,7,5,4,0,5,0,2,0,1,1,1,0,15,8,2,43,13,58,67,24,24,25,30,5,3,7,19,0,0,11,10.1,0,0,2,20,14,2,0,1,0,0,2,4,L,0,1,0,0,0,1,63,1.6,0.68,2.99,1.6
125118,777,127,False,4-2-3-1,46.5,591,113,23,386,288,167,142,231,150,102,61,17,68,28,12,4,3,3,1,18,103,63,12,3,5,7,11,1,6,1,5,0,1,0,2,3,2,1,25,14,6,52,5,67,58,24,24,27,27,3,6,7,17,0,0,12,11.3,0,0,3,17,27,4,0,1,0,0,4,2,W,3,4,0,0,1,4,166,4.42,3.16,2.42,4.42
125119,777,15,True,4-2-3-1,51.3,680,150,24,474,389,205,192,289,202,111,53,21,73,37,20,5,4,4,0,29,133,65,10,4,2,8,3,1,4,0,5,1,1,0,0,1,2,3,22,8,5,51,14,54,44,11,13,17,26,2,1,9,17,1,0,8,14.6,0,0,4,27,15,0,0,2,3,0,4,1,W,3,4,0,0,0,2,72,1.19,0.69,0.36,1.19
125119,777,43,False,4-2-3-1,48.7,653,119,12,453,370,249,224,218,150,104,58,23,73,39,14,4,4,4,2,21,74,33,4,3,1,3,8,2,0,1,5,0,4,0,0,1,1,1,22,11,13,47,13,44,54,13,11,34,32,1,2,2,11,1,0,12,11.7,0,0,3,11,23,2,0,0,0,3,1,4,L,0,1,0,0,0,8,186,0.97,0.64,4.73,0.97
125120,777,21,True,4-3-3,42.4,534,106,32,328,263,195,175,147,91,76,42,12,50,22,14,3,7,5,1,15,108,55,13,6,3,10,8,2,4,1,5,0,2,0,2,3,1,2,14,10,11,40,6,53,56,13,23,32,21,3,3,13,21,1,1,14,14.7,0,0,3,11,21,3,0,2,0,2,2,5,L,0,2,0,0,0,1,78,1.14,0.52,0.82,1.14
125120,777,131,False,4-2-3-1,57.6,628,177,30,435,364,184,169,279,203,134,35,14,46,27,28,8,5,5,1,20,116,60,10,3,2,8,10,3,4,1,5,2,1,1,2,2,0,2,14,7,8,40,10,56,53,23,13,28,36,3,3,5,9,2,1,14,7.8,0,0,7,17,9,1,0,0,1,0,5,2,W,3,5,0,0,0,4,137,2.95,2.06,1.46,2.95
125121,777,1,True,4-3-3,45.2,571,164,27,400,323,165,149,248,176,142,47,13,54,22,13,2,7,3,0,11,86,51,11,4,5,6,6,7,2,1,4,0,0,0,0,0,0,1,15,9,10,43,7,38,47,10,18,24,22,5,5,5,12,0,0,13,15.4,0,0,2,16,13,2,0,2,0,0,1,0,W,3,1,0,0,0,3,73,0.49,0.78,1.0,0.49
125121,777,23,False,4-1-4-1,54.8,664,163,20,486,415,221,200,283,219,138,48,18,60,33,18,4,2,2,1,11,125,55,13,3,7,6,6,5,5,0,4,0,0,1,2,2,0,0,14,7,12,43,7,47,38,18,10,21,25,5,5,3,11,0,0,10,10.7,0,0,4,17,14,2,0,1,0,0,0,1,L,0,0,0,0,0,3,74,1.0,0.97,0.49,1.0
125122,777,9,False,3-4-2-1,40.1,542,113,27,315,236,139,119,189,120,88,49,23,64,30,13,3,1,1,0,19,68,31,10,3,0,10,12,5,5,0,5,1,2,0,1,0,0,0,22,14,6,48,4,64,54,28,24,62,30,2,5,8,14,0,1,10,9.7,0,0,6,14,13,0,0,1,1,0,0,0,D,1,0,0,0,0,0,0,0.0,0.0,0.0,0.0
125122,777,127,True,4-2-3-1,59.9,694,235,45,473,378,169,153,336,236,183,62,26,62,29,32,11,12,10,3,27,146,83,17,7,5,12,11,0,5,0,4,1,2,0,2,4,2,2,10,6,13,47,13,54,64,24,28,24,22,5,2,11,20,0,0,6,11.3,0,0,3,21,20,3,0,1,0,2,0,0,D,1,0,0,0,0,0,0,0.0,0.0,0.0,0.0
125123,777,4,False,5-4-1,47.1,648,115,15,475,400,249,223,238,179,101,43,15,58,31,12,2,5,5,2,19,107,48,6,0,3,3,13,2,2,0,4,0,3,0,0,0,0,0,7,3,8,37,7,41,40,11,15,25,17,4,4,8,15,1,2,6,22.1,0,0,3,6,18,1,0,4,0,0,0,0,D,1,0,0,0,0,0,0,0.0,0.0,0.0,0.0
125123,777,131,True,4-2-3-1,52.9,693,185,31,532,456,276,264,279,195,155,55,21,69,37,23,3,6,4,1,17,123,75,15,9,2,13,3,3,4,1,5,1,0,0,2,4,3,2,14,8,8,46,3,40,41,15,11,20,34,2,4,5,9,0,0,15,10.9,0,0,9,20,11,1,0,0,0,0,0,0,D,1,0,0,0,0,0,0,0.0,0.0,0.0,0.0
125124,777,11,False,4-2-3-1,65.5,874,323,73,689,620,252,238,449,383,264,24,9,50,40,12,1,11,5,1,16,228,134,28,9,9,19,6,3,9,1,2,0,0,0,3,3,1,1,11,10,13,52,8,42,49,10,8,17,29,10,4,11,27,0,1,12,11.0,0,0,7,31,13,0,0,1,0,0,0,0,D,1,0,0,0,0,0,0,0.0,0.0,0.0,0.0
125124,777,43,True,5-4-1,34.5,553,77,21,356,281,236,210,129,73,53,61,18,60,28,9,2,3,3,1,10,89,34,9,1,3,6,19,9,4,0,5,0,1,0,1,1,0,0,24,13,12,50,8,49,42,8,10,29,21,4,9,6,9,0,3,10,18.2,0,0,2,12,30,0,0,4,0,0,0,0,D,1,0,0,0,0,0,0,0.0,0.0,0.0,0.0
125125,777,2,False,4-2-3-1,61.1,704,145,16,529,456,283,260,264,197,128,44,24,65,45,18,1,5,3,0,23,135,69,10,1,4,6,6,7,8,0,5,0,1,0,1,1,0,0,13,10,6,39,14,41,56,10,20,9,23,1,5,6,10,0,1,12,10.3,0,0,2,12,14,2,0,0,0,0,0,1,L,0,0,0,0,0,5,47,0.93,0.34,1.18,0.93
125125,777,34,True,4-2-3-1,38.9,527,116,19,337,276,153,138,199,142,95,36,16,42,26,15,4,2,1,0,13,106,59,13,6,7,6,6,4,2,1,4,0,0,0,1,1,1,0,18,12,16,38,4,56,41,20,10,25,44,5,1,7,16,0,0,14,9.6,0,0,6,14,14,2,0,7,0,0,1,0,W,3,1,0,0,0,1,81,1.23,0.6,0.93,1.23
125126,777,6,False,3-4-2-1,46.6,566,101,25,400,326,205,195,213,137,89,55,24,66,36,18,6,8,7,4,16,101,63,14,7,3,11,6,3,6,0,3,0,3,0,5,5,0,0,13,10,9,38,5,42,45,14,22,29,20,1,4,6,10,0,0,10,17.6,0,0,2,17,16,3,0,4,0,0,1,3,L,0,1,0,0,0,0,72,2.27,0.99,1.15,2.27
125126,777,10,True,4-2-3-1,53.4,619,128,32,465,378,232,215,245,167,117,58,27,75,46,12,4,5,4,1,10,120,50,9,3,3,6,11,3,2,2,4,0,0,1,0,3,3,3,9,6,4,44,8,45,42,22,14,36,23,4,1,4,9,0,3,10,14.6,0,0,1,21,14,1,0,1,0,0,3,1,W,3,3,0,0,0,5,74,1.13,0.52,2.26,1.13
125127,777,12,True,4-2-3-1,44.8,614,120,21,414,340,208,185,221,158,98,54,29,58,34,15,3,7,6,2,10,87,57,11,6,4,7,9,3,5,2,4,0,0,1,2,4,2,2,29,15,8,48,7,68,32,23,9,45,24,0,4,7,9,0,1,6,13.2,0,0,2,14,23,2,0,1,0,0,2,1,W,3,2,0,0,0,5,114,1.28,1.31,1.43,1.28
125127,777,130,False,4-2-3-1,55.2,701,241,42,497,433,192,185,338,256,180,45,24,60,38,33,8,8,7,1,11,151,81,12,4,3,9,7,4,4,0,1,0,2,0,2,1,0,1,9,5,15,53,13,32,68,9,23,21,33,4,1,8,24,0,2,9,9.8,0,0,2,29,19,4,0,2,0,0,1,2,L,0,1,0,0,0,3,71,1.43,1.25,1.27,1.43
125128,777,15,False,4-4-2,38.9,473,110,17,273,199,117,98,172,105,90,49,21,50,19,16,4,6,4,0,16,55,34,10,6,4,6,7,7,2,4,5,0,0,0,0,2,3,3,15,9,7,41,6,50,50,19,17,53,23,2,7,3,6,0,0,15,12.8,0,0,7,14,15,5,0,1,0,0,5,0,W,3,4,0,0,0,4,108,1.11,0.49,0.7,1.11
125128,777,29,True,4-2-3-1,61.1,628,198,34,436,358,161,143,297,219,159,51,20,69,43,22,4,3,3,1,21,135,65,14,4,7,7,7,4,3,0,2,0,5,0,0,0,0,0,9,8,8,35,5,50,50,17,19,20,25,7,2,9,19,1,0,13,8.1,0,0,6,12,15,2,0,1,0,0,0,5,L,0,0,0,0,1,2,55,0.72,1.51,1.1,0.72
125129,777,7,False,4-2-3-1,56.0,653,171,28,477,397,195,169,301,229,141,51,24,63,44,19,1,4,3,1,23,138,74,11,3,3,8,9,1,3,0,3,0,2,0,1,1,0,1,17,10,6,39,15,58,59,22,15,21,21,5,3,10,17,0,1,11,13.2,0,0,4,13,17,4,0,2,0,0,1,2,L,0,1,0,0,0,1,73,1.55,2.09,1.17,1.55
125129,777,25,True,4-4-1-1,44.0,578,145,23,374,301,167,149,219,156,119,57,18,57,28,12,4,3,3,2,16,115,60,10,3,1,9,8,3,4,0,3,1,1,0,1,3,2,2,22,14,10,43,6,59,58,15,22,27,32,3,6,12,23,0,1,9,10.4,0,0,1,17,18,3,0,1,0,0,2,1,W,3,2,0,0,0,1,82,1.18,1.62,1.45,1.18
125130,777,21,False,4-2-3-1,59.1,700,180,24,468,401,194,179,290,223,139,56,36,62,46,16,1,5,4,2,16,117,63,11,2,5,6,6,5,7,0,5,1,0,0,1,2,1,1,29,19,15,47,16,69,69,21,13,23,42,2,4,12,28,0,0,14,6.1,0,0,9,19,16,4,0,2,0,0,1,0,W,3,1,0,0,0,2,98,0.93,0.37,0.7,0.93
125130,777,38,True,3-4-2-1,40.9,541,115,14,309,234,158,131,172,112,73,48,18,59,34,21,9,5,4,1,28,83,41,11,2,5,6,6,5,5,0,4,0,1,0,1,1,0,0,32,22,6,39,15,69,69,13,21,22,27,4,2,10,24,0,0,8,12.2,0,0,1,11,19,3,0,1,0,0,0,1,L,0,0,0,0,0,1,75,0.71,0.6,0.92,0.71
125131,777,1,True,4-2-3-1,53.8,690,184,36,511,453,263,250,257,206,127,48,23,59,35,9,3,3,3,2,15,126,57,18,9,4,14,5,5,6,3,5,0,0,0,4,6,2,3,6,2,11,51,15,44,45,14,14,15,24,3,6,12,19,0,0,7,13.8,0,0,7,27,14,0,0,7,0,0,3,0,W,3,3,0,0,0,1,64,3.27,2.44,0.37,3.27
125131,777,34,False,4-2-3-1,46.2,581,109,12,433,359,233,204,212,156,96,40,13,41,18,12,1,4,4,1,12,99,52,10,1,5,5,14,4,3,0,5,0,3,0,0,0,0,0,22,16,5,45,5,45,44,14,14,20,26,6,3,3,4,0,4,12,14.0,0,0,1,20,18,1,0,0,0,0,0,3,L,0,0,0,0,0,6,67,0.38,0.37,3.23,0.38
125132,777,2,True,4-2-3-1,44.8,546,122,9,374,312,214,190,173,124,83,25,9,44,31,13,2,5,4,1,21,122,63,5,1,3,2,6,4,1,0,3,1,1,1,1,1,0,1,19,12,5,40,15,45,46,8,5,14,36,3,2,6,14,0,1,12,10.0,0,0,1,21,13,2,0,2,0,0,1,2,L,0,1,0,0,0,3,59,0.33,0.35,0.99,0.33
125132,777,21,False,4-2-3-1,55.2,650,130,18,466,400,253,235,226,173,97,44,14,59,33,13,8,5,5,3,17,127,64,10,5,4,6,2,3,3,2,4,0,1,0,1,2,1,1,23,13,10,42,6,46,45,5,8,16,28,2,3,7,20,0,0,12,11.0,0,0,5,20,16,5,0,4,0,0,2,1,W,3,2,0,0,0,0,78,0.98,0.71,0.32,0.98
125133,777,6,False,3-4-3,50.2,595,123,21,405,314,212,186,204,131,107,66,24,60,28,11,3,1,1,1,18,121,64,7,1,1,6,11,6,5,0,5,0,3,0,1,1,0,0,22,9,4,52,10,54,63,16,19,31,25,1,6,6,14,1,0,11,11.3,1,1,4,15,25,2,0,0,0,0,0,3,L,0,0,0,0,1,3,84,0.89,0.91,2.08,0.89
125133,777,127,True,4-2-3-1,49.8,602,153,32,391,320,176,167,234,158,110,45,13,64,36,19,5,7,7,1,16,110,72,16,5,6,10,6,1,5,2,5,0,0,0,0,1,2,1,17,10,9,61,11,63,54,19,16,26,26,6,1,15,26,0,0,10,12.1,0,0,8,25,22,0,0,3,0,0,3,0,W,3,1,1,0,0,1,87,2.08,1.34,0.89,1.3
125134,777,25,False,4-4-1-1,51.6,528,135,23,348,269,130,112,239,164,120,56,26,59,31,21,7,6,6,3,23,89,41,13,4,5,8,8,7,9,0,5,0,3,0,1,1,0,0,25,15,8,41,9,56,56,20,19,19,26,0,3,5,15,0,2,12,9.7,1,1,3,19,11,3,0,1,0,0,0,3,L,0,0,0,0,1,4,75,0.92,0.54,2.27,0.92
125134,777,130,True,4-2-3-1,48.4,512,125,23,333,263,146,127,200,141,94,50,22,55,27,13,5,2,2,0,19,81,51,14,6,7,7,8,5,5,1,4,0,0,0,3,2,1,1,19,12,5,42,7,56,56,19,20,20,22,3,0,7,25,0,0,8,11.6,0,0,3,11,21,1,0,0,0,0,3,0,W,3,1,1,0,0,4,62,2.28,1.08,0.92,1.5
125135,777,4,True,4-2-3-1,67.0,843,287,37,659,597,276,263,418,344,216,33,18,65,50,35,10,10,6,2,19,190,91,21,5,9,12,6,0,8,0,4,0,3,0,1,1,1,1,14,6,7,49,11,43,49,15,11,9,28,8,0,6,17,0,0,12,10.3,1,1,7,24,15,3,0,1,0,0,1,3,L,0,1,0,1,0,1,51,2.16,0.95,2.05,1.38
125135,777,15,False,4-4-2,33.0,505,71,17,334,267,208,185,130,83,58,49,16,53,22,4,1,1,0,0,11,67,33,6,4,0,6,12,9,1,2,6,0,1,0,0,2,3,2,22,10,10,37,10,49,43,11,15,25,17,1,8,4,8,0,1,10,25.1,1,0,1,12,19,1,0,2,0,0,3,1,W,3,2,1,0,0,4,82,2.05,0.91,2.15,1.27
125136,777,7,True,4-2-3-1,24.5,381,83,16,201,138,82,75,126,66,61,45,18,54,22,7,3,5,5,3,18,50,27,14,6,4,10,13,8,2,0,4,2,2,1,1,2,3,1,26,13,4,41,11,52,64,18,15,22,21,6,9,3,10,0,0,15,17.2,0,0,4,15,13,4,0,4,1,2,3,3,D,1,3,0,0,0,1,78,2.77,0.26,1.45,2.77
125136,777,11,False,4-2-3-1,75.5,844,305,48,629,568,247,221,405,352,251,36,16,40,30,23,5,9,5,1,19,193,109,21,4,8,13,10,4,8,1,3,0,3,0,0,1,1,3,18,12,2,45,9,64,52,15,18,20,18,9,6,16,33,1,1,5,8.9,0,0,0,20,19,1,0,0,1,2,3,3,D,1,3,0,0,0,3,61,1.46,1.55,2.77,1.46
125137,777,9,True,3-5-2,47.6,608,150,26,452,359,231,211,241,154,123,58,25,60,25,20,6,5,5,2,14,102,65,18,8,7,11,5,4,5,1,5,0,1,0,0,1,2,2,10,7,12,50,8,45,53,23,21,13,36,5,3,2,7,0,0,12,12.0,0,0,5,26,14,4,0,0,0,0,3,1,W,3,3,0,0,0,2,59,1.64,0.76,0.57,1.64
125137,777,43,False,5-4-1,52.4,692,104,17,508,421,304,274,212,152,101,50,20,61,25,8,5,0,0,0,22,101,57,9,3,4,5,11,7,2,0,5,0,2,1,0,0,0,1,13,6,8,47,4,53,45,21,23,33,23,4,5,7,13,0,0,12,15.0,0,0,1,14,24,3,0,1,0,0,1,3,L,0,1,0,0,0,5,71,0.57,0.52,1.64,0.57
125138,777,10,False,4-2-2-2,62.8,801,222,21,613,541,230,213,397,332,176,35,13,55,36,14,4,2,2,1,16,155,76,13,5,6,7,14,4,5,0,3,0,2,1,0,1,1,1,8,4,10,45,4,40,49,10,13,14,26,3,6,10,25,0,2,11,10.3,0,0,6,13,19,2,0,3,0,0,2,3,L,0,2,0,0,0,3,63,0.88,0.64,2.34,0.88
125138,777,12,True,4-2-3-1,37.2,538,112,30,362,287,175,153,200,141,99,44,19,51,28,13,7,3,3,2,9,70,48,18,6,4,14,7,6,6,2,4,0,2,0,2,2,1,0,19,12,16,50,2,49,40,13,10,22,27,6,3,7,13,2,0,12,14.2,0,0,3,23,18,2,0,3,0,0,3,2,W,3,3,0,0,0,3,88,2.35,1.69,0.89,2.35
125139,777,23,True,4-2-3-1,32.3,436,88,24,237,164,120,100,130,69,56,46,18,56,27,13,5,2,2,1,13,66,33,13,6,1,12,10,3,6,2,4,1,1,0,3,5,2,3,11,9,6,46,6,53,35,22,10,44,14,1,3,9,14,0,1,10,24.6,0,0,3,9,21,3,0,1,0,0,3,1,W,3,3,0,0,0,3,87,3.16,1.18,1.53,3.16
125139,777,131,False,4-2-3-1,67.7,687,221,28,506,426,209,193,335,239,178,63,23,65,34,38,6,10,8,2,22,144,76,13,4,3,10,12,1,6,0,5,0,3,0,3,4,1,1,11,9,3,47,4,35,53,10,22,18,22,3,1,6,13,2,2,12,9.8,0,0,7,22,13,3,0,1,0,0,1,3,L,0,1,0,0,0,4,56,1.52,0.79,3.16,1.52
125140,777,29,False,4-2-3-1,42.4,496,151,18,327,249,114,102,229,150,139,59,30,58,25,16,3,3,3,2,16,74,39,10,2,2,8,13,7,3,1,3,0,1,0,0,1,1,1,17,10,9,44,6,50,53,17,24,23,22,5,4,5,11,0,1,11,14.0,0,0,5,11,20,4,1,0,0,2,1,1,D,1,1,0,0,0,6,76,0.66,0.72,1.72,0.66
125140,777,38,True,3-4-2-1,57.6,636,182,42,438,377,196,178,271,211,128,40,23,47,31,29,12,6,5,3,14,142,83,20,7,7,13,8,2,8,0,3,0,1,0,2,3,1,1,12,5,6,48,13,53,50,24,17,28,22,5,5,6,10,0,0,11,9.6,0,0,2,15,24,0,0,1,1,0,1,1,D,1,1,0,0,0,0,69,1.74,1.76,0.66,1.74
125141,777,38,False,3-4-2-1,28.2,401,51,15,225,154,124,104,107,53,49,53,14,53,19,6,3,1,1,0,13,46,23,5,1,1,4,10,4,4,0,5,0,3,0,2,2,0,0,17,7,13,39,11,43,47,8,13,32,13,0,1,9,13,1,1,11,35.2,0,0,2,16,12,2,0,3,0,0,0,3,L,0,0,0,0,0,0,78,0.5,0.55,1.62,0.5
125141,777,131,True,4-2-3-1,71.8,761,178,36,578,498,315,299,288,207,134,55,28,79,49,25,8,7,7,3,24,161,67,14,6,4,10,4,1,5,2,5,0,0,0,1,3,3,2,15,10,10,41,8,47,43,13,8,7,33,3,0,8,17,0,0,9,6.3,0,0,2,19,13,1,0,1,0,0,3,0,W,3,3,0,0,0,1,48,1.62,1.57,0.49,1.62
125142,777,2,False,4-2-3-1,66.5,717,166,31,528,456,279,257,275,205,123,38,17,60,41,26,6,8,7,2,21,135,70,18,7,8,10,7,8,6,1,5,0,2,0,2,3,1,2,13,8,5,50,11,41,39,6,5,13,19,5,5,4,14,1,0,8,10.5,0,0,6,17,21,1,0,1,1,2,2,2,D,1,2,0,0,0,4,61,1.43,1.08,1.79,1.43
125142,777,43,True,4-2-3-1,33.5,446,113,21,260,192,121,102,154,93,75,42,12,42,14,15,3,2,2,0,14,76,41,15,6,8,7,10,8,4,1,5,0,2,0,2,2,1,1,21,13,9,47,7,39,41,5,6,31,32,5,5,5,11,0,0,18,12.9,0,0,7,14,19,1,0,1,1,2,2,2,D,1,2,0,0,0,5,92,1.81,0.77,1.44,1.81
125143,777,6,True,3-4-2-1,59.3,681,193,28,467,387,179,154,310,241,146,51,20,65,42,22,8,5,5,2,13,124,77,21,8,6,15,10,3,8,1,2,1,2,0,5,4,1,0,21,9,4,43,8,71,72,35,38,31,26,5,2,2,8,0,2,5,8.4,0,0,0,19,17,0,0,1,1,0,2,2,D,1,2,0,0,0,6,163,3.25,2.53,3.15,3.25
125143,777,7,False,4-2-3-1,40.7,523,168,42,315,232,114,99,221,139,126,53,19,63,26,20,6,10,10,3,16,85,47,13,6,3,10,15,6,3,1,3,0,2,0,2,3,2,1,14,7,6,33,10,72,71,38,35,25,21,4,5,15,26,0,3,13,14.8,0,0,3,14,9,2,0,2,0,2,2,2,D,1,2,0,0,0,6,66,1.59,1.26,2.56,1.59
125144,777,34,True,4-2-3-1,59.6,690,167,33,520,456,250,240,298,219,125,38,23,62,44,28,3,11,9,1,14,195,109,14,2,3,11,5,5,6,0,5,0,0,1,1,1,0,0,16,12,5,40,6,57,39,13,11,9,20,6,3,7,12,0,1,12,14.3,0,0,1,13,17,4,1,1,0,0,0,1,L,0,0,0,0,0,3,47,1.32,0.74,0.82,1.32
125144,777,127,False,4-2-3-1,40.4,539,96,17,359,308,194,183,174,128,81,55,25,62,35,9,3,2,2,0,7,95,60,10,5,5,5,11,3,3,0,5,0,0,0,2,1,0,1,11,8,5,49,12,39,57,11,13,33,25,2,6,5,9,0,0,21,15.8,0,0,5,14,23,2,1,3,0,0,1,0,W,3,1,0,0,0,2,80,0.81,0.28,1.33,0.81
125145,777,4,False,4-2-3-1,51.6,680,139,22,515,446,241,232,281,216,122,43,11,69,39,7,2,2,0,0,17,124,50,6,3,2,4,5,3,2,1,1,0,0,1,1,1,0,0,20,10,10,40,6,55,42,9,8,14,39,1,1,9,13,0,0,17,10.1,0,0,3,18,11,4,0,2,1,0,1,1,D,1,1,0,0,0,2,54,0.49,0.41,0.56,0.49
125145,777,10,True,4-2-3-1,48.4,634,123,24,473,398,277,256,212,148,99,44,15,68,38,16,6,5,3,2,16,128,68,8,3,3,5,4,2,4,1,3,0,0,1,1,1,0,1,10,6,6,39,10,42,55,8,9,10,27,1,1,8,18,0,1,17,14.4,0,0,7,9,14,2,0,2,0,2,1,1,D,1,1,0,0,0,2,43,0.55,0.43,0.5,0.55
125146,777,11,True,4-2-3-1,58.4,692,273,61,474,409,183,166,310,248,194,35,17,34,22,19,5,10,4,1,22,179,107,25,10,10,15,2,2,7,0,3,1,0,0,5,4,1,1,14,8,5,44,16,63,52,14,12,30,25,8,1,21,29,0,1,8,10.7,0,0,4,20,16,4,0,0,0,0,6,0,W,3,6,0,0,0,4,117,4.56,2.75,0.92,4.56
125146,777,130,False,4-4-2,41.6,512,94,11,337,259,175,160,174,100,94,58,19,51,19,12,1,2,1,0,9,73,44,4,2,2,2,15,10,1,0,3,0,3,0,2,2,0,0,24,14,11,47,5,52,63,12,14,29,29,1,7,8,17,1,4,14,9.3,0,0,4,13,22,2,0,2,0,0,0,6,L,0,0,0,0,0,7,92,0.24,0.3,2.98,0.24
125147,777,15,True,3-4-2-1,46.2,610,140,24,421,343,234,211,201,135,114,55,17,56,23,14,3,2,1,1,16,107,58,17,6,6,11,7,9,5,0,5,0,1,0,1,1,1,1,16,8,5,56,6,43,56,7,15,26,20,6,4,9,20,0,2,16,17.0,0,0,2,17,28,2,0,1,1,0,1,1,D,1,1,0,0,0,5,78,1.11,0.7,1.48,1.11
125147,777,23,False,4-2-3-1,53.8,694,207,28,495,421,237,221,272,204,172,35,15,54,38,14,4,1,1,0,18,117,59,16,6,9,7,11,6,6,0,4,1,1,0,3,3,1,1,17,9,9,50,7,56,43,15,7,28,34,4,6,8,17,0,1,11,9.8,0,0,9,17,20,0,0,0,0,2,1,1,D,1,1,0,0,0,5,87,1.47,1.31,1.1,1.47
125148,777,12,False,4-2-3-1,49.0,647,155,21,478,392,225,195,269,201,128,56,28,53,31,16,4,7,6,1,13,93,48,11,1,5,6,9,6,5,0,2,0,0,0,0,0,0,0,14,10,11,46,6,38,44,8,17,24,24,5,5,5,9,0,2,12,14.2,0,0,3,18,20,3,0,0,0,0,0,0,D,1,0,0,0,0,4,76,0.62,0.59,1.25,0.62
125148,777,29,True,4-2-3-1,51.0,670,168,27,493,414,216,200,294,216,150,37,18,55,33,17,2,6,4,1,8,119,68,15,4,6,9,6,5,6,0,2,0,0,0,2,2,0,0,10,8,10,56,5,44,38,17,8,22,25,5,5,6,15,0,0,12,13.3,0,0,9,20,22,0,0,1,0,0,0,0,D,1,0,0,0,0,1,76,1.25,1.01,0.62,1.25
125149,777,9,False,3-5-2,43.0,546,108,13,336,243,150,121,200,128,99,54,21,60,29,14,6,2,1,1,16,46,22,11,4,5,6,13,3,6,0,4,0,0,1,1,1,1,0,25,19,9,40,13,62,65,21,26,47,33,1,6,5,13,0,0,7,9.5,0,0,3,21,12,1,0,3,1,0,1,1,D,1,0,1,0,0,1,109,1.35,0.56,1.27,0.57
125149,777,21,True,4-2-3-1,57.0,661,183,34,431,345,209,185,252,169,126,49,21,55,29,30,9,14,13,5,18,126,69,16,3,3,13,6,5,8,0,3,0,1,0,2,1,0,0,21,14,11,47,16,65,62,26,21,21,33,5,1,12,21,0,0,12,7.7,1,1,5,19,20,3,0,1,0,2,1,1,D,1,1,0,0,0,3,79,1.27,0.92,1.34,1.27
125150,777,1,False,4-2-3-1,63.6,675,174,27,500,416,196,175,321,245,145,49,14,58,25,17,4,3,3,2,20,102,55,15,4,6,9,6,3,6,0,5,0,0,0,3,2,0,1,8,4,3,36,7,35,51,11,17,26,26,5,4,2,10,0,2,12,8.3,0,0,1,18,12,4,0,0,0,0,1,0,W,3,1,0,0,0,3,54,1.19,1.1,1.15,1.19
125150,777,25,True,3-4-2-1,36.4,458,93,15,283,187,119,93,178,96,96,63,17,59,15,14,2,4,4,1,19,67,32,9,3,3,6,9,6,2,0,2,0,1,0,2,2,0,0,15,7,5,34,5,51,35,17,11,24,25,4,7,8,11,0,2,14,13.4,0,0,1,10,16,3,0,0,0,0,0,1,L,0,0,0,0,0,1,62,1.16,0.86,1.18,1.16
125151,777,1,True,4-3-3,60.4,683,226,38,513,444,188,166,338,280,194,43,18,65,44,13,2,3,1,1,22,134,76,13,3,4,9,2,3,7,1,5,0,0,0,0,1,1,1,17,9,2,41,13,48,41,13,9,15,20,3,1,3,11,0,0,7,14.3,0,0,5,19,12,1,0,1,0,0,1,0,W,3,1,0,0,0,0,63,1.29,1.18,0.19,1.29
125151,777,43,False,4-2-3-1,39.6,492,62,7,336,266,194,177,152,93,67,60,23,61,30,10,4,3,2,1,10,80,41,5,0,3,2,9,4,4,0,5,0,1,0,0,0,0,0,21,11,7,38,8,41,48,9,13,24,20,1,3,4,13,0,0,16,15.2,0,0,4,4,26,3,0,0,0,0,0,1,L,0,0,0,0,0,2,72,0.19,0.23,1.29,0.19
125152,777,2,True,4-2-3-1,44.7,521,144,19,365,299,190,174,186,126,112,47,21,42,22,11,1,4,4,1,19,87,50,14,9,5,9,10,6,2,1,4,0,2,0,3,3,2,3,11,9,5,35,4,38,43,10,16,24,20,3,3,8,13,0,0,12,15.9,0,0,5,10,14,3,0,2,0,0,4,2,W,3,4,0,0,0,3,60,2.26,0.66,1.43,2.26
125152,777,10,False,4-2-3-1,55.3,612,173,32,443,384,205,187,262,206,132,34,17,40,25,24,9,9,6,4,14,108,61,16,5,6,10,9,5,8,0,3,0,3,1,1,2,2,2,9,6,9,39,4,43,38,16,10,16,17,3,3,6,13,1,3,9,15.5,0,0,2,13,19,1,0,3,0,0,2,4,L,0,2,0,0,0,5,55,1.45,0.85,1.85,1.45
125153,777,11,False,4-1-4-1,54.3,722,199,45,536,464,257,245,296,221,160,45,24,60,35,17,2,6,5,1,14,166,96,14,5,4,10,6,4,3,0,4,0,1,0,1,1,0,0,5,4,6,54,9,50,41,13,12,18,19,6,2,17,26,0,1,7,18.4,0,0,4,22,23,2,0,2,1,0,1,1,D,1,1,0,0,0,2,56,1.7,1.84,1.99,1.7
125153,777,127,True,4-2-3-1,45.7,619,125,16,446,361,225,202,235,162,102,50,15,70,31,14,3,7,7,1,19,124,67,10,2,4,6,10,4,5,1,4,0,1,0,3,3,0,1,18,7,2,52,2,41,50,12,13,36,32,3,7,4,7,0,1,16,11.8,0,0,5,14,24,4,0,2,0,2,1,1,D,1,1,0,0,0,3,93,2.0,0.99,1.67,2.0
125154,777,6,False,3-4-2-1,41.8,522,134,27,344,229,139,104,217,129,119,72,19,73,24,12,4,4,3,1,19,70,25,16,5,6,10,11,3,5,1,5,0,2,0,1,1,1,1,18,11,13,56,4,46,43,21,27,43,14,6,3,2,3,0,0,5,25.7,0,0,6,16,26,3,0,1,0,2,2,2,D,1,1,1,0,0,1,99,1.75,0.96,1.71,0.97
125154,777,130,True,4-2-3-1,58.2,672,176,29,467,372,222,210,267,165,143,60,27,70,41,22,3,9,8,3,16,142,66,14,3,3,11,10,6,8,1,4,0,1,1,0,1,1,1,5,4,7,67,8,43,46,27,21,40,17,3,6,6,16,1,0,7,13.9,1,1,4,27,26,1,0,2,1,0,2,2,D,1,2,0,0,0,3,85,1.72,1.32,1.72,1.72
125155,777,4,True,4-2-3-1,44.2,610,94,11,432,360,272,249,170,112,74,45,15,60,29,10,1,3,3,0,16,71,36,9,4,5,4,8,1,3,1,5,0,1,0,0,1,1,2,19,14,14,47,9,52,49,10,10,10,38,2,1,5,10,0,1,11,10.7,0,0,3,16,19,4,0,1,0,0,2,1,W,3,2,0,0,0,2,68,0.62,0.65,1.72,0.62
125155,777,21,False,4-2-3-1,55.8,726,146,25,546,479,298,278,264,205,116,42,23,57,42,16,4,4,3,1,17,113,57,9,3,1,8,4,5,5,0,3,0,1,1,3,4,1,1,14,9,11,47,12,49,52,10,10,14,38,1,2,14,21,1,0,18,9.9,0,0,4,23,15,3,0,1,0,0,1,2,L,0,1,0,0,0,2,64,1.72,0.66,0.63,1.72
125156,777,7,True,4-2-3-1,47.5,580,160,15,407,346,164,157,261,196,146,56,18,66,27,18,7,3,2,1,20,85,38,10,4,4,6,5,2,4,1,4,0,3,0,2,2,0,1,13,9,10,40,5,40,39,14,13,35,23,2,0,5,10,2,0,14,14.8,0,0,3,10,21,3,0,0,0,3,1,3,L,0,1,0,0,0,0,68,1.04,1.36,0.76,1.04
125156,777,29,False,4-2-3-1,52.5,615,148,12,451,384,215,201,256,185,118,42,17,65,38,20,2,2,2,0,18,88,47,7,3,2,5,6,4,4,0,5,1,0,1,0,2,2,3,10,6,3,43,8,39,40,13,14,30,18,0,2,3,8,0,1,9,15.0,0,0,0,12,26,0,0,1,3,0,3,1,W,3,3,0,0,0,3,64,0.77,0.73,1.04,0.77
125157,777,9,True,3-5-2,33.7,458,113,17,280,188,115,89,185,102,97,56,17,63,26,20,3,7,7,1,19,49,27,7,1,4,3,15,4,3,0,5,0,0,0,0,0,1,0,12,5,3,37,4,46,44,20,24,37,17,3,6,8,10,0,0,9,22.6,0,0,3,11,15,1,0,3,0,0,1,0,W,3,1,0,0,0,7,76,0.39,0.37,3.06,0.39
125157,777,131,False,4-2-3-1,66.3,764,212,39,556,471,238,216,354,268,155,46,13,62,32,36,13,8,8,5,19,167,89,19,8,4,15,3,4,6,0,5,0,1,0,3,3,0,0,6,3,6,43,7,44,46,24,20,34,22,5,3,6,11,1,0,7,9.5,0,0,5,20,9,0,0,2,0,0,0,1,L,0,0,0,0,0,1,68,3.07,2.95,0.39,3.07
125158,777,12,True,4-2-3-1,48.1,642,203,45,438,383,207,189,247,201,134,45,31,45,37,16,7,7,6,1,13,117,72,29,8,8,21,11,0,9,1,3,0,2,0,5,4,2,1,16,9,10,52,10,42,47,12,6,32,34,12,3,9,19,0,2,11,10.4,0,0,3,13,30,2,0,0,0,0,3,2,W,3,3,0,0,0,2,82,4.56,2.4,1.88,4.56
125158,777,15,False,4-4-2,51.9,665,148,23,472,398,234,209,258,195,112,40,15,50,32,20,6,6,4,1,21,124,70,11,4,0,11,21,8,4,0,5,0,3,0,2,3,2,2,20,13,12,50,4,47,42,6,12,18,22,3,12,11,23,1,1,5,13.8,0,0,8,16,22,1,0,1,0,0,2,3,L,0,2,0,0,0,5,94,1.88,1.56,4.57,1.88
125159,777,23,True,4-2-3-1,55.2,708,195,43,503,414,237,212,284,206,163,49,19,60,32,18,4,9,5,1,27,122,75,15,7,6,9,10,5,2,2,5,0,0,1,0,3,3,3,24,17,8,49,13,48,51,8,15,14,23,6,4,6,13,0,1,8,12.4,0,0,4,12,22,1,0,2,0,0,3,1,W,3,3,0,0,0,7,76,1.73,1.62,0.95,1.73
125159,777,25,False,3-4-2-1,44.8,619,177,34,410,340,156,139,271,207,139,52,20,59,29,17,6,1,1,0,20,121,65,15,8,5,10,9,6,3,0,3,1,2,1,1,1,0,1,20,14,9,51,13,51,48,15,8,19,34,4,6,8,19,2,0,11,10.8,0,0,10,20,16,3,0,2,0,0,1,3,L,0,1,0,0,0,4,78,0.95,0.84,1.73,0.95
125160,777,34,False,4-2-3-1,68.9,784,194,35,592,512,303,277,309,239,162,37,19,51,35,20,4,6,4,1,16,178,97,13,5,5,8,7,4,5,1,5,0,0,1,1,1,1,0,19,11,10,57,11,59,38,11,9,24,20,3,0,10,15,0,0,8,10.2,0,0,1,29,19,0,0,2,1,0,1,1,D,1,0,1,0,0,2,78,1.6,0.9,1.4,0.82
125160,777,38,True,4-2-3-1,31.1,441,107,20,261,181,113,100,162,87,90,52,19,58,23,14,6,3,3,2,14,56,31,11,3,4,7,8,5,8,1,4,0,1,0,3,3,0,1,16,11,12,58,11,38,59,9,11,22,33,0,3,5,13,0,0,20,12.7,1,1,8,18,23,1,0,1,0,2,1,1,D,1,1,0,0,0,4,86,1.39,0.89,1.59,1.39
125161,777,12,False,4-2-3-1,47.6,604,132,32,450,372,208,177,253,196,111,55,22,61,33,11,1,3,3,1,12,107,60,11,7,4,7,9,4,3,2,5,0,0,0,1,4,3,3,18,12,10,48,9,40,40,4,13,14,18,1,3,7,15,0,0,8,19.1,0,0,2,18,23,1,0,0,0,0,3,0,W,3,3,0,0,0,2,75,1.66,1.3,0.79,1.66
125161,777,131,True,4-2-3-1,52.4,658,191,32,484,415,235,220,269,199,144,37,18,52,34,20,4,0,0,0,16,154,93,13,2,4,9,7,4,6,0,5,0,3,0,0,0,0,0,17,12,8,49,10,40,40,13,4,12,41,5,1,2,10,0,1,11,8.1,0,0,7,21,14,0,0,1,0,0,0,3,L,0,0,0,0,0,5,66,0.78,0.74,1.66,0.78
125162,777,38,False,3-4-2-1,29.6,423,104,26,225,163,105,88,142,83,63,45,13,51,23,22,8,7,7,5,13,68,43,16,4,6,10,7,9,5,1,5,0,0,1,3,3,1,0,17,10,9,56,3,42,40,11,13,28,26,7,6,5,11,0,2,11,14.0,0,0,2,12,30,2,0,3,0,2,1,1,D,1,0,1,0,0,7,80,2.1,1.11,0.98,1.32
125162,777,43,True,4-2-3-1,70.4,751,234,33,569,498,246,223,351,281,191,53,31,42,30,28,6,7,6,2,15,183,95,16,8,9,7,10,6,2,0,5,0,1,0,2,2,0,1,9,8,7,55,7,40,42,13,11,13,18,6,6,8,18,0,3,10,10.6,1,1,7,19,24,2,0,0,1,0,1,1,D,1,1,0,0,0,3,58,0.98,1.0,2.09,0.98
125163,777,1,False,4-2-3-1,60.3,688,190,41,518,460,197,188,334,277,157,36,14,71,49,13,5,4,4,1,16,116,68,17,7,3,14,8,0,6,1,5,0,1,0,7,6,0,2,7,3,5,42,7,40,42,14,11,28,22,4,1,12,17,0,2,12,11.1,0,0,2,19,14,1,0,0,0,0,2,1,W,3,2,0,0,0,2,59,2.53,1.25,0.98,2.53
125163,777,6,True,3-4-2-1,39.7,491,106,21,328,261,140,131,206,134,93,47,18,59,29,18,4,3,3,0,12,92,45,8,3,0,8,14,3,3,0,5,1,2,0,2,3,1,1,12,4,10,44,2,42,40,11,14,23,21,2,4,7,12,0,3,9,16.3,0,0,1,14,19,0,0,1,0,0,1,2,L,0,1,0,0,0,5,68,0.98,0.84,2.53,0.98
125164,777,23,False,3-5-2,55.1,682,123,19,508,445,283,265,241,182,101,45,18,68,44,16,2,6,4,0,11,140,80,7,2,3,4,10,11,3,0,5,0,1,1,0,0,0,0,14,11,10,42,9,45,43,16,12,19,21,2,6,2,9,0,0,6,13.8,0,0,2,12,16,2,0,1,0,0,0,2,L,0,0,0,0,0,4,62,0.3,0.39,1.81,0.3
125164,777,34,True,4-2-3-1,44.9,579,171,33,418,345,164,156,267,191,147,46,20,53,24,13,2,6,4,1,15,129,66,21,6,11,10,4,3,9,1,5,1,0,0,0,0,1,1,16,13,12,47,11,43,45,12,16,13,31,6,2,10,13,0,0,13,12.9,0,0,7,23,10,2,0,1,0,0,2,0,W,3,2,0,0,0,2,67,1.83,0.8,0.31,1.83
125165,777,10,True,4-2-3-1,60.2,695,240,44,508,438,177,156,358,287,180,55,25,62,39,27,5,14,11,1,15,119,76,24,8,7,17,9,2,8,0,5,0,1,0,3,4,1,1,15,4,6,51,11,46,49,15,12,17,22,8,3,8,18,0,1,9,12.4,0,0,6,26,13,2,0,1,0,2,1,1,D,1,1,0,0,0,1,70,3.04,1.64,1.56,3.04
125165,777,130,False,4-2-3-1,39.8,523,107,24,333,262,171,152,180,116,81,51,15,65,32,18,6,2,1,1,11,74,49,11,2,2,9,17,7,6,0,3,0,1,0,2,2,1,0,21,10,3,50,6,49,46,12,15,28,23,3,8,7,16,0,3,9,12.9,0,0,1,21,22,3,0,0,1,0,1,1,D,1,1,0,0,0,7,78,1.55,1.27,3.04,1.55
125166,777,2,False,4-2-3-1,47.5,616,84,20,440,397,296,279,152,121,57,40,20,38,25,8,3,4,4,2,10,109,52,12,5,3,9,10,6,5,0,5,0,1,0,2,3,2,1,28,19,11,32,4,42,26,3,7,37,14,2,6,3,9,0,1,4,18.4,0,0,2,6,21,0,0,1,3,0,2,1,W,3,2,0,0,0,2,93,1.76,0.61,1.34,1.76
125166,777,11,True,4-2-2-2,52.5,635,267,46,481,426,157,147,338,280,201,30,19,32,27,14,1,9,7,1,20,155,83,16,3,6,10,9,3,7,1,5,0,2,0,1,1,1,0,10,6,7,33,12,26,42,7,3,15,23,6,2,5,21,1,0,8,16.7,0,0,6,15,10,1,0,1,0,3,1,2,L,0,1,0,0,0,3,50,1.34,0.89,1.77,1.34
125167,777,15,True,4-4-2,45.2,579,109,24,396,307,229,198,184,115,87,52,18,59,29,17,6,6,5,2,12,80,34,15,5,5,10,6,11,5,1,5,0,1,0,4,2,0,1,16,8,10,49,8,41,54,14,12,28,16,5,7,4,17,1,1,11,18.5,0,0,4,15,26,1,0,3,0,2,1,1,D,1,1,0,0,0,3,91,1.74,1.0,0.95,1.74
125167,777,127,False,4-2-3-1,54.8,697,252,31,485,409,169,154,331,257,187,50,21,62,33,15,2,3,2,1,26,143,81,17,4,11,6,10,5,6,0,5,0,0,1,1,1,0,1,21,8,18,47,7,54,41,12,14,18,36,7,5,10,19,0,1,7,9.0,0,0,8,16,16,1,0,1,1,0,1,1,D,1,1,0,0,0,3,84,0.95,0.55,1.73,0.95
125168,777,4,False,3-4-1-2,56.1,630,111,15,452,376,238,214,223,163,106,50,19,59,32,9,1,2,2,0,19,123,60,8,3,4,4,17,5,3,0,4,0,2,0,2,2,0,1,7,3,9,45,8,41,38,13,6,23,17,2,7,7,17,1,1,12,14.6,0,0,0,10,22,3,1,1,0,0,1,2,L,0,1,0,0,1,5,60,0.88,0.98,1.84,0.88
125168,777,29,True,4-2-3-1,43.9,523,167,35,346,285,135,123,229,163,123,44,21,65,39,18,1,6,4,1,20,103,63,21,6,5,16,4,4,8,1,3,0,0,1,2,2,0,1,18,12,11,46,3,38,41,6,13,19,38,7,2,2,6,1,1,15,9.8,0,0,4,17,19,5,0,2,0,0,2,1,W,3,1,0,0,0,2,71,1.85,1.63,0.89,1.85
125169,777,7,False,4-2-3-1,50.2,574,156,17,384,316,139,132,268,191,134,47,16,65,33,23,7,7,5,0,18,113,56,10,1,2,8,15,5,6,0,5,0,1,0,0,0,0,0,22,10,4,38,12,64,70,23,23,26,32,3,8,7,16,0,0,18,9.4,0,0,2,18,13,2,0,0,0,0,0,1,L,0,0,0,0,0,1,81,0.42,0.91,1.15,0.42
125169,777,21,True,4-2-3-1,49.8,610,137,30,381,321,211,188,194,142,84,39,14,51,29,24,9,7,7,7,13,97,58,20,2,5,15,8,2,9,1,5,0,0,0,2,2,1,0,21,15,10,42,12,70,64,23,23,35,32,9,3,8,18,0,0,15,8.3,0,0,6,16,16,3,0,0,0,0,1,0,W,3,1,0,0,0,1,92,1.15,0.54,0.41,1.15
125170,777,9,False,3-5-2,57.8,644,137,27,453,374,211,193,260,185,113,50,24,67,45,18,4,4,4,1,17,122,80,13,3,4,9,13,3,6,0,5,0,2,1,2,2,0,0,21,9,7,49,8,53,44,15,10,26,36,4,3,8,12,0,2,14,6.6,0,0,3,21,16,3,0,1,0,0,0,3,L,0,0,0,0,0,5,81,1.58,1.35,2.61,1.58
125170,777,25,True,4-2-3-1,42.2,516,124,27,316,239,121,104,220,139,97,53,16,58,24,25,4,6,5,2,13,84,46,16,9,3,13,9,4,4,0,2,1,0,0,3,3,1,3,12,8,7,50,12,44,53,10,15,22,20,3,4,8,17,0,1,11,17.6,0,0,2,17,21,0,0,0,0,0,3,0,W,3,3,0,0,0,3,64,2.62,0.9,1.59,2.62
