player_id,player_name,date_of_birth,country,player_photo_url
136199,Aaron Anselmino,,Argentina,https://resources.premierleague.com/premierleague/photos/players/110x140/p622758.png
115438,Aaron Bott,,England,
115166,Aaron Hickey,10 June 2002,Scotland,https://resources.premierleague.com/premierleague/photos/players/110x140/p472713.png
13703,Aaron Ramsdale,14 May 1998,England,https://resources.premierleague.com/premierleague/photos/players/110x140/p225321.png
14164,Aaron Wan-Bissaka,26 November 1997,DR Congo,https://resources.premierleague.com/premierleague/photos/players/110x140/p214590.png
108851,Abdallah Sima,,Senegal,https://resources.premierleague.com/premierleague/photos/players/110x140/p516211.png
128863,Abdoullah Ba,31 July 2003,France,https://resources.premierleague.com/premierleague/photos/players/110x140/p477851.png
137371,Abdukodir Khusanov,29 February 2004,Uzbekistan,https://resources.premierleague.com/premierleague/photos/players/110x140/p578153.png
9199,Adam Armstrong,10 February 1997,England,https://resources.premierleague.com/premierleague/photos/players/110x140/p155511.png
140024,Adam Aznou,2 June 2006,Morocco,https://resources.premierleague.com/premierleague/photos/players/110x140/p499300.png
117619,Adam Berry,,England,
133164,Adam Harrison,20 October 2006,England,
3512,Adam Smith,29 April 1991,England,https://resources.premierleague.com/premierleague/photos/players/110x140/p54469.png
9426,Adam Webster,4 January 1995,England,https://resources.premierleague.com/premierleague/photos/players/110x140/p110735.png
69595,Adam Wharton,6 February 2004,England,https://resources.premierleague.com/premierleague/photos/players/110x140/p496221.png
4979,Adama Traoré,25 January 1996,Spain,https://resources.premierleague.com/premierleague/photos/players/110x140/p159533.png
66644,Adil Aouchiche,,Algeria,
74965,Adrien Truffert,20 November 2001,France,https://resources.premierleague.com/premierleague/photos/players/110x140/p494521.png
134829,Ahmed Abdullahi,19 June 2004,Nigeria,https://resources.premierleague.com/premierleague/photos/players/110x140/p611975.png
138560,Aidan Borland,,Scotland,
125042,Aidan Harris,16 December 2006,England,
143654,Airidas Golambeckis,4 November 2007,England,https://resources.premierleague.com/premierleague/photos/players/110x140/p643473.png
20053,Aji Alese,,England,https://resources.premierleague.com/premierleague/photos/players/110x140/p220684.png
31861,Albert Sambi Lokonga,,Belgium,https://resources.premierleague.com/premierleague/photos/players/110x140/p437742.png
135435,Aled Thomas,,Wales,
68987,Alejandro Garnacho,1 July 2004,Argentina,https://resources.premierleague.com/premierleague/photos/players/110x140/p493105.png
138107,Alejo Véliz,,Argentina,
8938,Alex Cairns,4 January 1993,England,https://resources.premierleague.com/premierleague/photos/players/110x140/p97846.png
4717,Alex Iwobi,3 May 1996,Nigeria,https://resources.premierleague.com/premierleague/photos/players/110x140/p153133.png
127659,Alex Murphy,25 June 2004,Ireland,https://resources.premierleague.com/premierleague/photos/players/110x140/p545477.png
146353,Alex Paulsen,,New Zealand,https://resources.premierleague.com/premierleague/photos/players/110x140/p495145.png
74976,Alex Scott,21 August 2003,England,https://resources.premierleague.com/premierleague/photos/players/110x140/p503139.png
135304,Alex Tóth,23 October 2005,Hungary,https://resources.premierleague.com/premierleague/photos/players/110x140/p614574.png
21737,Alexander Isak,21 September 1999,Sweden,https://resources.premierleague.com/premierleague/photos/players/110x140/p219168.png
119533,Alexei Rojas,28 September 2005,Colombia,
63633,Alexis Mac Allister,24 December 1998,Argentina,https://resources.premierleague.com/premierleague/photos/players/110x140/p243016.png
66728,Alfie Brooks,15 October 2003,England,https://resources.premierleague.com/premierleague/photos/players/110x140/p491460.png
128977,Alfie Cresswell,15 July 2007,England,https://resources.premierleague.com/premierleague/photos/players/110x140/p592740.png
77990,Alfie Devine,,England,
98288,Alfie Gilchrist,,England,
127536,Alfie Harrison,,England,
75203,Alfie McNally,22 December 2004,England,https://resources.premierleague.com/premierleague/photos/players/110x140/p505079.png
108956,Alfie Pond,,England,https://resources.premierleague.com/premierleague/photos/players/110x140/p517179.png
15111,Alfie Whiteman,,England,
20559,Alisson Becker,2 October 1992,Brazil,https://resources.premierleague.com/premierleague/photos/players/110x140/p116535.png
5748,Alphonse Areola,27 February 1993,France,https://resources.premierleague.com/premierleague/photos/players/110x140/p84182.png
71744,Altay Bayindir,14 April 1998,Turkiye,https://resources.premierleague.com/premierleague/photos/players/110x140/p451302.png
326089,Alysson Edward,5 May 2006,Brazil,https://resources.premierleague.com/premierleague/photos/players/110x140/p653481.png
69176,Amad Diallo,11 July 2002,Cote D’Ivoire,https://resources.premierleague.com/premierleague/photos/players/110x140/p493250.png
108096,Amadou Onana,16 August 2001,Belgium,https://resources.premierleague.com/premierleague/photos/players/110x140/p449871.png
134820,Amara Nallo,18 November 2006,England,https://resources.premierleague.com/premierleague/photos/players/110x140/p611926.png
118080,Amine Adli,10 May 2000,Morocco,https://resources.premierleague.com/premierleague/photos/players/110x140/p489888.png
145412,Andre Harriman-Annous,28 December 2007,England,https://resources.premierleague.com/premierleague/photos/players/110x140/p646243.png
10476,Andreas Pereira,,Brazil,https://resources.premierleague.com/premierleague/photos/players/110x140/p156689.png
92706,Andrew Moran,,Ireland,https://resources.premierleague.com/premierleague/photos/players/110x140/p513834.png
53085,Andrew Omobamidele,,Ireland,
133245,Andrey Santos,3 May 2004,Brazil,https://resources.premierleague.com/premierleague/photos/players/110x140/p532605.png
143214,André,16 July 2001,Brazil,https://resources.premierleague.com/premierleague/photos/players/110x140/p509291.png
133169,Andrés García,7 February 2003,Spain,https://resources.premierleague.com/premierleague/photos/players/110x140/p606798.png
136505,Andy Irving,,Scotland,https://resources.premierleague.com/premierleague/photos/players/110x140/p229384.png
10458,Andy Robertson,11 March 1994,Scotland,https://resources.premierleague.com/premierleague/photos/players/110x140/p122798.png
14830,Angel Gomes,31 August 2000,England,https://resources.premierleague.com/premierleague/photos/players/110x140/p209041.png
15269,Angus Gunn,22 January 1996,Scotland,https://resources.premierleague.com/premierleague/photos/players/110x140/p107265.png
49259,Anthony Elanga,27 April 2002,Sweden,https://resources.premierleague.com/premierleague/photos/players/110x140/p449434.png
23747,Anthony Gordon,24 February 2001,England,https://resources.premierleague.com/premierleague/photos/players/110x140/p232826.png
128139,Anthony Munda,,England,
25474,Antoine Semenyo,7 January 2000,Ghana,https://resources.premierleague.com/premierleague/photos/players/110x140/p437730.png
116888,Anton Stach,15 November 1998,Germany,https://resources.premierleague.com/premierleague/photos/players/110x140/p466525.png
14624,Antonee Robinson,8 August 1997,United States,https://resources.premierleague.com/premierleague/photos/players/110x140/p169528.png
115336,Antoni Milambo,3 April 2005,Netherlands,https://resources.premierleague.com/premierleague/photos/players/110x140/p543295.png
75381,Antony,,Brazil,https://resources.premierleague.com/premierleague/photos/players/110x140/p467169.png
123998,Antonín Kinsky,13 March 2003,Czech Republic,https://resources.premierleague.com/premierleague/photos/players/110x140/p485055.png
142627,Antoñito Cordero,,Spain,https://resources.premierleague.com/premierleague/photos/players/110x140/p640108.png
126426,Ao Tanaka,10 September 1998,Japan,https://resources.premierleague.com/premierleague/photos/players/110x140/p248056.png
117596,Archie Gray,12 March 2006,England,https://resources.premierleague.com/premierleague/photos/players/110x140/p547701.png
140291,Archie Harris,,Wales,
123128,Archie Whitehall,21 May 2006,England,https://resources.premierleague.com/premierleague/photos/players/110x140/p568159.png
31442,Armando Broja,10 September 2001,Albania,https://resources.premierleague.com/premierleague/photos/players/110x140/p440323.png
68219,Arnaud Kalimuendo,,France,https://resources.premierleague.com/premierleague/photos/players/110x140/p465680.png
11284,Arthur Masuaku,,DR Congo,https://resources.premierleague.com/premierleague/photos/players/110x140/p105717.png
125106,Asher Agbinone,28 September 2005,England,https://resources.premierleague.com/premierleague/photos/players/110x140/p579075.png
8246,Ashley Barnes,30 October 1989,England,https://resources.premierleague.com/premierleague/photos/players/110x140/p44699.png
2537,Asmir Begovic,,Bosnia & Herzegovina,
119874,Ato Ampah,,England,
54893,Axel Disasi,11 March 1998,France,https://resources.premierleague.com/premierleague/photos/players/110x140/p220362.png
13559,Axel Tuanzebe,14 November 1997,DR Congo,https://resources.premierleague.com/premierleague/photos/players/110x140/p180804.png
133114,Ayden Heaven,22 September 2006,England,https://resources.premierleague.com/premierleague/photos/players/110x140/p606745.png
132285,Bafodé Diakité,6 January 2001,France,https://resources.premierleague.com/premierleague/photos/players/110x140/p242882.png
75709,Bart Verbruggen,18 August 2002,Netherlands,https://resources.premierleague.com/premierleague/photos/players/110x140/p489639.png
51498,Bashir Humphreys,15 March 2003,England,https://resources.premierleague.com/premierleague/photos/players/110x140/p461188.png
145114,Bastien Meupiyou,,France,https://resources.premierleague.com/premierleague/photos/players/110x140/p560248.png
127888,Ben Broggio,,England,https://resources.premierleague.com/premierleague/photos/players/110x140/p577731.png
145550,Ben Casey,4 February 2008,England,https://resources.premierleague.com/premierleague/photos/players/110x140/p631106.png
13491,Ben Chilwell,,England,
4408,Ben Davies,24 April 1993,Wales,https://resources.premierleague.com/premierleague/photos/players/110x140/p115556.png
121972,Ben Gannon-Doak,11 November 2005,Scotland,https://resources.premierleague.com/premierleague/photos/players/110x140/p496208.png
115440,Ben Hammond,,Wales,
3909,Ben Mee,,England,
117518,Ben Middlemas,,England,
14548,Ben White,8 October 1997,England,https://resources.premierleague.com/premierleague/photos/players/110x140/p198869.png
23659,Ben Winterbottom,,England,
133123,Ben Winterburn,,England,https://resources.premierleague.com/premierleague/photos/players/110x140/p606775.png
130150,Bendito Mantato,25 January 2008,England,https://resources.premierleague.com/premierleague/photos/players/110x140/p576620.png
138109,Benjamin Arthur,,England,https://resources.premierleague.com/premierleague/photos/players/110x140/p622536.png
140365,Benjamin Fredrick,,Nigeria,https://resources.premierleague.com/premierleague/photos/players/110x140/p612534.png
117286,Benjamin Lecomte,26 April 1991,France,https://resources.premierleague.com/premierleague/photos/players/110x140/p86873.png
66036,Benjamin Sesko,31 May 2003,Slovenia,https://resources.premierleague.com/premierleague/photos/players/110x140/p485711.png
53612,Benoît Badiashile,26 March 2001,France,https://resources.premierleague.com/premierleague/photos/players/110x140/p242880.png
5067,Bernardo Silva,10 August 1994,Portugal,https://resources.premierleague.com/premierleague/photos/players/110x140/p165809.png
4985,Bernd Leno,4 March 1992,Germany,https://resources.premierleague.com/premierleague/photos/players/110x140/p80201.png
10394,Bertrand Traoré,6 September 1995,Burkina Faso,https://resources.premierleague.com/premierleague/photos/players/110x140/p110504.png
126789,Beto,31 January 1998,Guinea-Bissau,https://resources.premierleague.com/premierleague/photos/players/110x140/p486385.png
31642,Billy Crellin,,England,
66499,Blondy Nna Noukeu,,Cameroon,https://resources.premierleague.com/premierleague/photos/players/110x140/p490000.png
20118,Borna Sosa,21 January 1998,Croatia,https://resources.premierleague.com/premierleague/photos/players/110x140/p218364.png
25067,Boubacar Kamara,23 November 1999,France,https://resources.premierleague.com/premierleague/photos/players/110x140/p226944.png
144213,Bradley Burrowes,4 March 2008,England,https://resources.premierleague.com/premierleague/photos/players/110x140/p645618.png
127754,Bradley Moonan,,England,
147692,Braiden Graham,7 November 2007,Northern Ireland,https://resources.premierleague.com/premierleague/photos/players/110x140/p629068.png
134176,Brajan Gruda,,Germany,https://resources.premierleague.com/premierleague/photos/players/110x140/p513433.png
145902,Brando Bailey-Joseph,2 October 2008,England,
15114,Brandon Austin,8 January 1999,England,https://resources.premierleague.com/premierleague/photos/players/110x140/p214572.png
142629,Brandon Pouani,10 December 2007,England,
121695,Brayden Clarke,,Wales,https://resources.premierleague.com/premierleague/photos/players/110x140/p563324.png
63289,Brenden Aaronson,22 October 2000,United States,https://resources.premierleague.com/premierleague/photos/players/110x140/p427637.png
49374,Brennan Johnson,23 May 2001,Wales,https://resources.premierleague.com/premierleague/photos/players/110x140/p242898.png
67784,Brian Brobbey,1 February 2002,Netherlands,https://resources.premierleague.com/premierleague/photos/players/110x140/p441264.png
326851,Brian Madjo,12 January 2009,England,
23396,Bruno Fernandes,8 September 1994,Portugal,https://resources.premierleague.com/premierleague/photos/players/110x140/p141746.png
74761,Bruno Guimarães,16 November 1997,Brazil,https://resources.premierleague.com/premierleague/photos/players/110x140/p208706.png
55700,Bryan Gil,,Spain,https://resources.premierleague.com/premierleague/photos/players/110x140/p436234.png
66360,Bryan Mbeumo,7 August 1999,Cameroon,https://resources.premierleague.com/premierleague/photos/players/110x140/p446008.png
49481,Bukayo Saka,5 September 2001,England,https://resources.premierleague.com/premierleague/photos/players/110x140/p223340.png
51690,CJ Egan-Riley,,England,
127828,Caleb Kporha,15 July 2006,England,https://resources.premierleague.com/premierleague/photos/players/110x140/p590012.png
125733,Caleb Wiley,,United States,
144899,Callan McKenna,,Scotland,https://resources.premierleague.com/premierleague/photos/players/110x140/p568791.png
124329,Callum Bates,28 September 2005,England,https://resources.premierleague.com/premierleague/photos/players/110x140/p547801.png
107820,Callum Doyle,3 October 2003,England,
23702,Callum Hudson-Odoi,7 November 2000,England,https://resources.premierleague.com/premierleague/photos/players/110x140/p209046.png
122149,Callum Marshall,,Northern Ireland,https://resources.premierleague.com/premierleague/photos/players/110x140/p565431.png
127846,Callum Olusesi,11 March 2007,England,https://resources.premierleague.com/premierleague/photos/players/110x140/p499726.png
8454,Callum Wilson,27 February 1992,England,https://resources.premierleague.com/premierleague/photos/players/110x140/p75115.png
23793,Calvin Bassey,31 December 1999,Nigeria,https://resources.premierleague.com/premierleague/photos/players/110x140/p232892.png
125829,Calvin Ramsay,31 July 2003,Scotland,https://resources.premierleague.com/premierleague/photos/players/110x140/p489580.png
14723,Caoimhín Kelleher,23 November 1998,Ireland,https://resources.premierleague.com/premierleague/photos/players/110x140/p200720.png
129426,Carey Bloedorn,,England,
55556,Carl Rushworth,,England,https://resources.premierleague.com/premierleague/photos/players/110x140/p472739.png
124396,Carlos Baleba,3 January 2004,Cameroon,https://resources.premierleague.com/premierleague/photos/players/110x140/p535301.png
74608,Carlos Forbs,,Portugal,
147272,Carlos Miguel,,Brazil,https://resources.premierleague.com/premierleague/photos/players/110x140/p475123.png
50501,Carlos Vinícius,,Brazil,
64140,Carney Chukwuemeka,,Austria,
127864,Carter Pinnington,21 February 2007,England,
5793,Casemiro,23 February 1992,Brazil,https://resources.premierleague.com/premierleague/photos/players/110x140/p61256.png
123143,Cathal Heffernan,,Ireland,
147647,Ceadach O’Neill,10 April 2008,Northern Ireland,
110549,Chadi Riad,17 June 2003,Morocco,https://resources.premierleague.com/premierleague/photos/players/110x140/p515621.png
145043,Charalampos Kostoulas,30 May 2007,Greece,https://resources.premierleague.com/premierleague/photos/players/110x140/p647850.png
108926,Charles Sagoe,,England,
125051,Charlie Crew,15 June 2006,Wales,https://resources.premierleague.com/premierleague/photos/players/110x140/p536119.png
127537,Charlie Gray,22 February 2006,England,https://resources.premierleague.com/premierleague/photos/players/110x140/p516234.png
150267,Charlie Holland,3 July 2009,England,
156335,Charlie Stevens,31 May 2007,Wales,https://resources.premierleague.com/premierleague/photos/players/110x140/p658013.png
117644,Charlie Tasker,24 February 2006,England,https://resources.premierleague.com/premierleague/photos/players/110x140/p547720.png
141210,Charlie Veevers,,England,
133612,Charly Alcaraz,30 November 2002,Argentina,https://resources.premierleague.com/premierleague/photos/players/110x140/p502697.png
126670,Cheick Doucouré,8 January 2000,Mali,https://resources.premierleague.com/premierleague/photos/players/110x140/p438464.png
118633,Chemsdine Talbi,9 May 2005,Morocco,https://resources.premierleague.com/premierleague/photos/players/110x140/p549912.png
129833,Chido Obi,29 November 2007,Denmark,https://resources.premierleague.com/premierleague/photos/players/110x140/p596047.png
122388,Chiquinho,,Portugal,
14063,Chris Mepham,,Wales,https://resources.premierleague.com/premierleague/photos/players/110x140/p223911.png
50842,Chris Richards,28 March 2000,United States,https://resources.premierleague.com/premierleague/photos/players/110x140/p427623.png
119614,Chris Rigg,18 June 2007,England,https://resources.premierleague.com/premierleague/photos/players/110x140/p554197.png
3756,Chris Wood,7 December 1991,New Zealand,https://resources.premierleague.com/premierleague/photos/players/110x140/p60689.png
146391,Christantus Uche,19 May 2003,Nigeria,https://resources.premierleague.com/premierleague/photos/players/110x140/p660392.png
4845,Christian Eriksen,,Denmark,
42331,Christian Nørgaard,10 March 1994,Denmark,https://resources.premierleague.com/premierleague/photos/players/110x140/p128295.png
16784,Christopher Nkunku,,France,https://resources.premierleague.com/premierleague/photos/players/110x140/p213198.png
139657,Christos Mandas,17 September 2001,Greece,https://resources.premierleague.com/premierleague/photos/players/110x140/p436416.png
135722,Claudio Echeverri,,Argentina,https://resources.premierleague.com/premierleague/photos/players/110x140/p575204.png
114649,Coby Ebere,,Germany,https://resources.premierleague.com/premierleague/photos/players/110x140/p504296.png
32894,Cody Gakpo,7 May 1999,Netherlands,https://resources.premierleague.com/premierleague/photos/players/110x140/p243298.png
49293,Cole Palmer,6 May 2002,England,https://resources.premierleague.com/premierleague/photos/players/110x140/p244851.png
13917,Connor Roberts,23 September 1995,Wales,https://resources.premierleague.com/premierleague/photos/players/110x140/p192290.png
68582,Conor Bradley,9 July 2003,Northern Ireland,https://resources.premierleague.com/premierleague/photos/players/110x140/p492777.png
21887,Conor Gallagher,6 February 2000,England,https://resources.premierleague.com/premierleague/photos/players/110x140/p232787.png
134463,Conor McManus,16 June 2004,Ireland,https://resources.premierleague.com/premierleague/photos/players/110x140/p587433.png
4198,Craig Dawson,,England,
119476,Cristhian Mosquera,27 June 2004,Spain,https://resources.premierleague.com/premierleague/photos/players/110x140/p500040.png
66635,Cristian Romero,27 April 1998,Argentina,https://resources.premierleague.com/premierleague/photos/players/110x140/p221632.png
65961,Crysencio Summerville,30 October 2001,Netherlands,https://resources.premierleague.com/premierleague/photos/players/110x140/p450070.png
305707,Cuiabano,,Brazil,https://resources.premierleague.com/premierleague/photos/players/110x140/p560441.png
23815,Curtis Jones,30 January 2001,England,https://resources.premierleague.com/premierleague/photos/players/110x140/p206915.png
49759,Daichi Kamada,5 August 1996,Japan,https://resources.premierleague.com/premierleague/photos/players/110x140/p209400.png
124320,Damola Ajayi,,England,
19864,Dan Ballard,22 September 1999,Northern Ireland,https://resources.premierleague.com/premierleague/photos/players/110x140/p223827.png
9651,Dan Bentley,13 July 1993,England,https://resources.premierleague.com/premierleague/photos/players/110x140/p79602.png
8707,Dan Burn,9 May 1992,England,https://resources.premierleague.com/premierleague/photos/players/110x140/p78916.png
50623,Dan Ndoye,25 October 2000,Switzerland,https://resources.premierleague.com/premierleague/photos/players/110x140/p456512.png
35731,Dan Neil,13 December 2001,England,https://resources.premierleague.com/premierleague/photos/players/110x140/p223336.png
66570,Dane Scarlett,,England,https://resources.premierleague.com/premierleague/photos/players/110x140/p490145.png
133890,Dango Ouattara,11 February 2002,Burkina Faso,https://resources.premierleague.com/premierleague/photos/players/110x140/p533463.png
128023,Daniel Adu-Adjei,,England,https://resources.premierleague.com/premierleague/photos/players/110x140/p590760.png
134828,Daniel Armer,,Scotland,
140459,Daniel Cummings,14 April 2006,Scotland,
112653,Daniel Gore,,England,
13797,Daniel James,10 November 1997,Wales,https://resources.premierleague.com/premierleague/photos/players/110x140/p200617.png
111987,Daniel Jebbison,,Canada,
76353,Daniel Muñoz,26 May 1996,Colombia,https://resources.premierleague.com/premierleague/photos/players/110x140/p247348.png
112510,Danilo,,Brazil,
112590,Danny Imray,,England,https://resources.premierleague.com/premierleague/photos/players/110x140/p502988.png
8245,Danny Ings,,England,
3452,Danny Welbeck,26 November 1990,England,https://resources.premierleague.com/premierleague/photos/players/110x140/p50175.png
73894,Dante Cassanova,,Jamaica,
108314,Darko Churlinov,,North Macedonia,https://resources.premierleague.com/premierleague/photos/players/110x140/p250735.png
64461,Darko Gyabi,,England,https://resources.premierleague.com/premierleague/photos/players/110x140/p470294.png
70287,Darwin Núñez,,Uruguay,https://resources.premierleague.com/premierleague/photos/players/110x140/p447203.png
13706,David Brooks,8 July 1997,Wales,https://resources.premierleague.com/premierleague/photos/players/110x140/p111317.png
67450,David Carmo,,Angola,https://resources.premierleague.com/premierleague/photos/players/110x140/p451432.png
112581,David Datro Fofana,,Cote D’Ivoire,
136815,David Møller Wolfe,23 April 2002,Norway,https://resources.premierleague.com/premierleague/photos/players/110x140/p497949.png
112701,David Ozoh,,England,https://resources.premierleague.com/premierleague/photos/players/110x140/p531989.png
7975,David Raya,15 September 1995,Spain,https://resources.premierleague.com/premierleague/photos/players/110x140/p154561.png
147678,Dean Benamar,31 May 2008,England,https://resources.premierleague.com/premierleague/photos/players/110x140/p643426.png
13988,Dean Henderson,12 March 1997,England,https://resources.premierleague.com/premierleague/photos/players/110x140/p172649.png
123585,Dean Huijsen,,Spain,
15202,Declan Rice,14 January 1999,England,https://resources.premierleague.com/premierleague/photos/players/110x140/p204480.png
49316,Dejan Kulusevski,25 April 2000,Sweden,https://resources.premierleague.com/premierleague/photos/players/110x140/p445044.png
51609,Dennis Cirkin,6 April 2002,Latvia,https://resources.premierleague.com/premierleague/photos/players/110x140/p461195.png
126824,Destiny Udogie,28 November 2002,Italy,https://resources.premierleague.com/premierleague/photos/players/110x140/p487053.png
303860,Diego Coppola,,Italy,https://resources.premierleague.com/premierleague/photos/players/110x140/p550090.png
143240,Diego Gómez,27 March 2003,Paraguay,https://resources.premierleague.com/premierleague/photos/players/110x140/p514254.png
304191,Diego León,3 April 2007,Paraguay,https://resources.premierleague.com/premierleague/photos/players/110x140/p661712.png
138137,Dilane Bakwa,26 August 2002,France,https://resources.premierleague.com/premierleague/photos/players/110x140/p476887.png
24252,Diogo Dalot,18 March 1999,Portugal,https://resources.premierleague.com/premierleague/photos/players/110x140/p216051.png
19758,Diogo Jota,,Portugal,
70143,Divin Mubama,,England,
127852,Divine Mukasa,,England,https://resources.premierleague.com/premierleague/photos/players/110x140/p590039.png
23764,Djed Spence,9 August 2000,England,https://resources.premierleague.com/premierleague/photos/players/110x140/p232859.png
327129,Djiamgone Jocelin Ta Bi,9 February 2005,Cote D’Ivoire,https://resources.premierleague.com/premierleague/photos/players/110x140/p699989.png
134403,Djordje Petrovic,8 October 1999,Serbia,https://resources.premierleague.com/premierleague/photos/players/110x140/p457569.png
9576,Dominic Calvert-Lewin,16 March 1997,England,https://resources.premierleague.com/premierleague/photos/players/110x140/p177815.png
118436,Dominic Sadi,,England,https://resources.premierleague.com/premierleague/photos/players/110x140/p550596.png
10443,Dominic Solanke,14 September 1997,England,https://resources.premierleague.com/premierleague/photos/players/110x140/p154566.png
33231,Dominik Szoboszlai,25 October 2000,Hungary,https://resources.premierleague.com/premierleague/photos/players/110x140/p424876.png
14456,Donyell Malen,19 January 1999,Netherlands,https://resources.premierleague.com/premierleague/photos/players/110x140/p204646.png
24626,Douglas Luiz,9 May 1998,Brazil,https://resources.premierleague.com/premierleague/photos/players/110x140/p230046.png
24797,Dwight McNeil,22 November 1999,England,https://resources.premierleague.com/premierleague/photos/players/110x140/p433154.png
122429,Dylan Charlton,,England,
115151,Dário Essugo,14 March 2005,Portugal,https://resources.premierleague.com/premierleague/photos/players/110x140/p491007.png
21584,Eberechi Eze,29 June 1998,England,https://resources.premierleague.com/premierleague/photos/players/110x140/p232413.png
113713,Eddie Beach,,Wales,
14451,Eddie Nketiah,30 May 1999,England,https://resources.premierleague.com/premierleague/photos/players/110x140/p205533.png
12707,Ederson,,Brazil,https://resources.premierleague.com/premierleague/photos/players/110x140/p121160.png
40211,Edson Álvarez,24 October 1997,Mexico,https://resources.premierleague.com/premierleague/photos/players/110x140/p213999.png
26681,Eiran Cashin,,Ireland,https://resources.premierleague.com/premierleague/photos/players/110x140/p439135.png
145347,El Hadji Malick Diouf,29 December 2004,Senegal,https://resources.premierleague.com/premierleague/photos/players/110x140/p613804.png
126920,Eliezer Mayenda,8 May 2005,Spain,https://resources.premierleague.com/premierleague/photos/players/110x140/p564406.png
21317,Ellery Balcombe,15 October 1999,England,https://resources.premierleague.com/premierleague/photos/players/110x140/p235448.png
51593,Elliot Anderson,6 November 2002,England,https://resources.premierleague.com/premierleague/photos/players/110x140/p215379.png
305212,Ellis Clark,26 June 2007,Scotland,
310972,Ellis Clark,26 June 2007,Scotland,
134960,Ellis Lehane,,Grenada,
16803,Emerson,,Italy,https://resources.premierleague.com/premierleague/photos/players/110x140/p109533.png
66494,Emil Krafth,2 August 1994,Sweden,https://resources.premierleague.com/premierleague/photos/players/110x140/p111773.png
14445,Emile Smith Rowe,28 July 2000,England,https://resources.premierleague.com/premierleague/photos/players/110x140/p209289.png
26408,Emiliano Buendía,25 December 1996,Argentina,https://resources.premierleague.com/premierleague/photos/players/110x140/p195546.png
4245,Emiliano Martínez,2 September 1992,Argentina,https://resources.premierleague.com/premierleague/photos/players/110x140/p98980.png
110203,Emmanuel Agbadou,,Cote D’Ivoire,https://resources.premierleague.com/premierleague/photos/players/110x140/p516939.png
16582,Enes Ünal,10 May 1997,Turkiye,https://resources.premierleague.com/premierleague/photos/players/110x140/p168636.png
134487,Enock Agyei,13 January 2005,Belgium,https://resources.premierleague.com/premierleague/photos/players/110x140/p578614.png
139644,Enso González,20 January 2005,Paraguay,https://resources.premierleague.com/premierleague/photos/players/110x140/p593001.png
71986,Enzo Barrenechea,,Argentina,https://resources.premierleague.com/premierleague/photos/players/110x140/p491287.png
63741,Enzo Fernández,17 January 2001,Argentina,https://resources.premierleague.com/premierleague/photos/players/110x140/p448047.png
304211,Enzo Kana Biyik,,France,
138104,Enzo Le Fée,3 February 2000,France,https://resources.premierleague.com/premierleague/photos/players/110x140/p484420.png
146394,Eric da Silva Moreira,3 May 2006,Germany,https://resources.premierleague.com/premierleague/photos/players/110x140/p569014.png
65970,Erling Haaland,21 July 2000,Norway,https://resources.premierleague.com/premierleague/photos/players/110x140/p223094.png
304474,Estêvão,24 April 2007,Brazil,https://resources.premierleague.com/premierleague/photos/players/110x140/p624773.png
19731,Ethan Ampadu,14 September 2000,Wales,https://resources.premierleague.com/premierleague/photos/players/110x140/p199598.png
107895,Ethan Ennis,,England,
114885,Ethan Laidlaw,,Scotland,
114566,Ethan Nwaneri,,England,https://resources.premierleague.com/premierleague/photos/players/110x140/p499175.png
22043,Ethan Pinnock,29 May 1993,Jamaica,https://resources.premierleague.com/premierleague/photos/players/110x140/p231065.png
148984,Ethan Sutherland,25 April 2006,Scotland,https://resources.premierleague.com/premierleague/photos/players/110x140/p589121.png
124366,Ethan Wheatley,,England,https://resources.premierleague.com/premierleague/photos/players/110x140/p575034.png
66277,Etienne Green,,England,https://resources.premierleague.com/premierleague/photos/players/110x140/p489571.png
71590,Evan Ferguson,,Ireland,https://resources.premierleague.com/premierleague/photos/players/110x140/p487117.png
33032,Evanilson,6 October 1999,Brazil,https://resources.premierleague.com/premierleague/photos/players/110x140/p444102.png
72265,Evann Guessand,1 July 2001,Cote D’Ivoire,https://resources.premierleague.com/premierleague/photos/players/110x140/p485337.png
131312,Ezra Mayers,16 January 2007,England,https://resources.premierleague.com/premierleague/photos/players/110x140/p602903.png
13274,Ezri Konsa,23 October 1997,England,https://resources.premierleague.com/premierleague/photos/players/110x140/p199798.png
5220,Fabian Schär,20 December 1991,Switzerland,https://resources.premierleague.com/premierleague/photos/players/110x140/p119471.png
133430,Facundo Buonanotte,23 December 2004,Argentina,https://resources.premierleague.com/premierleague/photos/players/110x140/p536916.png
15802,Federico Chiesa,25 October 1997,Italy,https://resources.premierleague.com/premierleague/photos/players/110x140/p223541.png
303861,Fer López,,Spain,https://resources.premierleague.com/premierleague/photos/players/110x140/p643135.png
50727,Ferdi Kadioglu,7 October 1999,Turkiye,https://resources.premierleague.com/premierleague/photos/players/110x140/p231416.png
75989,Filip Jörgensen,16 April 2002,Denmark,https://resources.premierleague.com/premierleague/photos/players/110x140/p508479.png
51692,Filip Marschall,,England,https://resources.premierleague.com/premierleague/photos/players/110x140/p462381.png
119531,Finlay Herrick,18 January 2006,England,https://resources.premierleague.com/premierleague/photos/players/110x140/p553742.png
143458,Finn Geragusyan,28 October 2007,Armenia,
63851,Florentino,19 August 1999,Portugal,https://resources.premierleague.com/premierleague/photos/players/110x140/p216055.png
75382,Florian Wirtz,3 May 2003,Germany,https://resources.premierleague.com/premierleague/photos/players/110x140/p494595.png
148119,Floyd Samba,15 January 2009,England,
134955,Franco Umeh-Chibueze,,Ireland,https://resources.premierleague.com/premierleague/photos/players/110x140/p574398.png
108612,Frank Onyeka,,Nigeria,https://resources.premierleague.com/premierleague/photos/players/110x140/p428580.png
3170,Fraser Forster,17 March 1988,England,https://resources.premierleague.com/premierleague/photos/players/110x140/p40383.png
66560,Freddie Potts,12 September 2003,England,https://resources.premierleague.com/premierleague/photos/players/110x140/p490142.png
135431,Freddie Simmonds,,England,https://resources.premierleague.com/premierleague/photos/players/110x140/p604988.png
10479,Freddie Woodman,4 March 1997,England,https://resources.premierleague.com/premierleague/photos/players/110x140/p155503.png
32289,Fábio Carvalho,30 August 2002,Portugal,https://resources.premierleague.com/premierleague/photos/players/110x140/p244858.png
66670,Fábio Silva,,Portugal,https://resources.premierleague.com/premierleague/photos/players/110x140/p449988.png
67631,Fábio Vieira,,Portugal,https://resources.premierleague.com/premierleague/photos/players/110x140/p438098.png
75543,Gabriel Gudmundsson,29 April 1999,Sweden,https://resources.premierleague.com/premierleague/photos/players/110x140/p243526.png
19680,Gabriel Jesus,3 April 1997,Brazil,https://resources.premierleague.com/premierleague/photos/players/110x140/p205651.png
50234,Gabriel Magalhães,19 December 1997,Brazil,https://resources.premierleague.com/premierleague/photos/players/110x140/p226597.png
66104,Gabriel Martinelli,18 June 2001,Brazil,https://resources.premierleague.com/premierleague/photos/players/110x140/p444145.png
64328,Gaga Slonina,15 May 2004,United States,https://resources.premierleague.com/premierleague/photos/players/110x140/p471798.png
125185,Garang Kuol,,Australia,https://resources.premierleague.com/premierleague/photos/players/110x140/p564510.png
130671,Genesis Antwi,,Sweden,
304995,George Brierley,20 November 2007,England,https://resources.premierleague.com/premierleague/photos/players/110x140/p704232.png
110117,George Earthy,,England,https://resources.premierleague.com/premierleague/photos/players/110x140/p490885.png
124907,George Hemmings,4 March 2007,England,https://resources.premierleague.com/premierleague/photos/players/110x140/p577285.png
134819,George King,20 March 2007,England,https://resources.premierleague.com/premierleague/photos/players/110x140/p591384.png
51830,Georginio Rutter,20 April 2002,France,https://resources.premierleague.com/premierleague/photos/players/110x140/p463067.png
22857,Gianluigi Donnarumma,25 February 1999,Italy,https://resources.premierleague.com/premierleague/photos/players/110x140/p204936.png
116496,Giorgi Mamardashvili,,Georgia,https://resources.premierleague.com/premierleague/photos/players/110x140/p449027.png
149016,Giovanni Leoni,21 December 2006,Italy,https://resources.premierleague.com/premierleague/photos/players/110x140/p647681.png
140380,Godwill Kukonki,6 February 2008,England,https://resources.premierleague.com/premierleague/photos/players/110x140/p576637.png
11130,Gonçalo Guedes,,Portugal,https://resources.premierleague.com/premierleague/photos/players/110x140/p181284.png
12136,Granit Xhaka,27 September 1992,Switzerland,https://resources.premierleague.com/premierleague/photos/players/110x140/p84450.png
71923,Guglielmo Vicario,7 October 1996,Italy,https://resources.premierleague.com/premierleague/photos/players/110x140/p184254.png
40159,Guido Rodríguez,,Argentina,https://resources.premierleague.com/premierleague/photos/players/110x140/p197024.png
148162,Gustavo Nunes,,Brazil,https://resources.premierleague.com/premierleague/photos/players/110x140/p626464.png
117615,Habeeb Ogunneye,,England,
126110,Habib Diarra,3 January 2004,Senegal,https://resources.premierleague.com/premierleague/photos/players/110x140/p547027.png
63553,Hamed Traoré,16 February 2000,Cote D’Ivoire,https://resources.premierleague.com/premierleague/photos/players/110x140/p424044.png
53671,Han-Noah Massengo,,France,
21785,Hannes Delcroix,,Haiti,https://resources.premierleague.com/premierleague/photos/players/110x140/p247245.png
68593,Hannibal Mejbri,21 January 2003,Tunisia,https://resources.premierleague.com/premierleague/photos/players/110x140/p465527.png
144918,Harold William,,England,
134286,Harrison Armstrong,19 January 2007,England,https://resources.premierleague.com/premierleague/photos/players/110x140/p609873.png
31883,Harrison Ashby,,Scotland,https://resources.premierleague.com/premierleague/photos/players/110x140/p441024.png
127725,Harrison Dudziak,9 January 2006,England,
117521,Harrison Jones,25 December 2004,England,https://resources.premierleague.com/premierleague/photos/players/110x140/p547410.png
119427,Harrison Murray-Campbell,,England,
4818,Harrison Reed,27 January 1995,England,https://resources.premierleague.com/premierleague/photos/players/110x140/p153366.png
133503,Harry Amass,,England,https://resources.premierleague.com/premierleague/photos/players/110x140/p577974.png
134789,Harry Gray,,England,https://resources.premierleague.com/premierleague/photos/players/110x140/p600882.png
129952,Harry Howell,20 April 2008,England,https://resources.premierleague.com/premierleague/photos/players/110x140/p597320.png
9566,Harry Maguire,5 March 1993,England,https://resources.premierleague.com/premierleague/photos/players/110x140/p95658.png
10933,Harry Toffolo,,England,
43940,Harry Tyrer,,England,https://resources.premierleague.com/premierleague/photos/players/110x140/p447325.png
13961,Harry Wilson,22 March 1997,Wales,https://resources.premierleague.com/premierleague/photos/players/110x140/p153682.png
14716,Harvey Barnes,9 December 1997,England,https://resources.premierleague.com/premierleague/photos/players/110x140/p201666.png
68581,Harvey Davies,3 September 2003,England,
33185,Harvey Elliott,4 April 2003,England,https://resources.premierleague.com/premierleague/photos/players/110x140/p444884.png
127827,Hindolo Mustapha,,Sierra Leone,
128456,Hjalmar Ekdal,21 October 1998,Sweden,https://resources.premierleague.com/premierleague/photos/players/110x140/p478969.png
26974,Hubert Graczyk,,Poland,
66692,Hugo Bueno,18 September 2002,Spain,https://resources.premierleague.com/premierleague/photos/players/110x140/p490721.png
81542,Hugo Ekitiké,20 June 2002,France,https://resources.premierleague.com/premierleague/photos/players/110x140/p510663.png
20337,Hwang Hee-Chan,26 January 1996,South Korea,https://resources.premierleague.com/premierleague/photos/players/110x140/p184754.png
144788,Hákon Valdimarsson,13 October 2001,Iceland,https://resources.premierleague.com/premierleague/photos/players/110x140/p507433.png
51223,Ian Maatsen,10 March 2002,Netherlands,https://resources.premierleague.com/premierleague/photos/players/110x140/p441302.png
19929,Ian Poveda,,Colombia,https://resources.premierleague.com/premierleague/photos/players/110x140/p215460.png
136398,Ibrahim Osman,,Ghana,
108816,Ibrahim Sangaré,2 December 1997,Cote D’Ivoire,https://resources.premierleague.com/premierleague/photos/players/110x140/p210462.png
23593,Ibrahima Konaté,25 May 1999,France,https://resources.premierleague.com/premierleague/photos/players/110x140/p204716.png
12582,Idrissa Gueye,26 September 1989,Senegal,https://resources.premierleague.com/premierleague/photos/players/110x140/p80801.png
145413,Ife Ibrahim,20 January 2008,England,
304123,Igor Jesus,25 February 2001,Brazil,https://resources.premierleague.com/premierleague/photos/players/110x140/p482973.png
21912,Igor Julio,7 February 1998,Brazil,https://resources.premierleague.com/premierleague/photos/players/110x140/p223434.png
124052,Igor Thiago,26 June 2001,Brazil,https://resources.premierleague.com/premierleague/photos/players/110x140/p502500.png
115255,Ilia Gruev,6 May 2000,Bulgaria,https://resources.premierleague.com/premierleague/photos/players/110x140/p486520.png
31936,Iliman Ndiaye,6 March 2000,Senegal,https://resources.premierleague.com/premierleague/photos/players/110x140/p440993.png
5101,Ilkay Gündogan,,Germany,https://resources.premierleague.com/premierleague/photos/players/110x140/p59859.png
66378,Illan Meslier,2 March 2000,France,https://resources.premierleague.com/premierleague/photos/players/110x140/p437495.png
67546,Illia Zabarnyi,,Ukraine,https://resources.premierleague.com/premierleague/photos/players/110x140/p477580.png
138518,Inès Belloumou,21 June 2001,Algeria,
4713,Isaac Hayden,,Jamaica,https://resources.premierleague.com/premierleague/photos/players/110x140/p153127.png
111965,Isaac Heath,,England,https://resources.premierleague.com/premierleague/photos/players/110x140/p496279.png
128892,Isaac Holland,,England,
72455,Isaac Mabaya,,Zimbabwe,
148281,Isaac Schmidt,,Switzerland,https://resources.premierleague.com/premierleague/photos/players/110x140/p492368.png
117600,Ishé Samuels-Smith,,England,
49796,Ismaïla Sarr,25 February 1998,Senegal,https://resources.premierleague.com/premierleague/photos/players/110x140/p232185.png
127728,Ismeal Kabia,,Netherlands,https://resources.premierleague.com/premierleague/photos/players/110x140/p588796.png
49884,Issa Diop,9 January 1997,Morocco,https://resources.premierleague.com/premierleague/photos/players/110x140/p219924.png
110234,Issa Kaboré,,Burkina Faso,
132068,Iwan Morgan,,Wales,https://resources.premierleague.com/premierleague/photos/players/110x140/p533710.png
128366,Jack Fletcher,19 March 2007,England,https://resources.premierleague.com/premierleague/photos/players/110x140/p547037.png
4260,Jack Grealish,10 September 1995,England,https://resources.premierleague.com/premierleague/photos/players/110x140/p114283.png
98301,Jack Henry-Francis,,Ireland,
112739,Jack Hinshelwood,11 April 2005,England,https://resources.premierleague.com/premierleague/photos/players/110x140/p532529.png
120175,Jack Moorhouse,29 November 2005,Ireland,https://resources.premierleague.com/premierleague/photos/players/110x140/p559684.png
135769,Jack Porter,15 July 2008,England,
124383,Jack Whittaker,14 October 2006,England,https://resources.premierleague.com/premierleague/photos/players/110x140/p570929.png
117487,Jackson Izquierdo,15 October 2004,England,
111988,Jackson Tchatchoua,14 September 2001,Cameroon,https://resources.premierleague.com/premierleague/photos/players/110x140/p523705.png
19831,Jacob Bruun Larsen,19 September 1998,Denmark,https://resources.premierleague.com/premierleague/photos/players/110x140/p179458.png
9662,Jacob Murphy,24 February 1995,England,https://resources.premierleague.com/premierleague/photos/players/110x140/p114243.png
19888,Jacob Ramsey,28 May 2001,England,https://resources.premierleague.com/premierleague/photos/players/110x140/p232653.png
127736,Jacob Slater,,Ireland,https://resources.premierleague.com/premierleague/photos/players/110x140/p589100.png
135902,Jaden Dixon,7 May 2007,England,
120676,Jaden Heskey,,England,
14801,Jadon Sancho,25 March 2000,England,https://resources.premierleague.com/premierleague/photos/players/110x140/p209243.png
119611,Jahmai Simpson-Pusey,,England,
50460,Jaidon Anthony,1 December 1999,England,https://resources.premierleague.com/premierleague/photos/players/110x140/p444180.png
304238,Jair Cunha,7 March 2005,Brazil,https://resources.premierleague.com/premierleague/photos/players/110x140/p575458.png
50151,Jaka Bijol,5 February 1999,Slovenia,https://resources.premierleague.com/premierleague/photos/players/110x140/p434752.png
112589,Jake O'Brien,15 May 2001,Ireland,https://resources.premierleague.com/premierleague/photos/players/110x140/p512462.png
109478,Jakub Kiwior,,Poland,https://resources.premierleague.com/premierleague/photos/players/110x140/p440854.png
9257,Jamaal Lascelles,,England,https://resources.premierleague.com/premierleague/photos/players/110x140/p101148.png
124181,Jamaldeen Jimoh-Aloba,,England,https://resources.premierleague.com/premierleague/photos/players/110x140/p559962.png
117515,James Debayo,,England,
23841,James Garner,13 March 2001,England,https://resources.premierleague.com/premierleague/photos/players/110x140/p232928.png
51942,James Hill,10 January 2002,England,https://resources.premierleague.com/premierleague/photos/players/110x140/p463981.png
13515,James Justin,23 February 1998,England,https://resources.premierleague.com/premierleague/photos/players/110x140/p220627.png
8456,James Maddison,23 November 1996,England,https://resources.premierleague.com/premierleague/photos/players/110x140/p172780.png
49270,James McAtee,18 October 2002,England,https://resources.premierleague.com/premierleague/photos/players/110x140/p432714.png
109138,James McConnell,13 September 2004,England,https://resources.premierleague.com/premierleague/photos/players/110x140/p491501.png
2100,James Milner,4 January 1986,England,https://resources.premierleague.com/premierleague/photos/players/110x140/p15157.png
124319,James Rowswell,13 July 2006,England,https://resources.premierleague.com/premierleague/photos/players/110x140/p499716.png
128980,James Scanlon,,Gibraltar,
8143,James Tarkowski,19 November 1992,England,https://resources.premierleague.com/premierleague/photos/players/110x140/p17761.png
32280,James Trafford,10 October 2002,England,https://resources.premierleague.com/premierleague/photos/players/110x140/p432720.png
4617,James Ward-Prowse,1 November 1994,England,https://resources.premierleague.com/premierleague/photos/players/110x140/p101178.png
135941,James Wilson,6 March 2007,Scotland,https://resources.premierleague.com/premierleague/photos/players/110x140/p613232.png
69397,James Wright,2 December 2004,England,https://resources.premierleague.com/premierleague/photos/players/110x140/p481283.png
92626,Jamie Donley,,Northern Ireland,
68583,Jamie Gittens,8 August 2004,England,https://resources.premierleague.com/premierleague/photos/players/110x140/p463936.png
76090,Jan Paul van Hecke,8 June 2000,Netherlands,https://resources.premierleague.com/premierleague/photos/players/110x140/p469142.png
51557,Jarell Quansah,,England,
66318,Jarrad Branthwaite,27 June 2002,England,https://resources.premierleague.com/premierleague/photos/players/110x140/p480455.png
8868,Jarrod Bowen,20 December 1996,England,https://resources.premierleague.com/premierleague/photos/players/110x140/p178186.png
3457,Jason Steele,18 August 1990,England,https://resources.premierleague.com/premierleague/photos/players/110x140/p49262.png
69750,Jay Matete,,England,https://resources.premierleague.com/premierleague/photos/players/110x140/p493837.png
120048,Jayce Fitzgerald,,England,https://resources.premierleague.com/premierleague/photos/players/110x140/p556639.png
132716,Jaydan Kamason,,England,
147312,Jaydee Canvot,29 July 2006,France,https://resources.premierleague.com/premierleague/photos/players/110x140/p651426.png
14608,Jayden Bogle,27 July 2000,England,https://resources.premierleague.com/premierleague/photos/players/110x140/p226182.png
119292,Jayden Danns,16 January 2006,England,https://resources.premierleague.com/premierleague/photos/players/110x140/p500058.png
147695,Jayden Lienou,8 April 2008,Wales,https://resources.premierleague.com/premierleague/photos/players/110x140/p643970.png
122142,Jayden Meghoma,,England,https://resources.premierleague.com/premierleague/photos/players/110x140/p499717.png
119059,Jaydon Banel,,Netherlands,https://resources.premierleague.com/premierleague/photos/players/110x140/p551206.png
145417,Jaydon Jones,3 November 2006,England,https://resources.premierleague.com/premierleague/photos/players/110x140/p571087.png
63656,Jean-Clair Todibo,30 December 1999,France,https://resources.premierleague.com/premierleague/photos/players/110x140/p462116.png
20874,Jean-Philippe Mateta,28 June 1997,France,https://resources.premierleague.com/premierleague/photos/players/110x140/p231747.png
126108,Jean-Ricner Bellegarde,27 June 1998,Haiti,https://resources.premierleague.com/premierleague/photos/players/110x140/p231057.png
37776,Jefferson Lerma,25 October 1994,Colombia,https://resources.premierleague.com/premierleague/photos/players/110x140/p152551.png
8980,Jeffrey Schlupp,,Ghana,
20077,Jenson Jones,26 June 2006,England,https://resources.premierleague.com/premierleague/photos/players/110x140/p232356.png
110430,Jenson Seelt,,Netherlands,https://resources.premierleague.com/premierleague/photos/players/110x140/p519634.png
19919,Jeremie Frimpong,10 December 2000,Netherlands,https://resources.premierleague.com/premierleague/photos/players/110x140/p216094.png
68857,Jeremy Sarmiento,,Ecuador,https://resources.premierleague.com/premierleague/photos/players/110x140/p441192.png
302807,Jerome Abbey,16 September 2009,England,https://resources.premierleague.com/premierleague/photos/players/110x140/p685628.png
118112,Jesper Lindstrøm,,Denmark,
135830,Jesse Derry,30 June 2007,England,https://resources.premierleague.com/premierleague/photos/players/110x140/p619734.png
143218,Jhon Arias,,Colombia,https://resources.premierleague.com/premierleague/photos/players/110x140/p230376.png
140381,Jim Thwaites,20 December 2007,England,https://resources.premierleague.com/premierleague/photos/players/110x140/p576634.png
114565,Jimi Gower,,England,
127854,Jimmy Sinclair,11 August 2006,England,https://resources.premierleague.com/premierleague/photos/players/110x140/p590040.png
26151,Joachim Andersen,31 May 1996,Denmark,https://resources.premierleague.com/premierleague/photos/players/110x140/p174874.png
115419,Jobe Bellingham,,England,
114056,Joe Bauress,,England,
51901,Joe Gauci,,Australia,https://resources.premierleague.com/premierleague/photos/players/110x140/p462492.png
51754,Joe Gelhardt,,England,https://resources.premierleague.com/premierleague/photos/players/110x140/p462635.png
10651,Joe Gomez,23 May 1997,England,https://resources.premierleague.com/premierleague/photos/players/110x140/p171287.png
49269,Joe Hodge,,Ireland,https://resources.premierleague.com/premierleague/photos/players/110x140/p240299.png
122944,Joe Knight,,England,https://resources.premierleague.com/premierleague/photos/players/110x140/p567121.png
13796,Joe Rodon,22 October 1997,Wales,https://resources.premierleague.com/premierleague/photos/players/110x140/p214225.png
10580,Joe Rothwell,,England,
98281,Joe Snowdon,,England,
107822,Joe Whitworth,,England,
14446,Joe Willock,20 August 1999,England,https://resources.premierleague.com/premierleague/photos/players/110x140/p200089.png
13622,Joe Worrall,10 January 1997,England,https://resources.premierleague.com/premierleague/photos/players/110x140/p208912.png
117452,Joel Ndala,,England,
3929,Joel Ward,,England,
20607,Joelinton,14 August 1996,Brazil,https://resources.premierleague.com/premierleague/photos/players/110x140/p180974.png
51423,John McGinn,18 October 1994,Scotland,https://resources.premierleague.com/premierleague/photos/players/110x140/p122806.png
2896,John Ruddy,24 October 1986,England,https://resources.premierleague.com/premierleague/photos/players/110x140/p19236.png
4505,John Stones,28 May 1994,England,https://resources.premierleague.com/premierleague/photos/players/110x140/p97299.png
141639,John Victor,13 February 1996,Brazil,https://resources.premierleague.com/premierleague/photos/players/110x140/p221389.png
144894,Jonah Kusi-Asare,4 July 2007,Sweden,https://resources.premierleague.com/premierleague/photos/players/110x140/p631786.png
21885,Jonathan Panzo,,England,
4135,Jonjo Shelvey,,England,
3156,Jonny Evans,,Northern Ireland,
35699,Jordan Beyer,19 May 2000,Germany,https://resources.premierleague.com/premierleague/photos/players/110x140/p241231.png
3712,Jordan Henderson,17 June 1990,England,https://resources.premierleague.com/premierleague/photos/players/110x140/p56979.png
4640,Jordan Pickford,7 March 1994,England,https://resources.premierleague.com/premierleague/photos/players/110x140/p111234.png
49144,Jordan Zemura,,Zimbabwe,
35752,Jorge Cuenca,17 November 1999,Spain,https://resources.premierleague.com/premierleague/photos/players/110x140/p246301.png
5682,Jorginho,,Italy,
119041,Jorrel Hato,7 March 2006,Netherlands,https://resources.premierleague.com/premierleague/photos/players/110x140/p551210.png
125075,Josh Acheampong,5 May 2006,England,https://resources.premierleague.com/premierleague/photos/players/110x140/p577016.png
21991,Josh Bowler,,England,
9457,Josh Brownhill,,England,
10539,Josh Cullen,7 April 1996,Ireland,https://resources.premierleague.com/premierleague/photos/players/110x140/p172567.png
14457,Josh Dasilva,23 October 1998,England,https://resources.premierleague.com/premierleague/photos/players/110x140/p183656.png
109137,Josh Davidson,,England,
147723,Josh Gracey,14 December 2007,Northern Ireland,https://resources.premierleague.com/premierleague/photos/players/110x140/p627888.png
128976,Josh King,3 January 2007,England,https://resources.premierleague.com/premierleague/photos/players/110x140/p577725.png
8127,Josh Laurent,6 May 1995,England,https://resources.premierleague.com/premierleague/photos/players/110x140/p167887.png
127721,Josh Nichols,26 July 2006,England,https://resources.premierleague.com/premierleague/photos/players/110x140/p499167.png
48690,Josh Wilson-Esbrand,,England,
138185,Joshua Ajala,13 November 2006,England,
287787,Joshua Stephenson,4 September 2007,England,https://resources.premierleague.com/premierleague/photos/players/110x140/p649240.png
50848,Joshua Zirkzee,22 May 2001,Netherlands,https://resources.premierleague.com/premierleague/photos/players/110x140/p458249.png
67178,Josko Gvardiol,23 January 2002,Croatia,https://resources.premierleague.com/premierleague/photos/players/110x140/p477424.png
4930,Josuha Guilavogui,,France,
15715,José Sá,17 January 1993,Portugal,https://resources.premierleague.com/premierleague/photos/players/110x140/p149065.png
133025,Jota Silva,,Portugal,https://resources.premierleague.com/premierleague/photos/players/110x140/p510500.png
50856,João Félix,,Portugal,
133679,João Gomes,12 February 2001,Brazil,https://resources.premierleague.com/premierleague/photos/players/110x140/p448089.png
19858,João Palhinha,9 July 1995,Portugal,https://resources.premierleague.com/premierleague/photos/players/110x140/p154296.png
72371,João Pedro,26 September 2001,Brazil,https://resources.premierleague.com/premierleague/photos/players/110x140/p475168.png
14428,João Virgínia,,Portugal,
151538,Joél Drakes-Thomas,9 June 2009,England,https://resources.premierleague.com/premierleague/photos/players/110x140/p672492.png
50643,Joël Piroe,2 August 1999,Suriname,https://resources.premierleague.com/premierleague/photos/players/110x140/p235826.png
4874,Joël Veltman,15 January 1992,Netherlands,https://resources.premierleague.com/premierleague/photos/players/110x140/p111478.png
147792,Julian Eyestone,21 April 2006,United States,https://resources.premierleague.com/premierleague/photos/players/110x140/p535017.png
125827,Julio Enciso,,Paraguay,https://resources.premierleague.com/premierleague/photos/players/110x140/p474120.png
302305,Julio Soler,16 February 2005,Argentina,https://resources.premierleague.com/premierleague/photos/players/110x140/p575901.png
64370,Julián Araujo,,Mexico,https://resources.premierleague.com/premierleague/photos/players/110x140/p436893.png
146050,Jun'ai Byfield,6 December 2008,England,https://resources.premierleague.com/premierleague/photos/players/110x140/p640419.png
33046,Junior Firpo,,Dominican Republic,
137832,Junior Kroupi,,France,https://resources.premierleague.com/premierleague/photos/players/110x140/p560262.png
92629,Junior Robinson,6 April 2004,England,
67776,Jurriën Timber,17 June 2001,Netherlands,https://resources.premierleague.com/premierleague/photos/players/110x140/p445122.png
138981,Justin Devenny,11 October 2003,Northern Ireland,https://resources.premierleague.com/premierleague/photos/players/110x140/p489706.png
115444,Justin Hanks,1 September 2004,Wales,
21519,Justin Kluivert,5 May 1999,Netherlands,https://resources.premierleague.com/premierleague/photos/players/110x140/p222683.png
54156,Jérémy Doku,27 May 2002,Belgium,https://resources.premierleague.com/premierleague/photos/players/110x140/p248875.png
35670,Jørgen Strand Larsen,6 February 2000,Norway,https://resources.premierleague.com/premierleague/photos/players/110x140/p247412.png
114470,Kadan Young,,England,https://resources.premierleague.com/premierleague/photos/players/110x140/p537403.png
134787,Kaden Braithwaite,8 February 2008,England,
112449,Kaden Rodney,7 October 2004,England,https://resources.premierleague.com/premierleague/photos/players/110x140/p530318.png
20810,Kai Havertz,11 June 1999,Germany,https://resources.premierleague.com/premierleague/photos/players/110x140/p219847.png
70228,Kaide Gordon,5 October 2004,England,
118444,Kaiden Wilson,,England,
53074,Kaine Kesler-Hayden,,England,
10768,Kalvin Phillips,,England,https://resources.premierleague.com/premierleague/photos/players/110x140/p155405.png
117732,Kaoru Mitoma,20 May 1997,Japan,https://resources.premierleague.com/premierleague/photos/players/110x140/p451340.png
9251,Karl Darlow,8 October 1990,Wales,https://resources.premierleague.com/premierleague/photos/players/110x140/p59735.png
51917,Karl Hein,,Estonia,https://resources.premierleague.com/premierleague/photos/players/110x140/p463748.png
129443,Kaye Furo,6 February 2007,Belgium,https://resources.premierleague.com/premierleague/photos/players/110x140/p593174.png
24369,Keane Lewis-Potter,22 February 2001,England,https://resources.premierleague.com/premierleague/photos/players/110x140/p249231.png
123566,Keehan Willows,1 October 2005,England,
327693,Keiber Lamadrid,18 November 2003,Venezuela,https://resources.premierleague.com/premierleague/photos/players/110x140/p572702.png
134716,Kendry Páez,,Ecuador,https://resources.premierleague.com/premierleague/photos/players/110x140/p611134.png
4880,Kenny Tete,9 October 1995,Netherlands,https://resources.premierleague.com/premierleague/photos/players/110x140/p167074.png
11373,Kepa Arrizabalaga,3 October 1994,Spain,https://resources.premierleague.com/premierleague/photos/players/110x140/p109745.png
121610,Kevin,4 January 2003,Brazil,https://resources.premierleague.com/premierleague/photos/players/110x140/p560552.png
25892,Kevin Danso,19 September 1998,Austria,https://resources.premierleague.com/premierleague/photos/players/110x140/p135720.png
4288,Kevin De Bruyne,,Belgium,
127594,Kevin Schade,27 November 2001,Germany,https://resources.premierleague.com/premierleague/photos/players/110x140/p513418.png
119288,Keyrol Figueroa,31 August 2006,Honduras,
133497,Khari Ranson,13 September 2007,England,
52951,Ki-Jana Hoever,,Netherlands,https://resources.premierleague.com/premierleague/photos/players/110x140/p441271.png
305039,Kian McMahon-Brown,3 August 2008,Ireland,https://resources.premierleague.com/premierleague/photos/players/110x140/p644593.png
128966,Kian Noble,26 February 2007,England,
124989,Kiano Dyer,,England,
129831,Kieran Morrison,9 November 2006,Northern Ireland,https://resources.premierleague.com/premierleague/photos/players/110x140/p596042.png
12185,Kieran Tierney,,Scotland,
3905,Kieran Trippier,19 September 1990,England,https://resources.premierleague.com/premierleague/photos/players/110x140/p77794.png
14706,Kiernan Dewsbury-Hall,6 September 1998,England,https://resources.premierleague.com/premierleague/photos/players/110x140/p215413.png
122282,Killian Cahill,,Ireland,
126962,Kim Ji-Soo,,South Korea,https://resources.premierleague.com/premierleague/photos/players/110x140/p570241.png
67189,Kjell Scherpen,,Netherlands,https://resources.premierleague.com/premierleague/photos/players/110x140/p240514.png
108936,Kobbie Mainoo,19 April 2005,England,https://resources.premierleague.com/premierleague/photos/players/110x140/p516895.png
112745,Kobei Moore,,England,
32638,Konstantinos Mavropanos,11 December 1997,Greece,https://resources.premierleague.com/premierleague/photos/players/110x140/p233963.png
135734,Kornel Misciur,,Poland,
10000,Kortney Hause,,England,
136672,Kosta Nedeljkovic,,Serbia,
16006,Kostas Tsimikas,,Greece,https://resources.premierleague.com/premierleague/photos/players/110x140/p214285.png
125524,Kota Takai,,Japan,https://resources.premierleague.com/premierleague/photos/players/110x140/p553299.png
20113,Kristoffer Ajer,17 April 1998,Norway,https://resources.premierleague.com/premierleague/photos/players/110x140/p191866.png
65781,Krisztián Hegyi,,Hungary,https://resources.premierleague.com/premierleague/photos/players/110x140/p483364.png
5175,Kurt Zouma,,France,
3955,Kyle Walker,28 May 1990,England,https://resources.premierleague.com/premierleague/photos/players/110x140/p58621.png
13815,Kyle Walker-Peters,13 April 1997,England,https://resources.premierleague.com/premierleague/photos/players/110x140/p158534.png
108877,Ladislav Krejcí,20 April 1999,Czech Republic,https://resources.premierleague.com/premierleague/photos/players/110x140/p431248.png
107846,Lamare Bogarde,5 January 2004,Netherlands,https://resources.premierleague.com/premierleague/photos/players/110x140/p515597.png
304924,Lamin Sillah,6 June 2006,Gambia,https://resources.premierleague.com/premierleague/photos/players/110x140/p687076.png
134782,Landon Emenalo,18 January 2008,England,https://resources.premierleague.com/premierleague/photos/players/110x140/p611912.png
135748,Lanre Awesu,,England,
25267,Largie Ramazani,,Belgium,https://resources.premierleague.com/premierleague/photos/players/110x140/p433952.png
5866,Leander Dendoncker,,Belgium,https://resources.premierleague.com/premierleague/photos/players/110x140/p151589.png
20486,Leandro Trossard,4 December 1994,Belgium,https://resources.premierleague.com/premierleague/photos/players/110x140/p116216.png
118591,Leny Yoro,13 November 2005,France,https://resources.premierleague.com/premierleague/photos/players/110x140/p550864.png
112246,Leo Hjelde,,Norway,https://resources.premierleague.com/premierleague/photos/players/110x140/p477547.png
119537,Leo Shahar,18 March 2007,England,https://resources.premierleague.com/premierleague/photos/players/110x140/p553746.png
20489,Leon Bailey,9 August 1997,Jamaica,https://resources.premierleague.com/premierleague/photos/players/110x140/p215711.png
127804,Leon Chiwome,,England,https://resources.premierleague.com/premierleague/photos/players/110x140/p589507.png
147794,Leon Routh,30 November 2007,England,https://resources.premierleague.com/premierleague/photos/players/110x140/p664015.png
74960,Lesley Ugochukwu,26 March 2004,France,https://resources.premierleague.com/premierleague/photos/players/110x140/p503714.png
51229,Levi Colwill,26 February 2003,England,https://resources.premierleague.com/premierleague/photos/players/110x140/p460028.png
10766,Lewis Cook,3 February 1997,England,https://resources.premierleague.com/premierleague/photos/players/110x140/p155408.png
51511,Lewis Dobbin,,England,https://resources.premierleague.com/premierleague/photos/players/110x140/p461421.png
8163,Lewis Dunk,21 November 1991,England,https://resources.premierleague.com/premierleague/photos/players/110x140/p83299.png
108922,Lewis Hall,8 September 2004,England,https://resources.premierleague.com/premierleague/photos/players/110x140/p487838.png
129671,Lewis Koumas,,Wales,
117647,Lewis Miley,1 May 2006,England,https://resources.premierleague.com/premierleague/photos/players/110x140/p547719.png
109713,Lewis Orford,18 February 2006,England,https://resources.premierleague.com/premierleague/photos/players/110x140/p518442.png
51813,Liam Delap,8 February 2003,England,https://resources.premierleague.com/premierleague/photos/players/110x140/p463034.png
98315,Lino Sousa,,England,https://resources.premierleague.com/premierleague/photos/players/110x140/p514315.png
67191,Lisandro Martínez,18 January 1998,Argentina,https://resources.premierleague.com/premierleague/photos/players/110x140/p221820.png
127668,Lorenzo Lucca,10 September 2000,Italy,https://resources.premierleague.com/premierleague/photos/players/110x140/p469130.png
127723,Louie Copley,,England,
74964,Loum Tchaouna,8 September 2003,France,https://resources.premierleague.com/premierleague/photos/players/110x140/p469272.png
117552,Luca Gunter,23 March 2005,England,
125169,Luca Koleosho,,Italy,https://resources.premierleague.com/premierleague/photos/players/110x140/p487702.png
76426,Luca Netz,15 May 2003,Germany,https://resources.premierleague.com/premierleague/photos/players/110x140/p470315.png
65641,Lucas Bergström,,Finland,
133603,Lucas Bergvall,2 February 2006,Sweden,https://resources.premierleague.com/premierleague/photos/players/110x140/p570526.png
5758,Lucas Digne,20 July 1993,France,https://resources.premierleague.com/premierleague/photos/players/110x140/p101188.png
55776,Lucas Paquetá,,Brazil,https://resources.premierleague.com/premierleague/photos/players/110x140/p224024.png
63634,Lucas Perri,10 December 1997,Brazil,https://resources.premierleague.com/premierleague/photos/players/110x140/p201595.png
137462,Lucas Pires,24 March 2001,Brazil,https://resources.premierleague.com/premierleague/photos/players/110x140/p549329.png
134791,Lucá Williams-Barnett,1 October 2008,England,https://resources.premierleague.com/premierleague/photos/players/110x140/p611917.png
66669,Luis Díaz,,Colombia,https://resources.premierleague.com/premierleague/photos/players/110x140/p244731.png
146354,Luis Guilherme,,Brazil,https://resources.premierleague.com/premierleague/photos/players/110x140/p577114.png
50498,Luis Sinisterra,,Colombia,https://resources.premierleague.com/premierleague/photos/players/110x140/p224995.png
303391,Luka Bentt,1 October 2007,Belgium,https://resources.premierleague.com/premierleague/photos/players/110x140/p559610.png
134632,Luka Vuskovic,,Croatia,https://resources.premierleague.com/premierleague/photos/players/110x140/p610799.png
14807,Lukas Nmecha,14 December 1998,Germany,https://resources.premierleague.com/premierleague/photos/players/110x140/p174594.png
3309,Lukasz Fabianski,18 April 1985,Poland,https://resources.premierleague.com/premierleague/photos/players/110x140/p37096.png
144924,Luke Browne,,Ireland,
69603,Luke Butterfield,,Scotland,
107809,Luke Harris,,Wales,https://resources.premierleague.com/premierleague/photos/players/110x140/p515024.png
10361,Luke O'Nien,21 November 1994,England,https://resources.premierleague.com/premierleague/photos/players/110x140/p167512.png
49476,Luke Plange,,England,
132169,Luke Rawlings,4 April 2008,England,https://resources.premierleague.com/premierleague/photos/players/110x140/p605319.png
4608,Luke Shaw,12 July 1995,England,https://resources.premierleague.com/premierleague/photos/players/110x140/p106760.png
25408,Lutsharel Geertruida,18 July 2000,Netherlands,https://resources.premierleague.com/premierleague/photos/players/110x140/p247955.png
118959,Luís Semedo,,Portugal,https://resources.premierleague.com/premierleague/photos/players/110x140/p551153.png
64282,Lyle Foster,3 September 2000,South Africa,https://resources.premierleague.com/premierleague/photos/players/110x140/p435973.png
118083,Mads Hermansen,11 July 2000,Denmark,https://resources.premierleague.com/premierleague/photos/players/110x140/p467189.png
21297,Mads Roerslev,,Denmark,https://resources.premierleague.com/premierleague/photos/players/110x140/p226956.png
117450,Mahamadou Susoho,20 January 2005,Spain,
134786,Malachi Hardy,10 March 2008,England,
49485,Malcolm Ebiowei,,England,https://resources.premierleague.com/premierleague/photos/players/110x140/p450535.png
256083,Malcom DaCosta,17 April 2008,Ecuador,https://resources.premierleague.com/premierleague/photos/players/110x140/p678552.png
127722,Maldini Kacurri,,Albania,https://resources.premierleague.com/premierleague/photos/players/110x140/p588793.png
124462,Malick Thiaw,8 August 2001,Germany,https://resources.premierleague.com/premierleague/photos/players/110x140/p465642.png
147052,Malick Yalcouyé,,Cote D’Ivoire,https://resources.premierleague.com/premierleague/photos/players/110x140/p611695.png
138554,Malik Olayiwola,8 January 2009,England,
68827,Malo Gusto,19 May 2003,France,https://resources.premierleague.com/premierleague/photos/players/110x140/p482609.png
132956,Mamadou Sarr,29 August 2005,Senegal,https://resources.premierleague.com/premierleague/photos/players/110x140/p574458.png
62934,Manor Solomon,,Israel,https://resources.premierleague.com/premierleague/photos/players/110x140/p235674.png
15656,Manuel Akanji,,Switzerland,https://resources.premierleague.com/premierleague/photos/players/110x140/p211975.png
52053,Manuel Benson,,Angola,https://resources.premierleague.com/premierleague/photos/players/110x140/p183751.png
118031,Manuel Ugarte,11 April 2001,Uruguay,https://resources.premierleague.com/premierleague/photos/players/110x140/p232112.png
27277,Marc Cucurella,22 July 1998,Spain,https://resources.premierleague.com/premierleague/photos/players/110x140/p179268.png
130068,Marc Guiu,4 January 2006,Spain,https://resources.premierleague.com/premierleague/photos/players/110x140/p499309.png
14569,Marc Guéhi,13 July 2000,England,https://resources.premierleague.com/premierleague/photos/players/110x140/p209036.png
11428,Marco Asensio,,Spain,
20473,Marco Bizot,10 March 1991,Netherlands,https://resources.premierleague.com/premierleague/photos/players/110x140/p72147.png
54989,Marcos Senesi,10 May 1997,Argentina,https://resources.premierleague.com/premierleague/photos/players/110x140/p221466.png
4511,Marcus Bettinelli,24 May 1992,England,https://resources.premierleague.com/premierleague/photos/players/110x140/p122074.png
15139,Marcus Edwards,3 December 1998,England,https://resources.premierleague.com/premierleague/photos/players/110x140/p174592.png
13565,Marcus Rashford,,England,https://resources.premierleague.com/premierleague/photos/players/110x140/p176297.png
14846,Marcus Tavernier,22 March 1999,England,https://resources.premierleague.com/premierleague/photos/players/110x140/p201658.png
33280,Mark Flekken,,Netherlands,
8321,Mark Gillespie,27 March 1992,England,https://resources.premierleague.com/premierleague/photos/players/110x140/p81441.png
134334,Mark O'Mahony,,Ireland,
50453,Mark Travers,18 May 1999,Ireland,https://resources.premierleague.com/premierleague/photos/players/110x140/p229600.png
123961,Marko Stamenic,,New Zealand,https://resources.premierleague.com/premierleague/photos/players/110x140/p495161.png
254590,Marley Leuluai,,New Zealand,
147908,Marli Salmon,29 August 2009,England,https://resources.premierleague.com/premierleague/photos/players/110x140/p616065.png
76310,Marshall Munetsi,,Zimbabwe,https://resources.premierleague.com/premierleague/photos/players/110x140/p433312.png
124083,Martial Godo,,Cote D’Ivoire,https://resources.premierleague.com/premierleague/photos/players/110x140/p573062.png
6451,Martin Dúbravka,15 January 1989,Slovakia,https://resources.premierleague.com/premierleague/photos/players/110x140/p67089.png
117608,Martin Sherif,,Netherlands,https://resources.premierleague.com/premierleague/photos/players/110x140/p536241.png
11419,Martin Ødegaard,17 December 1998,Norway,https://resources.premierleague.com/premierleague/photos/players/110x140/p184029.png
64523,Martín Zubimendi,2 February 1999,Spain,https://resources.premierleague.com/premierleague/photos/players/110x140/p481655.png
10564,Mason Holgate,,Jamaica,
14580,Mason Mount,10 January 1999,England,https://resources.premierleague.com/premierleague/photos/players/110x140/p184341.png
129849,Matai Akinmboni,17 October 2006,United States,https://resources.premierleague.com/premierleague/photos/players/110x140/p541462.png
122133,Mateo Joseph,,Spain,https://resources.premierleague.com/premierleague/photos/players/110x140/p565297.png
12520,Mateo Kovacic,6 May 1994,Croatia,https://resources.premierleague.com/premierleague/photos/players/110x140/p91651.png
119072,Mateus Fernandes,10 July 2004,Portugal,https://resources.premierleague.com/premierleague/photos/players/110x140/p551226.png
145492,Mateus Mané,16 September 2007,Portugal,https://resources.premierleague.com/premierleague/photos/players/110x140/p647671.png
51202,Matheus Cunha,27 May 1999,Brazil,https://resources.premierleague.com/premierleague/photos/players/110x140/p430871.png
133681,Matheus França,,Brazil,https://resources.premierleague.com/premierleague/photos/players/110x140/p536694.png
76204,Matheus Nunes,27 August 1998,Portugal,https://resources.premierleague.com/premierleague/photos/players/110x140/p465351.png
49726,Mathias Jensen,1 January 1996,Denmark,https://resources.premierleague.com/premierleague/photos/players/110x140/p207283.png
136952,Mathis Amougou,,France,
155030,Mathis Eboué,27 February 2009,England,https://resources.premierleague.com/premierleague/photos/players/110x140/p671606.png
76614,Mathys Tel,27 April 2005,France,https://resources.premierleague.com/premierleague/photos/players/110x140/p511499.png
72239,Mats Wieffer,16 November 1999,Netherlands,https://resources.premierleague.com/premierleague/photos/players/110x140/p467779.png
4229,Matt Doherty,16 January 1992,Ireland,https://resources.premierleague.com/premierleague/photos/players/110x140/p87835.png
14671,Matt O'Riley,21 November 2000,Denmark,https://resources.premierleague.com/premierleague/photos/players/110x140/p219249.png
4815,Matt Targett,,England,https://resources.premierleague.com/premierleague/photos/players/110x140/p169359.png
54760,Matt Turner,,United States,https://resources.premierleague.com/premierleague/photos/players/110x140/p224068.png
98258,Matthew Cox,,England,https://resources.premierleague.com/premierleague/photos/players/110x140/p503300.png
20226,Matthijs de Ligt,12 August 1999,Netherlands,https://resources.premierleague.com/premierleague/photos/players/110x140/p209365.png
13344,Matty Cash,7 August 1997,Poland,https://resources.premierleague.com/premierleague/photos/players/110x140/p199796.png
16723,Matz Sels,26 February 1992,Belgium,https://resources.premierleague.com/premierleague/photos/players/110x140/p85633.png
111022,Max Alleyne,21 July 2005,England,https://resources.premierleague.com/premierleague/photos/players/110x140/p494307.png
141181,Max Dowman,31 December 2009,England,https://resources.premierleague.com/premierleague/photos/players/110x140/p616077.png
128022,Max Kinsey,,England,
109707,Max Merrick,10 November 2005,England,https://resources.premierleague.com/premierleague/photos/players/110x140/p518335.png
64145,Max Thompson,1 August 2004,England,
122056,Max Weiss,15 June 2004,Germany,https://resources.premierleague.com/premierleague/photos/players/110x140/p518030.png
16130,Max Wöber,,Austria,
76104,Maxence Lacroix,6 April 2000,France,https://resources.premierleague.com/premierleague/photos/players/110x140/p437499.png
67928,Maxim De Cuyper,22 December 2000,Belgium,https://resources.premierleague.com/premierleague/photos/players/110x140/p465730.png
124531,Maxime Estève,26 May 2002,France,https://resources.premierleague.com/premierleague/photos/players/110x140/p477717.png
13522,Maximilian Kilman,23 May 1997,England,https://resources.premierleague.com/premierleague/photos/players/110x140/p214048.png
16758,Maxwel Cornet,,Cote D’Ivoire,https://resources.premierleague.com/premierleague/photos/players/110x140/p149519.png
110958,Melker Ellborg,22 May 2003,Sweden,https://resources.premierleague.com/premierleague/photos/players/110x140/p515046.png
128411,Merlin Röhl,5 July 2002,Germany,https://resources.premierleague.com/premierleague/photos/players/110x140/p513466.png
129835,Michael Dacosta,5 March 2005,Spain,
133460,Michael Kayode,10 July 2004,Italy,https://resources.premierleague.com/premierleague/photos/players/110x140/p607464.png
4333,Michael Keane,11 January 1993,England,https://resources.premierleague.com/premierleague/photos/players/110x140/p106611.png
119290,Michael Laffey,11 October 2005,England,
21532,Michael Obafemi,,Ireland,https://resources.premierleague.com/premierleague/photos/players/110x140/p220598.png
9595,Michail Antonio,,Jamaica,
119607,Michal Rosiak,,Poland,
75582,Micky van de Ven,19 April 2001,Netherlands,https://resources.premierleague.com/premierleague/photos/players/110x140/p491279.png
121704,Mike Penders,,Belgium,https://resources.premierleague.com/premierleague/photos/players/110x140/p549939.png
75883,Mike Trésor,28 May 1999,Belgium,https://resources.premierleague.com/premierleague/photos/players/110x140/p437748.png
19778,Mikel Merino,22 June 1996,Spain,https://resources.premierleague.com/premierleague/photos/players/110x140/p195384.png
49731,Mikkel Damsgaard,3 July 2000,Denmark,https://resources.premierleague.com/premierleague/photos/players/110x140/p440089.png
148616,Milan Aleksic,30 August 2005,Serbia,https://resources.premierleague.com/premierleague/photos/players/110x140/p626844.png
116665,Milos Kerkez,7 November 2003,Hungary,https://resources.premierleague.com/premierleague/photos/players/110x140/p544877.png
127824,Mofe Jemide,,England,
140223,Mohamadou Kanté,20 September 2005,France,https://resources.premierleague.com/premierleague/photos/players/110x140/p630699.png
305128,Mohamed Koné,3 July 2007,Cote D’Ivoire,
5178,Mohamed Salah,15 June 1992,Egypt,https://resources.premierleague.com/premierleague/photos/players/110x140/p118748.png
51364,Mohammed Kudus,2 August 2000,Ghana,https://resources.premierleague.com/premierleague/photos/players/110x140/p460842.png
112203,Moisés Caicedo,2 November 2001,Ecuador,https://resources.premierleague.com/premierleague/photos/players/110x140/p486672.png
67510,Morato,30 June 2001,Brazil,https://resources.premierleague.com/premierleague/photos/players/110x140/p485047.png
15259,Morgan Gibbs-White,27 January 2000,England,https://resources.premierleague.com/premierleague/photos/players/110x140/p222531.png
23968,Morgan Rogers,26 July 2002,England,https://resources.premierleague.com/premierleague/photos/players/110x140/p244850.png
139648,Murillo,4 July 2002,Brazil,https://resources.premierleague.com/premierleague/photos/players/110x140/p575476.png
140368,Murray Campbell,25 July 2006,Scotland,
53991,Mykhailo Mudryk,5 January 2001,Ukraine,https://resources.premierleague.com/premierleague/photos/players/110x140/p465920.png
114564,Myles Lewis-Skelly,26 September 2006,England,https://resources.premierleague.com/premierleague/photos/players/110x140/p499169.png
49494,Myles Peart-Harris,,England,https://resources.premierleague.com/premierleague/photos/players/110x140/p450539.png
122772,Máximo Perrone,,Argentina,
68086,Naouirou Ahamada,,France,https://resources.premierleague.com/premierleague/photos/players/110x140/p466117.png
123672,Nasser Djiga,,Burkina Faso,
4499,Nathan Aké,18 February 1995,Netherlands,https://resources.premierleague.com/premierleague/photos/players/110x140/p126184.png
51479,Nathan Butler-Oyedeji,,England,
24659,Nathan Collins,30 April 2001,Ireland,https://resources.premierleague.com/premierleague/photos/players/110x140/p432830.png
112651,Nathan Fraser,,Ireland,https://resources.premierleague.com/premierleague/photos/players/110x140/p531363.png
74585,Nathan Patterson,16 October 2001,Scotland,https://resources.premierleague.com/premierleague/photos/players/110x140/p243571.png
3811,Nathan Redmond,,England,
4604,Nathaniel Clyne,5 April 1991,England,https://resources.premierleague.com/premierleague/photos/players/110x140/p57328.png
108628,Nayef Aguerd,,Morocco,https://resources.premierleague.com/premierleague/photos/players/110x140/p210494.png
31873,Nazariy Rusyn,,Ukraine,https://resources.premierleague.com/premierleague/photos/players/110x140/p440955.png
16256,Neal Maupay,,France,
23811,Neco Williams,13 April 2001,Wales,https://resources.premierleague.com/premierleague/photos/players/110x140/p215136.png
127911,Nectarios Triantis,,Greece,https://resources.premierleague.com/premierleague/photos/players/110x140/p500696.png
120049,Nehemiah Oriola,11 June 2007,England,https://resources.premierleague.com/premierleague/photos/players/110x140/p556637.png
6593,Neto,,Brazil,https://resources.premierleague.com/premierleague/photos/players/110x140/p69752.png
104260,Niall Huggins,,Wales,https://resources.premierleague.com/premierleague/photos/players/110x140/p492066.png
10079,Nick Pope,19 April 1992,England,https://resources.premierleague.com/premierleague/photos/players/110x140/p98747.png
115256,Nick Woltemade,14 February 2002,Germany,https://resources.premierleague.com/premierleague/photos/players/110x140/p470313.png
42569,Niclas Füllkrug,,Germany,https://resources.premierleague.com/premierleague/photos/players/110x140/p91889.png
67849,Nico González,3 January 2002,Spain,https://resources.premierleague.com/premierleague/photos/players/110x140/p465694.png
112948,Nico O'Reilly,21 March 2005,England,https://resources.premierleague.com/premierleague/photos/players/110x140/p472769.png
110526,Nicolas Jackson,,Senegal,https://resources.premierleague.com/premierleague/photos/players/110x140/p517052.png
115172,Nicolás Domínguez,28 June 1998,Argentina,https://resources.premierleague.com/premierleague/photos/players/110x140/p250199.png
70249,Nicolò Savona,19 March 2003,Italy,https://resources.premierleague.com/premierleague/photos/players/110x140/p500151.png
16035,Nikola Milenkovic,12 October 1997,Serbia,https://resources.premierleague.com/premierleague/photos/players/110x140/p227444.png
143264,Nils Ramming,28 March 2007,Sweden,
115105,Nilson Angulo,19 June 2003,Ecuador,https://resources.premierleague.com/premierleague/photos/players/110x140/p536661.png
33162,Noah Okafor,24 May 2000,Switzerland,https://resources.premierleague.com/premierleague/photos/players/110x140/p435997.png
124944,Noah Sadiki,17 December 2004,DR Congo,https://resources.premierleague.com/premierleague/photos/players/110x140/p577669.png
67407,Noni Madueke,10 March 2002,England,https://resources.premierleague.com/premierleague/photos/players/110x140/p248857.png
51199,Nordi Mukiele,1 November 1997,France,https://resources.premierleague.com/premierleague/photos/players/110x140/p200834.png
33245,Noussair Mazraoui,14 November 1997,Morocco,https://resources.premierleague.com/premierleague/photos/players/110x140/p230001.png
66094,Nuno Tavares,,Portugal,
16642,Nélson Semedo,,Portugal,
33342,Odeluga Offiah,,England,
16788,Odsonne Édouard,,France,https://resources.premierleague.com/premierleague/photos/players/110x140/p199670.png
20547,Odysseas Vlachodimos,,Greece,https://resources.premierleague.com/premierleague/photos/players/110x140/p111452.png
10439,Ola Aina,8 October 1996,Nigeria,https://resources.premierleague.com/premierleague/photos/players/110x140/p159506.png
19620,Oleksandr Zinchenko,,Ukraine,https://resources.premierleague.com/premierleague/photos/players/110x140/p206325.png
107887,Oliver Bainbridge,,England,
121744,Oliver Irow,,England,
145134,Oliver Pimlott,7 April 2007,England,https://resources.premierleague.com/premierleague/photos/players/110x140/p647960.png
128643,Oliver Sonne,,Peru,https://resources.premierleague.com/premierleague/photos/players/110x140/p519895.png
20505,Olivier Boscagli,18 November 1997,France,https://resources.premierleague.com/premierleague/photos/players/110x140/p204120.png
107891,Oliwier Zych,,Poland,
130153,Ollie Harrison,7 August 2007,England,
117579,Ollie Scarles,12 December 2005,England,https://resources.premierleague.com/premierleague/photos/players/110x140/p536109.png
149338,Ollie Shield,25 September 2006,England,https://resources.premierleague.com/premierleague/photos/players/110x140/p494556.png
8658,Ollie Watkins,30 December 1995,England,https://resources.premierleague.com/premierleague/photos/players/110x140/p178301.png
148282,Oluwaseun Adewumi,,Austria,https://resources.premierleague.com/premierleague/photos/players/110x140/p576323.png
66659,Omar Alderete,26 December 1996,Paraguay,https://resources.premierleague.com/premierleague/photos/players/110x140/p201895.png
76216,Omar Marmoush,7 February 1999,Egypt,https://resources.premierleague.com/premierleague/photos/players/110x140/p438234.png
98300,Omari Hutchinson,30 October 2003,England,https://resources.premierleague.com/premierleague/photos/players/110x140/p503301.png
117753,Omari Kellyman,,England,
49738,Orel Mangala,,Belgium,
66657,Oscar Bobb,12 July 2003,Norway,https://resources.premierleague.com/premierleague/photos/players/110x140/p477555.png
112601,Owen Barker,,England,
117800,Owen Bevan,26 October 2003,Wales,https://resources.premierleague.com/premierleague/photos/players/110x140/p518906.png
66524,Owen Dodgson,,England,https://resources.premierleague.com/premierleague/photos/players/110x140/p461567.png
107823,Owen Goodman,,Canada,
304595,Pablo,2 January 2004,Brazil,https://resources.premierleague.com/premierleague/photos/players/110x140/p530335.png
19814,Pablo Sarabia,,Spain,
117318,Pape Matar Sarr,14 September 2002,Senegal,https://resources.premierleague.com/premierleague/photos/players/110x140/p482442.png
23946,Paris Maghoma,,England,https://resources.premierleague.com/premierleague/photos/players/110x140/p220695.png
304679,Park Seung-Soo,17 March 2007,South Korea,https://resources.premierleague.com/premierleague/photos/players/110x140/p623110.png
22542,Pascal Groß,15 June 1991,Germany,https://resources.premierleague.com/premierleague/photos/players/110x140/p60307.png
33124,Pascal Struijk,11 August 1999,Netherlands,https://resources.premierleague.com/premierleague/photos/players/110x140/p222694.png
4291,Patrick Bamford,,England,https://resources.premierleague.com/premierleague/photos/players/110x140/p106617.png
146567,Patrick Dorgu,26 October 2004,Denmark,https://resources.premierleague.com/premierleague/photos/players/110x140/p596777.png
21529,Pau Torres,16 January 1997,Spain,https://resources.premierleague.com/premierleague/photos/players/110x140/p244954.png
147032,Pedro Lima,1 July 2006,Brazil,https://resources.premierleague.com/premierleague/photos/players/110x140/p641221.png
21998,Pedro Neto,9 March 2000,Portugal,https://resources.premierleague.com/premierleague/photos/players/110x140/p247632.png
32229,Pedro Porro,13 September 1999,Spain,https://resources.premierleague.com/premierleague/photos/players/110x140/p441164.png
129427,Pele Arganese-McDermott,,Spain,
31904,Pervis Estupiñán,,Ecuador,https://resources.premierleague.com/premierleague/photos/players/110x140/p204214.png
14805,Phil Foden,28 May 2000,England,https://resources.premierleague.com/premierleague/photos/players/110x140/p209244.png
8882,Philip Billing,,Denmark,https://resources.premierleague.com/premierleague/photos/players/110x140/p168991.png
4525,Philippe Coutinho,,Brazil,
118077,Piero Hincapié,9 January 2002,Ecuador,https://resources.premierleague.com/premierleague/photos/players/110x140/p448104.png
51224,Pierre Ekwah,,France,https://resources.premierleague.com/premierleague/photos/players/110x140/p458297.png
5272,Pierre-Emile Højbjerg,,Denmark,
135438,Preston Fearon,,England,
127393,Quilindschy Hartman,14 November 2001,Netherlands,https://resources.premierleague.com/premierleague/photos/players/110x140/p494960.png
69070,Radu Dragusin,3 February 2002,Romania,https://resources.premierleague.com/premierleague/photos/players/110x140/p493125.png
4316,Raheem Sterling,,England,
51185,Randal Kolo Muani,5 December 1998,France,https://resources.premierleague.com/premierleague/photos/players/110x140/p247693.png
122934,Rasmus Højlund,,Denmark,https://resources.premierleague.com/premierleague/photos/players/110x140/p497894.png
15702,Rasmus Kristensen,,Denmark,
134234,Rayan,3 August 2006,Brazil,https://resources.premierleague.com/premierleague/photos/players/110x140/p499604.png
71432,Rayan Aït-Nouri,6 June 2001,Algeria,https://resources.premierleague.com/premierleague/photos/players/110x140/p448514.png
68150,Rayan Cherki,17 August 2003,France,https://resources.premierleague.com/premierleague/photos/players/110x140/p466052.png
11071,Raúl Jiménez,5 May 1991,Mexico,https://resources.premierleague.com/premierleague/photos/players/110x140/p102057.png
14571,Reece James,8 December 1999,England,https://resources.premierleague.com/premierleague/photos/players/110x140/p225796.png
133109,Reece Munro,,England,
66578,Reece Welch,19 September 2003,England,https://resources.premierleague.com/premierleague/photos/players/110x140/p474907.png
147359,Reggie Rose,,England,
134792,Reggie Walsh,20 October 2008,England,
128969,Reigan Heskey,18 January 2008,England,https://resources.premierleague.com/premierleague/photos/players/110x140/p580921.png
63733,Reinildo Mandava,21 January 1994,Mozambique,https://resources.premierleague.com/premierleague/photos/players/110x140/p434399.png
14450,Reiss Nelson,10 December 1999,England,https://resources.premierleague.com/premierleague/photos/players/110x140/p200641.png
118443,Reiss-Alexander Russell-Denny,,England,
10827,Remi Matthews,10 February 1994,England,https://resources.premierleague.com/premierleague/photos/players/110x140/p169593.png
133124,Remy Rees-Dottin,6 March 2006,England,https://resources.premierleague.com/premierleague/photos/players/110x140/p606774.png
125041,Rhys Chadwick,19 February 2007,England,https://resources.premierleague.com/premierleague/photos/players/110x140/p577978.png
143561,Rhys Oakley,16 September 2008,England,
23813,Rhys Williams,3 February 2001,England,https://resources.premierleague.com/premierleague/photos/players/110x140/p219937.png
69914,Riccardo Calafiori,19 May 2002,Italy,https://resources.premierleague.com/premierleague/photos/players/110x140/p466075.png
112918,Richard Olise,,England,
24630,Richarlison,10 May 1997,Brazil,https://resources.premierleague.com/premierleague/photos/players/110x140/p212319.png
10947,Rico Henry,8 July 1997,Jamaica,https://resources.premierleague.com/premierleague/photos/players/110x140/p194010.png
99281,Rico Lewis,21 November 2004,England,https://resources.premierleague.com/premierleague/photos/players/110x140/p477064.png
117557,Riley Owen,24 August 2005,England,https://resources.premierleague.com/premierleague/photos/players/110x140/p547671.png
127826,Rio Cardines,1 July 2006,Trinidad & Tobago,https://resources.premierleague.com/premierleague/photos/players/110x140/p590014.png
114362,Rio Kyerematen,9 June 2005,England,https://resources.premierleague.com/premierleague/photos/players/110x140/p536134.png
134796,Rio Ngumoha,29 August 2008,England,https://resources.premierleague.com/premierleague/photos/players/110x140/p611922.png
11575,Rob Holding,,England,https://resources.premierleague.com/premierleague/photos/players/110x140/p156074.png
14538,Robert Sánchez,18 November 1997,Spain,https://resources.premierleague.com/premierleague/photos/players/110x140/p215059.png
11224,Robin Olsen,,Sweden,
75692,Robin Roefs,17 January 2003,Netherlands,https://resources.premierleague.com/premierleague/photos/players/110x140/p498016.png
16286,Rodri,22 June 1996,Spain,https://resources.premierleague.com/premierleague/photos/players/110x140/p220566.png
22802,Rodrigo Bentancur,25 June 1997,Uruguay,https://resources.premierleague.com/premierleague/photos/players/110x140/p202993.png
108947,Rodrigo Gomes,7 July 2003,Portugal,https://resources.premierleague.com/premierleague/photos/players/110x140/p483081.png
117763,Rodrigo Muniz,4 May 2001,Brazil,https://resources.premierleague.com/premierleague/photos/players/110x140/p244042.png
133297,Romain Esse,,England,https://resources.premierleague.com/premierleague/photos/players/110x140/p606921.png
32159,Romain Faivre,,France,https://resources.premierleague.com/premierleague/photos/players/110x140/p441240.png
51610,Romaine Mundle,24 April 2003,England,https://resources.premierleague.com/premierleague/photos/players/110x140/p461199.png
133097,Romelle Donovan,30 November 2006,England,https://resources.premierleague.com/premierleague/photos/players/110x140/p606689.png
99282,Roméo Lavia,6 January 2004,Belgium,https://resources.premierleague.com/premierleague/photos/players/110x140/p514356.png
108928,Ronnie Hollingshead,9 September 2004,Wales,https://resources.premierleague.com/premierleague/photos/players/110x140/p516875.png
129722,Rory Mahady,,Scotland,
4115,Ross Barkley,5 December 1993,England,https://resources.premierleague.com/premierleague/photos/players/110x140/p88894.png
304548,Ruby Warwick,,England,
15572,Ryan Christie,22 February 1995,Scotland,https://resources.premierleague.com/premierleague/photos/players/110x140/p158499.png
49909,Ryan Gravenberch,16 May 2002,Netherlands,https://resources.premierleague.com/premierleague/photos/players/110x140/p441266.png
145989,Ryan Kavuma-McQueen,1 January 2009,England,https://resources.premierleague.com/premierleague/photos/players/110x140/p616286.png
141186,Ryan McAidoo,24 June 2008,England,https://resources.premierleague.com/premierleague/photos/players/110x140/p616288.png
14656,Ryan Sessegnon,18 May 2000,England,https://resources.premierleague.com/premierleague/photos/players/110x140/p184349.png
128264,Ryan Trevitt,12 March 2003,England,https://resources.premierleague.com/premierleague/photos/players/110x140/p591357.png
14238,Ryan Yates,21 November 1997,England,https://resources.premierleague.com/premierleague/photos/players/110x140/p204968.png
16431,Rúben Dias,14 May 1997,Portugal,https://resources.premierleague.com/premierleague/photos/players/110x140/p171314.png
130672,Saheed Olagunju,7 January 2007,England,https://resources.premierleague.com/premierleague/photos/players/110x140/p601956.png
92734,Salah-Eddine Oulad M'hand,,Netherlands,
116913,Salis Abdul Samed,,Ghana,
313091,Sam Alabi,9 July 2009,England,https://resources.premierleague.com/premierleague/photos/players/110x140/p666607.png
128364,Sam Amissah,7 March 2007,England,https://resources.premierleague.com/premierleague/photos/players/110x140/p591385.png
8945,Sam Byram,16 September 1993,England,https://resources.premierleague.com/premierleague/photos/players/110x140/p113564.png
122289,Sam Chambers,18 August 2007,Scotland,https://resources.premierleague.com/premierleague/photos/players/110x140/p565863.png
126123,Sam Coffey,31 December 1998,United States,
23911,Sam Greenwood,,England,https://resources.premierleague.com/premierleague/photos/players/110x140/p248937.png
4331,Sam Johnstone,25 March 1993,England,https://resources.premierleague.com/premierleague/photos/players/110x140/p101982.png
130670,Sam Proctor,21 December 2006,England,https://resources.premierleague.com/premierleague/photos/players/110x140/p564505.png
53063,Samuel Chukwueze,22 May 1999,Nigeria,https://resources.premierleague.com/premierleague/photos/players/110x140/p218328.png
64521,Samuel Iling-Junior,,England,https://resources.premierleague.com/premierleague/photos/players/110x140/p469247.png
117590,Samuel Rak-Sakyi,,England,
21614,Sander Berge,14 February 1998,Norway,https://resources.premierleague.com/premierleague/photos/players/110x140/p207189.png
71623,Sandro Tonali,8 May 2000,Italy,https://resources.premierleague.com/premierleague/photos/players/110x140/p432422.png
43010,Santiago Bueno,9 November 1998,Uruguay,https://resources.premierleague.com/premierleague/photos/players/110x140/p231480.png
108319,Sasa Kalajdzic,,Austria,https://resources.premierleague.com/premierleague/photos/players/110x140/p429414.png
16044,Sasa Lukic,13 August 1996,Serbia,https://resources.premierleague.com/premierleague/photos/players/110x140/p212314.png
126943,Savinho,10 April 2004,Brazil,https://resources.premierleague.com/premierleague/photos/players/110x140/p510281.png
2250,Scott Carson,,England,
14897,Sean Longstaff,30 October 1997,England,https://resources.premierleague.com/premierleague/photos/players/110x140/p180135.png
130234,Sean Neave,27 May 2007,England,https://resources.premierleague.com/premierleague/photos/players/110x140/p599303.png
35718,Sebastiaan Bornauw,22 March 1999,Belgium,https://resources.premierleague.com/premierleague/photos/players/110x140/p437738.png
67910,Senne Lammens,7 July 2002,Belgium,https://resources.premierleague.com/premierleague/photos/players/110x140/p465247.png
65987,Sepp van den Berg,20 December 2001,Netherlands,https://resources.premierleague.com/premierleague/photos/players/110x140/p444765.png
39606,Sergio Reguilón,,Spain,
138552,Seth Ridgeon,12 September 2008,England,https://resources.premierleague.com/premierleague/photos/players/110x140/p619536.png
130151,Shea Lacey,14 April 2007,England,https://resources.premierleague.com/premierleague/photos/players/110x140/p576628.png
122945,Shumaira Mheuka,20 October 2007,England,https://resources.premierleague.com/premierleague/photos/players/110x140/p567119.png
76296,Shurandy Sambo,,Curacao,https://resources.premierleague.com/premierleague/photos/players/110x140/p450072.png
98302,Sil Swinkels,,Netherlands,
126317,Simon Adingra,,Cote D’Ivoire,https://resources.premierleague.com/premierleague/photos/players/110x140/p535818.png
4727,Simon Moore,19 May 1990,England,https://resources.premierleague.com/premierleague/photos/players/110x140/p74854.png
8171,Solly March,20 July 1994,England,https://resources.premierleague.com/premierleague/photos/players/110x140/p109345.png
4999,Son Heung-Min,,South Korea,https://resources.premierleague.com/premierleague/photos/players/110x140/p85971.png
117565,Sonny Aljofree,19 December 2004,England,
122005,Soungoutou Magassa,8 October 2003,France,https://resources.premierleague.com/premierleague/photos/players/110x140/p564940.png
327705,Souza,16 June 2006,Brazil,https://resources.premierleague.com/premierleague/photos/players/110x140/p616221.png
138126,Spike Brits,,England,
114296,Stefan Bajcetic,22 October 2004,Spain,https://resources.premierleague.com/premierleague/photos/players/110x140/p535928.png
47133,Stefan Ortega,6 November 1992,Germany,https://resources.premierleague.com/premierleague/photos/players/110x140/p88248.png
139930,Stefanos Tzimas,,Greece,https://resources.premierleague.com/premierleague/photos/players/110x140/p608181.png
128136,Stephen Mfuni,,England,https://resources.premierleague.com/premierleague/photos/players/110x140/p566213.png
31671,Steven Benda,,Germany,https://resources.premierleague.com/premierleague/photos/players/110x140/p428971.png
49908,Sven Botman,12 January 2000,Netherlands,https://resources.premierleague.com/premierleague/photos/players/110x140/p220237.png
146337,Sverre Nypan,19 December 2006,Norway,https://resources.premierleague.com/premierleague/photos/players/110x140/p566164.png
3600,Séamus Coleman,11 October 1988,Ireland,https://resources.premierleague.com/premierleague/photos/players/110x140/p59949.png
135746,TJ Carroll,22 March 2007,England,https://resources.premierleague.com/premierleague/photos/players/110x140/p618027.png
15340,Taiwo Awoniyi,12 August 1997,Nigeria,https://resources.premierleague.com/premierleague/photos/players/110x140/p210156.png
115169,Takehiro Tomiyasu,,Japan,
331630,Talla Ndiaye,6 January 2008,Senegal,https://resources.premierleague.com/premierleague/photos/players/110x140/p718875.png
13286,Tammy Abraham,2 October 1997,England,https://resources.premierleague.com/premierleague/photos/players/110x140/p173879.png
23704,Tariq Lamptey,,Ghana,https://resources.premierleague.com/premierleague/photos/players/110x140/p232792.png
69766,Tawanda Chirewa,,Zimbabwe,https://resources.premierleague.com/premierleague/photos/players/110x140/p497606.png
72541,Tayo Adaramola,,Ireland,
112377,Ted Curd,,England,
70241,Teddy Sharman-Lowe,30 March 2003,England,https://resources.premierleague.com/premierleague/photos/players/110x140/p499857.png
107819,Temple Ojinnaka,,Italy,https://resources.premierleague.com/premierleague/photos/players/110x140/p514362.png
143922,Thierno Barry,21 October 2002,France,https://resources.premierleague.com/premierleague/photos/players/110x140/p586309.png
123557,Thierry Katsukunya,,Wales,
4936,Thomas Partey,,Ghana,
26335,Tijjani Reijnders,29 July 1998,Netherlands,https://resources.premierleague.com/premierleague/photos/players/110x140/p433036.png
66538,Tim Iroegbunam,30 June 2003,England,https://resources.premierleague.com/premierleague/photos/players/110x140/p490094.png
23599,Timo Werner,,Germany,
6712,Timothy Castagne,5 December 1995,Belgium,https://resources.premierleague.com/premierleague/photos/players/110x140/p166477.png
68210,Timothée Pembélé,,France,https://resources.premierleague.com/premierleague/photos/players/110x140/p465702.png
49495,Tino Livramento,12 November 2002,England,https://resources.premierleague.com/premierleague/photos/players/110x140/p441191.png
67221,Toby Collyer,,England,https://resources.premierleague.com/premierleague/photos/players/110x140/p490881.png
115371,Tolu Arokodare,23 November 2000,Nigeria,https://resources.premierleague.com/premierleague/photos/players/110x140/p488213.png
3894,Tom Cairney,20 January 1991,Scotland,https://resources.premierleague.com/premierleague/photos/players/110x140/p76357.png
129740,Tom Edozie,18 May 2006,England,https://resources.premierleague.com/premierleague/photos/players/110x140/p596054.png
2933,Tom Heaton,15 April 1986,England,https://resources.premierleague.com/premierleague/photos/players/110x140/p21205.png
10801,Tom King,9 March 1995,Wales,https://resources.premierleague.com/premierleague/photos/players/110x140/p138001.png
119613,Tom Lavery,,England,
20961,Tom McGill,25 March 2000,Canada,https://resources.premierleague.com/premierleague/photos/players/110x140/p209288.png
140370,Tom Tweedy,,Wales,
117758,Tom Watson,,England,https://resources.premierleague.com/premierleague/photos/players/110x140/p549074.png
117447,Tomas Galvez,28 January 2005,Finland,
107844,Tommi O'Reilly,15 December 2003,England,
122155,Tommy McDermott,,England,
112473,Tommy Pilling,14 September 2004,England,
119036,Tommy Setford,13 March 2006,England,https://resources.premierleague.com/premierleague/photos/players/110x140/p551221.png
25183,Tomás Soucek,27 February 1995,Czech Republic,https://resources.premierleague.com/premierleague/photos/players/110x140/p215439.png
13549,Tosin Adarabioyo,24 September 1997,England,https://resources.premierleague.com/premierleague/photos/players/110x140/p109646.png
92635,Toti Gomes,16 January 1999,Portugal,https://resources.premierleague.com/premierleague/photos/players/110x140/p510362.png
122126,Trai Hume,18 March 2002,Northern Ireland,https://resources.premierleague.com/premierleague/photos/players/110x140/p487676.png
128733,Travis Hernes,,Norway,
114058,Travis Patterson,,England,https://resources.premierleague.com/premierleague/photos/players/110x140/p534836.png
14732,Trent Alexander-Arnold,,England,
127797,Trent Koné-Doherty,,Ireland,
132727,Trevan Sanusi,,England,
14575,Trevoh Chalobah,5 July 1999,England,https://resources.premierleague.com/premierleague/photos/players/110x140/p180736.png
130665,Trey Nyoni,30 June 2007,England,https://resources.premierleague.com/premierleague/photos/players/110x140/p591386.png
135233,Trey Ogunsuyi,,Belgium,
124179,Triston Rowe,,England,https://resources.premierleague.com/premierleague/photos/players/110x140/p569577.png
283102,Tye Hall,1 October 2007,England,
42894,Tyler Adams,14 February 1999,United States,https://resources.premierleague.com/premierleague/photos/players/110x140/p200785.png
138105,Tyler Bindon,,New Zealand,
112917,Tyler Dibling,17 February 2006,England,https://resources.premierleague.com/premierleague/photos/players/110x140/p496661.png
133650,Tyler Fletcher,19 March 2007,Scotland,https://resources.premierleague.com/premierleague/photos/players/110x140/p519913.png
117564,Tyler Fredricson,23 February 2005,England,https://resources.premierleague.com/premierleague/photos/players/110x140/p547676.png
51574,Tyler Morton,,England,https://resources.premierleague.com/premierleague/photos/players/110x140/p440148.png
51510,Tyler Onyango,,England,https://resources.premierleague.com/premierleague/photos/players/110x140/p461446.png
135764,Tymur Tutierov,,Ukraine,https://resources.premierleague.com/premierleague/photos/players/110x140/p604211.png
145986,Tynan Thompson,17 April 2008,England,
75249,Tyrell Ashcroft,,England,
23581,Tyrell Malacia,17 August 1999,Netherlands,https://resources.premierleague.com/premierleague/photos/players/110x140/p222690.png
24334,Tyrick Mitchell,1 September 1999,England,https://resources.premierleague.com/premierleague/photos/players/110x140/p244723.png
118442,Tyrique George,4 February 2006,England,https://resources.premierleague.com/premierleague/photos/players/110x140/p550615.png
8900,Tyrone Mings,13 March 1993,England,https://resources.premierleague.com/premierleague/photos/players/110x140/p149484.png
143734,Tyrone Samba,31 December 2007,England,
120417,Valentín Barco,,Argentina,
63257,Valentín Castellanos,3 October 1998,Argentina,https://resources.premierleague.com/premierleague/photos/players/110x140/p247670.png
140546,Veljko Milosavljevic,28 June 2007,Serbia,https://resources.premierleague.com/premierleague/photos/players/110x140/p620487.png
5066,Victor Lindelöf,17 July 1994,Sweden,https://resources.premierleague.com/premierleague/photos/players/110x140/p184667.png
32728,Viktor Gyökeres,4 June 1998,Sweden,https://resources.premierleague.com/premierleague/photos/players/110x140/p224117.png
5140,Virgil van Dijk,8 July 1991,Netherlands,https://resources.premierleague.com/premierleague/photos/players/110x140/p97032.png
24983,Vitalii Mykolenko,29 May 1999,Ukraine,https://resources.premierleague.com/premierleague/photos/players/110x140/p224967.png
23194,Vitaly Janelt,10 May 1998,Germany,https://resources.premierleague.com/premierleague/photos/players/110x140/p204580.png
302583,Vitor Reis,,Brazil,https://resources.premierleague.com/premierleague/photos/players/110x140/p616222.png
7336,Vladimír Coufal,,Czech Republic,
16169,Václav Hladky,14 November 1990,Czech Republic,https://resources.premierleague.com/premierleague/photos/players/110x140/p51943.png
24807,Vítezslav Jaros,,Czech Republic,
20497,Walter Benítez,19 January 1993,Argentina,https://resources.premierleague.com/premierleague/photos/players/110x140/p121709.png
43586,Wataru Endo,9 February 1993,Japan,https://resources.premierleague.com/premierleague/photos/players/110x140/p158983.png
2569,Wayne Hennessey,,Wales,
117584,Wellity Lucky,12 January 2006,Spain,https://resources.premierleague.com/premierleague/photos/players/110x140/p519440.png
3881,Wes Foderingham,,England,https://resources.premierleague.com/premierleague/photos/players/110x140/p82143.png
135120,Wes Okoduwa,,England,
66284,Wesley Fofana,17 December 2000,France,https://resources.premierleague.com/premierleague/photos/players/110x140/p444463.png
68676,Wilfried Gnonto,5 November 2003,Italy,https://resources.premierleague.com/premierleague/photos/players/110x140/p492859.png
53093,Will Dennis,,England,https://resources.premierleague.com/premierleague/photos/players/110x140/p444172.png
8589,Will Hughes,17 April 1995,England,https://resources.premierleague.com/premierleague/photos/players/110x140/p108413.png
119462,Will Lankshear,,England,https://resources.premierleague.com/premierleague/photos/players/110x140/p552427.png
134586,Will Murdock,,Northern Ireland,
301543,Will Wright,1 January 2008,England,https://resources.premierleague.com/premierleague/photos/players/110x140/p677945.png
114590,William Osula,4 August 2003,Denmark,https://resources.premierleague.com/premierleague/photos/players/110x140/p538207.png
66204,William Saliba,24 March 2001,France,https://resources.premierleague.com/premierleague/photos/players/110x140/p462424.png
4748,Willian,,Brazil,
16204,Willy Boly,3 February 1991,Cote D’Ivoire,https://resources.premierleague.com/premierleague/photos/players/110x140/p90585.png
52989,Wilson Isidor,27 August 2000,Haiti,https://resources.premierleague.com/premierleague/photos/players/110x140/p437505.png
118579,Wilson Odobert,28 November 2004,France,https://resources.premierleague.com/premierleague/photos/players/110x140/p550839.png
69274,Xavi Simons,21 April 2003,Netherlands,https://resources.premierleague.com/premierleague/photos/players/110x140/p493362.png
78211,Yan Couto,,Brazil,
147508,Yang Min-Hyeok,,South Korea,https://resources.premierleague.com/premierleague/photos/players/110x140/p623095.png
136175,Yankuba Minteh,22 July 2004,Gambia,https://resources.premierleague.com/premierleague/photos/players/110x140/p592031.png
134333,Yasin Ayari,6 October 2003,Sweden,https://resources.premierleague.com/premierleague/photos/players/110x140/p509416.png
127401,Yasin Özcan,,Turkiye,https://resources.premierleague.com/premierleague/photos/players/110x140/p587178.png
128891,Yehor Yarmoliuk,1 March 2004,Ukraine,https://resources.premierleague.com/premierleague/photos/players/110x140/p508395.png
115114,Yerson Mosquera,2 May 2001,Colombia,https://resources.premierleague.com/premierleague/photos/players/110x140/p501837.png
117497,Yoane Wissa,3 September 1996,DR Congo,https://resources.premierleague.com/premierleague/photos/players/110x140/p216646.png
147506,Yoon Do-young,,South Korea,
5865,Youri Tielemans,7 May 1997,Belgium,https://resources.premierleague.com/premierleague/photos/players/110x140/p166989.png
119034,Youssef Chermiti,,Portugal,https://resources.premierleague.com/premierleague/photos/players/110x140/p491012.png
144265,Yunus Konak,,Turkiye,https://resources.premierleague.com/premierleague/photos/players/110x140/p628204.png
127847,Yusuf Akhamrich,,Morocco,https://resources.premierleague.com/premierleague/photos/players/110x140/p590035.png
50245,Yves Bissouma,30 August 1996,Mali,https://resources.premierleague.com/premierleague/photos/players/110x140/p227127.png
109117,Yéremy Pino,20 October 2002,Spain,https://resources.premierleague.com/premierleague/photos/players/110x140/p488024.png
117754,Zach Abbott,13 May 2006,England,https://resources.premierleague.com/premierleague/photos/players/110x140/p549067.png
124846,Zach Marsh,6 October 2005,England,https://resources.premierleague.com/premierleague/photos/players/110x140/p576980.png
112378,Zain Silcott-Duberry,,England,https://resources.premierleague.com/premierleague/photos/players/110x140/p530121.png
107812,Zak Johnson,30 July 2004,England,https://resources.premierleague.com/premierleague/photos/players/110x140/p514613.png
66222,Zan-Luk Leban,,Slovenia,
128449,Zeki Amdouni,4 December 2000,Switzerland,https://resources.premierleague.com/premierleague/photos/players/110x140/p492831.png
75735,Zian Flemming,1 August 1998,Netherlands,https://resources.premierleague.com/premierleague/photos/players/110x140/p431639.png
128372,Zyan Blake,13 November 2007,England,
119381,Álex Jiménez,8 May 2005,Spain,https://resources.premierleague.com/premierleague/photos/players/110x140/p551483.png
37221,Álex Moreno,,Spain,https://resources.premierleague.com/premierleague/photos/players/110x140/p106468.png
303753,Ármin Pécsi,24 February 2005,Hungary,https://resources.premierleague.com/premierleague/photos/players/110x140/p586268.png
