shot_event_id,fixture_id,season_id,team_id,player1_id,player2_id,minute,shot_type,body_part,distance,outcome
shot_0,124791,777,10,81542,32894,3,Open Play,Right Foot,Outside Box,Saved
shot_1,124791,777,10,5178,81542,4,Open Play,Left Foot,Inside Box,Saved
shot_2,124791,777,10,5140,5178,5,Set Piece,Header,Inside Box,Missed
shot_3,124791,777,127,25474,74965,6,Open Play,Right Foot,Inside Box,Missed
shot_4,124791,777,127,33032,13706,10,Set Piece,Header,Inside Box,Missed
shot_5,124791,777,10,5140,75382,31,Open Play,Header,Inside Box,Saved
shot_6,124791,777,127,14846,3512,35,Open Play,Right Foot,Inside Box,Saved
shot_7,124791,777,10,81542,63633,37,Open Play,Right Foot,Inside Box,Goal
shot_8,124791,777,10,81542,32894,39,Open Play,Header,Inside Box,Missed
shot_9,124791,777,127,13706,,42,Open Play,Right Foot,Inside Box,Blocked
shot_10,124791,777,127,14846,,45+2',Open Play,Left Foot,Outside Box,Blocked
shot_11,124791,777,10,5178,32894,45+3',Open Play,Left Foot,Inside Box,Blocked
shot_12,124791,777,127,33032,13706,45+4',Open Play,Left Foot,Inside Box,Missed
shot_13,124791,777,10,81542,75382,47,Set Piece,,Inside Box,Missed
shot_14,124791,777,10,32894,81542,49,Open Play,Right Foot,Inside Box,Goal
shot_15,124791,777,10,63633,75382,52,Open Play,Right Foot,Outside Box,Saved
shot_16,124791,777,10,19919,,53,Open Play,Right Foot,Outside Box,Blocked
shot_17,124791,777,10,33231,,54,Open Play,Right Foot,Outside Box,Missed
shot_18,124791,777,10,75382,33231,63,Open Play,Right Foot,Inside Box,Missed
shot_19,124791,777,127,25474,13706,64,Open Play,Left Foot,Inside Box,Goal
shot_20,124791,777,10,32894,33231,70,Open Play,Right Foot,Inside Box,Saved
shot_21,124791,777,127,33032,54989,71,Open Play,Header,Inside Box,Missed
shot_22,124791,777,127,13706,14846,71,Open Play,Left Foot,Inside Box,Blocked
shot_23,124791,777,127,25474,63553,76,Open Play,Left Foot,Outside Box,Goal
shot_24,124791,777,10,33231,23815,80,Open Play,Left Foot,Inside Box,Missed
shot_25,124791,777,10,33231,5178,81,Open Play,Right Foot,Inside Box,Saved
shot_26,124791,777,10,15802,,88,Open Play,Right Foot,Inside Box,Goal
shot_27,124791,777,10,32894,,88,Set Piece,Right Foot,Inside Box,Missed
shot_28,124791,777,10,5178,43586,90+4',Open Play,Right Foot,Inside Box,Goal
shot_29,124792,777,23,23747,,3,Open Play,Right Foot,Inside Box,Blocked
shot_30,124792,777,23,49259,71623,3,Open Play,Right Foot,Inside Box,Saved
shot_31,124792,777,23,23747,,8,Open Play,Right Foot,Inside Box,Blocked
shot_32,124792,777,23,23747,14716,11,Open Play,Header,Inside Box,Missed
shot_33,124792,777,23,49259,14716,13,Open Play,Right Foot,Inside Box,Missed
shot_34,124792,777,23,23747,14716,16,Open Play,Right Foot,Outside Box,Saved
shot_35,124792,777,23,23747,14716,27,Open Play,Right Foot,Inside Box,Blocked
shot_36,124792,777,23,5220,49495,28,Open Play,Right Foot,Outside Box,Missed
shot_37,124792,777,2,25067,51423,47,Open Play,Header,Inside Box,Saved
shot_38,124792,777,2,8658,23968,65,Open Play,Left Foot,Inside Box,Saved
shot_39,124792,777,23,5220,71623,68,Set Piece,Right Foot,Outside Box,Missed
shot_40,124792,777,23,23747,49495,72,Open Play,Right Foot,Outside Box,Blocked
shot_41,124792,777,23,14716,49259,73,Open Play,Right Foot,Inside Box,Blocked
shot_42,124792,777,23,14716,49259,77,Open Play,Right Foot,Outside Box,Blocked
shot_43,124792,777,2,14456,8658,87,Open Play,Right Foot,Inside Box,Saved
shot_44,124792,777,23,14716,23747,88,Open Play,Right Foot,Inside Box,Missed
shot_45,124792,777,23,23747,74761,90+1',Open Play,Right Foot,Outside Box,Saved
shot_46,124792,777,23,114590,117647,90+4',Open Play,Left Foot,Inside Box,Blocked
shot_47,124792,777,23,5220,3905,90+7',Open Play,Right Foot,,Missed
shot_48,124793,777,34,11071,4717,2,Open Play,Left Foot,Inside Box,Missed
shot_49,124793,777,131,124396,,14,Open Play,Right Foot,Outside Box,Missed
shot_50,124793,777,131,51830,67928,26,Open Play,Right Foot,Outside Box,Saved
shot_51,124793,777,131,117732,14671,28,Open Play,Header,Inside Box,Missed
shot_52,124793,777,131,51830,124396,38,Open Play,Left Foot,Outside Box,Blocked
shot_53,124793,777,34,13961,4717,43,Open Play,Header,Inside Box,Missed
shot_54,124793,777,131,72239,67928,43,Open Play,Header,Inside Box,Saved
shot_55,124793,777,34,11071,,48,Open Play,Right Foot,Inside Box,Missed
shot_56,124793,777,34,128976,4717,48,Open Play,Left Foot,,Saved
shot_57,124793,777,131,14671,,55,Penalty,Left Foot,Inside Box,Goal
shot_58,124793,777,34,4717,128976,58,Open Play,Right Foot,Outside Box,Missed
shot_59,124793,777,131,136175,,65,Open Play,Left Foot,Inside Box,Missed
shot_60,124793,777,131,143240,14671,76,Open Play,Right Foot,Outside Box,Saved
shot_61,124793,777,131,8163,14671,87,Set Piece,Header,Inside Box,Missed
shot_62,124793,777,131,134176,143240,89,Open Play,Right Foot,Inside Box,Missed
shot_63,124793,777,34,14445,16044,90+6',Open Play,Right Foot,Outside Box,Blocked
shot_64,124793,777,34,117763,,90+7',Set Piece,Left Foot,Inside Box,Goal
shot_65,124794,777,15,3756,,6,Set Piece,Right Foot,Inside Box,Goal
shot_66,124794,777,15,51593,23811,11,Open Play,Left Foot,Inside Box,Missed
shot_67,124794,777,15,51593,15259,11,Open Play,Right Foot,Inside Box,Blocked
shot_68,124794,777,15,51593,,18,Open Play,Left Foot,Outside Box,Saved
shot_69,124794,777,15,15259,10439,18,Open Play,Right Foot,Outside Box,Blocked
shot_70,124794,777,130,128891,124052,24,Open Play,Right Foot,Outside Box,Saved
shot_71,124794,777,130,24659,49726,26,Open Play,Header,Inside Box,Blocked
shot_72,124794,777,130,124052,49726,40,Open Play,Left Foot,Inside Box,Blocked
shot_73,124794,777,130,49726,10947,40,Open Play,Right Foot,Inside Box,Missed
shot_74,124794,777,15,50623,15259,42,Open Play,Header,Inside Box,Goal
shot_75,124794,777,15,3756,51593,45+2',Open Play,Left Foot,Inside Box,Goal
shot_76,124794,777,130,24369,,51,Open Play,Left Foot,Outside Box,Missed
shot_77,124794,777,130,24369,,54,Open Play,Header,Inside Box,Missed
shot_78,124794,777,15,108816,23811,55,Open Play,Right Foot,Outside Box,Missed
shot_79,124794,777,130,32289,128891,59,Open Play,Right Foot,Outside Box,Missed
shot_80,124794,777,15,23702,15259,61,Open Play,Right Foot,Outside Box,Saved
shot_81,124794,777,15,15259,23702,63,Open Play,Right Foot,Inside Box,Missed
shot_82,124794,777,15,15259,23702,65,Open Play,Right Foot,Outside Box,Missed
shot_83,124794,777,130,65987,133460,73,Open Play,Header,Inside Box,Saved
shot_84,124794,777,130,65987,133460,75,Open Play,Header,Inside Box,Blocked
shot_85,124794,777,130,124052,,78,Penalty,Right Foot,Inside Box,Goal
shot_86,124795,777,25,8868,4617,3,Open Play,Right Foot,Inside Box,Saved
shot_87,124795,777,25,145347,,4,Set Piece,Left Foot,Outside Box,Missed
shot_88,124795,777,29,126110,126920,6,Open Play,Right Foot,Inside Box,Saved
shot_89,124795,777,29,19864,12136,7,Set Piece,Header,Inside Box,Missed
shot_90,124795,777,25,145347,42569,26,Open Play,Left Foot,Inside Box,Blocked
shot_91,124795,777,25,42569,145347,27,Open Play,Right Foot,Inside Box,Blocked
shot_92,124795,777,25,8868,145347,29,Open Play,Left Foot,Outside Box,Blocked
shot_93,124795,777,25,40159,,42,Open Play,Right Foot,Outside Box,Blocked
shot_94,124795,777,29,19864,12136,44,Open Play,Header,Inside Box,Saved
shot_95,124795,777,29,126920,,44,Open Play,Right Foot,Inside Box,Blocked
shot_96,124795,777,29,126317,,48,Open Play,Right Foot,Inside Box,Missed
shot_97,124795,777,29,19864,122126,58,Set Piece,Header,Inside Box,Missed
shot_98,124795,777,29,126110,126317,60,Open Play,Left Foot,Outside Box,Missed
shot_99,124795,777,29,126920,66659,61,Open Play,Header,Inside Box,Goal
shot_100,124795,777,29,19864,,73,Set Piece,Header,Inside Box,Goal
shot_101,124795,777,25,145347,,78,Open Play,Left Foot,Outside Box,Blocked
shot_102,124795,777,25,25183,,85,Open Play,Left Foot,Inside Box,Saved
shot_103,124795,777,25,8868,136505,85,Open Play,Header,Inside Box,Blocked
shot_104,124795,777,25,8454,,87,Set Piece,Header,Inside Box,Missed
shot_105,124795,777,25,42569,14164,90,Open Play,Header,Inside Box,Saved
shot_106,124795,777,29,52989,118633,90+2',Open Play,Right Foot,Inside Box,Goal
shot_107,124795,777,25,8868,13522,90+6',Open Play,Left Foot,Outside Box,Blocked
shot_108,124796,777,21,49374,,1,Set Piece,Right Foot,Outside Box,Missed
shot_109,124796,777,21,133603,,1,Open Play,Right Foot,Inside Box,Saved
shot_110,124796,777,21,24630,51364,10,Open Play,Right Foot,Inside Box,Goal
shot_111,124796,777,21,24630,32229,12,Open Play,Header,Inside Box,Missed
shot_112,124796,777,43,50460,10539,14,Set Piece,Header,Inside Box,Missed
shot_113,124796,777,43,128643,,15,Set Piece,Left Foot,Inside Box,Missed
shot_114,124796,777,43,8127,50460,23,Open Play,Right Foot,Outside Box,Saved
shot_115,124796,777,43,50460,10539,24,Open Play,Right Foot,Outside Box,Blocked
shot_116,124796,777,43,3955,10539,24,Open Play,Right Foot,Outside Box,Missed
shot_117,124796,777,43,64282,10539,27,Open Play,Right Foot,Outside Box,Blocked
shot_118,124796,777,43,124531,50460,29,Open Play,,Inside Box,Saved
shot_119,124796,777,43,8127,127393,30,Open Play,Right Foot,Inside Box,Missed
shot_120,124796,777,43,68593,,32,Set Piece,Right Foot,Outside Box,Missed
shot_121,124796,777,21,23764,51364,40,Open Play,Right Foot,Outside Box,Missed
shot_122,124796,777,43,8127,128643,43,Open Play,Right Foot,Outside Box,Saved
shot_123,124796,777,21,75582,51364,49,Set Piece,Header,Inside Box,Missed
shot_124,124796,777,21,51364,,52,Open Play,Left Foot,Inside Box,Missed
shot_125,124796,777,21,24630,,52,Open Play,Left Foot,Inside Box,Saved
shot_126,124796,777,21,24630,49374,52,Open Play,Right Foot,Inside Box,Blocked
shot_127,124796,777,43,50460,64282,58,Open Play,Right Foot,Inside Box,Saved
shot_128,124796,777,43,64282,8127,58,Open Play,Left Foot,Inside Box,Missed
shot_129,124796,777,21,24630,51364,60,Open Play,Right Foot,Inside Box,Goal
shot_130,124796,777,21,32229,49374,64,Open Play,Right Foot,Outside Box,Missed
shot_131,124796,777,21,49374,117318,66,Open Play,Right Foot,Inside Box,Goal
shot_132,124796,777,43,74960,64282,68,Open Play,Right Foot,Outside Box,Missed
shot_133,124796,777,21,75582,51364,70,Set Piece,Header,Inside Box,Missed
shot_134,124796,777,43,50460,10539,73,Open Play,Right Foot,Inside Box,Blocked
shot_135,124796,777,21,10443,32229,75,Open Play,Left Foot,Inside Box,Missed
shot_136,124796,777,21,23764,118579,84,Open Play,Right Foot,,Saved
shot_137,124796,777,21,51364,32229,85,Set Piece,Left Foot,Outside Box,Missed
shot_138,124797,777,11,65970,5067,18,Set Piece,Header,Inside Box,Missed
shot_139,124797,777,11,65970,5067,19,Open Play,Header,Inside Box,Missed
shot_140,124797,777,38,35670,52951,26,Open Play,Right Foot,Inside Box,Blocked
shot_141,124797,777,38,126108,133679,29,Open Play,Right Foot,Outside Box,Missed
shot_142,124797,777,11,71432,,33,Open Play,Right Foot,Outside Box,Blocked
shot_143,124797,777,11,67849,,33,Open Play,Right Foot,Outside Box,Blocked
shot_144,124797,777,11,65970,99281,34,Open Play,Left Foot,Inside Box,Goal
shot_145,124797,777,11,67849,71432,34,Open Play,Right Foot,Outside Box,Blocked
shot_146,124797,777,11,26335,66657,37,Open Play,Left Foot,Inside Box,Goal
shot_147,124797,777,11,65970,5067,43,Set Piece,Header,Inside Box,Missed
shot_148,124797,777,11,65970,5067,45+4',Set Piece,Header,Inside Box,Missed
shot_149,124797,777,38,35670,,46,Open Play,Left Foot,Inside Box,Missed
shot_150,124797,777,11,71432,,52,Open Play,Left Foot,Outside Box,Missed
shot_151,124797,777,38,35670,126108,58,Open Play,Right Foot,Inside Box,Saved
shot_152,124797,777,11,65970,26335,61,Open Play,Left Foot,Inside Box,Goal
shot_153,124797,777,38,76310,,74,Open Play,Right Foot,Inside Box,Blocked
shot_154,124797,777,38,35670,143218,75,Open Play,Right Foot,Inside Box,Saved
shot_155,124797,777,38,110203,92635,77,Open Play,Right Foot,Outside Box,Missed
shot_156,124797,777,11,68150,,81,Open Play,Right Foot,Outside Box,Goal
shot_157,124797,777,38,303861,20337,87,Open Play,Left Foot,Outside Box,Blocked
shot_158,124797,777,11,26335,66657,87,Open Play,Right Foot,Outside Box,Missed
shot_159,124797,777,11,26335,,90+2',Set Piece,Right Foot,Inside Box,Missed
shot_160,124797,777,11,76216,,90+2',Open Play,Right Foot,Outside Box,Blocked
shot_161,124797,777,38,303861,66692,90+3',Open Play,Left Foot,Inside Box,Saved
shot_162,124798,777,4,27277,14571,3,Open Play,Header,Inside Box,Blocked
shot_163,124798,777,6,21584,14569,5,Open Play,Right Foot,,Missed
shot_164,124798,777,6,50842,,9,Set Piece,Header,Inside Box,Missed
shot_165,124798,777,6,20874,,18,Open Play,Right Foot,Outside Box,Blocked
shot_166,124798,777,6,20874,69595,19,Open Play,Right Foot,Inside Box,Saved
shot_167,124798,777,4,49293,68583,21,Open Play,Left Foot,Inside Box,Missed
shot_168,124798,777,4,125075,14571,23,Open Play,Header,Inside Box,Blocked
shot_169,124798,777,4,21998,63741,23,Open Play,Left Foot,Outside Box,Blocked
shot_170,124798,777,6,21584,69595,25,Open Play,Right Foot,Outside Box,Saved
shot_171,124798,777,4,68583,,26,Open Play,Left Foot,Outside Box,Blocked
shot_172,124798,777,4,14575,,30,Set Piece,Right Foot,Inside Box,Missed
shot_173,124798,777,4,68583,,30,Open Play,Right Foot,Outside Box,Blocked
shot_174,124798,777,4,112203,,30,Open Play,Right Foot,Outside Box,Blocked
shot_175,124798,777,4,72371,68583,30,Open Play,Left Foot,Inside Box,Blocked
shot_176,124798,777,4,27277,,45+2',Open Play,Left Foot,Outside Box,Missed
shot_177,124798,777,4,49293,14571,45+2',Open Play,Left Foot,Outside Box,Blocked
shot_178,124798,777,6,76353,,45+4',Open Play,Left Foot,Inside Box,Missed
shot_179,124798,777,6,21584,,45+4',Open Play,Right Foot,Outside Box,Blocked
shot_180,124798,777,6,21584,,45+4',Open Play,Left Foot,Inside Box,Blocked
shot_181,124798,777,4,49293,,59,Open Play,Left Foot,Outside Box,Blocked
shot_182,124798,777,4,72371,21998,62,Set Piece,Header,Inside Box,Missed
shot_183,124798,777,4,49293,,64,Open Play,Right Foot,Inside Box,Blocked
shot_184,124798,777,4,304474,,66,Open Play,Left Foot,Inside Box,Missed
shot_185,124798,777,6,21584,,69,Open Play,Right Foot,,Blocked
shot_186,124798,777,6,20874,13988,77,Open Play,Right Foot,Outside Box,Saved
shot_187,124798,777,6,21584,49796,82,Open Play,Right Foot,Outside Box,Saved
shot_188,124798,777,4,68827,49293,89,Open Play,Right Foot,Outside Box,Missed
shot_189,124798,777,4,51813,,90,Open Play,Right Foot,Inside Box,Saved
shot_190,124798,777,4,133245,27277,90+3',Open Play,Left Foot,Inside Box,Missed
shot_191,124798,777,4,133245,21998,90+4',Open Play,Header,Inside Box,Saved
shot_192,124799,777,12,66360,14580,6,Open Play,Right Foot,Inside Box,Saved
shot_193,124799,777,12,146567,23396,8,Set Piece,Left Foot,Outside Box,Missed
shot_194,124799,777,1,69914,,13,Set Piece,Header,Inside Box,Goal
shot_195,124799,777,12,23396,,17,Open Play,Right Foot,Outside Box,Blocked
shot_196,124799,777,12,66360,5793,25,Open Play,Left Foot,Outside Box,Blocked
shot_197,124799,777,1,66104,49481,26,Open Play,Right Foot,Inside Box,Saved
shot_198,124799,777,12,146567,23396,30,Open Play,Left Foot,Outside Box,Hit the Woodwork
shot_199,124799,777,12,51202,24252,33,Open Play,Right Foot,Inside Box,Saved
shot_200,124799,777,12,51202,66360,34,Open Play,Right Foot,Outside Box,Saved
shot_201,124799,777,1,11419,14548,35,Open Play,Left Foot,Outside Box,Saved
shot_202,124799,777,12,23396,,38,Open Play,Left Foot,Inside Box,Blocked
shot_203,124799,777,12,51202,14580,38,Open Play,Left Foot,,Saved
shot_204,124799,777,1,14548,,41,Set Piece,Right Foot,Outside Box,Missed
shot_205,124799,777,1,11419,,41,Set Piece,Left Foot,Inside Box,Missed
shot_206,124799,777,12,14580,51202,44,Open Play,Right Foot,Inside Box,Blocked
shot_207,124799,777,12,14580,4608,49,Open Play,Left Foot,Inside Box,Blocked
shot_208,124799,777,1,15202,66104,59,Open Play,Right Foot,Outside Box,Missed
shot_209,124799,777,1,15202,67407,64,Open Play,Left Foot,Inside Box,Blocked
shot_210,124799,777,12,66360,23396,69,Open Play,Right Foot,Inside Box,Missed
shot_211,124799,777,12,66360,,69,Open Play,Right Foot,Inside Box,Blocked
shot_212,124799,777,12,66360,,73,Open Play,Header,Inside Box,Saved
shot_213,124799,777,12,66036,23396,74,Open Play,Header,Inside Box,Missed
shot_214,124799,777,12,69176,118031,77,Open Play,Left Foot,Outside Box,Saved
shot_215,124799,777,1,15202,,82,Open Play,Right Foot,Outside Box,Blocked
shot_216,124799,777,12,118031,66036,88,Open Play,Right Foot,Outside Box,Missed
shot_217,124799,777,12,20226,66036,89,Open Play,Left Foot,Inside Box,Blocked
shot_218,124799,777,12,51202,20226,89,Open Play,Right Foot,Inside Box,Blocked
shot_219,124799,777,12,20226,69176,89,Open Play,Left Foot,Inside Box,Missed
shot_220,124799,777,12,66036,23396,90,Open Play,Header,Inside Box,Missed
shot_221,124799,777,1,49481,11419,90+2',Open Play,Left Foot,Inside Box,Blocked
shot_222,124799,777,12,20226,,90+6',Open Play,Header,Inside Box,Saved
shot_223,124800,777,9,50643,,5,Open Play,Left Foot,Inside Box,Saved
shot_224,124800,777,9,50643,33124,10,Open Play,Right Foot,Outside Box,Blocked
shot_225,124800,777,9,13797,,13,Open Play,Left Foot,Outside Box,Blocked
shot_226,124800,777,9,75543,,15,Open Play,Left Foot,Outside Box,Blocked
shot_227,124800,777,9,50643,13797,21,Open Play,Right Foot,Inside Box,Blocked
shot_228,124800,777,9,126426,116888,31,Open Play,Right Foot,Outside Box,Missed
shot_229,124800,777,9,13797,116888,36,Open Play,Right Foot,Inside Box,Blocked
shot_230,124800,777,9,116888,75543,36,Open Play,Header,Inside Box,Missed
shot_231,124800,777,9,68676,,37,Open Play,Right Foot,Outside Box,Blocked
shot_232,124800,777,9,33124,116888,37,Set Piece,Header,Inside Box,Missed
shot_233,124800,777,9,75543,,38,Open Play,Right Foot,Inside Box,Blocked
shot_234,124800,777,9,68676,126426,44,Open Play,Left Foot,Outside Box,Missed
shot_235,124800,777,7,12582,31936,54,Open Play,Right Foot,Outside Box,Missed
shot_236,124800,777,9,68676,,55,Open Play,Right Foot,Inside Box,Missed
shot_237,124800,777,9,75543,116888,60,Open Play,Header,Inside Box,Blocked
shot_238,124800,777,7,23841,,64,Open Play,Right Foot,Outside Box,Blocked
shot_239,124800,777,7,133612,,76,Open Play,Right Foot,,Saved
shot_240,124800,777,7,112589,14706,77,Set Piece,Header,Inside Box,Missed
shot_241,124800,777,9,126426,63289,80,Open Play,Right Foot,Inside Box,Missed
shot_242,124800,777,9,116888,,82,Open Play,Right Foot,Outside Box,Blocked
shot_243,124800,777,9,14807,126426,82,Open Play,Right Foot,Inside Box,Blocked
shot_244,124800,777,9,14807,,84,Penalty,Right Foot,Inside Box,Goal
shot_245,124800,777,7,8143,,88,Set Piece,Header,Inside Box,Missed
shot_246,124800,777,7,126789,12582,88,Open Play,Header,Inside Box,Blocked
shot_247,124800,777,7,4260,,88,Open Play,Left Foot,Inside Box,Blocked
shot_248,124800,777,9,14608,,90+1',Open Play,Right Foot,Outside Box,Blocked
shot_249,124800,777,9,116888,75543,90+1',Open Play,Right Foot,Outside Box,Saved
shot_250,124800,777,9,116888,63289,90+2',Open Play,Left Foot,Inside Box,Missed
shot_251,124801,777,1,11419,67407,5,Open Play,Left Foot,Outside Box,Blocked
shot_252,124801,777,1,11419,49481,8,Open Play,Left Foot,Outside Box,Missed
shot_253,124801,777,9,13797,116888,11,Open Play,Left Foot,Outside Box,Blocked
shot_254,124801,777,1,50234,15202,15,Set Piece,Header,Inside Box,Missed
shot_255,124801,777,1,32728,,16,Open Play,Right Foot,Inside Box,Missed
shot_256,124801,777,9,13797,116888,19,Open Play,Right Foot,Inside Box,Blocked
shot_257,124801,777,9,33124,116888,20,Open Play,Header,Inside Box,Saved
shot_258,124801,777,1,67776,15202,34,Set Piece,Header,Inside Box,Goal
shot_259,124801,777,1,64523,,38,Open Play,Right Foot,Outside Box,Missed
shot_260,124801,777,1,49481,67776,45+1',Open Play,Right Foot,,Goal
shot_261,124801,777,1,32728,69914,48,Open Play,Right Foot,Inside Box,Goal
shot_262,124801,777,1,69914,49481,51,Open Play,Right Foot,Outside Box,Blocked
shot_263,124801,777,1,114566,67776,55,Open Play,Left Foot,Inside Box,Blocked
shot_264,124801,777,1,67776,69914,56,Set Piece,Right Foot,Inside Box,Goal
shot_265,124801,777,1,69914,,56,Open Play,Right Foot,Inside Box,Blocked
shot_266,124801,777,1,67776,15202,56,Set Piece,,Inside Box,Missed
shot_267,124801,777,1,69914,,62,Open Play,Right Foot,Inside Box,Missed
shot_268,124801,777,1,20486,67407,62,Open Play,Right Foot,Inside Box,Missed
shot_269,124801,777,1,141181,20486,75,Open Play,Left Foot,Outside Box,Missed
shot_270,124801,777,1,141181,,81,Set Piece,Left Foot,Inside Box,Missed
shot_271,124801,777,1,32728,,90+5',Penalty,Right Foot,Inside Box,Goal
shot_272,124802,777,38,76310,15715,2,Open Play,Right Foot,Inside Box,Missed
shot_273,124802,777,127,13706,74965,2,Open Play,Right Foot,Inside Box,Missed
shot_274,124802,777,127,14846,25474,4,Open Play,Left Foot,Inside Box,Goal
shot_275,124802,777,127,25474,13706,10,Open Play,Left Foot,Inside Box,Hit the Woodwork
shot_276,124802,777,127,13706,33032,11,Open Play,Left Foot,Outside Box,Blocked
shot_277,124802,777,38,35670,52951,18,Open Play,Header,Inside Box,Saved
shot_278,124802,777,38,126108,111988,45,Open Play,Right Foot,Outside Box,Blocked
shot_279,124802,777,127,74976,25474,45+2',Open Play,Right Foot,Outside Box,Missed
shot_280,124802,777,127,13706,33032,45+5',Open Play,Right Foot,Inside Box,Blocked
shot_281,124802,777,38,143218,66692,46,Open Play,Left Foot,Inside Box,Missed
shot_282,124802,777,127,14846,74976,51,Open Play,Left Foot,Outside Box,Saved
shot_283,124802,777,127,25474,33032,56,Open Play,Right Foot,Inside Box,Missed
shot_284,124802,777,38,110203,,65,Open Play,Right Foot,Outside Box,Blocked
shot_285,124802,777,127,25474,15572,67,Open Play,Left Foot,Inside Box,Saved
shot_286,124802,777,127,42894,33032,70,Open Play,Right Foot,Outside Box,Saved
shot_287,124802,777,127,15572,118080,75,Open Play,Left Foot,Inside Box,Blocked
shot_288,124802,777,127,21519,25474,81,Open Play,Right Foot,Outside Box,Missed
shot_289,124802,777,127,25474,21519,85,Open Play,Right Foot,Inside Box,Blocked
shot_290,124802,777,127,21519,,86,Open Play,Right Foot,Outside Box,Blocked
shot_291,124802,777,38,66692,,90+6',Set Piece,Left Foot,Outside Box,Missed
shot_292,124803,777,130,49731,127594,3,Open Play,Right Foot,Inside Box,Missed
shot_293,124803,777,130,133890,124052,12,Open Play,Right Foot,Inside Box,Saved
shot_294,124803,777,130,133890,,13,Open Play,Left Foot,Inside Box,Goal
shot_295,124803,777,2,5865,,19,Set Piece,Right Foot,Outside Box,Missed
shot_296,124803,777,130,3712,,26,Open Play,Left Foot,Inside Box,Blocked
shot_297,124803,777,130,124052,,26,Open Play,Header,Inside Box,Missed
shot_298,124803,777,130,128891,,27,Set Piece,Right Foot,Outside Box,Missed
shot_299,124803,777,130,127594,49731,27,Open Play,Right Foot,Inside Box,Blocked
shot_300,124803,777,130,124052,49731,27,Open Play,Header,Inside Box,Blocked
shot_301,124803,777,2,8900,,31,Set Piece,Left Foot,Inside Box,Missed
shot_302,124803,777,2,51423,5865,31,Open Play,Left Foot,Outside Box,Saved
shot_303,124803,777,2,5865,,31,Open Play,Left Foot,Inside Box,Blocked
shot_304,124803,777,2,8900,13344,38,Open Play,Header,Inside Box,Blocked
shot_305,124803,777,2,8658,5865,45+6',Open Play,Left Foot,Inside Box,Blocked
shot_306,124803,777,2,21529,,45+7',Open Play,Left Foot,Inside Box,Blocked
shot_307,124803,777,2,23968,26408,49,Open Play,Left Foot,Inside Box,Blocked
shot_308,124803,777,2,26408,23968,52,Open Play,Right Foot,Inside Box,Missed
shot_309,124803,777,2,26408,5865,55,Open Play,Right Foot,Outside Box,Missed
shot_310,124803,777,2,108096,8658,57,Open Play,Right Foot,Inside Box,Blocked
shot_311,124803,777,2,108096,51423,60,Open Play,Left Foot,Outside Box,Saved
shot_312,124803,777,2,23968,51423,63,Open Play,Header,Inside Box,Missed
shot_313,124803,777,2,8658,8900,70,Open Play,Right Foot,Inside Box,Blocked
shot_314,124803,777,130,124052,49731,77,Open Play,Left Foot,Inside Box,Missed
shot_315,124803,777,2,51223,,78,Open Play,Right Foot,Outside Box,Blocked
shot_316,124803,777,2,8658,13344,81,Open Play,Right Foot,Inside Box,Missed
shot_317,124803,777,2,8658,51223,89,Open Play,Header,Inside Box,Missed
shot_318,124804,777,29,126920,19864,4,Open Play,Right Foot,Inside Box,Saved
shot_319,124804,777,29,118633,126317,14,Open Play,Left Foot,Inside Box,Missed
shot_320,124804,777,43,68593,128456,14,Open Play,Right Foot,Outside Box,Blocked
shot_321,124804,777,43,74960,,33,Open Play,Left Foot,Outside Box,Missed
shot_322,124804,777,29,12136,118633,42,Open Play,Left Foot,Outside Box,Missed
shot_323,124804,777,43,50460,68593,45+5',Open Play,Header,Inside Box,Missed
shot_324,124804,777,43,10539,50460,47,Open Play,Right Foot,Inside Box,Goal
shot_325,124804,777,29,122126,126110,51,Open Play,Right Foot,Outside Box,Blocked
shot_326,124804,777,43,19831,74960,53,Open Play,Left Foot,Inside Box,Missed
shot_327,124804,777,29,66659,,81,Open Play,Left Foot,Inside Box,Blocked
shot_328,124804,777,29,130068,12136,82,Open Play,Right Foot,Inside Box,Missed
shot_329,124804,777,43,50460,10539,88,Open Play,Left Foot,Inside Box,Goal
shot_330,124804,777,29,122126,,90+1',Open Play,Left Foot,Inside Box,Blocked
shot_331,124804,777,43,74964,75735,90+6',Open Play,Left Foot,Outside Box,Hit the Woodwork
shot_332,124804,777,29,138104,,90+9',Open Play,Right Foot,Outside Box,Blocked
shot_333,124804,777,29,66659,138104,90+10',Open Play,Left Foot,Inside Box,Blocked
shot_334,124805,777,15,3756,15259,5,Open Play,Right Foot,Inside Box,Missed
shot_335,124805,777,15,108816,,10,Set Piece,Right Foot,Outside Box,Missed
shot_336,124805,777,6,20874,8589,11,Open Play,Header,Inside Box,Missed
shot_337,124805,777,15,23702,51593,21,Open Play,Right Foot,Inside Box,Blocked
shot_338,124805,777,6,20874,8589,29,Open Play,Right Foot,Outside Box,Saved
shot_339,124805,777,6,76104,8589,31,Open Play,Header,Inside Box,Saved
shot_340,124805,777,15,15259,3756,34,Open Play,Right Foot,Inside Box,Missed
shot_341,124805,777,6,49796,76353,37,Open Play,Right Foot,Inside Box,Goal
shot_342,124805,777,6,8589,24334,42,Open Play,Left Foot,Inside Box,Missed
shot_343,124805,777,6,14569,69595,45+2',Set Piece,Header,Inside Box,Hit the Woodwork
shot_344,124805,777,15,3756,50623,52,Open Play,Right Foot,Inside Box,Missed
shot_345,124805,777,6,8589,,55,Open Play,Left Foot,Inside Box,Missed
shot_346,124805,777,15,23702,50623,57,Open Play,Right Foot,Inside Box,Goal
shot_347,124805,777,6,138981,24334,59,Open Play,Header,Inside Box,Saved
shot_348,124805,777,15,98300,49270,90+3',Open Play,Right Foot,Inside Box,Missed
shot_349,124805,777,15,304123,,90+3',Open Play,Left Foot,Inside Box,Hit the Woodwork
shot_350,124805,777,15,98300,,90+5',Open Play,Left Foot,Inside Box,Missed
shot_351,124806,777,7,31936,,4,Open Play,Left Foot,Outside Box,Saved
shot_352,124806,777,131,134333,136175,12,Open Play,Right Foot,Outside Box,Saved
shot_353,124806,777,131,117732,75709,18,Open Play,Right Foot,Inside Box,Hit the Woodwork
shot_354,124806,777,131,3452,136175,19,Open Play,Right Foot,Inside Box,Missed
shot_355,124806,777,7,143922,23841,21,Set Piece,Header,Inside Box,Missed
shot_356,124806,777,7,31936,4260,23,Open Play,Right Foot,Inside Box,Goal
shot_357,124806,777,131,14671,136175,28,Open Play,Left Foot,Outside Box,Missed
shot_358,124806,777,131,134333,136175,32,Open Play,Right Foot,Outside Box,Blocked
shot_359,124806,777,7,66538,23841,34,Open Play,Left Foot,Outside Box,Missed
shot_360,124806,777,131,134333,14671,37,Open Play,Right Foot,Outside Box,Blocked
shot_361,124806,777,131,76090,124396,38,Open Play,Right Foot,Outside Box,Blocked
shot_362,124806,777,7,23841,14706,41,Open Play,Right Foot,Outside Box,Missed
shot_363,124806,777,131,14671,,45+1',Open Play,Left Foot,Inside Box,Saved
shot_364,124806,777,7,23841,4260,52,Open Play,Right Foot,Outside Box,Goal
shot_365,124806,777,7,143922,14706,58,Set Piece,Header,Inside Box,Missed
shot_366,124806,777,131,134333,117732,60,Open Play,Right Foot,Outside Box,Saved
shot_367,124806,777,131,14671,117732,74,Open Play,Header,Inside Box,Missed
shot_368,124806,777,131,136175,117732,75,Open Play,Left Foot,Inside Box,Blocked
shot_369,124806,777,131,3452,,77,Penalty,Right Foot,Inside Box,Saved
shot_370,124806,777,7,4260,14706,83,Open Play,Right Foot,Outside Box,Blocked
shot_371,124806,777,7,24797,14706,88,Open Play,Left Foot,Inside Box,Missed
shot_372,124806,777,7,126789,24797,88,Open Play,Right Foot,Inside Box,Missed
shot_373,124806,777,7,24797,4260,88,Open Play,Left Foot,Inside Box,Missed
shot_374,124806,777,131,134176,,90+3',Open Play,Left Foot,Inside Box,Missed
shot_375,124807,777,12,51202,14580,2,Open Play,Right Foot,Inside Box,Hit the Woodwork
shot_376,124807,777,12,51202,23396,2,Open Play,Right Foot,Outside Box,Missed
shot_377,124807,777,12,69176,66360,3,Open Play,Left Foot,Inside Box,Blocked
shot_378,124807,777,12,23396,51202,10,Open Play,Right Foot,Outside Box,Saved
shot_379,124807,777,34,128976,14656,13,Open Play,Right Foot,Inside Box,Saved
shot_380,124807,777,12,51202,71744,14,Open Play,Left Foot,Inside Box,Saved
shot_381,124807,777,34,4717,,16,Open Play,Right Foot,Outside Box,Saved
shot_382,124807,777,34,6712,16044,16,Open Play,Header,Inside Box,Blocked
shot_383,124807,777,34,23793,,17,Set Piece,Header,Inside Box,Missed
shot_384,124807,777,34,128976,16044,25,Open Play,Right Foot,Outside Box,Blocked
shot_385,124807,777,12,23396,,38,Penalty,Right Foot,Inside Box,Missed
shot_386,124807,777,34,117763,16044,41,Set Piece,Header,Inside Box,Missed
shot_387,124807,777,34,117763,,45+1',Open Play,Right Foot,Inside Box,Blocked
shot_388,124807,777,34,6712,26151,45+1',Open Play,Right Foot,Inside Box,Blocked
shot_389,124807,777,12,69176,14580,48,Open Play,Left Foot,Inside Box,Saved
shot_390,124807,777,12,118591,66360,58,Set Piece,Header,Inside Box,Missed
shot_391,124807,777,34,117763,4880,61,Open Play,Header,Inside Box,Missed
shot_392,124807,777,34,4717,117763,63,Open Play,Right Foot,Inside Box,Blocked
shot_393,124807,777,34,4717,,69,Set Piece,Right Foot,Outside Box,Missed
shot_394,124807,777,34,14445,4717,73,Open Play,Right Foot,Inside Box,Goal
shot_395,124807,777,12,24252,118591,76,Set Piece,Right Foot,Inside Box,Missed
shot_396,124807,777,12,9566,66360,88,Set Piece,Header,Inside Box,Missed
shot_397,124807,777,34,14445,14624,90+3',Open Play,Left Foot,Inside Box,Blocked
shot_398,124808,777,21,32229,,9,Set Piece,Right Foot,Inside Box,Missed
shot_399,124808,777,21,32229,,9,Open Play,Right Foot,Outside Box,Blocked
shot_400,124808,777,11,76216,,10,Open Play,Left Foot,,Missed
shot_401,124808,777,11,76216,66657,18,Open Play,Right Foot,Outside Box,Saved
shot_402,124808,777,11,26335,66657,19,Open Play,Right Foot,Outside Box,Blocked
shot_403,124808,777,11,76216,65970,28,Open Play,Right Foot,Inside Box,Saved
shot_404,124808,777,21,49374,24630,35,Open Play,Right Foot,Inside Box,Goal
shot_405,124808,777,21,19858,,45+2',Open Play,Right Foot,Inside Box,Goal
shot_406,124808,777,11,65970,68150,45+7',Set Piece,Header,Inside Box,Missed
shot_407,124808,777,11,4499,99281,48,Open Play,Left Foot,Inside Box,Blocked
shot_408,124808,777,21,117318,49374,54,Open Play,Header,Inside Box,Saved
shot_409,124808,777,21,24630,32229,56,Open Play,Header,Inside Box,Blocked
shot_410,124808,777,21,49374,22802,57,Open Play,Right Foot,Outside Box,Missed
shot_411,124808,777,21,24630,32229,61,Set Piece,Header,Inside Box,Missed
shot_412,124808,777,21,24630,51364,62,Open Play,Header,Inside Box,Missed
shot_413,124808,777,11,99281,,70,Set Piece,Right Foot,Outside Box,Missed
shot_414,124808,777,11,16286,14805,76,Open Play,Header,Inside Box,Saved
shot_415,124808,777,11,14805,54156,79,Open Play,Left Foot,Inside Box,Blocked
shot_416,124808,777,11,14805,16286,85,Open Play,Left Foot,Outside Box,Saved
shot_417,124808,777,21,118579,133603,87,Open Play,Right Foot,Inside Box,Missed
shot_418,124808,777,21,118579,,90+3',Open Play,Header,Inside Box,Saved
shot_419,124808,777,21,10443,,90+3',Open Play,Right Foot,Inside Box,Saved
shot_420,124809,777,10,75382,81542,13,Open Play,Right Foot,Inside Box,Saved
shot_421,124809,777,23,71623,,17,Set Piece,Right Foot,Outside Box,Missed
shot_422,124809,777,23,23747,14716,28,Open Play,Header,Inside Box,Missed
shot_423,124809,777,23,23747,49259,29,Open Play,Header,Inside Box,Missed
shot_424,124809,777,23,23747,,29,Open Play,Right Foot,Inside Box,Saved
shot_425,124809,777,10,49909,32894,35,Open Play,Right Foot,Outside Box,Goal
shot_426,124809,777,23,71623,23747,39,Open Play,Right Foot,Inside Box,Blocked
shot_427,124809,777,23,8707,3905,40,Set Piece,Header,Inside Box,Missed
shot_428,124809,777,10,81542,32894,46,Open Play,Right Foot,Inside Box,Goal
shot_429,124809,777,10,32894,81542,46,Open Play,Right Foot,Outside Box,Blocked
shot_430,124809,777,23,74761,49495,57,Open Play,Header,Inside Box,Goal
shot_431,124809,777,23,20607,8707,64,Open Play,Header,Inside Box,Blocked
shot_432,124809,777,23,114590,,88,Set Piece,Left Foot,Inside Box,Goal
shot_433,124809,777,23,117647,19888,90+3',Open Play,Left Foot,Outside Box,Blocked
shot_434,124809,777,10,134796,5178,90+10',Open Play,Right Foot,Inside Box,Goal
shot_435,124810,777,25,55776,145347,6,Open Play,Left Foot,Outside Box,Goal
shot_436,124810,777,4,72371,27277,15,Set Piece,Header,Inside Box,Goal
shot_437,124810,777,25,25183,4617,17,Open Play,Header,Inside Box,Blocked
shot_438,124810,777,4,51813,,19,Open Play,Right Foot,Inside Box,Saved
shot_439,124810,777,4,21998,72371,23,Open Play,Left Foot,Inside Box,Goal
shot_440,124810,777,4,72371,,27,Open Play,Right Foot,Outside Box,Missed
shot_441,124810,777,4,63741,304474,34,Open Play,Right Foot,Inside Box,Goal
shot_442,124810,777,25,55776,42569,39,Open Play,Left Foot,Outside Box,Saved
shot_443,124810,777,25,8868,55776,44,Open Play,Left Foot,Inside Box,Blocked
shot_444,124810,777,25,8868,14164,45+4',Open Play,Left Foot,Inside Box,Saved
shot_445,124810,777,4,63741,21998,50,Open Play,Right Foot,Inside Box,Missed
shot_446,124810,777,4,112203,,54,Set Piece,Right Foot,Inside Box,Goal
shot_447,124810,777,4,14575,72371,58,Set Piece,Left Foot,Inside Box,Goal
shot_448,124810,777,4,72371,,58,Set Piece,Header,Inside Box,Missed
shot_449,124810,777,4,63741,,61,Open Play,Right Foot,Outside Box,Missed
shot_450,124810,777,25,8454,8868,65,Set Piece,Header,Inside Box,Missed
shot_451,124810,777,25,25183,,67,Open Play,Left Foot,Inside Box,Saved
shot_452,124810,777,25,13815,8454,71,Open Play,Right Foot,,Missed
shot_453,124810,777,4,304474,14571,73,Open Play,Left Foot,Inside Box,Saved
shot_454,124810,777,25,108628,4617,81,Set Piece,Header,Inside Box,Missed
shot_455,124810,777,25,108628,4617,86,Set Piece,Header,Inside Box,Missed
shot_456,124810,777,25,13522,4617,90,Set Piece,Header,Inside Box,Missed
shot_457,124810,777,25,4617,,90,Open Play,Right Foot,Outside Box,Blocked
shot_458,124810,777,4,21998,133245,90+1',Open Play,Left Foot,Inside Box,Blocked
shot_459,124811,777,2,5865,51223,2,Set Piece,Header,Inside Box,Missed
shot_460,124811,777,6,20874,,21,Penalty,Right Foot,Inside Box,Goal
shot_461,124811,777,2,72265,8658,24,Open Play,Right Foot,Inside Box,Saved
shot_462,124811,777,6,49796,76353,29,Open Play,Header,Inside Box,Missed
shot_463,124811,777,2,5865,51223,41,Set Piece,Header,Inside Box,Missed
shot_464,124811,777,2,8658,51423,41,Open Play,Right Foot,Inside Box,Saved
shot_465,124811,777,2,8658,13274,48,Open Play,Right Foot,Inside Box,Missed
shot_466,124811,777,2,5865,26408,54,Open Play,Right Foot,Outside Box,Saved
shot_467,124811,777,2,13344,5865,59,Set Piece,Right Foot,Outside Box,Missed
shot_468,124811,777,2,23968,26408,59,Open Play,Right Foot,Inside Box,Saved
shot_469,124811,777,6,14569,,68,Open Play,Right Foot,Inside Box,Goal
shot_470,124811,777,2,8658,13344,71,Open Play,Header,Inside Box,Missed
shot_471,124811,777,2,14456,,73,Open Play,Right Foot,,Missed
shot_472,124811,777,2,51223,26408,73,Open Play,Left Foot,Inside Box,Blocked
shot_473,124811,777,6,49796,76104,78,Open Play,Header,Inside Box,Goal
shot_474,124811,777,2,14456,,82,Open Play,Right Foot,Outside Box,Missed
shot_475,124811,777,2,26408,,84,Set Piece,Right Foot,Inside Box,Missed
shot_476,124811,777,6,37776,109117,90+1',Open Play,Left Foot,Inside Box,Saved
shot_477,124811,777,6,109117,24334,90+3',Open Play,Right Foot,Outside Box,Blocked
shot_478,124812,777,11,65970,76216,9,Open Play,Left Foot,Inside Box,Saved
shot_479,124812,777,131,117732,3452,19,Open Play,Right Foot,Outside Box,Saved
shot_480,124812,777,11,65970,26335,24,Open Play,Left Foot,Outside Box,Missed
shot_481,124812,777,11,65970,71432,25,Open Play,Header,Inside Box,Saved
shot_482,124812,777,11,65970,16286,26,Open Play,Header,Inside Box,Missed
shot_483,124812,777,11,76216,,28,Set Piece,Left Foot,Inside Box,Missed
shot_484,124812,777,11,65970,76216,34,Open Play,Left Foot,Inside Box,Goal
shot_485,124812,777,11,16286,,43,Open Play,Left Foot,Outside Box,Missed
shot_486,124812,777,11,66657,,60,Open Play,Right Foot,Inside Box,Missed
shot_487,124812,777,131,136175,117732,62,Open Play,Left Foot,Inside Box,Saved
shot_488,124812,777,131,8163,134333,65,Open Play,Right Foot,Inside Box,Blocked
shot_489,124812,777,131,2100,,67,Penalty,Right Foot,Inside Box,Goal
shot_490,124812,777,131,136175,134176,71,Open Play,Left Foot,Inside Box,Missed
shot_491,124812,777,11,65970,26335,77,Set Piece,Header,Inside Box,Missed
shot_492,124812,777,11,112948,54156,77,Open Play,Left Foot,Outside Box,Blocked
shot_493,124812,777,131,117732,51830,79,Open Play,Right Foot,Inside Box,Blocked
shot_494,124812,777,131,51830,136175,81,Open Play,Left Foot,Inside Box,Saved
shot_495,124812,777,131,134176,134333,83,Open Play,Left Foot,Outside Box,Saved
shot_496,124812,777,131,134176,117732,87,Open Play,Left Foot,Inside Box,Blocked
shot_497,124812,777,131,8163,,88,Set Piece,Right Foot,Inside Box,Missed
shot_498,124812,777,131,76090,,88,Open Play,Left Foot,Inside Box,Saved
shot_499,124812,777,131,134176,117732,89,Open Play,Right Foot,Inside Box,Goal
shot_500,124812,777,11,65970,,90+6',Open Play,Left Foot,Inside Box,Missed
shot_501,124812,777,11,26335,54156,90+8',Open Play,Right Foot,Outside Box,Missed
shot_502,124813,777,4,72371,68827,5,Open Play,Left Foot,Outside Box,Saved
shot_503,124813,777,4,51813,27277,6,Open Play,Right Foot,Inside Box,Blocked
shot_504,124813,777,34,26151,6712,7,Open Play,Left Foot,Inside Box,Missed
shot_505,124813,777,34,4717,,19,Open Play,Right Foot,Outside Box,Missed
shot_506,124813,777,34,128976,117763,27,Open Play,Left Foot,Outside Box,Saved
shot_507,124813,777,34,4880,16044,45+5',Set Piece,Right Foot,Inside Box,Missed
shot_508,124813,777,34,6712,128976,45+5',Open Play,Right Foot,Inside Box,Blocked
shot_509,124813,777,4,14575,63741,45+8',Open Play,Right Foot,Outside Box,Blocked
shot_510,124813,777,4,72371,63741,45+9',Set Piece,Header,Inside Box,Goal
shot_511,124813,777,4,118442,,45+9',Open Play,Left Foot,Inside Box,Saved
shot_512,124813,777,4,112203,63741,45+9',Open Play,Right Foot,Inside Box,Blocked
shot_513,124813,777,4,14575,21998,45+9',Open Play,Header,Inside Box,Blocked
shot_514,124813,777,34,117763,16044,48,Open Play,Header,Inside Box,Missed
shot_515,124813,777,4,63741,,56,Penalty,Right Foot,Inside Box,Goal
shot_516,124813,777,4,304474,72371,58,Open Play,Left Foot,Inside Box,Saved
shot_517,124813,777,4,72371,304474,65,Open Play,Left Foot,Inside Box,Blocked
shot_518,124813,777,4,68583,27277,69,Open Play,Right Foot,Inside Box,Blocked
shot_519,124813,777,4,14575,21998,71,Set Piece,Header,Inside Box,Missed
shot_520,124813,777,34,11071,4979,87,Open Play,Header,Inside Box,Missed
shot_521,124813,777,4,14571,133245,90,Open Play,Right Foot,Outside Box,Saved
shot_522,124813,777,34,21614,26151,90+3',Open Play,Right Foot,Inside Box,Blocked
shot_523,124813,777,34,26151,16044,90+3',Open Play,Header,Inside Box,Blocked
shot_524,124813,777,34,11071,,90+5',Set Piece,Right Foot,Outside Box,Missed
shot_525,124813,777,34,13961,14445,90+8',Open Play,Left Foot,,Blocked
shot_526,124814,777,9,116888,13797,7,Open Play,Right Foot,Inside Box,Blocked
shot_527,124814,777,9,14807,116888,7,Open Play,Right Foot,Inside Box,Blocked
shot_528,124814,777,9,116888,,9,Set Piece,Right Foot,Outside Box,Missed
shot_529,124814,777,23,114590,19888,16,Open Play,Left Foot,Inside Box,Blocked
shot_530,124814,777,23,19888,,28,Open Play,Right Foot,Inside Box,Blocked
shot_531,124814,777,9,116888,14897,33,Open Play,Left Foot,Outside Box,Missed
shot_532,124814,777,9,13797,75543,34,Open Play,Right Foot,Inside Box,Missed
shot_533,124814,777,9,68676,75543,38,Open Play,Right Foot,Outside Box,Blocked
shot_534,124814,777,9,68676,116888,39,Set Piece,Right Foot,Outside Box,Missed
shot_535,124814,777,23,9662,19888,41,Open Play,Left Foot,Inside Box,Missed
shot_536,124814,777,23,9662,3905,43,Open Play,Right Foot,Inside Box,Saved
shot_537,124814,777,23,5220,71623,45+1',Open Play,Left Foot,Outside Box,Missed
shot_538,124814,777,9,14608,68676,51,Open Play,Left Foot,Outside Box,Missed
shot_539,124814,777,23,9662,5220,54,Open Play,Left Foot,Outside Box,Saved
shot_540,124814,777,23,108922,71623,71,Open Play,Left Foot,Outside Box,Missed
shot_541,124814,777,9,9576,116888,74,Open Play,Right Foot,Outside Box,Missed
shot_542,124814,777,9,9576,14608,90,Open Play,Right Foot,Inside Box,Saved
shot_543,124814,777,23,14716,71623,90+2',Open Play,Right Foot,Outside Box,Blocked
shot_544,124815,777,10,32894,49909,13,Open Play,Right Foot,Outside Box,Missed
shot_545,124815,777,1,67407,,22,Open Play,Left Foot,Inside Box,Saved
shot_546,124815,777,1,15202,,29,Set Piece,Right Foot,Outside Box,Missed
shot_547,124815,777,10,63633,,34,Open Play,Right Foot,Inside Box,Blocked
shot_548,124815,777,1,67407,7975,36,Open Play,Left Foot,Inside Box,Blocked
shot_549,124815,777,1,69914,,39,Open Play,Right Foot,Inside Box,Blocked
shot_550,124815,777,1,67776,32728,39,Open Play,Right Foot,Inside Box,Blocked
shot_551,124815,777,1,69914,15202,40,Set Piece,Header,Inside Box,Missed
shot_552,124815,777,10,49909,63633,52,Open Play,Right Foot,Outside Box,Missed
shot_553,124815,777,10,75382,63633,60,Open Play,Left Foot,Inside Box,Saved
shot_554,124815,777,1,50234,,63,Open Play,Left Foot,Outside Box,Blocked
shot_555,124815,777,1,69914,67776,63,Open Play,Left Foot,Outside Box,Blocked
shot_556,124815,777,1,67407,,64,Set Piece,Left Foot,Inside Box,Missed
shot_557,124815,777,10,32894,23815,66,Open Play,Right Foot,Inside Box,Saved
shot_558,124815,777,10,5178,75382,73,Open Play,Left Foot,Inside Box,Blocked
shot_559,124815,777,10,75382,33231,74,Open Play,Right Foot,Outside Box,Blocked
shot_560,124815,777,10,33231,,83,Set Piece,Right Foot,,Goal
shot_561,124815,777,1,141181,,90+5',Open Play,Left Foot,Inside Box,Blocked
shot_562,124815,777,10,15802,32894,90+7',Open Play,Left Foot,Outside Box,Blocked
shot_563,124815,777,1,64523,32728,90+7',Open Play,Header,Inside Box,Blocked
shot_564,124816,777,12,51202,,5,Open Play,Left Foot,Outside Box,Saved
shot_565,124816,777,12,66360,23396,14,Open Play,Left Foot,Inside Box,Saved
shot_566,124816,777,12,66360,14580,15,Open Play,Right Foot,Inside Box,Missed
shot_567,124816,777,12,118591,51202,22,Open Play,Header,Inside Box,Missed
shot_568,124816,777,12,5793,23396,27,Set Piece,Header,Inside Box,Hit the Woodwork
shot_569,124816,777,43,68593,19831,37,Open Play,Right Foot,Inside Box,Missed
shot_570,124816,777,12,69176,,39,Open Play,Left Foot,Outside Box,Blocked
shot_571,124816,777,12,14580,66360,40,Set Piece,Header,Inside Box,Hit the Woodwork
shot_572,124816,777,12,20226,,45,Open Play,Header,Inside Box,Blocked
shot_573,124816,777,12,69176,23396,45,Open Play,Left Foot,Inside Box,Saved
shot_574,124816,777,12,50848,23396,45+3',Open Play,Right Foot,Inside Box,Missed
shot_575,124816,777,12,23396,69176,45+3',Open Play,Right Foot,Outside Box,Blocked
shot_576,124816,777,12,50848,,45+3',Open Play,Right Foot,Inside Box,Blocked
shot_577,124816,777,12,50848,23396,45+3',Open Play,Left Foot,Inside Box,Blocked
shot_578,124816,777,12,69176,66360,45+5',Open Play,Left Foot,Inside Box,Missed
shot_579,124816,777,43,127393,,45+5',Open Play,Left Foot,Inside Box,Blocked
shot_580,124816,777,12,50848,,45+6',Open Play,Left Foot,Inside Box,Saved
shot_581,124816,777,43,19831,,48,Open Play,Right Foot,Outside Box,Blocked
shot_582,124816,777,12,50848,108936,49,Open Play,Right Foot,Inside Box,Missed
shot_583,124816,777,43,64282,19831,55,Open Play,Right Foot,Inside Box,Goal
shot_584,124816,777,12,66360,24252,57,Open Play,Left Foot,Inside Box,Goal
shot_585,124816,777,12,23396,66360,63,Set Piece,Right Foot,Inside Box,Missed
shot_586,124816,777,12,108936,23396,63,Open Play,Right Foot,Outside Box,Blocked
shot_587,124816,777,43,50460,,66,Open Play,Left Foot,Inside Box,Goal
shot_588,124816,777,43,74964,,66,Open Play,Left Foot,Inside Box,Saved
shot_589,124816,777,12,108936,50848,69,Open Play,Right Foot,Outside Box,Missed
shot_590,124816,777,12,50848,66360,75,Open Play,Header,Inside Box,Missed
shot_591,124816,777,12,23396,,80,Open Play,Right Foot,Outside Box,Blocked
shot_592,124816,777,12,50848,69176,82,Open Play,Right Foot,Outside Box,Missed
shot_593,124816,777,12,66036,66360,86,Open Play,Header,Inside Box,Missed
shot_594,124816,777,12,66036,24252,87,Open Play,Header,Inside Box,Missed
shot_595,124816,777,12,23396,,90+7',Penalty,Right Foot,Inside Box,Goal
shot_596,124817,777,25,42569,4617,3,Set Piece,Header,Inside Box,Missed
shot_597,124817,777,25,42569,4617,15,Set Piece,Header,Inside Box,Missed
shot_598,124817,777,15,15259,51593,18,Open Play,Header,Inside Box,Blocked
shot_599,124817,777,25,55776,119072,39,Open Play,Left Foot,Inside Box,Saved
shot_600,124817,777,25,55776,8868,47,Open Play,Right Foot,Inside Box,Missed
shot_601,124817,777,15,3756,23702,47,Open Play,Header,Inside Box,Saved
shot_602,124817,777,25,42569,119072,56,Open Play,Left Foot,Inside Box,Saved
shot_603,124817,777,15,15259,23702,60,Open Play,Left Foot,Inside Box,Saved
shot_604,124817,777,15,3756,49270,61,Open Play,Right Foot,Inside Box,Missed
shot_605,124817,777,15,51593,23702,62,Open Play,Right Foot,Outside Box,Blocked
shot_606,124817,777,15,23811,,62,Open Play,Right Foot,Inside Box,Blocked
shot_607,124817,777,15,23702,51593,63,Open Play,Right Foot,Inside Box,Saved
shot_608,124817,777,15,3756,10439,67,Open Play,Header,Inside Box,Missed
shot_609,124817,777,25,8454,55776,68,Open Play,Right Foot,Outside Box,Saved
shot_610,124817,777,25,32638,4617,69,Set Piece,Header,Inside Box,Missed
shot_611,124817,777,15,16035,51593,72,Set Piece,Header,Inside Box,Missed
shot_612,124817,777,25,8454,55776,81,Open Play,Right Foot,,Saved
shot_613,124817,777,25,8868,65961,84,Open Play,Left Foot,Outside Box,Goal
shot_614,124817,777,25,55776,,88,Penalty,Left Foot,Inside Box,Goal
shot_615,124817,777,15,10439,,90,Open Play,Right Foot,Inside Box,Blocked
shot_616,124817,777,25,8454,145347,90+1',Open Play,Header,Inside Box,Goal
shot_617,124817,777,25,8454,8868,90+8',Open Play,Right Foot,Inside Box,Saved
shot_618,124817,777,15,10439,,90+10',Open Play,Right Foot,Outside Box,Blocked
shot_619,124818,777,29,51199,,9,Set Piece,Right Foot,Inside Box,Missed
shot_620,124818,777,29,118633,,9,Set Piece,Right Foot,Inside Box,Missed
shot_621,124818,777,29,63733,,12,Open Play,Right Foot,Outside Box,Blocked
shot_622,124818,777,130,127594,49731,17,Open Play,Header,Inside Box,Missed
shot_623,124818,777,130,127594,49731,42,Set Piece,Header,Inside Box,Missed
shot_624,124818,777,29,66659,,44,Open Play,Left Foot,Inside Box,Blocked
shot_625,124818,777,130,128891,,45+1',Open Play,Header,Outside Box,Saved
shot_626,124818,777,29,126110,,46,Open Play,Right Foot,Inside Box,Missed
shot_627,124818,777,29,122126,,46,Open Play,Left Foot,Outside Box,Blocked
shot_628,124818,777,130,127594,,59,Penalty,Right Foot,Inside Box,Saved
shot_629,124818,777,29,126110,138104,68,Open Play,Right Foot,Inside Box,Missed
shot_630,124818,777,29,52989,124944,73,Open Play,Right Foot,Outside Box,Missed
shot_631,124818,777,29,52989,124944,75,Open Play,Header,Inside Box,Saved
shot_632,124818,777,130,124052,108612,77,Open Play,Header,Inside Box,Goal
shot_633,124818,777,29,138104,,82,Penalty,Right Foot,Inside Box,Goal
shot_634,124818,777,130,10947,,83,Open Play,Left Foot,Outside Box,Blocked
shot_635,124818,777,29,126110,126317,85,Open Play,Right Foot,Inside Box,Missed
shot_636,124818,777,130,133890,124052,86,Open Play,Header,Inside Box,Saved
shot_637,124818,777,29,52989,12136,90+6',Open Play,Header,Inside Box,Goal
shot_638,124819,777,127,33032,54989,5,Open Play,Left Foot,Inside Box,Goal
shot_639,124819,777,127,33032,,7,Open Play,Right Foot,Outside Box,Missed
shot_640,124819,777,127,25474,13706,11,Open Play,Header,Inside Box,Missed
shot_641,124819,777,127,33032,74976,17,Open Play,Header,Inside Box,Missed
shot_642,124819,777,127,13706,74976,21,Set Piece,Header,Inside Box,Missed
shot_643,124819,777,127,13706,,21,Open Play,Left Foot,Outside Box,Saved
shot_644,124819,777,127,14846,25474,28,Open Play,Left Foot,Inside Box,Blocked
shot_645,124819,777,127,33032,74965,43,Open Play,Header,Inside Box,Missed
shot_646,124819,777,127,54989,,45,Open Play,Left Foot,Outside Box,Blocked
shot_647,124819,777,127,74965,,45+1',Open Play,Left Foot,Outside Box,Missed
shot_648,124819,777,127,25474,14846,46,Open Play,Left Foot,Inside Box,Saved
shot_649,124819,777,127,25474,,49,Open Play,Left Foot,Inside Box,Blocked
shot_650,124819,777,127,13706,33032,49,Open Play,Left Foot,Inside Box,Blocked
shot_651,124819,777,127,33032,13706,49,Open Play,Right Foot,Inside Box,Saved
shot_652,124819,777,127,54989,,49,Open Play,Left Foot,Inside Box,Missed
shot_653,124819,777,127,13706,33032,53,Open Play,Left Foot,Inside Box,Saved
shot_654,124819,777,21,32229,,55,Open Play,Right Foot,Outside Box,Blocked
shot_655,124819,777,127,74976,25474,62,Open Play,Right Foot,Inside Box,Blocked
shot_656,124819,777,127,14846,,66,Open Play,Right Foot,Inside Box,Missed
shot_657,124819,777,127,14846,118080,67,Set Piece,Left Foot,Outside Box,Missed
shot_658,124819,777,21,133603,24630,68,Open Play,Left Foot,Inside Box,Saved
shot_659,124819,777,127,42894,132285,75,Open Play,Right Foot,Inside Box,Saved
shot_660,124819,777,21,118579,,79,Open Play,Right Foot,Inside Box,Missed
shot_661,124819,777,21,76614,23764,90+2',Open Play,Right Foot,Outside Box,Missed
shot_662,124819,777,21,126824,51364,90+8',Set Piece,Header,Inside Box,Missed
shot_663,124820,777,38,143218,110203,4,Open Play,Right Foot,Outside Box,Saved
shot_664,124820,777,7,126789,4260,7,Set Piece,Header,Inside Box,Goal
shot_665,124820,777,38,20337,76310,21,Open Play,Left Foot,Inside Box,Goal
shot_666,124820,777,7,4260,12582,26,Open Play,Left Foot,Inside Box,Blocked
shot_667,124820,777,38,110203,,28,Set Piece,Right Foot,Inside Box,Missed
shot_668,124820,777,7,31936,14706,33,Open Play,Left Foot,Inside Box,Goal
shot_669,124820,777,7,4260,14706,33,Open Play,Right Foot,,Saved
shot_670,124820,777,7,12582,126789,46,Open Play,Right Foot,Inside Box,Blocked
shot_671,124820,777,38,133679,92635,49,Open Play,Right Foot,Outside Box,Missed
shot_672,124820,777,38,76310,43010,49,Open Play,Header,Inside Box,Blocked
shot_673,124820,777,7,14706,4260,55,Open Play,Left Foot,Inside Box,Goal
shot_674,124820,777,7,12582,31936,63,Open Play,Left Foot,Outside Box,Blocked
shot_675,124820,777,38,126108,66692,70,Open Play,Right Foot,Outside Box,Blocked
shot_676,124820,777,7,12582,31936,70,Open Play,Right Foot,,Missed
shot_677,124820,777,7,112589,14706,76,Set Piece,Header,Inside Box,Missed
shot_678,124820,777,38,108947,76310,77,Open Play,Right Foot,Outside Box,Blocked
shot_679,124820,777,38,108947,136815,79,Open Play,Right Foot,Inside Box,Goal
shot_680,124820,777,38,303861,,84,Open Play,Right Foot,Outside Box,Blocked
shot_681,124820,777,38,92635,126108,84,Open Play,,Inside Box,Blocked
shot_682,124820,777,7,66538,,86,Open Play,Right Foot,Outside Box,Blocked
shot_683,124820,777,38,108947,,90+4',Open Play,Left Foot,Inside Box,Missed
shot_684,124820,777,38,126108,133679,90+4',Open Play,Right Foot,Outside Box,Saved
shot_685,124821,777,1,19778,,7,Open Play,Right Foot,Inside Box,Saved
shot_686,124821,777,1,50234,67407,10,Set Piece,Header,Inside Box,Missed
shot_687,124821,777,1,21584,32728,14,Open Play,Right Foot,Outside Box,Blocked
shot_688,124821,777,1,32728,67407,21,Open Play,Header,Inside Box,Missed
shot_689,124821,777,1,114566,,23,Open Play,Left Foot,Inside Box,Blocked
shot_690,124821,777,1,21584,64523,27,Open Play,Right Foot,Inside Box,Blocked
shot_691,124821,777,1,67776,67407,29,Open Play,Header,Inside Box,Saved
shot_692,124821,777,1,64523,,32,Set Piece,Right Foot,Outside Box,Goal
shot_693,124821,777,1,64523,114566,36,Open Play,Right Foot,Outside Box,Missed
shot_694,124821,777,1,50234,69914,36,Open Play,Left Foot,Outside Box,Blocked
shot_695,124821,777,15,15259,3756,45+1',Open Play,Right Foot,Inside Box,Missed
shot_696,124821,777,1,32728,,45+4',Open Play,Right Foot,Inside Box,Blocked
shot_697,124821,777,1,32728,21584,46,Open Play,Right Foot,Inside Box,Goal
shot_698,124821,777,1,114566,67407,52,Open Play,Left Foot,Inside Box,Missed
shot_699,124821,777,15,3756,50623,52,Open Play,,Inside Box,Saved
shot_700,124821,777,1,114566,19778,57,Open Play,Left Foot,Inside Box,Missed
shot_701,124821,777,1,32728,67407,59,Open Play,Right Foot,,Hit the Woodwork
shot_702,124821,777,15,68219,70249,67,Open Play,Right Foot,Outside Box,Blocked
shot_703,124821,777,1,64523,20486,79,Set Piece,Header,Inside Box,Goal
shot_704,124821,777,15,23811,68219,90+3',Open Play,Right Foot,Outside Box,Blocked
shot_705,124821,777,15,68219,49270,90+5',Open Play,Right Foot,Inside Box,Blocked
shot_706,124822,777,127,74976,25474,18,Open Play,Left Foot,Outside Box,Goal
shot_707,124822,777,127,33032,74965,26,Open Play,Header,Inside Box,Missed
shot_708,124822,777,127,13706,140546,26,Open Play,Right Foot,Inside Box,Blocked
shot_709,124822,777,127,25474,14846,36,Open Play,Right Foot,Inside Box,Missed
shot_710,124822,777,131,136175,51830,40,Open Play,Right Foot,Inside Box,Saved
shot_711,124822,777,127,33032,,45+3',Open Play,Right Foot,Inside Box,Blocked
shot_712,124822,777,127,33032,74965,45+3',Open Play,Header,Inside Box,Saved
shot_713,124822,777,131,117732,136175,48,Open Play,Header,Inside Box,Goal
shot_714,124822,777,127,13706,,48,Set Piece,Left Foot,Outside Box,Missed
shot_715,124822,777,131,136175,4874,54,Open Play,Left Foot,,Blocked
shot_716,124822,777,131,3452,,55,Set Piece,Right Foot,Inside Box,Missed
shot_717,124822,777,127,25474,,61,Penalty,Right Foot,Inside Box,Goal
shot_718,124822,777,127,14846,74976,66,Set Piece,Left Foot,Outside Box,Missed
shot_719,124822,777,127,118080,,75,Open Play,Left Foot,Outside Box,Saved
shot_720,124822,777,127,21519,25474,78,Open Play,Right Foot,Outside Box,Blocked
shot_721,124822,777,131,136175,8163,80,Open Play,Left Foot,Inside Box,Blocked
shot_722,124822,777,127,21519,42894,81,Open Play,Right Foot,Outside Box,Blocked
shot_723,124822,777,127,51942,21519,85,Open Play,Header,Inside Box,Saved
shot_724,124822,777,131,124396,,86,Open Play,Left Foot,Outside Box,Missed
shot_725,124823,777,4,72371,133430,5,Open Play,Left Foot,Inside Box,Blocked
shot_726,124823,777,130,127594,128891,6,Set Piece,Header,Inside Box,Missed
shot_727,124823,777,130,127594,124052,6,Open Play,Right Foot,Inside Box,Blocked
shot_728,124823,777,4,14575,63741,15,Set Piece,Header,Inside Box,Missed
shot_729,124823,777,130,127594,3712,35,Open Play,Right Foot,Inside Box,Goal
shot_730,124823,777,4,14575,21998,41,Open Play,Right Foot,Outside Box,Missed
shot_731,124823,777,4,68583,14575,43,Open Play,Right Foot,Outside Box,Saved
shot_732,124823,777,4,63741,133430,45,Open Play,Left Foot,Inside Box,Blocked
shot_733,124823,777,4,118442,21998,51,Open Play,Right Foot,Inside Box,Saved
shot_734,124823,777,4,27277,68583,54,Open Play,Right Foot,Inside Box,Saved
shot_735,124823,777,4,14571,27277,60,Open Play,Left Foot,Outside Box,Blocked
shot_736,124823,777,4,49293,72371,61,Open Play,Left Foot,Inside Box,Goal
shot_737,124823,777,130,127594,49726,62,Open Play,Right Foot,Inside Box,Saved
shot_738,124823,777,4,49293,,65,Open Play,Left Foot,Outside Box,Blocked
shot_739,124823,777,4,21998,63741,67,Open Play,Left Foot,Inside Box,Blocked
shot_740,124823,777,4,21998,27277,72,Open Play,Left Foot,Inside Box,Blocked
shot_741,124823,777,4,49293,21998,75,Open Play,Left Foot,Inside Box,Saved
shot_742,124823,777,130,10947,24659,77,Set Piece,Left Foot,Inside Box,Missed
shot_743,124823,777,4,112203,,85,Open Play,Right Foot,Outside Box,Goal
shot_744,124823,777,130,20113,24369,89,Open Play,Header,Inside Box,Saved
shot_745,124823,777,130,32289,20113,90+3',Open Play,Right Foot,Inside Box,Goal
shot_746,124823,777,4,49293,68987,90+6',Open Play,Left Foot,Inside Box,Missed
shot_747,124824,777,10,32894,116665,5,Open Play,Right Foot,Outside Box,Missed
shot_748,124824,777,43,50460,74964,7,Open Play,Right Foot,Outside Box,Missed
shot_749,124824,777,10,116665,23593,9,Set Piece,Right Foot,Inside Box,Missed
shot_750,124824,777,10,23593,32894,12,Set Piece,Header,Inside Box,Missed
shot_751,124824,777,10,75382,49909,22,Open Play,Right Foot,Outside Box,Blocked
shot_752,124824,777,10,32894,75382,24,Open Play,Right Foot,Inside Box,Blocked
shot_753,124824,777,10,33231,,31,Open Play,Right Foot,Outside Box,Blocked
shot_754,124824,777,10,49909,,31,Open Play,Right Foot,Outside Box,Blocked
shot_755,124824,777,43,128456,127393,34,Set Piece,Header,Inside Box,Missed
shot_756,124824,777,10,10458,49909,39,Open Play,Left Foot,Inside Box,Saved
shot_757,124824,777,10,81542,49909,40,Open Play,Right Foot,,Missed
shot_758,124824,777,10,32894,10458,42,Open Play,Right Foot,Outside Box,Blocked
shot_759,124824,777,10,49909,,48,Set Piece,Right Foot,Inside Box,Missed
shot_760,124824,777,10,68582,10458,49,Open Play,Header,Inside Box,Blocked
shot_761,124824,777,10,75382,10458,55,Open Play,Right Foot,Inside Box,Missed
shot_762,124824,777,10,33231,,58,Open Play,Right Foot,Inside Box,Blocked
shot_763,124824,777,10,81542,75382,58,Open Play,Right Foot,Outside Box,Blocked
shot_764,124824,777,10,33231,49909,59,Open Play,Right Foot,Outside Box,Saved
shot_765,124824,777,10,75382,32894,62,Open Play,Right Foot,Outside Box,Blocked
shot_766,124824,777,10,49909,5140,66,Open Play,Right Foot,Outside Box,Blocked
shot_767,124824,777,10,33231,75382,67,Open Play,Right Foot,Outside Box,Blocked
shot_768,124824,777,10,15802,10458,72,Open Play,Header,Inside Box,Missed
shot_769,124824,777,43,8127,,74,Set Piece,Right Foot,Outside Box,Missed
shot_770,124824,777,10,33231,5178,75,Open Play,Left Foot,Outside Box,Missed
shot_771,124824,777,10,32894,75382,80,Set Piece,Header,Inside Box,Missed
shot_772,124824,777,10,49909,23593,80,Open Play,Right Foot,Outside Box,Blocked
shot_773,124824,777,10,33231,,87,Set Piece,Right Foot,Outside Box,Missed
shot_774,124824,777,10,32894,10458,90+2',Open Play,Header,Inside Box,Missed
shot_775,124824,777,10,19919,134796,90+3',Open Play,Right Foot,Inside Box,Saved
shot_776,124824,777,10,5178,,90+5',Penalty,Left Foot,Inside Box,Goal
shot_777,124825,777,6,37776,14569,9,Open Play,Right Foot,Outside Box,Missed
shot_778,124825,777,29,124944,12136,15,Set Piece,Left Foot,Inside Box,Missed
shot_779,124825,777,29,52989,122126,16,Open Play,Right Foot,Inside Box,Missed
shot_780,124825,777,6,109117,8589,20,Open Play,Right Foot,Outside Box,Missed
shot_781,124825,777,6,109117,49759,36,Open Play,Right Foot,Inside Box,Missed
shot_782,124825,777,29,118633,126317,41,Open Play,Right Foot,Inside Box,Blocked
shot_783,124825,777,6,109117,,50,Open Play,Right Foot,Inside Box,Blocked
shot_784,124825,777,6,20874,24334,50,Open Play,Right Foot,Inside Box,Saved
shot_785,124825,777,29,52989,122126,56,Open Play,Right Foot,Inside Box,Blocked
shot_786,124825,777,29,52989,51199,58,Open Play,Right Foot,Inside Box,Missed
shot_787,124825,777,29,126110,118633,71,Open Play,Left Foot,Outside Box,Missed
shot_788,124825,777,6,49759,,72,Open Play,Right Foot,Outside Box,Saved
shot_789,124825,777,6,76353,138981,78,Open Play,Right Foot,Outside Box,Blocked
shot_790,124825,777,6,20874,,79,Open Play,Left Foot,Inside Box,Saved
shot_791,124825,777,6,49759,,88,Open Play,Right Foot,Outside Box,Saved
shot_792,124825,777,6,146391,50842,88,Open Play,Right Foot,Inside Box,Saved
shot_793,124825,777,6,50842,8589,89,Open Play,Header,Inside Box,Blocked
shot_794,124825,777,6,8589,,90+2',Open Play,Left Foot,Outside Box,Blocked
shot_795,124825,777,6,14569,,90+3',Set Piece,Header,Inside Box,Missed
shot_796,124825,777,6,76353,138981,90+5',Open Play,Left Foot,Inside Box,Saved
shot_797,124826,777,7,126789,31936,2,Open Play,Right Foot,Inside Box,Missed
shot_798,124826,777,7,12582,14706,8,Open Play,Right Foot,Outside Box,Missed
shot_799,124826,777,7,4333,14706,11,Set Piece,Header,Inside Box,Missed
shot_800,124826,777,7,4260,8143,16,Open Play,Right Foot,Inside Box,Saved
shot_801,124826,777,7,126789,4333,16,Open Play,Right Foot,Inside Box,Blocked
shot_802,124826,777,2,26408,,24,Open Play,Right Foot,,Missed
shot_803,124826,777,7,126789,,32,Open Play,Header,Inside Box,Blocked
shot_804,124826,777,7,4333,23841,33,Set Piece,Header,Inside Box,Missed
shot_805,124826,777,2,23968,26408,36,Open Play,Right Foot,Outside Box,Saved
shot_806,124826,777,7,4260,31936,40,Open Play,Right Foot,Inside Box,Blocked
shot_807,124826,777,7,12582,23841,44,Set Piece,Right Foot,Outside Box,Missed
shot_808,124826,777,2,5758,,45+2',Open Play,Left Foot,Outside Box,Blocked
shot_809,124826,777,7,126789,23841,48,Open Play,Right Foot,Inside Box,Missed
shot_810,124826,777,2,26408,51423,50,Open Play,Right Foot,Outside Box,Blocked
shot_811,124826,777,2,5758,,55,Open Play,Left Foot,Inside Box,Blocked
shot_812,124826,777,2,8900,13344,55,Open Play,Header,Inside Box,Blocked
shot_813,124826,777,2,26408,8658,59,Open Play,Right Foot,Inside Box,Blocked
shot_814,124826,777,7,66538,,62,Open Play,Right Foot,Outside Box,Blocked
shot_815,124826,777,7,112589,,62,Open Play,Right Foot,Inside Box,Blocked
shot_816,124826,777,7,4333,4260,72,Open Play,Header,Inside Box,Saved
shot_817,124826,777,7,128411,23841,85,Set Piece,Right Foot,Outside Box,Missed
shot_818,124826,777,7,14706,4260,89,Open Play,Left Foot,Inside Box,Blocked
shot_819,124826,777,7,143922,128411,89,Open Play,Left Foot,Inside Box,Blocked
shot_820,124826,777,7,31936,4260,90,Open Play,Left Foot,Outside Box,Blocked
shot_821,124826,777,7,23841,4260,90,Open Play,Right Foot,Outside Box,Blocked
shot_822,124826,777,7,4333,4260,90+1',Open Play,Header,Inside Box,Missed
shot_823,124826,777,7,143922,112589,90+4',Open Play,Header,Inside Box,Missed
shot_824,124827,777,9,9576,63289,16,Open Play,Header,Inside Box,Saved
shot_825,124827,777,9,116888,,30,Open Play,Left Foot,Inside Box,Blocked
shot_826,124827,777,9,14608,33162,35,Open Play,Right Foot,Inside Box,Blocked
shot_827,124827,777,9,14897,9576,43,Open Play,Right Foot,Outside Box,Hit the Woodwork
shot_828,124827,777,9,63289,116888,48,Open Play,Right Foot,Inside Box,Saved
shot_829,124827,777,9,33162,,53,Open Play,Left Foot,Inside Box,Missed
shot_830,124827,777,9,33162,,53,Open Play,Left Foot,Inside Box,Blocked
shot_831,124827,777,9,14608,,55,Open Play,Right Foot,Outside Box,Saved
shot_832,124827,777,34,13961,,58,Open Play,Left Foot,Outside Box,Saved
shot_833,124827,777,34,117763,21614,70,Open Play,Header,Inside Box,Saved
shot_834,124827,777,9,116888,,75,Open Play,Left Foot,Inside Box,Blocked
shot_835,124827,777,9,116888,,77,Open Play,Right Foot,Outside Box,Missed
shot_836,124827,777,34,16044,14656,83,Open Play,Right Foot,Inside Box,Missed
shot_837,124827,777,34,4979,121610,85,Open Play,Header,Inside Box,Missed
shot_838,124827,777,34,121610,14656,90+3',Open Play,Right Foot,Outside Box,Saved
shot_839,124828,777,11,65970,,1,Open Play,Left Foot,Inside Box,Missed
shot_840,124828,777,12,66036,,4,Open Play,Left Foot,Outside Box,Saved
shot_841,124828,777,11,14805,54156,18,Open Play,Header,Inside Box,Goal
shot_842,124828,777,11,26335,54156,24,Open Play,Right Foot,Inside Box,Saved
shot_843,124828,777,11,112948,26335,39,Open Play,Right Foot,Outside Box,Missed
shot_844,124828,777,11,65970,54156,53,Open Play,Left Foot,Inside Box,Goal
shot_845,124828,777,11,5067,,55,Open Play,Right Foot,,Missed
shot_846,124828,777,11,65970,54156,55,Open Play,Left Foot,Inside Box,Hit the Woodwork
shot_847,124828,777,12,66360,146567,61,Open Play,Left Foot,Inside Box,Saved
shot_848,124828,777,11,65970,5067,64,Open Play,Left Foot,Inside Box,Saved
shot_849,124828,777,11,65970,5067,68,Open Play,Left Foot,Inside Box,Goal
shot_850,124828,777,12,118031,108936,73,Open Play,Right Foot,Outside Box,Missed
shot_851,124828,777,12,69176,146567,73,Open Play,Left Foot,Inside Box,Blocked
shot_852,124828,777,11,26335,65970,75,Open Play,Right Foot,Inside Box,Missed
shot_853,124828,777,12,66360,146567,80,Open Play,Right Foot,,Missed
shot_854,124828,777,12,66360,108936,82,Open Play,Left Foot,Outside Box,Missed
shot_855,124828,777,12,66360,69176,84,Open Play,Left Foot,Inside Box,Missed
shot_856,124828,777,12,5793,23396,85,Set Piece,Right Foot,Inside Box,Missed
shot_857,124828,777,12,23396,,85,Set Piece,Left Foot,Outside Box,Missed
shot_858,124828,777,12,146567,,86,Open Play,Right Foot,Inside Box,Missed
shot_859,124828,777,11,26335,,90+1',Open Play,Left Foot,,Missed
shot_860,124828,777,12,5793,69176,90+2',Open Play,Right Foot,Outside Box,Blocked
shot_861,124828,777,12,146567,23396,90+3',Open Play,Header,Inside Box,Missed
shot_862,124828,777,11,126943,14805,90+4',Open Play,Left Foot,Inside Box,Saved
shot_863,124828,777,11,14805,66657,90+4',Open Play,Right Foot,Inside Box,Missed
shot_864,124829,777,38,20337,,1,Open Play,Left Foot,Inside Box,Saved
shot_865,124829,777,38,108947,,1,Open Play,Right Foot,Inside Box,Saved
shot_866,124829,777,23,9662,115256,5,Open Play,Left Foot,Outside Box,Missed
shot_867,124829,777,38,108947,108877,11,Open Play,Right Foot,Inside Box,Missed
shot_868,124829,777,23,14716,,13,Open Play,Right Foot,Outside Box,Missed
shot_869,124829,777,23,9662,20607,13,Open Play,Left Foot,Inside Box,Saved
shot_870,124829,777,23,115256,3905,16,Set Piece,Header,Inside Box,Missed
shot_871,124829,777,38,92635,66692,19,Open Play,Header,Inside Box,Saved
shot_872,124829,777,23,115256,74761,25,Open Play,Right Foot,Inside Box,Blocked
shot_873,124829,777,23,8707,3905,28,Open Play,Header,Inside Box,Blocked
shot_874,124829,777,23,115256,9662,30,Open Play,Header,Inside Box,Goal
shot_875,124829,777,23,14716,3905,37,Open Play,Right Foot,Outside Box,Blocked
shot_876,124829,777,38,20337,133679,39,Open Play,Header,Inside Box,Missed
shot_877,124829,777,38,108947,66692,41,Open Play,Header,Inside Box,Missed
shot_878,124829,777,23,9662,3905,43,Open Play,Right Foot,Outside Box,Missed
shot_879,124829,777,23,9662,,45+4',Open Play,Left Foot,Outside Box,Blocked
shot_880,124829,777,23,71623,,45+5',Open Play,Left Foot,Outside Box,Hit the Woodwork
shot_881,124829,777,23,71623,3905,45+6',Open Play,Right Foot,Inside Box,Saved
shot_882,124829,777,23,71623,,50,Open Play,Right Foot,Inside Box,Saved
shot_883,124829,777,23,14716,74761,74,Open Play,Right Foot,Outside Box,Missed
shot_884,124829,777,23,14446,5220,85,Set Piece,Left Foot,Inside Box,Missed
shot_885,124829,777,38,126108,,89,Open Play,Right Foot,Outside Box,Blocked
shot_886,124829,777,38,143218,303861,90+1',Open Play,Right Foot,Inside Box,Blocked
shot_887,124829,777,23,74761,114590,90+7',Open Play,Right Foot,Outside Box,Blocked
shot_888,124830,777,21,51364,,1,Open Play,Right Foot,Inside Box,Blocked
shot_889,124830,777,25,55776,119072,14,Open Play,Left Foot,Inside Box,Missed
shot_890,124830,777,21,69274,66635,18,Open Play,Right Foot,Outside Box,Missed
shot_891,124830,777,25,25183,4617,22,Open Play,Header,,Saved
shot_892,124830,777,21,117318,32229,38,Open Play,Header,Inside Box,Blocked
shot_893,124830,777,21,66635,75582,43,Open Play,Left Foot,Inside Box,Saved
shot_894,124830,777,25,8868,55776,46,Open Play,Left Foot,Outside Box,Missed
shot_895,124830,777,21,117318,69274,47,Set Piece,Header,Inside Box,Goal
shot_896,124830,777,25,8868,119072,49,Open Play,Left Foot,Inside Box,Saved
shot_897,124830,777,25,145347,,50,Open Play,Header,Inside Box,Saved
shot_898,124830,777,21,76614,,51,Open Play,Right Foot,Outside Box,Blocked
shot_899,124830,777,25,13522,4617,53,Set Piece,Header,Inside Box,Missed
shot_900,124830,777,21,133603,66635,57,Open Play,Header,Inside Box,Goal
shot_901,124830,777,21,19858,51364,60,Set Piece,Header,Inside Box,Missed
shot_902,124830,777,21,75582,133603,64,Set Piece,Right Foot,Inside Box,Goal
shot_903,124830,777,21,51364,,67,Open Play,Left Foot,Outside Box,Missed
shot_904,124830,777,25,8868,13815,69,Open Play,Left Foot,Inside Box,Saved
shot_905,124830,777,21,19858,126824,74,Open Play,Right Foot,Outside Box,Blocked
shot_906,124830,777,21,51364,32229,90+1',Open Play,Right Foot,Inside Box,Saved
shot_907,124830,777,21,51364,24630,90+3',Open Play,Left Foot,Inside Box,Blocked
shot_908,124830,777,21,19858,51364,90+5',Set Piece,Header,Inside Box,Missed
shot_909,124831,777,11,65970,26335,9,Open Play,Right Foot,Inside Box,Goal
shot_910,124831,777,11,26335,5067,20,Open Play,Right Foot,Inside Box,Saved
shot_911,124831,777,1,67407,15202,32,Open Play,Header,Inside Box,Missed
shot_912,124831,777,11,16286,54156,38,Open Play,Left Foot,Outside Box,Missed
shot_913,124831,777,1,66204,,41,Set Piece,Header,Inside Box,Missed
shot_914,124831,777,1,69914,,44,Open Play,Left Foot,Inside Box,Missed
shot_915,124831,777,1,67407,19778,45+1',Open Play,Right Foot,Inside Box,Saved
shot_916,124831,777,1,64523,,48,Open Play,Right Foot,Inside Box,Missed
shot_917,124831,777,1,21584,,50,Open Play,Right Foot,Inside Box,Saved
shot_918,124831,777,1,49481,64523,52,Open Play,Left Foot,Inside Box,Blocked
shot_919,124831,777,1,20486,67776,56,Open Play,Left Foot,Inside Box,Blocked
shot_920,124831,777,11,65970,54156,57,Open Play,Left Foot,Inside Box,Saved
shot_921,124831,777,1,20486,49481,60,Open Play,Right Foot,Inside Box,Blocked
shot_922,124831,777,1,69914,49481,76,Open Play,Header,Inside Box,Missed
shot_923,124831,777,1,69914,15202,81,Open Play,Right Foot,Outside Box,Missed
shot_924,124831,777,11,54156,26335,82,Open Play,Right Foot,Inside Box,Missed
shot_925,124831,777,1,66104,21584,90+3',Open Play,Right Foot,Inside Box,Goal
shot_926,124832,777,127,119381,132285,7,Open Play,Right Foot,Inside Box,Blocked
shot_927,124832,777,127,119381,,9,Open Play,Right Foot,Outside Box,Blocked
shot_928,124832,777,127,42894,13706,9,Open Play,Right Foot,Inside Box,Saved
shot_929,124832,777,23,9662,71623,11,Open Play,Right Foot,,Saved
shot_930,124832,777,23,71623,,12,Open Play,Right Foot,Outside Box,Blocked
shot_931,124832,777,23,9662,71623,14,Open Play,Left Foot,Outside Box,Missed
shot_932,124832,777,127,33032,14846,15,Open Play,Right Foot,Inside Box,Blocked
shot_933,124832,777,127,14846,25474,15,Open Play,Left Foot,Outside Box,Blocked
shot_934,124832,777,23,71623,117647,25,Open Play,Right Foot,Outside Box,Missed
shot_935,124832,777,127,74976,54989,27,Open Play,Right Foot,Outside Box,Missed
shot_936,124832,777,127,14846,33032,50,Open Play,Left Foot,Outside Box,Blocked
shot_937,124832,777,127,25474,,53,Open Play,Right Foot,Inside Box,Missed
shot_938,124832,777,127,15572,,90,Open Play,Left Foot,Outside Box,Blocked
shot_939,124832,777,127,21519,,90+1',Open Play,Right Foot,Outside Box,Saved
shot_940,124832,777,127,51942,,90+3',Open Play,Right Foot,,Missed
shot_941,124833,777,131,136175,51830,8,Open Play,Left Foot,Inside Box,Goal
shot_942,124833,777,21,24630,32229,25,Open Play,Left Foot,Inside Box,Missed
shot_943,124833,777,131,134176,136175,27,Open Play,Left Foot,Outside Box,Missed
shot_944,124833,777,131,134333,134176,27,Open Play,Right Foot,Outside Box,Saved
shot_945,124833,777,21,118579,,28,Open Play,Right Foot,Inside Box,Missed
shot_946,124833,777,131,134333,,31,Open Play,Right Foot,Outside Box,Goal
shot_947,124833,777,21,24630,22802,41,Open Play,Left Foot,Inside Box,Blocked
shot_948,124833,777,21,24630,32229,42,Set Piece,Header,Inside Box,Missed
shot_949,124833,777,21,24630,51364,43,Open Play,Right Foot,Inside Box,Goal
shot_950,124833,777,21,51364,22802,43,Open Play,Left Foot,Inside Box,Missed
shot_951,124833,777,131,8163,,58,Set Piece,Right Foot,,Missed
shot_952,124833,777,131,134333,51830,62,Open Play,Right Foot,Outside Box,Missed
shot_953,124833,777,21,69274,24630,64,Open Play,Right Foot,Outside Box,Missed
shot_954,124833,777,21,69274,126824,68,Open Play,Right Foot,Inside Box,Saved
shot_955,124833,777,21,69274,51364,70,Open Play,Right Foot,Inside Box,Missed
shot_956,124833,777,131,143240,134333,76,Open Play,Right Foot,,Missed
shot_957,124833,777,131,117732,50727,79,Open Play,Right Foot,Inside Box,Saved
shot_958,124833,777,131,50727,117732,80,Open Play,Right Foot,Inside Box,Missed
shot_959,124833,777,21,24630,69274,81,Open Play,Right Foot,Inside Box,Saved
shot_960,124833,777,131,3452,2100,84,Open Play,Left Foot,Inside Box,Blocked
shot_961,124833,777,131,134333,143240,87,Open Play,Right Foot,Inside Box,Missed
shot_962,124833,777,131,134333,,88,Set Piece,Right Foot,Outside Box,Missed
shot_963,124833,777,21,51364,117596,90+4',Open Play,Left Foot,Outside Box,Blocked
shot_964,124834,777,15,23811,,2,Set Piece,Right Foot,Inside Box,Goal
shot_965,124834,777,15,19620,3756,13,Open Play,Left Foot,Outside Box,Blocked
shot_966,124834,777,43,127393,63851,14,Open Play,Left Foot,Outside Box,Saved
shot_967,124834,777,15,19620,138137,17,Open Play,Left Foot,Outside Box,Saved
shot_968,124834,777,15,138137,19620,18,Open Play,Left Foot,Outside Box,Saved
shot_969,124834,777,43,50460,64282,20,Open Play,Left Foot,Inside Box,Goal
shot_970,124834,777,43,74964,127393,20,Open Play,Header,Inside Box,Blocked
shot_971,124834,777,15,138137,15259,29,Open Play,Left Foot,Inside Box,Saved
shot_972,124834,777,15,3756,16035,33,Open Play,Right Foot,Inside Box,Saved
shot_973,124834,777,15,23811,24626,36,Open Play,Right Foot,Outside Box,Missed
shot_974,124834,777,15,15259,,40,Open Play,Right Foot,Outside Box,Blocked
shot_975,124834,777,15,19620,,40,Open Play,Left Foot,Outside Box,Blocked
shot_976,124834,777,43,64282,124531,45,Open Play,Right Foot,Inside Box,Blocked
shot_977,124834,777,43,124531,127393,45,Set Piece,Header,Inside Box,Missed
shot_978,124834,777,43,74964,,45,Set Piece,Left Foot,Outside Box,Hit the Woodwork
shot_979,124834,777,43,50460,64282,46,Open Play,Right Foot,Inside Box,Saved
shot_980,124834,777,15,3756,50623,54,Open Play,Right Foot,Inside Box,Missed
shot_981,124834,777,43,50460,63851,58,Open Play,Right Foot,Outside Box,Saved
shot_982,124834,777,43,124531,50460,64,Set Piece,Header,Inside Box,Missed
shot_983,124834,777,15,24626,23702,67,Open Play,Right Foot,Outside Box,Blocked
shot_984,124834,777,43,128456,127393,75,Set Piece,Header,Inside Box,Missed
shot_985,124834,777,15,304123,51593,78,Open Play,Header,Inside Box,Saved
shot_986,124834,777,15,23811,51593,81,Open Play,Right Foot,Inside Box,Saved
shot_987,124834,777,15,68219,,83,Open Play,Right Foot,Inside Box,Blocked
shot_988,124834,777,15,51593,23702,83,Open Play,Right Foot,Inside Box,Blocked
shot_989,124834,777,15,23702,15259,90+2',Open Play,Right Foot,Outside Box,Blocked
shot_990,124834,777,43,128456,,90+3',Open Play,Right Foot,Inside Box,Saved
shot_991,124834,777,43,75735,68593,90+3',Open Play,Left Foot,Inside Box,Blocked
shot_992,124834,777,15,15259,304123,90+6',Open Play,Left Foot,Inside Box,Saved
shot_993,124835,777,130,49731,,1,Open Play,Right Foot,Inside Box,Blocked
shot_994,124835,777,34,4717,,6,Open Play,Right Foot,Outside Box,Blocked
shot_995,124835,777,34,128976,16044,11,Open Play,Left Foot,Outside Box,Blocked
shot_996,124835,777,34,16044,13961,13,Open Play,Right Foot,Outside Box,Blocked
shot_997,124835,777,34,13961,117763,14,Open Play,Left Foot,Inside Box,Blocked
shot_998,124835,777,34,117763,13961,16,Set Piece,Header,Inside Box,Missed
shot_999,124835,777,34,26151,16044,16,Set Piece,Header,Inside Box,Missed
shot_1000,124835,777,34,16044,21614,18,Open Play,Right Foot,Outside Box,Missed
shot_1001,124835,777,130,49731,,20,Open Play,Right Foot,Inside Box,Goal
shot_1002,124835,777,130,127594,,29,Open Play,Right Foot,,Blocked
shot_1003,124835,777,34,117763,,31,Open Play,Right Foot,Inside Box,Missed
shot_1004,124835,777,34,14656,4717,31,Open Play,Left Foot,Inside Box,Saved
shot_1005,124835,777,34,4717,117763,38,Open Play,Right Foot,Inside Box,Goal
shot_1006,124835,777,34,16044,4880,38,Open Play,Left Foot,Outside Box,Blocked
shot_1007,124835,777,34,13961,4717,40,Open Play,Left Foot,Inside Box,Goal
shot_1008,124835,777,34,23793,,42,Open Play,Left Foot,Outside Box,Blocked
shot_1009,124835,777,130,24659,133460,47,Open Play,Header,Inside Box,Saved
shot_1010,124835,777,130,124052,127594,58,Open Play,Header,Inside Box,Saved
shot_1011,124835,777,34,128976,13961,63,Set Piece,Right Foot,Inside Box,Missed
shot_1012,124835,777,130,133890,,78,Open Play,Left Foot,Inside Box,Blocked
shot_1013,124835,777,130,133890,128891,83,Open Play,Left Foot,Inside Box,Missed
shot_1014,124835,777,130,20113,133460,90,Open Play,Header,Inside Box,Missed
shot_1015,124836,777,10,49909,5178,10,Open Play,Right Foot,Inside Box,Goal
shot_1016,124836,777,10,5178,,16,Open Play,Left Foot,Inside Box,Missed
shot_1017,124836,777,10,68582,,19,Open Play,Right Foot,Inside Box,Blocked
shot_1018,124836,777,10,63633,32894,19,Open Play,Left Foot,Inside Box,Blocked
shot_1019,124836,777,10,32894,,24,Open Play,Right Foot,Inside Box,Missed
shot_1020,124836,777,7,12582,4260,24,Open Play,Right Foot,Outside Box,Blocked
shot_1021,124836,777,7,14706,4260,27,Open Play,Left Foot,Inside Box,Missed
shot_1022,124836,777,10,81542,49909,29,Open Play,Right Foot,Inside Box,Goal
shot_1023,124836,777,7,126789,31936,37,Open Play,Right Foot,Inside Box,Missed
shot_1024,124836,777,7,23841,4260,43,Open Play,Right Foot,Outside Box,Blocked
shot_1025,124836,777,7,12582,14706,45+1',Open Play,Left Foot,Inside Box,Saved
shot_1026,124836,777,10,81542,116665,54,Open Play,Right Foot,Outside Box,Blocked
shot_1027,124836,777,7,14706,24983,55,Open Play,Left Foot,Inside Box,Blocked
shot_1028,124836,777,10,5178,32894,56,Open Play,Left Foot,Inside Box,Saved
shot_1029,124836,777,7,12582,31936,58,Open Play,Right Foot,Inside Box,Goal
shot_1030,124836,777,10,23593,33231,72,Open Play,Header,Inside Box,Blocked
shot_1031,124836,777,10,33231,,74,Set Piece,Right Foot,Outside Box,Missed
shot_1032,124836,777,7,23841,,79,Set Piece,Right Foot,Outside Box,Missed
shot_1033,124836,777,10,33231,75382,84,Open Play,Right Foot,Inside Box,Blocked
shot_1034,124836,777,7,4260,14706,90,Set Piece,Right Foot,Inside Box,Missed
shot_1035,124837,777,12,66360,146567,3,Open Play,Header,Inside Box,Saved
shot_1036,124837,777,12,66360,,8,Open Play,Left Foot,Outside Box,Blocked
shot_1037,124837,777,12,23396,,8,Open Play,Right Foot,Outside Box,Blocked
shot_1038,124837,777,12,9566,5793,9,Set Piece,Header,Inside Box,Missed
shot_1039,124837,777,12,69176,,10,Open Play,Right Foot,Outside Box,Blocked
shot_1040,124837,777,12,23396,146567,14,Open Play,Right Foot,Inside Box,Goal
shot_1041,124837,777,12,66360,23396,18,Open Play,Left Foot,Outside Box,Missed
shot_1042,124837,777,4,112203,,23,Open Play,Right Foot,Outside Box,Blocked
shot_1043,124837,777,12,5793,9566,37,Set Piece,Header,Inside Box,Goal
shot_1044,124837,777,12,4608,,37,Open Play,Header,Inside Box,Blocked
shot_1045,124837,777,4,27277,112203,45+7',Set Piece,Right Foot,Inside Box,Missed
shot_1046,124837,777,4,13549,14571,63,Set Piece,Header,Inside Box,Missed
shot_1047,124837,777,12,69176,20226,75,Set Piece,Left Foot,Inside Box,Missed
shot_1048,124837,777,4,14575,14571,80,Set Piece,Header,Inside Box,Goal
shot_1049,124837,777,12,23396,,83,Open Play,Right Foot,Outside Box,Saved
shot_1050,124837,777,4,133245,72371,90+4',Open Play,Right Foot,Inside Box,Blocked
shot_1051,124838,777,29,52989,118633,13,Open Play,Header,Inside Box,Missed
shot_1052,124838,777,29,52989,,14,Open Play,Right Foot,Outside Box,Saved
shot_1053,124838,777,29,52989,119614,18,Open Play,Right Foot,Inside Box,Blocked
shot_1054,124838,777,29,66659,51199,20,Open Play,Header,Inside Box,Saved
shot_1055,124838,777,2,72265,23968,26,Open Play,Right Foot,Inside Box,Saved
shot_1056,124838,777,29,119614,51199,32,Set Piece,Right Foot,Inside Box,Missed
shot_1057,124838,777,2,51423,25067,38,Open Play,Left Foot,Outside Box,Blocked
shot_1058,124838,777,2,26408,,42,Open Play,Left Foot,Outside Box,Missed
shot_1059,124838,777,29,19864,12136,45+2',Set Piece,Header,Outside Box,Missed
shot_1060,124838,777,2,26408,,46,Open Play,Left Foot,,Blocked
shot_1061,124838,777,2,51423,,47,Open Play,Left Foot,Outside Box,Missed
shot_1062,124838,777,29,118633,,49,Open Play,Left Foot,Inside Box,Missed
shot_1063,124838,777,29,66659,51199,51,Open Play,Header,Inside Box,Hit the Woodwork
shot_1064,124838,777,2,33185,23968,61,Open Play,Left Foot,Inside Box,Blocked
shot_1065,124838,777,29,52989,,64,Set Piece,Right Foot,Inside Box,Missed
shot_1066,124838,777,29,51199,122126,64,Open Play,Header,Inside Box,Blocked
shot_1067,124838,777,2,13344,25067,67,Set Piece,Right Foot,Outside Box,Goal
shot_1068,124838,777,29,12136,19864,70,Open Play,Left Foot,Outside Box,Saved
shot_1069,124838,777,29,52989,12136,75,Open Play,Right Foot,Inside Box,Goal
shot_1070,124838,777,29,118633,124944,75,Open Play,Right Foot,Outside Box,Blocked
shot_1071,124838,777,29,52989,,75,Open Play,Right Foot,Inside Box,Blocked
shot_1072,124838,777,2,33185,14456,83,Open Play,Left Foot,Inside Box,Missed
shot_1073,124838,777,2,14801,8900,87,Open Play,Right Foot,Inside Box,Blocked
shot_1074,124838,777,2,13344,8900,87,Open Play,Right Foot,Outside Box,Blocked
shot_1075,124838,777,2,14456,,90+3',Open Play,Right Foot,Outside Box,Blocked
shot_1076,124838,777,2,14456,,90+5',Open Play,Right Foot,Inside Box,Missed
shot_1077,124839,777,25,32638,4617,6,Open Play,Header,Inside Box,Saved
shot_1078,124839,777,6,109117,,9,Open Play,Right Foot,Outside Box,Blocked
shot_1079,124839,777,6,49759,109117,32,Open Play,Header,Inside Box,Missed
shot_1080,124839,777,6,69595,49759,35,Open Play,Left Foot,Outside Box,Blocked
shot_1081,124839,777,6,109117,,36,Open Play,Left Foot,Inside Box,Blocked
shot_1082,124839,777,6,20874,,37,Set Piece,Header,Inside Box,Goal
shot_1083,124839,777,6,14569,49759,37,Open Play,Header,Inside Box,Blocked
shot_1084,124839,777,6,76353,69595,44,Set Piece,Header,Inside Box,Missed
shot_1085,124839,777,6,76104,69595,47,Set Piece,Header,Inside Box,Hit the Woodwork
shot_1086,124839,777,25,8868,145347,49,Set Piece,Header,Inside Box,Goal
shot_1087,124839,777,25,4617,55776,52,Open Play,Right Foot,Outside Box,Blocked
shot_1088,124839,777,6,76353,24334,53,Open Play,Right Foot,Inside Box,Missed
shot_1089,124839,777,6,20874,69595,58,Set Piece,Header,Inside Box,Missed
shot_1090,124839,777,25,55776,8868,63,Open Play,Header,Inside Box,Missed
shot_1091,124839,777,6,138981,24334,64,Open Play,Header,Inside Box,Missed
shot_1092,124839,777,25,13815,4617,64,Open Play,Right Foot,Inside Box,Saved
shot_1093,124839,777,25,13815,55776,67,Open Play,Header,Inside Box,Missed
shot_1094,124839,777,6,24334,,68,Open Play,Right Foot,Inside Box,Goal
shot_1095,124839,777,6,76353,24334,73,Open Play,Right Foot,Inside Box,Blocked
shot_1096,124839,777,6,37776,,76,Open Play,Left Foot,Inside Box,Saved
shot_1097,124839,777,6,14451,37776,76,Open Play,Right Foot,Inside Box,Blocked
shot_1098,124839,777,6,24334,76353,79,Open Play,Left Foot,Inside Box,Missed
shot_1099,124839,777,25,8868,42569,81,Open Play,Left Foot,Inside Box,Missed
shot_1100,124839,777,6,37776,14451,85,Open Play,Right Foot,Outside Box,Missed
shot_1101,124839,777,6,138981,49759,88,Open Play,Left Foot,Outside Box,Missed
shot_1102,124839,777,25,146354,145347,90+3',Open Play,Header,Inside Box,Missed
shot_1103,124840,777,38,108877,303861,8,Open Play,Left Foot,Inside Box,Goal
shot_1104,124840,777,9,19731,,14,Open Play,Right Foot,Outside Box,Missed
shot_1105,124840,777,9,63289,9576,26,Open Play,Right Foot,Outside Box,Missed
shot_1106,124840,777,9,9576,,31,Open Play,Header,Inside Box,Goal
shot_1107,124840,777,9,116888,,39,Set Piece,Right Foot,,Goal
shot_1108,124840,777,38,115114,303861,41,Set Piece,Header,Inside Box,Missed
shot_1109,124840,777,38,133679,126108,44,Open Play,Right Foot,Inside Box,Blocked
shot_1110,124840,777,9,33162,116888,45,Open Play,Left Foot,Inside Box,Goal
shot_1111,124840,777,38,115371,110203,45,Open Play,Right Foot,Inside Box,Saved
shot_1112,124840,777,38,110203,108947,45+3',Open Play,Header,Inside Box,Saved
shot_1113,124840,777,38,108947,111988,45+4',Open Play,Right Foot,Inside Box,Missed
shot_1114,124840,777,38,76310,115371,55,Open Play,Left Foot,Inside Box,Saved
shot_1115,124840,777,9,14897,,58,Open Play,Left Foot,Outside Box,Saved
shot_1116,124840,777,38,115371,66692,60,Open Play,Header,Inside Box,Missed
shot_1117,124840,777,38,110203,,65,Open Play,Left Foot,Outside Box,Blocked
shot_1118,124840,777,38,115114,66692,71,Open Play,Header,Inside Box,Saved
shot_1119,124840,777,38,133679,111988,74,Open Play,Right Foot,Inside Box,Blocked
shot_1120,124840,777,38,35670,143218,77,Open Play,Header,Inside Box,Missed
shot_1121,124840,777,38,115371,66692,79,Open Play,Header,Inside Box,Missed
shot_1122,124840,777,38,76310,,84,Open Play,Left Foot,Inside Box,Missed
shot_1123,124840,777,38,110203,143218,87,Open Play,Right Foot,Outside Box,Saved
shot_1124,124840,777,38,143214,108877,90+2',Open Play,Right Foot,Outside Box,Blocked
shot_1125,124841,777,34,11071,16044,3,Set Piece,Header,Inside Box,Goal
shot_1126,124841,777,34,128976,,12,Open Play,Right Foot,Inside Box,Saved
shot_1127,124841,777,2,33185,51423,16,Open Play,Left Foot,,Blocked
shot_1128,124841,777,2,51423,,17,Open Play,Left Foot,Inside Box,Missed
shot_1129,124841,777,34,128976,,23,Open Play,Right Foot,Inside Box,Blocked
shot_1130,124841,777,34,13961,23793,29,Open Play,Left Foot,Outside Box,Blocked
shot_1131,124841,777,2,13344,,35,Set Piece,Right Foot,Outside Box,Missed
shot_1132,124841,777,2,8658,5758,37,Open Play,Right Foot,Inside Box,Goal
shot_1133,124841,777,34,13961,128976,40,Open Play,Left Foot,Outside Box,Blocked
shot_1134,124841,777,2,51423,23968,43,Open Play,Left Foot,Outside Box,Blocked
shot_1135,124841,777,34,128976,4979,43,Open Play,Header,Inside Box,Saved
shot_1136,124841,777,34,13961,16044,45+3',Open Play,Left Foot,Inside Box,Missed
shot_1137,124841,777,2,5758,,45+9',Open Play,Left Foot,Outside Box,Saved
shot_1138,124841,777,2,51423,26408,49,Open Play,Left Foot,Outside Box,Goal
shot_1139,124841,777,2,26408,23968,51,Open Play,Right Foot,Inside Box,Goal
shot_1140,124841,777,34,16044,4979,54,Open Play,Right Foot,Inside Box,Blocked
shot_1141,124841,777,2,26408,107846,64,Open Play,Right Foot,Outside Box,Missed
shot_1142,124841,777,34,53063,,82,Open Play,Left Foot,Inside Box,Missed
shot_1143,124841,777,34,16044,6712,86,Open Play,Header,Inside Box,Missed
shot_1144,124841,777,34,53063,,90+1',Open Play,Left Foot,Inside Box,Missed
shot_1145,124842,777,12,66036,51202,5,Open Play,Right Foot,Inside Box,Blocked
shot_1146,124842,777,130,124052,3712,8,Open Play,Left Foot,Inside Box,Goal
shot_1147,124842,777,12,51202,23396,13,Open Play,Right Foot,Outside Box,Missed
shot_1148,124842,777,130,24659,3712,17,Open Play,Header,Inside Box,Saved
shot_1149,124842,777,130,65987,133890,17,Open Play,Header,Inside Box,Saved
shot_1150,124842,777,130,124052,,20,Open Play,Left Foot,Inside Box,Goal
shot_1151,124842,777,12,66036,24252,23,Open Play,Right Foot,Outside Box,Saved
shot_1152,124842,777,12,66036,,26,Open Play,Left Foot,Inside Box,Goal
shot_1153,124842,777,12,66036,,26,Open Play,Right Foot,Inside Box,Saved
shot_1154,124842,777,12,66036,,26,Open Play,Header,Inside Box,Saved
shot_1155,124842,777,12,51202,24252,31,Open Play,Right Foot,Outside Box,Blocked
shot_1156,124842,777,12,66036,66360,32,Open Play,Header,Inside Box,Blocked
shot_1157,124842,777,12,51202,66036,37,Open Play,Right Foot,Outside Box,Blocked
shot_1158,124842,777,12,9566,66360,38,Set Piece,Header,Inside Box,Missed
shot_1159,124842,777,12,51202,66360,52,Open Play,Right Foot,Outside Box,Saved
shot_1160,124842,777,130,65987,24659,61,Open Play,Right Foot,Inside Box,Saved
shot_1161,124842,777,130,133890,127594,63,Open Play,Left Foot,Inside Box,Saved
shot_1162,124842,777,12,23396,,76,Penalty,Right Foot,Inside Box,Saved
shot_1163,124842,777,130,124052,14723,78,Open Play,Left Foot,Outside Box,Missed
shot_1164,124842,777,130,128891,,80,Open Play,Left Foot,Outside Box,Blocked
shot_1165,124842,777,12,20226,,83,Open Play,Left Foot,Inside Box,Missed
shot_1166,124842,777,12,50848,24252,90+2',Open Play,Header,Inside Box,Missed
shot_1167,124842,777,130,49726,128891,90+5',Open Play,Right Foot,Outside Box,Goal
shot_1168,124842,777,130,127594,23194,90+8',Open Play,Right Foot,Inside Box,Saved
shot_1169,124843,777,4,63741,,3,Open Play,Right Foot,Outside Box,Saved
shot_1170,124843,777,4,21998,133245,4,Open Play,Left Foot,Inside Box,Blocked
shot_1171,124843,777,4,27277,,5,Set Piece,Left Foot,Outside Box,Missed
shot_1172,124843,777,131,124396,,6,Open Play,Left Foot,Outside Box,Blocked
shot_1173,124843,777,4,304474,72371,8,Open Play,Left Foot,Inside Box,Blocked
shot_1174,124843,777,4,14571,21998,10,Open Play,Right Foot,Outside Box,Saved
shot_1175,124843,777,4,304474,14538,12,Open Play,Right Foot,Inside Box,Blocked
shot_1176,124843,777,4,304474,72371,15,Open Play,Left Foot,Inside Box,Blocked
shot_1177,124843,777,4,63741,,24,Open Play,Header,Inside Box,Goal
shot_1178,124843,777,4,21998,14538,28,Open Play,Left Foot,Inside Box,Missed
shot_1179,124843,777,131,134333,,31,Set Piece,Right Foot,Outside Box,Missed
shot_1180,124843,777,131,8163,134333,42,Set Piece,Header,Inside Box,Missed
shot_1181,124843,777,131,143240,,55,Set Piece,Right Foot,Outside Box,Missed
shot_1182,124843,777,4,112203,,58,Open Play,Right Foot,Outside Box,Blocked
shot_1183,124843,777,4,14571,63741,65,Open Play,Right Foot,Outside Box,Blocked
shot_1184,124843,777,131,136175,51830,69,Open Play,Left Foot,Inside Box,Missed
shot_1185,124843,777,131,3452,,72,Open Play,Right Foot,Inside Box,Missed
shot_1186,124843,777,131,76090,,72,Open Play,Right Foot,Outside Box,Blocked
shot_1187,124843,777,4,63741,27277,76,Set Piece,Right Foot,Outside Box,Missed
shot_1188,124843,777,131,3452,136175,77,Open Play,Header,Inside Box,Goal
shot_1189,124843,777,131,136175,139930,87,Open Play,Header,Inside Box,Missed
shot_1190,124843,777,131,139930,50727,87,Open Play,Header,Inside Box,Missed
shot_1191,124843,777,131,67928,72239,90+2',Set Piece,Header,Inside Box,Goal
shot_1192,124843,777,131,3452,134176,90+10',Open Play,Left Foot,Inside Box,Goal
shot_1193,124843,777,4,63741,14571,90+13',Open Play,Header,Inside Box,Missed
shot_1194,124844,777,6,49796,,9,Set Piece,Right Foot,Inside Box,Goal
shot_1195,124844,777,6,109117,49796,11,Open Play,Left Foot,Inside Box,Saved
shot_1196,124844,777,10,116665,,19,Set Piece,Left Foot,Inside Box,Missed
shot_1197,124844,777,10,49909,,19,Open Play,Right Foot,Outside Box,Saved
shot_1198,124844,777,10,5178,,19,Open Play,Left Foot,Outside Box,Blocked
shot_1199,124844,777,6,76353,,22,Open Play,Header,Inside Box,Missed
shot_1200,124844,777,6,76353,24334,22,Open Play,Left Foot,Inside Box,Saved
shot_1201,124844,777,6,69595,,23,Open Play,Left Foot,Outside Box,Missed
shot_1202,124844,777,6,20874,69595,23,Open Play,Right Foot,Inside Box,Saved
shot_1203,124844,777,10,21737,5178,28,Open Play,Right Foot,Inside Box,Missed
shot_1204,124844,777,10,23593,33231,38,Set Piece,Header,Inside Box,Missed
shot_1205,124844,777,6,49796,69595,40,Open Play,Right Foot,Inside Box,Missed
shot_1206,124844,777,6,49796,76353,42,Open Play,Right Foot,Inside Box,Blocked
shot_1207,124844,777,6,20874,69595,45+6',Open Play,Right Foot,Outside Box,Hit the Woodwork
shot_1208,124844,777,6,20874,69595,45+7',Open Play,Left Foot,Inside Box,Missed
shot_1209,124844,777,10,5178,23593,45+9',Open Play,Left Foot,Inside Box,Saved
shot_1210,124844,777,10,75382,,46,Open Play,Left Foot,Inside Box,Blocked
shot_1211,124844,777,10,63633,116665,47,Open Play,Right Foot,Outside Box,Blocked
shot_1212,124844,777,10,32894,75382,52,Open Play,Right Foot,Outside Box,Missed
shot_1213,124844,777,10,75382,33231,59,Open Play,Right Foot,Inside Box,Saved
shot_1214,124844,777,10,49909,32894,60,Open Play,Right Foot,Outside Box,Missed
shot_1215,124844,777,10,32894,,60,Open Play,Left Foot,Inside Box,Blocked
shot_1216,124844,777,10,21737,63633,64,Open Play,Right Foot,Inside Box,Missed
shot_1217,124844,777,6,20874,109117,65,Open Play,Header,Inside Box,Saved
shot_1218,124844,777,10,32894,33231,66,Open Play,Header,Inside Box,Missed
shot_1219,124844,777,10,21737,23815,70,Set Piece,Header,Inside Box,Missed
shot_1220,124844,777,10,5178,33231,76,Open Play,Left Foot,Inside Box,Missed
shot_1221,124844,777,10,33231,,76,Open Play,Right Foot,Inside Box,Blocked
shot_1222,124844,777,10,23815,,76,Open Play,Left Foot,Outside Box,Missed
shot_1223,124844,777,6,14451,20874,79,Open Play,Header,Inside Box,Missed
shot_1224,124844,777,6,37776,,80,Set Piece,Right Foot,Outside Box,Missed
shot_1225,124844,777,10,15802,5178,85,Open Play,Left Foot,Outside Box,Missed
shot_1226,124844,777,6,76353,14451,86,Open Play,Left Foot,Inside Box,Saved
shot_1227,124844,777,6,37776,49759,86,Open Play,Right Foot,Outside Box,Blocked
shot_1228,124844,777,10,15802,,87,Open Play,Right Foot,Inside Box,Goal
shot_1229,124844,777,6,14451,14569,90+7',Open Play,Left Foot,Inside Box,Goal
shot_1230,124845,777,25,55776,42569,9,Open Play,Left Foot,Outside Box,Blocked
shot_1231,124845,777,25,65961,42569,13,Open Play,Right Foot,Inside Box,Blocked
shot_1232,124845,777,7,126789,8143,15,Open Play,Header,Inside Box,Saved
shot_1233,124845,777,25,42569,65961,16,Open Play,Left Foot,Inside Box,Missed
shot_1234,124845,777,7,31936,14706,16,Open Play,Left Foot,Inside Box,Saved
shot_1235,124845,777,7,4333,23841,18,Set Piece,Header,Inside Box,Goal
shot_1236,124845,777,25,42569,13522,26,Open Play,Header,Inside Box,Saved
shot_1237,124845,777,7,14706,31936,35,Set Piece,Header,Inside Box,Missed
shot_1238,124845,777,25,32638,55776,37,Open Play,Header,Inside Box,Blocked
shot_1239,124845,777,7,112589,,48,Open Play,Right Foot,Inside Box,Blocked
shot_1240,124845,777,7,12582,4260,49,Set Piece,Right Foot,Outside Box,Missed
shot_1241,124845,777,7,23841,31936,50,Open Play,Right Foot,Inside Box,Blocked
shot_1242,124845,777,7,23841,4260,52,Open Play,Right Foot,Inside Box,Saved
shot_1243,124845,777,25,119072,13815,55,Open Play,Right Foot,Outside Box,Blocked
shot_1244,124845,777,7,14706,4260,56,Open Play,Left Foot,Inside Box,Blocked
shot_1245,124845,777,25,65961,,58,Open Play,Right Foot,Inside Box,Missed
shot_1246,124845,777,7,23841,,58,Open Play,Right Foot,Inside Box,Saved
shot_1247,124845,777,25,65961,,63,Open Play,Right Foot,Inside Box,Saved
shot_1248,124845,777,25,8868,,65,Open Play,Left Foot,Inside Box,Goal
shot_1249,124845,777,25,8868,55776,72,Open Play,Left Foot,Inside Box,Blocked
shot_1250,124845,777,25,32638,55776,73,Set Piece,Header,Inside Box,Missed
shot_1251,124845,777,25,145347,,80,Set Piece,Left Foot,Outside Box,Missed
shot_1252,124845,777,7,23841,,83,Set Piece,Right Foot,Outside Box,Missed
shot_1253,124845,777,25,119072,42569,88,Open Play,Left Foot,Outside Box,Missed
shot_1254,124845,777,25,8868,13815,88,Open Play,Left Foot,Inside Box,Blocked
shot_1255,124845,777,7,23841,4260,90,Open Play,Right Foot,Outside Box,Saved
shot_1256,124846,777,9,9576,14897,1,Open Play,Right Foot,Inside Box,Saved
shot_1257,124846,777,127,15572,25474,5,Open Play,Left Foot,Outside Box,Missed
shot_1258,124846,777,127,15572,118080,6,Set Piece,Left Foot,Inside Box,Missed
shot_1259,124846,777,127,42894,118080,10,Open Play,Right Foot,Outside Box,Blocked
shot_1260,124846,777,9,63289,33162,18,Open Play,Header,Inside Box,Saved
shot_1261,124846,777,9,9576,14897,18,Open Play,Right Foot,Inside Box,Saved
shot_1262,124846,777,9,14897,,18,Open Play,Right Foot,Inside Box,Missed
shot_1263,124846,777,9,9576,63289,19,Open Play,Header,Inside Box,Saved
shot_1264,124846,777,9,63289,14608,19,Open Play,Right Foot,Inside Box,Missed
shot_1265,124846,777,127,25474,,26,Set Piece,Right Foot,,Goal
shot_1266,124846,777,9,13796,14897,37,Set Piece,Header,Inside Box,Goal
shot_1267,124846,777,9,33162,,37,Open Play,Right Foot,Outside Box,Blocked
shot_1268,124846,777,127,118080,21519,40,Open Play,Left Foot,Inside Box,Saved
shot_1269,124846,777,9,63289,33124,44,Open Play,Right Foot,Outside Box,Blocked
shot_1270,124846,777,9,63289,14897,52,Open Play,Right Foot,Inside Box,Blocked
shot_1271,124846,777,9,14897,,54,Set Piece,Right Foot,Inside Box,Goal
shot_1272,124846,777,9,63289,,54,Open Play,Right Foot,Inside Box,Blocked
shot_1273,124846,777,9,33162,,54,Open Play,Right Foot,Inside Box,Blocked
shot_1274,124846,777,127,33032,,59,Set Piece,Left Foot,Inside Box,Missed
shot_1275,124846,777,9,13796,,65,Open Play,Right Foot,Inside Box,Saved
shot_1276,124846,777,9,13796,14897,65,Open Play,Header,Inside Box,Blocked
shot_1277,124846,777,9,116888,,70,Open Play,Left Foot,Outside Box,Saved
shot_1278,124846,777,127,13706,119381,70,Open Play,Left Foot,,Saved
shot_1279,124846,777,9,9576,,74,Open Play,Left Foot,Inside Box,Missed
shot_1280,124846,777,9,33124,14897,79,Set Piece,Header,Inside Box,Missed
shot_1281,124846,777,127,137832,14846,84,Open Play,Right Foot,Outside Box,Blocked
shot_1282,124846,777,127,137832,33032,85,Open Play,Right Foot,Inside Box,Saved
shot_1283,124846,777,9,13796,14897,86,Set Piece,Header,Inside Box,Missed
shot_1284,124846,777,127,137832,54989,90+3',Set Piece,Right Foot,Inside Box,Goal
shot_1285,124846,777,127,13706,,90+6',Open Play,Left Foot,Outside Box,Missed
shot_1286,124846,777,127,121972,,90+7',Open Play,Right Foot,Inside Box,Blocked
shot_1287,124847,777,11,67178,14805,6,Open Play,Left Foot,Outside Box,Blocked
shot_1288,124847,777,11,126943,,11,Set Piece,Left Foot,Inside Box,Missed
shot_1289,124847,777,11,112948,,11,Open Play,Left Foot,Outside Box,Blocked
shot_1290,124847,777,11,54156,65970,12,Open Play,Left Foot,Inside Box,Saved
shot_1291,124847,777,11,26335,54156,21,Open Play,Right Foot,Outside Box,Blocked
shot_1292,124847,777,43,3955,10539,23,Open Play,Right Foot,Outside Box,Blocked
shot_1293,124847,777,11,65970,67849,25,Set Piece,Left Foot,Inside Box,Missed
shot_1294,124847,777,11,67849,,25,Open Play,Right Foot,Outside Box,Blocked
shot_1295,124847,777,11,54156,,25,Open Play,Left Foot,Inside Box,Saved
shot_1296,124847,777,43,8127,,30,Open Play,Right Foot,Inside Box,Blocked
shot_1297,124847,777,43,74964,64282,30,Open Play,Left Foot,Inside Box,Blocked
shot_1298,124847,777,43,50460,127393,38,Open Play,Left Foot,Inside Box,Goal
shot_1299,124847,777,11,65970,67178,40,Open Play,Left Foot,Inside Box,Missed
shot_1300,124847,777,43,64282,128456,44,Open Play,Right Foot,Inside Box,Missed
shot_1301,124847,777,11,76204,,45+1',Set Piece,Left Foot,Outside Box,Missed
shot_1302,124847,777,11,67178,54156,46,Open Play,Right Foot,Outside Box,Blocked
shot_1303,124847,777,43,64282,50460,47,Open Play,Right Foot,Outside Box,Blocked
shot_1304,124847,777,11,65970,14805,53,Open Play,Header,Inside Box,Blocked
shot_1305,124847,777,43,64282,50460,56,Open Play,Header,Inside Box,Blocked
shot_1306,124847,777,43,127393,50460,56,Open Play,Left Foot,Outside Box,Saved
shot_1307,124847,777,43,124531,,57,Open Play,Left Foot,Outside Box,Missed
shot_1308,124847,777,11,26335,67849,59,Set Piece,Right Foot,Outside Box,Missed
shot_1309,124847,777,11,76204,65970,61,Open Play,Right Foot,Inside Box,Goal
shot_1310,124847,777,11,65970,112948,70,Open Play,Header,Inside Box,Missed
shot_1311,124847,777,11,26335,112948,73,Open Play,Right Foot,Outside Box,Saved
shot_1312,124847,777,11,54156,4499,75,Open Play,Right Foot,Inside Box,Saved
shot_1313,124847,777,11,65970,,86,Open Play,Left Foot,Inside Box,Saved
shot_1314,124847,777,11,4499,14805,87,Set Piece,Header,Inside Box,Missed
shot_1315,124847,777,11,65970,54156,90,Open Play,Left Foot,Inside Box,Goal
shot_1316,124847,777,11,65970,,90+3',Open Play,Left Foot,Inside Box,Goal
shot_1317,124848,777,1,32728,15202,2,Open Play,Header,Inside Box,Saved
shot_1318,124848,777,1,21584,,5,Open Play,Left Foot,Inside Box,Saved
shot_1319,124848,777,1,32728,67776,7,Open Play,Right Foot,Inside Box,Blocked
shot_1320,124848,777,23,124462,71623,11,Open Play,Header,Inside Box,Saved
shot_1321,124848,777,23,124462,71623,13,Open Play,Header,Inside Box,Blocked
shot_1322,124848,777,1,69914,32728,24,Set Piece,Header,Inside Box,Missed
shot_1323,124848,777,1,20486,15202,25,Open Play,Left Foot,Inside Box,Hit the Woodwork
shot_1324,124848,777,23,23747,20607,26,Open Play,Right Foot,Outside Box,Saved
shot_1325,124848,777,1,21584,67776,28,Open Play,Left Foot,Inside Box,Blocked
shot_1326,124848,777,1,21584,,29,Open Play,Right Foot,Inside Box,Saved
shot_1327,124848,777,1,49481,32728,32,Open Play,Right Foot,Inside Box,Saved
shot_1328,124848,777,23,115256,71623,34,Set Piece,Header,Inside Box,Goal
shot_1329,124848,777,1,69914,64523,45+4',Open Play,Left Foot,Outside Box,Missed
shot_1330,124848,777,1,32728,69914,51,Open Play,Header,Inside Box,Missed
shot_1331,124848,777,1,21584,20486,55,Open Play,Left Foot,Inside Box,Missed
shot_1332,124848,777,23,20607,23747,57,Set Piece,Left Foot,Inside Box,Missed
shot_1333,124848,777,1,67776,64523,59,Open Play,Header,Inside Box,Saved
shot_1334,124848,777,1,67776,66204,60,Set Piece,Right Foot,Inside Box,Missed
shot_1335,124848,777,23,9662,74761,65,Open Play,Left Foot,Inside Box,Blocked
shot_1336,124848,777,1,49481,67776,69,Open Play,Left Foot,Inside Box,Blocked
shot_1337,124848,777,1,32728,,71,Open Play,Right Foot,,Blocked
shot_1338,124848,777,1,32728,,82,Open Play,Right Foot,Inside Box,Missed
shot_1339,124848,777,1,32728,21584,82,Open Play,Right Foot,Inside Box,Blocked
shot_1340,124848,777,1,19778,15202,84,Set Piece,Header,Inside Box,Goal
shot_1341,124848,777,23,49259,74761,86,Open Play,Right Foot,Inside Box,Blocked
shot_1342,124848,777,1,66104,,90+5',Open Play,Left Foot,Outside Box,Blocked
shot_1343,124848,777,1,50234,11419,90+6',Set Piece,Header,Inside Box,Goal
shot_1344,124848,777,23,9257,49908,90+9',Open Play,Left Foot,Inside Box,Blocked
shot_1345,124849,777,29,52989,,9,Open Play,Right Foot,Inside Box,Missed
shot_1346,124849,777,15,3756,23811,23,Set Piece,Header,Inside Box,Missed
shot_1347,124849,777,15,51593,138137,26,Open Play,Left Foot,Inside Box,Blocked
shot_1348,124849,777,15,3756,23811,27,Open Play,Header,Inside Box,Missed
shot_1349,124849,777,29,124944,75692,36,Open Play,Left Foot,Outside Box,Blocked
shot_1350,124849,777,29,66659,12136,38,Set Piece,Header,Inside Box,Goal
shot_1351,124849,777,15,50623,,45+2',Open Play,Right Foot,Inside Box,Blocked
shot_1352,124849,777,15,3756,138137,45+3',Set Piece,Header,Inside Box,Missed
shot_1353,124849,777,29,122126,,48,Open Play,Right Foot,Outside Box,Missed
shot_1354,124849,777,29,52989,75692,48,Open Play,Right Foot,Inside Box,Blocked
shot_1355,124849,777,29,118633,,50,Set Piece,Left Foot,Inside Box,Missed
shot_1356,124849,777,29,11284,,50,Open Play,Left Foot,Inside Box,Blocked
shot_1357,124849,777,29,119614,,51,Set Piece,Left Foot,Outside Box,Missed
shot_1358,124849,777,15,49270,138137,58,Open Play,Left Foot,Outside Box,Blocked
shot_1359,124849,777,15,15259,,64,Set Piece,Right Foot,Inside Box,Missed
shot_1360,124849,777,15,15259,,64,Open Play,Left Foot,Outside Box,Blocked
shot_1361,124849,777,15,51593,23702,65,Open Play,Right Foot,Outside Box,Missed
shot_1362,124849,777,15,16035,23811,66,Set Piece,Header,Inside Box,Missed
shot_1363,124849,777,15,51593,19620,67,Set Piece,Right Foot,Outside Box,Missed
shot_1364,124849,777,15,138137,,68,Open Play,Left Foot,Inside Box,Saved
shot_1365,124849,777,29,10394,138104,69,Open Play,Left Foot,Inside Box,Saved
shot_1366,124849,777,15,98300,,73,Open Play,Left Foot,Inside Box,Saved
shot_1367,124849,777,15,304123,98300,73,Open Play,Right Foot,Inside Box,Blocked
shot_1368,124849,777,15,51593,15259,74,Open Play,Right Foot,Outside Box,Saved
shot_1369,124849,777,15,304123,98300,74,Open Play,Header,Inside Box,Saved
shot_1370,124849,777,15,3756,,80,Open Play,Right Foot,,Missed
shot_1371,124849,777,15,3756,98300,80,Open Play,Right Foot,Inside Box,Saved
shot_1372,124849,777,15,3756,98300,81,Open Play,Header,Inside Box,Missed
shot_1373,124849,777,15,98300,23811,84,Open Play,Left Foot,Outside Box,Saved
shot_1374,124849,777,15,15259,51593,88,Open Play,Right Foot,Inside Box,Blocked
shot_1375,124849,777,29,19864,,90,Set Piece,Right Foot,Inside Box,Missed
shot_1376,124849,777,15,67510,23702,90+3',Open Play,Left Foot,Outside Box,Missed
shot_1377,124849,777,29,25408,10394,90+4',Open Play,Right Foot,Inside Box,Saved
shot_1378,124850,777,38,35670,,6,Open Play,Header,Inside Box,Missed
shot_1379,124850,777,21,51364,69274,15,Open Play,Header,Inside Box,Saved
shot_1380,124850,777,21,133603,,23,Open Play,Right Foot,Inside Box,Missed
shot_1381,124850,777,38,20337,143218,25,Set Piece,Right Foot,Outside Box,Missed
shot_1382,124850,777,21,75582,23764,30,Open Play,Header,Inside Box,Blocked
shot_1383,124850,777,38,143218,43010,38,Open Play,Right Foot,Outside Box,Missed
shot_1384,124850,777,21,133603,51364,41,Set Piece,Right Foot,Inside Box,Missed
shot_1385,124850,777,21,51364,19858,43,Open Play,Left Foot,Inside Box,Saved
shot_1386,124850,777,38,143218,,45+3',Open Play,Left Foot,Outside Box,Blocked
shot_1387,124850,777,38,4229,,45+4',Set Piece,Right Foot,Inside Box,Hit the Woodwork
shot_1388,124850,777,38,43010,,54,Set Piece,Right Foot,Inside Box,Goal
shot_1389,124850,777,38,108877,143218,54,Open Play,Header,Inside Box,Saved
shot_1390,124850,777,21,22802,,61,Open Play,Right Foot,Inside Box,Blocked
shot_1391,124850,777,38,126108,108877,68,Open Play,Left Foot,Inside Box,Missed
shot_1392,124850,777,38,66692,143218,74,Open Play,Left Foot,Inside Box,Saved
shot_1393,124850,777,21,24630,32229,80,Open Play,Header,Inside Box,Missed
shot_1394,124850,777,21,66635,75582,82,Open Play,Right Foot,Outside Box,Missed
shot_1395,124850,777,21,19858,,83,Open Play,Right Foot,Outside Box,Missed
shot_1396,124850,777,21,19858,117318,90+4',Open Play,Right Foot,Outside Box,Goal
shot_1397,124851,777,25,42569,55776,1,Set Piece,Header,Inside Box,Missed
shot_1398,124851,777,1,67776,,5,Open Play,Right Foot,Inside Box,Missed
shot_1399,124851,777,1,67776,11419,5,Open Play,Right Foot,Inside Box,Saved
shot_1400,124851,777,25,55776,8868,7,Open Play,Left Foot,Inside Box,Missed
shot_1401,124851,777,1,15202,,8,Open Play,Right Foot,Outside Box,Blocked
shot_1402,124851,777,1,21584,20486,8,Open Play,Left Foot,Inside Box,Blocked
shot_1403,124851,777,1,69914,15202,10,Open Play,Header,Inside Box,Blocked
shot_1404,124851,777,1,21584,,13,Open Play,Right Foot,Inside Box,Missed
shot_1405,124851,777,1,32728,49481,13,Open Play,Right Foot,Inside Box,Saved
shot_1406,124851,777,1,20486,,33,Open Play,Right Foot,Inside Box,Blocked
shot_1407,124851,777,1,32728,49481,33,Open Play,Header,Inside Box,Missed
shot_1408,124851,777,1,21584,,35,Open Play,Right Foot,Inside Box,Blocked
shot_1409,124851,777,1,49481,67776,35,Open Play,Left Foot,Outside Box,Blocked
shot_1410,124851,777,1,15202,,38,Open Play,Right Foot,Inside Box,Goal
shot_1411,124851,777,1,21584,64523,38,Open Play,Right Foot,Inside Box,Saved
shot_1412,124851,777,1,49481,20486,45+2',Open Play,Left Foot,Inside Box,Blocked
shot_1413,124851,777,1,69914,,45+5',Open Play,Right Foot,Outside Box,Hit the Woodwork
shot_1414,124851,777,25,65961,145347,47,Open Play,Right Foot,Inside Box,Blocked
shot_1415,124851,777,1,49481,,51,Set Piece,Left Foot,Outside Box,Missed
shot_1416,124851,777,1,20486,15202,53,Open Play,Right Foot,,Blocked
shot_1417,124851,777,1,49481,,67,Penalty,Left Foot,Inside Box,Goal
shot_1418,124851,777,1,19778,,82,Open Play,Right Foot,Inside Box,Blocked
shot_1419,124851,777,1,19778,66104,85,Set Piece,Header,Inside Box,Missed
shot_1420,124851,777,25,122149,55776,90+2',Set Piece,Header,Inside Box,Missed
shot_1421,124851,777,1,114566,,90+6',Set Piece,Left Foot,Outside Box,Missed
shot_1422,124852,777,2,14456,5758,9,Set Piece,Header,Inside Box,Missed
shot_1423,124852,777,2,23968,14456,12,Open Play,Right Foot,Inside Box,Blocked
shot_1424,124852,777,2,13274,5758,13,Open Play,Header,Inside Box,Saved
shot_1425,124852,777,2,21529,5758,14,Set Piece,Header,Inside Box,Missed
shot_1426,124852,777,2,25067,13344,14,Open Play,Header,Inside Box,Blocked
shot_1427,124852,777,2,14456,25067,25,Open Play,Right Foot,Inside Box,Goal
shot_1428,124852,777,2,8658,5758,30,Open Play,Header,Inside Box,Blocked
shot_1429,124852,777,43,10539,,35,Open Play,Right Foot,Outside Box,Saved
shot_1430,124852,777,2,8658,51423,45+3',Open Play,Left Foot,Inside Box,Missed
shot_1431,124852,777,2,23968,,54,Open Play,Right Foot,Inside Box,Saved
shot_1432,124852,777,2,51423,14456,55,Set Piece,Left Foot,Outside Box,Missed
shot_1433,124852,777,2,14456,23968,63,Open Play,Right Foot,Inside Box,Goal
shot_1434,124852,777,2,13344,107846,67,Open Play,Right Foot,Outside Box,Saved
shot_1435,124852,777,43,3955,127393,77,Open Play,Header,Inside Box,Blocked
shot_1436,124852,777,43,74960,127393,78,Set Piece,Header,Inside Box,Goal
shot_1437,124852,777,2,23968,25067,81,Open Play,Right Foot,Outside Box,Saved
shot_1438,124852,777,2,5758,,89,Open Play,Left Foot,Inside Box,Saved
shot_1439,124852,777,2,4115,5758,90,Set Piece,Header,Inside Box,Missed
shot_1440,124852,777,43,74960,124531,90+2',Set Piece,Right Foot,Inside Box,Missed
shot_1441,124852,777,43,75735,63851,90+3',Open Play,Right Foot,Outside Box,Blocked
shot_1442,124853,777,127,74965,14846,5,Open Play,Right Foot,Inside Box,Missed
shot_1443,124853,777,127,42894,,10,Open Play,Right Foot,Outside Box,Saved
shot_1444,124853,777,34,3894,,23,Set Piece,Left Foot,Outside Box,Missed
shot_1445,124853,777,34,4717,6712,30,Open Play,Right Foot,Outside Box,Blocked
shot_1446,124853,777,127,25474,,42,Open Play,Left Foot,Inside Box,Saved
shot_1447,124853,777,127,74976,,44,Open Play,Right Foot,Outside Box,Blocked
shot_1448,124853,777,34,4717,3894,45+1',Open Play,Left Foot,Outside Box,Saved
shot_1449,124853,777,127,74976,33032,47,Open Play,Right Foot,Outside Box,Blocked
shot_1450,124853,777,127,33032,,52,Set Piece,Right Foot,Inside Box,Missed
shot_1451,124853,777,127,33032,14846,53,Open Play,Left Foot,Inside Box,Saved
shot_1452,124853,777,34,4717,,57,Open Play,Right Foot,Outside Box,Blocked
shot_1453,124853,777,34,13961,4717,58,Open Play,Left Foot,Inside Box,Saved
shot_1454,124853,777,34,6712,4717,58,Open Play,Header,Inside Box,Blocked
shot_1455,124853,777,34,128976,13961,60,Set Piece,Right Foot,Outside Box,Missed
shot_1456,124853,777,34,14656,53063,70,Open Play,Left Foot,Inside Box,Goal
shot_1457,124853,777,127,25474,74965,78,Open Play,Right Foot,,Goal
shot_1458,124853,777,34,121610,4717,83,Open Play,Right Foot,Outside Box,Saved
shot_1459,124853,777,127,74976,21519,83,Open Play,Right Foot,Outside Box,Blocked
shot_1460,124853,777,127,21519,25474,84,Open Play,Right Foot,Outside Box,Goal
shot_1461,124853,777,34,3894,,87,Open Play,Left Foot,Inside Box,Missed
shot_1462,124853,777,34,3894,53063,90+4',Open Play,Left Foot,Outside Box,Missed
shot_1463,124853,777,34,3894,14656,90+5',Open Play,Left Foot,,Blocked
shot_1464,124853,777,127,25474,121972,90+6',Open Play,Left Foot,Inside Box,Goal
shot_1465,124854,777,11,14805,16286,7,Open Play,Left Foot,Outside Box,Blocked
shot_1466,124854,777,11,67178,14805,8,Open Play,Header,Inside Box,Saved
shot_1467,124854,777,11,65970,67178,9,Open Play,Left Foot,Inside Box,Goal
shot_1468,124854,777,11,26335,112948,15,Open Play,Right Foot,Outside Box,Missed
shot_1469,124854,777,11,14805,26335,19,Open Play,Left Foot,Outside Box,Saved
shot_1470,124854,777,11,14805,66657,27,Open Play,Left Foot,Outside Box,Blocked
shot_1471,124854,777,11,14805,66657,29,Open Play,Left Foot,Inside Box,Blocked
shot_1472,124854,777,11,14805,66657,31,Open Play,Right Foot,Inside Box,Missed
shot_1473,124854,777,130,124052,3712,36,Open Play,Right Foot,Outside Box,Blocked
shot_1474,124854,777,11,26335,112948,39,Open Play,Right Foot,Inside Box,Saved
shot_1475,124854,777,130,124052,,48,Open Play,Right Foot,Inside Box,Saved
shot_1476,124854,777,11,66657,14805,53,Open Play,Left Foot,Inside Box,Blocked
shot_1477,124854,777,130,133460,127594,58,Open Play,Header,Inside Box,Missed
shot_1478,124854,777,130,128891,,61,Open Play,Right Foot,Inside Box,Blocked
shot_1479,124854,777,130,23194,65987,90+1',Open Play,Left Foot,Inside Box,Missed
shot_1480,124854,777,130,115166,127594,90+2',Open Play,Right Foot,Outside Box,Missed
shot_1481,124855,777,4,112203,68827,14,Open Play,Right Foot,Outside Box,Goal
shot_1482,124855,777,10,33231,32894,19,Open Play,Right Foot,Inside Box,Blocked
shot_1483,124855,777,4,68827,,26,Set Piece,Left Foot,Outside Box,Missed
shot_1484,124855,777,4,68987,27277,38,Set Piece,Right Foot,Outside Box,Hit the Woodwork
shot_1485,124855,777,10,21737,5178,44,Open Play,Header,Inside Box,Missed
shot_1486,124855,777,10,5178,75382,46,Open Play,Right Foot,Inside Box,Missed
shot_1487,124855,777,10,49909,5178,51,Open Play,Right Foot,Outside Box,Saved
shot_1488,124855,777,4,72371,63741,52,Open Play,Right Foot,Outside Box,Blocked
shot_1489,124855,777,10,5178,63633,53,Open Play,Left Foot,Inside Box,Missed
shot_1490,124855,777,4,21998,27277,59,Open Play,Header,Inside Box,Blocked
shot_1491,124855,777,10,32894,21737,63,Open Play,Right Foot,Inside Box,Goal
shot_1492,124855,777,10,10458,,69,Open Play,Right Foot,Inside Box,Blocked
shot_1493,124855,777,10,63633,32894,71,Open Play,Right Foot,Outside Box,Blocked
shot_1494,124855,777,4,130068,304474,76,Open Play,Header,Inside Box,Missed
shot_1495,124855,777,10,33231,,81,Open Play,Left Foot,Outside Box,Blocked
shot_1496,124855,777,10,81542,32894,81,Open Play,Left Foot,Inside Box,Blocked
shot_1497,124855,777,4,304474,,84,Open Play,Left Foot,Inside Box,Saved
shot_1498,124855,777,4,68583,14571,84,Open Play,Right Foot,Outside Box,Saved
shot_1499,124855,777,4,63741,14571,89,Open Play,Header,Inside Box,Saved
shot_1500,124855,777,4,112203,,89,Open Play,Right Foot,Outside Box,Saved
shot_1501,124855,777,10,33231,5178,90,Open Play,Right Foot,Outside Box,Missed
shot_1502,124855,777,4,63741,304474,90+1',Open Play,Header,Inside Box,Hit the Woodwork
shot_1503,124855,777,10,23815,5178,90+4',Open Play,Right Foot,Inside Box,Missed
shot_1504,124855,777,4,304474,27277,90+6',Open Play,Right Foot,Inside Box,Goal
shot_1505,124856,777,6,24334,,2,Open Play,Left Foot,Inside Box,Saved
shot_1506,124856,777,6,109117,,2,Open Play,Right Foot,Outside Box,Saved
shot_1507,124856,777,6,50842,69595,2,Open Play,Header,Inside Box,Blocked
shot_1508,124856,777,7,4260,31936,9,Open Play,Right Foot,Inside Box,Saved
shot_1509,124856,777,6,49759,76104,12,Open Play,Right Foot,Outside Box,Blocked
shot_1510,124856,777,7,24983,143922,17,Open Play,Left Foot,Outside Box,Missed
shot_1511,124856,777,6,14569,,19,Open Play,Left Foot,Inside Box,Saved
shot_1512,124856,777,6,24334,109117,26,Open Play,Left Foot,Inside Box,Hit the Woodwork
shot_1513,124856,777,6,20874,49796,27,Open Play,Right Foot,Inside Box,Saved
shot_1514,124856,777,6,76353,49796,37,Open Play,Right Foot,Inside Box,Goal
shot_1515,124856,777,7,112589,23841,48,Open Play,Header,Inside Box,Saved
shot_1516,124856,777,7,4333,112589,49,Open Play,Right Foot,Inside Box,Blocked
shot_1517,124856,777,6,49759,49796,57,Open Play,Left Foot,Outside Box,Missed
shot_1518,124856,777,6,20874,,60,Open Play,Right Foot,Inside Box,Blocked
shot_1519,124856,777,7,4333,,63,Open Play,Right Foot,Outside Box,Missed
shot_1520,124856,777,7,4333,8143,63,Open Play,Right Foot,Outside Box,Blocked
shot_1521,124856,777,6,20874,,64,Open Play,Left Foot,Inside Box,Missed
shot_1522,124856,777,6,49796,109117,64,Open Play,Right Foot,Inside Box,Blocked
shot_1523,124856,777,7,133612,24983,66,Open Play,Left Foot,Inside Box,Saved
shot_1524,124856,777,7,31936,,76,Penalty,Right Foot,Inside Box,Goal
shot_1525,124856,777,7,126789,,78,Set Piece,Header,Inside Box,Missed
shot_1526,124856,777,7,4260,133612,81,Open Play,Right Foot,Inside Box,Saved
shot_1527,124856,777,7,23841,,90,Open Play,Left Foot,Inside Box,Missed
shot_1528,124856,777,7,133612,126789,90+1',Open Play,Right Foot,Outside Box,Missed
shot_1529,124856,777,6,69595,,90+2',Open Play,Left Foot,Outside Box,Blocked
shot_1530,124856,777,7,4260,,90+3',Open Play,Left Foot,Inside Box,Goal
shot_1531,124856,777,7,126789,31936,90+3',Open Play,Header,Inside Box,Saved
shot_1532,124856,777,6,138981,,90+7',Set Piece,Right Foot,Inside Box,Missed
shot_1533,124856,777,6,138981,50842,90+12',Open Play,Right Foot,Inside Box,Saved
shot_1534,124857,777,9,116888,14897,5,Set Piece,Right Foot,Inside Box,Missed
shot_1535,124857,777,9,33124,9576,7,Set Piece,Header,Inside Box,Missed
shot_1536,124857,777,9,13796,14897,7,Set Piece,Header,Inside Box,Hit the Woodwork
shot_1537,124857,777,21,19858,,10,Open Play,Right Foot,Outside Box,Missed
shot_1538,124857,777,21,19858,69274,16,Open Play,Right Foot,Outside Box,Blocked
shot_1539,124857,777,21,76614,51364,23,Open Play,Right Foot,Inside Box,Goal
shot_1540,124857,777,9,9576,33162,26,Open Play,Right Foot,Inside Box,Missed
shot_1541,124857,777,21,51364,126824,27,Open Play,Left Foot,Inside Box,Missed
shot_1542,124857,777,9,33162,,34,Open Play,Right Foot,Inside Box,Goal
shot_1543,124857,777,9,63289,9576,34,Open Play,Left Foot,Inside Box,Saved
shot_1544,124857,777,9,14897,,37,Open Play,Right Foot,Outside Box,Missed
shot_1545,124857,777,9,14897,63289,37,Open Play,Right Foot,Outside Box,Blocked
shot_1546,124857,777,21,22802,69274,45,Set Piece,Right Foot,Outside Box,Missed
shot_1547,124857,777,21,76614,118579,45+1',Open Play,Header,Inside Box,Hit the Woodwork
shot_1548,124857,777,9,9576,33162,48,Open Play,Right Foot,Inside Box,Saved
shot_1549,124857,777,21,51364,,55,Open Play,Left Foot,Outside Box,Saved
shot_1550,124857,777,21,51364,,57,Open Play,Left Foot,Outside Box,Goal
shot_1551,124857,777,9,13796,14897,62,Set Piece,Header,,Missed
shot_1552,124857,777,9,14897,126426,71,Open Play,Right Foot,Outside Box,Missed
shot_1553,124857,777,9,14608,14897,78,Open Play,Right Foot,Outside Box,Missed
shot_1554,124857,777,21,24630,,87,Open Play,Right Foot,Inside Box,Blocked
shot_1555,124857,777,9,14897,,90+1',Open Play,Right Foot,Outside Box,Missed
shot_1556,124857,777,9,33124,19731,90+2',Open Play,Header,Inside Box,Missed
shot_1557,124857,777,9,33124,14897,90+4',Open Play,Header,Inside Box,Blocked
shot_1558,124857,777,9,50643,9576,90+4',Open Play,Left Foot,Inside Box,Saved
shot_1559,124858,777,12,14580,66360,8,Open Play,Right Foot,Inside Box,Goal
shot_1560,124858,777,12,69176,66036,21,Open Play,Left Foot,Inside Box,Saved
shot_1561,124858,777,12,66360,69176,22,Open Play,Left Foot,Outside Box,Saved
shot_1562,124858,777,12,23396,,23,Open Play,Left Foot,Inside Box,Missed
shot_1563,124858,777,12,69176,,25,Open Play,Header,Inside Box,Missed
shot_1564,124858,777,12,23396,14580,25,Open Play,Right Foot,Outside Box,Saved
shot_1565,124858,777,12,66036,,31,Open Play,Right Foot,Inside Box,Goal
shot_1566,124858,777,29,10394,11284,33,Open Play,Header,Inside Box,Saved
shot_1567,124858,777,29,10394,126317,35,Open Play,Left Foot,Inside Box,Missed
shot_1568,124858,777,12,24252,,41,Open Play,Left Foot,Inside Box,Missed
shot_1569,124858,777,29,12136,10394,44,Open Play,Left Foot,Outside Box,Saved
shot_1570,124858,777,12,23396,69176,45+2',Open Play,Right Foot,Outside Box,Blocked
shot_1571,124858,777,29,19864,12136,45+7',Set Piece,Header,Inside Box,Missed
shot_1572,124858,777,12,66360,66036,55,Open Play,Left Foot,Inside Box,Missed
shot_1573,124858,777,12,118591,23396,57,Open Play,Right Foot,Inside Box,Blocked
shot_1574,124858,777,29,122126,,63,Set Piece,Right Foot,Outside Box,Missed
shot_1575,124858,777,29,118633,,66,Open Play,Right Foot,Inside Box,Blocked
shot_1576,124858,777,12,5793,69176,70,Open Play,Right Foot,Outside Box,Missed
shot_1577,124858,777,29,126920,118633,79,Open Play,Left Foot,Outside Box,Missed
shot_1578,124858,777,12,51202,23396,81,Open Play,Right Foot,Inside Box,Missed
shot_1579,124858,777,12,51202,23396,84,Set Piece,Header,Inside Box,Missed
shot_1580,124858,777,12,51202,146567,89,Open Play,Right Foot,Inside Box,Saved
shot_1581,124858,777,29,118633,126920,90,Open Play,Right Foot,Inside Box,Saved
shot_1582,124859,777,23,20607,3905,11,Open Play,Left Foot,Inside Box,Saved
shot_1583,124859,777,23,20607,49908,15,Open Play,Header,Inside Box,Saved
shot_1584,124859,777,23,20607,,17,Open Play,Right Foot,,Missed
shot_1585,124859,777,15,15259,,20,Open Play,Right Foot,Outside Box,Saved
shot_1586,124859,777,23,74761,49259,44,Open Play,Left Foot,Outside Box,Blocked
shot_1587,124859,777,23,71623,74761,45,Open Play,Right Foot,Outside Box,Missed
shot_1588,124859,777,23,20607,115256,45,Open Play,Right Foot,Inside Box,Blocked
shot_1589,124859,777,23,23747,49259,49,Open Play,Right Foot,Inside Box,Blocked
shot_1590,124859,777,23,115256,,52,Open Play,Right Foot,Inside Box,Blocked
shot_1591,124859,777,15,23811,50623,56,Open Play,Left Foot,Inside Box,Saved
shot_1592,124859,777,23,74761,8707,58,Open Play,Right Foot,Outside Box,Goal
shot_1593,124859,777,15,14238,50623,62,Open Play,Header,Inside Box,Saved
shot_1594,124859,777,23,71623,3905,73,Open Play,Left Foot,Inside Box,Saved
shot_1595,124859,777,23,49908,20607,74,Open Play,Left Foot,Inside Box,Saved
shot_1596,124859,777,23,115256,124462,74,Set Piece,Right Foot,Inside Box,Hit the Woodwork
shot_1597,124859,777,23,124462,71623,74,Set Piece,Header,Inside Box,Missed
shot_1598,124859,777,15,23702,23811,78,Open Play,Left Foot,Inside Box,Saved
shot_1599,124859,777,23,9662,71623,78,Open Play,Right Foot,Inside Box,Blocked
shot_1600,124859,777,15,15259,138137,79,Open Play,Right Foot,Inside Box,Missed
shot_1601,124859,777,23,124462,9662,80,Open Play,Left Foot,Inside Box,Saved
shot_1602,124859,777,23,14716,9662,81,Open Play,Right Foot,Inside Box,Saved
shot_1603,124859,777,23,115256,,84,Penalty,Right Foot,Inside Box,Goal
shot_1604,124859,777,23,9662,3905,90+7',Open Play,Left Foot,Outside Box,Saved
shot_1605,124860,777,131,72239,134176,10,Open Play,Left Foot,Outside Box,Blocked
shot_1606,124860,777,131,72239,134333,11,Set Piece,Right Foot,Inside Box,Missed
shot_1607,124860,777,131,50727,136175,14,Open Play,Right Foot,Inside Box,Saved
shot_1608,124860,777,38,76310,,21,Open Play,Right Foot,Inside Box,Saved
shot_1609,124860,777,38,108877,66692,24,Open Play,Header,Inside Box,Saved
shot_1610,124860,777,131,134176,136175,25,Open Play,Left Foot,,Missed
shot_1611,124860,777,131,134176,,26,Open Play,Right Foot,Inside Box,Blocked
shot_1612,124860,777,131,134176,,28,Open Play,Left Foot,Inside Box,Saved
shot_1613,124860,777,38,20337,143218,29,Open Play,Right Foot,Outside Box,Missed
shot_1614,124860,777,131,143240,3452,33,Open Play,Right Foot,Outside Box,Saved
shot_1615,124860,777,38,143218,,44,Open Play,Right Foot,Outside Box,Saved
shot_1616,124860,777,131,8163,,52,Set Piece,Right Foot,Outside Box,Missed
shot_1617,124860,777,38,143218,66692,56,Open Play,Right Foot,Inside Box,Missed
shot_1618,124860,777,131,51830,136175,58,Open Play,Left Foot,Inside Box,Saved
shot_1619,124860,777,131,134333,72239,59,Open Play,Right Foot,Outside Box,Blocked
shot_1620,124860,777,131,143240,72239,62,Open Play,Header,Inside Box,Missed
shot_1621,124860,777,131,67928,,73,Open Play,Left Foot,Outside Box,Saved
shot_1622,124860,777,131,51830,139930,75,Open Play,Left Foot,Inside Box,Blocked
shot_1623,124860,777,38,35670,133679,75,Open Play,Right Foot,Inside Box,Hit the Woodwork
shot_1624,124860,777,131,51830,136175,82,Open Play,Header,Inside Box,Missed
shot_1625,124860,777,131,136175,2100,83,Set Piece,Left Foot,Outside Box,Missed
shot_1626,124860,777,131,76090,139930,86,Set Piece,Header,Inside Box,Goal
shot_1627,124860,777,131,139930,67928,86,Open Play,Header,Inside Box,Blocked
shot_1628,124861,777,23,74761,71623,6,Open Play,Right Foot,Inside Box,Missed
shot_1629,124861,777,131,136175,51830,9,Open Play,Left Foot,Inside Box,Blocked
shot_1630,124861,777,131,124396,134333,12,Open Play,Left Foot,Outside Box,Blocked
shot_1631,124861,777,131,136175,143240,18,Open Play,Left Foot,Inside Box,Blocked
shot_1632,124861,777,131,51830,3452,20,Open Play,Left Foot,Outside Box,Saved
shot_1633,124861,777,131,51830,134333,20,Open Play,Right Foot,Outside Box,Saved
shot_1634,124861,777,23,49908,23747,32,Set Piece,Header,Inside Box,Missed
shot_1635,124861,777,131,3452,51830,41,Open Play,Right Foot,Inside Box,Goal
shot_1636,124861,777,131,134333,3452,43,Open Play,Right Foot,Outside Box,Missed
shot_1637,124861,777,131,124396,,45+2',Set Piece,Right Foot,Outside Box,Missed
shot_1638,124861,777,131,8163,136175,45+2',Open Play,Header,Inside Box,Blocked
shot_1639,124861,777,23,115256,71623,45+6',Set Piece,Header,Inside Box,Missed
shot_1640,124861,777,131,134333,3452,50,Open Play,Right Foot,Inside Box,Missed
shot_1641,124861,777,131,67928,,52,Open Play,Left Foot,Inside Box,Saved
shot_1642,124861,777,23,23747,117647,53,Open Play,Right Foot,Outside Box,Missed
shot_1643,124861,777,23,71623,,55,Open Play,Right Foot,Outside Box,Blocked
shot_1644,124861,777,23,74761,23747,61,Open Play,Right Foot,Outside Box,Blocked
shot_1645,124861,777,23,9662,74761,65,Open Play,Left Foot,Outside Box,Missed
shot_1646,124861,777,23,9662,,74,Open Play,Left Foot,Outside Box,Missed
shot_1647,124861,777,23,74761,19888,74,Open Play,Right Foot,Inside Box,Saved
shot_1648,124861,777,23,115256,117647,76,Open Play,Right Foot,Inside Box,Goal
shot_1649,124861,777,23,74761,,78,Open Play,Left Foot,Inside Box,Blocked
shot_1650,124861,777,131,3452,,84,Open Play,Right Foot,Outside Box,Goal
shot_1651,124861,777,131,72239,134333,84,Open Play,Right Foot,Outside Box,Blocked
shot_1652,124861,777,23,115256,,88,Open Play,Right Foot,Inside Box,Blocked
shot_1653,124861,777,23,115256,9662,88,Open Play,Right Foot,Inside Box,Missed
shot_1654,124861,777,23,9662,,89,Open Play,Right Foot,Outside Box,Blocked
shot_1655,124861,777,23,124462,3905,90,Set Piece,Header,Inside Box,Missed
shot_1656,124861,777,23,14716,8707,90+6',Open Play,Right Foot,Inside Box,Saved
shot_1657,124862,777,43,63851,10539,7,Open Play,Right Foot,Outside Box,Missed
shot_1658,124862,777,9,9576,63289,11,Open Play,Right Foot,Inside Box,Missed
shot_1659,124862,777,43,19831,,11,Open Play,Right Foot,Outside Box,Saved
shot_1660,124862,777,43,74960,3955,18,Open Play,Header,Inside Box,Goal
shot_1661,124862,777,9,63289,,32,Open Play,Right Foot,Inside Box,Saved
shot_1662,124862,777,9,14608,14897,36,Open Play,Right Foot,Inside Box,Blocked
shot_1663,124862,777,9,116888,63289,41,Open Play,Header,Inside Box,Missed
shot_1664,124862,777,9,116888,,45,Open Play,Right Foot,Outside Box,Saved
shot_1665,124862,777,9,14897,,59,Open Play,Left Foot,Inside Box,Missed
shot_1666,124862,777,9,13796,,64,Set Piece,Left Foot,Outside Box,Missed
shot_1667,124862,777,9,14807,75543,66,Open Play,Header,Inside Box,Saved
shot_1668,124862,777,43,74964,63851,68,Open Play,Left Foot,Outside Box,Goal
shot_1669,124862,777,9,9576,13797,70,Open Play,Header,Inside Box,Missed
shot_1670,124862,777,9,14608,9576,71,Open Play,Right Foot,Inside Box,Missed
shot_1671,124862,777,9,9576,14897,71,Open Play,Header,Inside Box,Missed
shot_1672,124862,777,9,33124,13797,79,Open Play,Header,Inside Box,Blocked
shot_1673,124862,777,9,50643,75543,79,Open Play,Header,Inside Box,Missed
shot_1674,124862,777,9,14807,75543,80,Open Play,Header,Inside Box,Missed
shot_1675,124862,777,9,19731,,80,Open Play,Left Foot,Inside Box,Missed
shot_1676,124862,777,9,33124,,85,Open Play,Right Foot,Inside Box,Blocked
shot_1677,124862,777,9,50643,75543,87,Open Play,Left Foot,Inside Box,Missed
shot_1678,124862,777,9,13796,14897,90+1',Open Play,Header,Inside Box,Saved
shot_1679,124862,777,9,9576,126426,90+6',Open Play,Header,Inside Box,Missed
shot_1680,124863,777,6,20874,49796,4,Open Play,Right Foot,Outside Box,Saved
shot_1681,124863,777,127,137832,,7,Set Piece,Header,Inside Box,Goal
shot_1682,124863,777,127,74976,14846,11,Open Play,Left Foot,Outside Box,Missed
shot_1683,124863,777,6,24334,,22,Open Play,Left Foot,Outside Box,Saved
shot_1684,124863,777,127,25474,74976,26,Open Play,Right Foot,Inside Box,Saved
shot_1685,124863,777,6,20874,109117,27,Open Play,Header,Inside Box,Missed
shot_1686,124863,777,6,14569,69595,29,Open Play,Header,Inside Box,Blocked
shot_1687,124863,777,127,137832,,38,Open Play,Right Foot,Inside Box,Goal
shot_1688,124863,777,6,20874,14569,45+2',Open Play,Left Foot,Inside Box,Saved
shot_1689,124863,777,6,69595,,48,Open Play,Left Foot,Outside Box,Blocked
shot_1690,124863,777,6,20874,,50,Open Play,Left Foot,Outside Box,Missed
shot_1691,124863,777,6,20874,69595,51,Open Play,Right Foot,Inside Box,Missed
shot_1692,124863,777,127,42894,,57,Open Play,Right Foot,Outside Box,Missed
shot_1693,124863,777,127,25474,21519,61,Open Play,Left Foot,Inside Box,Missed
shot_1694,124863,777,6,109117,,63,Open Play,Right Foot,Outside Box,Missed
shot_1695,124863,777,6,20874,76353,64,Open Play,Left Foot,Inside Box,Goal
shot_1696,124863,777,6,20874,,69,Open Play,Left Foot,Inside Box,Goal
shot_1697,124863,777,6,76353,49759,69,Open Play,Right Foot,Inside Box,Saved
shot_1698,124863,777,6,49796,14569,76,Set Piece,Left Foot,Inside Box,Missed
shot_1699,124863,777,6,20874,,77,Open Play,Left Foot,Inside Box,Blocked
shot_1700,124863,777,6,20874,76353,77,Open Play,Right Foot,Inside Box,Blocked
shot_1701,124863,777,127,15572,14846,89,Open Play,Left Foot,Inside Box,Goal
shot_1702,124863,777,6,14451,14569,90+3',Open Play,Left Foot,Inside Box,Blocked
shot_1703,124863,777,6,50842,,90+4',Open Play,Right Foot,Inside Box,Blocked
shot_1704,124863,777,6,76104,50842,90+5',Open Play,Left Foot,Inside Box,Blocked
shot_1705,124863,777,6,20874,,90+7',Penalty,Right Foot,Inside Box,Goal
shot_1706,124863,777,6,20874,14451,90+9',Open Play,Right Foot,Inside Box,Missed
shot_1707,124863,777,127,54989,132285,90+9',Open Play,Left Foot,Outside Box,Saved
shot_1708,124864,777,34,11071,13961,11,Open Play,Right Foot,Inside Box,Blocked
shot_1709,124864,777,34,3894,4717,12,Set Piece,Left Foot,Inside Box,Missed
shot_1710,124864,777,34,13961,21614,13,Open Play,Left Foot,Inside Box,Missed
shot_1711,124864,777,34,128976,13961,18,Open Play,Left Foot,Outside Box,Blocked
shot_1712,124864,777,1,49481,67776,22,Open Play,Left Foot,Inside Box,Blocked
shot_1713,124864,777,34,13961,4717,26,Open Play,Left Foot,Inside Box,Missed
shot_1714,124864,777,34,14656,,31,Set Piece,Left Foot,Outside Box,Missed
shot_1715,124864,777,1,69914,64523,35,Open Play,Right Foot,Inside Box,Blocked
shot_1716,124864,777,1,21584,15202,36,Open Play,Right Foot,Outside Box,Blocked
shot_1717,124864,777,1,20486,,37,Open Play,Header,Inside Box,Missed
shot_1718,124864,777,1,32728,49481,37,Open Play,Right Foot,Inside Box,Saved
shot_1719,124864,777,1,69914,49481,38,Open Play,Left Foot,Inside Box,Missed
shot_1720,124864,777,1,50234,49481,40,Open Play,Header,Inside Box,Blocked
shot_1721,124864,777,1,15202,49481,45+7',Open Play,Right Foot,Outside Box,Missed
shot_1722,124864,777,1,20486,21584,48,Open Play,Right Foot,Inside Box,Missed
shot_1723,124864,777,34,13961,4717,52,Open Play,Left Foot,Outside Box,Missed
shot_1724,124864,777,34,13961,4717,55,Open Play,Left Foot,Inside Box,Missed
shot_1725,124864,777,1,20486,50234,58,Set Piece,Right Foot,Inside Box,Goal
shot_1726,124864,777,1,50234,49481,58,Set Piece,Header,Inside Box,Missed
shot_1727,124864,777,1,49481,20486,64,Open Play,Left Foot,Inside Box,Saved
shot_1728,124864,777,1,32728,,80,Open Play,Left Foot,Inside Box,Missed
shot_1729,124864,777,1,66104,67776,83,Open Play,Right Foot,Inside Box,Missed
shot_1730,124864,777,34,4979,121610,90,Open Play,Right Foot,Inside Box,Blocked
shot_1731,124864,777,1,66104,,90+4',Open Play,Right Foot,Inside Box,Saved
shot_1732,124864,777,1,32728,49481,90+4',Open Play,Right Foot,Inside Box,Saved
shot_1733,124865,777,12,66360,69176,2,Open Play,Right Foot,Inside Box,Goal
shot_1734,124865,777,10,5140,5178,14,Set Piece,Header,Inside Box,Missed
shot_1735,124865,777,10,32894,5178,21,Open Play,Right Foot,Outside Box,Hit the Woodwork
shot_1736,124865,777,12,23396,69176,24,Open Play,Right Foot,Inside Box,Hit the Woodwork
shot_1737,124865,777,10,63633,33231,26,Open Play,Right Foot,Outside Box,Saved
shot_1738,124865,777,12,14580,,27,Open Play,Left Foot,Outside Box,Saved
shot_1739,124865,777,12,66360,,27,Open Play,Left Foot,Inside Box,Saved
shot_1740,124865,777,12,14580,,27,Open Play,Right Foot,Inside Box,Missed
shot_1741,124865,777,10,21737,,29,Open Play,Right Foot,Inside Box,Missed
shot_1742,124865,777,10,5178,32894,33,Open Play,Header,Inside Box,Saved
shot_1743,124865,777,10,21737,23593,35,Open Play,Right Foot,Inside Box,Saved
shot_1744,124865,777,10,5140,68582,39,Open Play,Header,,Saved
shot_1745,124865,777,12,51202,23396,42,Open Play,Left Foot,Outside Box,Missed
shot_1746,124865,777,10,32894,5178,50,Set Piece,Right Foot,Inside Box,Hit the Woodwork
shot_1747,124865,777,10,5178,32894,54,Set Piece,Left Foot,Inside Box,Missed
shot_1748,124865,777,10,63633,5178,60,Open Play,Right Foot,Inside Box,Missed
shot_1749,124865,777,12,23396,146567,63,Open Play,Left Foot,Inside Box,Blocked
shot_1750,124865,777,10,81542,32894,64,Open Play,Right Foot,Outside Box,Missed
shot_1751,124865,777,10,5178,116665,65,Open Play,Left Foot,Inside Box,Missed
shot_1752,124865,777,12,66036,24252,67,Set Piece,Header,Inside Box,Missed
shot_1753,124865,777,10,81542,75382,69,Open Play,Right Foot,Inside Box,Missed
shot_1754,124865,777,10,23815,75382,76,Open Play,Left Foot,Inside Box,Saved
shot_1755,124865,777,10,32894,33231,77,Open Play,Header,Inside Box,Blocked
shot_1756,124865,777,10,32894,15802,78,Open Play,Right Foot,Inside Box,Goal
shot_1757,124865,777,10,15802,75382,78,Open Play,Left Foot,Inside Box,Missed
shot_1758,124865,777,12,51202,66036,83,Open Play,Left Foot,Inside Box,Blocked
shot_1759,124865,777,12,9566,23396,84,Set Piece,Header,Inside Box,Goal
shot_1760,124865,777,12,66360,23396,84,Open Play,Left Foot,Inside Box,Blocked
shot_1761,124865,777,10,32894,19919,87,Open Play,Header,Inside Box,Missed
shot_1762,124865,777,12,20226,66360,88,Set Piece,Header,Inside Box,Missed
shot_1763,124865,777,10,23593,33231,90+2',Open Play,Header,Inside Box,Blocked
shot_1764,124866,777,11,112948,67849,11,Open Play,Left Foot,Outside Box,Missed
shot_1765,124866,777,7,126789,31936,14,Open Play,Left Foot,Inside Box,Missed
shot_1766,124866,777,11,126943,76204,15,Open Play,Left Foot,,Saved
shot_1767,124866,777,11,76204,67849,16,Open Play,Right Foot,Outside Box,Missed
shot_1768,124866,777,11,26335,14805,18,Open Play,Right Foot,Inside Box,Blocked
shot_1769,124866,777,11,26335,54156,24,Open Play,Right Foot,Inside Box,Blocked
shot_1770,124866,777,7,133612,112589,25,Open Play,Right Foot,Outside Box,Blocked
shot_1771,124866,777,11,26335,54156,31,Open Play,Right Foot,Inside Box,Blocked
shot_1772,124866,777,7,31936,,41,Open Play,Right Foot,Inside Box,Saved
shot_1773,124866,777,11,54156,26335,42,Open Play,Right Foot,Inside Box,Saved
shot_1774,124866,777,11,4499,14805,45,Set Piece,Header,Inside Box,Missed
shot_1775,124866,777,11,126943,26335,45+3',Open Play,Left Foot,Inside Box,Saved
shot_1776,124866,777,11,112948,54156,48,Open Play,Left Foot,Inside Box,Blocked
shot_1777,124866,777,11,65970,112948,58,Open Play,Header,Inside Box,Goal
shot_1778,124866,777,7,23841,,61,Open Play,Left Foot,Inside Box,Blocked
shot_1779,124866,777,11,65970,126943,63,Open Play,Left Foot,Inside Box,Goal
shot_1780,124866,777,11,14805,76204,70,Open Play,Left Foot,Outside Box,Missed
shot_1781,124866,777,11,66657,5067,73,Open Play,Left Foot,Inside Box,Blocked
shot_1782,124866,777,7,128411,31936,77,Open Play,Header,Inside Box,Missed
shot_1783,124866,777,11,112948,126943,80,Open Play,Header,Inside Box,Missed
shot_1784,124866,777,11,68150,,90+2',Open Play,Left Foot,Inside Box,Blocked
shot_1785,124866,777,11,65970,,90+2',Open Play,Left Foot,Inside Box,Blocked
shot_1786,124866,777,11,65970,14805,90+2',Open Play,Left Foot,Inside Box,Saved
shot_1787,124866,777,11,65970,68150,90+6',Open Play,Right Foot,Inside Box,Saved
shot_1788,124867,777,15,15340,,1,Open Play,Left Foot,Outside Box,Missed
shot_1789,124867,777,15,15259,15340,19,Open Play,Right Foot,Outside Box,Missed
shot_1790,124867,777,15,15259,24626,20,Open Play,Right Foot,Inside Box,Missed
shot_1791,124867,777,4,14571,,29,Open Play,Right Foot,Outside Box,Saved
shot_1792,124867,777,4,21998,14571,32,Open Play,Right Foot,Inside Box,Saved
shot_1793,124867,777,4,133245,72371,39,Open Play,Right Foot,Inside Box,Missed
shot_1794,124867,777,4,133245,72371,42,Open Play,Left Foot,Inside Box,Missed
shot_1795,124867,777,4,21998,68827,45+1',Open Play,Left Foot,Outside Box,Missed
shot_1796,124867,777,4,125075,21998,46,Open Play,Header,Inside Box,Saved
shot_1797,124867,777,4,125075,21998,49,Set Piece,Header,Inside Box,Goal
shot_1798,124867,777,4,21998,14571,52,Set Piece,Left Foot,,Goal
shot_1799,124867,777,4,72371,,58,Open Play,Right Foot,Inside Box,Missed
shot_1800,124867,777,15,23811,19620,61,Open Play,Right Foot,Inside Box,Missed
shot_1801,124867,777,4,130068,68827,62,Open Play,Right Foot,Inside Box,Blocked
shot_1802,124867,777,15,108816,,65,Open Play,Right Foot,Inside Box,Saved
shot_1803,124867,777,15,16035,51593,65,Open Play,Header,Inside Box,Saved
shot_1804,124867,777,15,15259,23702,66,Open Play,Right Foot,Outside Box,Blocked
shot_1805,124867,777,4,130068,21998,69,Open Play,Header,Inside Box,Missed
shot_1806,124867,777,4,68827,21998,69,Open Play,Left Foot,Outside Box,Blocked
shot_1807,124867,777,15,304123,23702,70,Open Play,Right Foot,Inside Box,Hit the Woodwork
shot_1808,124867,777,4,130068,14575,71,Open Play,Right Foot,Outside Box,Missed
shot_1809,124867,777,15,15259,108816,74,Open Play,Right Foot,Inside Box,Blocked
shot_1810,124867,777,15,108816,,76,Open Play,Right Foot,Outside Box,Missed
shot_1811,124867,777,4,304474,,82,Open Play,Left Foot,Inside Box,Blocked
shot_1812,124867,777,4,304474,27277,83,Open Play,Right Foot,Inside Box,Blocked
shot_1813,124867,777,4,14571,,83,Open Play,Right Foot,Outside Box,Blocked
shot_1814,124867,777,4,14571,,84,Set Piece,Right Foot,Inside Box,Goal
shot_1815,124867,777,15,16035,51593,90+1',Set Piece,Header,Inside Box,Missed
shot_1816,124867,777,15,16035,15259,90+4',Set Piece,Header,Inside Box,Missed
shot_1817,124868,777,38,76310,,3,Open Play,Right Foot,Outside Box,Missed
shot_1818,124868,777,29,51199,119614,4,Open Play,Right Foot,Outside Box,Missed
shot_1819,124868,777,29,122126,138104,14,Open Play,Right Foot,Outside Box,Blocked
shot_1820,124868,777,29,51199,122126,17,Open Play,Right Foot,Inside Box,Goal
shot_1821,124868,777,29,122126,19864,26,Open Play,Header,Inside Box,Hit the Woodwork
shot_1822,124868,777,38,143214,133679,29,Open Play,Right Foot,Outside Box,Missed
shot_1823,124868,777,38,143218,,31,Open Play,Right Foot,Outside Box,Blocked
shot_1824,124868,777,29,19864,12136,42,Open Play,Header,Inside Box,Saved
shot_1825,124868,777,29,12136,,45+3',Open Play,Left Foot,Outside Box,Blocked
shot_1826,124868,777,29,124944,19864,45+3',Open Play,Right Foot,Inside Box,Blocked
shot_1827,124868,777,38,133679,76310,48,Open Play,Right Foot,Inside Box,Missed
shot_1828,124868,777,38,108947,4229,51,Open Play,Left Foot,Inside Box,Missed
shot_1829,124868,777,29,52989,66659,63,Open Play,Right Foot,Inside Box,Missed
shot_1830,124868,777,38,133679,,68,Open Play,Right Foot,Outside Box,Missed
shot_1831,124868,777,38,76310,143218,70,Open Play,Right Foot,Inside Box,Saved
shot_1832,124868,777,38,115371,108877,78,Open Play,Header,Inside Box,Missed
shot_1833,124868,777,38,115371,35670,85,Open Play,Right Foot,Inside Box,Missed
shot_1834,124868,777,38,111988,35670,86,Open Play,Right Foot,Inside Box,Missed
shot_1835,124868,777,38,35670,,90+1',Open Play,Left Foot,Outside Box,Blocked
shot_1836,124868,777,38,52951,111988,90+6',Open Play,Right Foot,Outside Box,Saved
shot_1837,124868,777,38,108877,43010,90+7',Open Play,Left Foot,Inside Box,Saved
shot_1838,124868,777,38,303861,,90+7',Open Play,Left Foot,Inside Box,Blocked
shot_1839,124868,777,38,108877,,90+8',Open Play,Left Foot,Outside Box,Blocked
shot_1840,124868,777,38,115371,66692,90+8',Open Play,Right Foot,Outside Box,Blocked
shot_1841,124869,777,21,22802,19858,5,Set Piece,Right Foot,Inside Box,Goal
shot_1842,124869,777,2,13344,,12,Open Play,Right Foot,Outside Box,Blocked
shot_1843,124869,777,2,13344,72265,15,Open Play,Right Foot,Outside Box,Missed
shot_1844,124869,777,21,118579,51364,25,Set Piece,Right Foot,Inside Box,Missed
shot_1845,124869,777,21,118579,32229,27,Open Play,Right Foot,Inside Box,Saved
shot_1846,124869,777,2,23968,,37,Open Play,Right Foot,Outside Box,Goal
shot_1847,124869,777,21,75582,118579,45+1',Set Piece,Header,Inside Box,Missed
shot_1848,124869,777,21,118579,,53,Open Play,Right Foot,Inside Box,Blocked
shot_1849,124869,777,21,19858,22802,54,Open Play,Right Foot,Outside Box,Saved
shot_1850,124869,777,21,19858,69274,57,Open Play,Right Foot,Outside Box,Missed
shot_1851,124869,777,2,14456,51423,57,Open Play,Left Foot,Inside Box,Missed
shot_1852,124869,777,2,51423,13344,62,Open Play,Left Foot,Outside Box,Missed
shot_1853,124869,777,21,22802,32229,67,Open Play,Left Foot,Outside Box,Blocked
shot_1854,124869,777,2,26408,5758,77,Open Play,Left Foot,Outside Box,Goal
shot_1855,124869,777,2,51223,,87,Set Piece,Left Foot,Outside Box,Missed
shot_1856,124869,777,2,8658,51223,90,Open Play,Right Foot,Inside Box,Blocked
shot_1857,124869,777,21,51185,24630,90+3',Set Piece,Right Foot,Inside Box,Missed
shot_1858,124869,777,21,49374,,90+5',Open Play,Right Foot,Inside Box,Missed
shot_1859,124870,777,130,127594,133890,4,Open Play,Left Foot,Inside Box,Missed
shot_1860,124870,777,130,127594,133460,9,Open Play,,Inside Box,Missed
shot_1861,124870,777,130,127594,133460,9,Open Play,Header,Inside Box,Saved
shot_1862,124870,777,25,119072,,10,Open Play,Right Foot,Outside Box,Blocked
shot_1863,124870,777,130,133890,133460,15,Open Play,Header,Inside Box,Blocked
shot_1864,124870,777,130,24659,3712,25,Set Piece,Header,Inside Box,Missed
shot_1865,124870,777,130,133890,49731,29,Open Play,Left Foot,Inside Box,Blocked
shot_1866,124870,777,130,124052,133890,30,Open Play,Left Foot,Inside Box,Hit the Woodwork
shot_1867,124870,777,130,133890,133460,30,Open Play,Header,Inside Box,Missed
shot_1868,124870,777,130,49731,133460,31,Open Play,Header,Inside Box,Saved
shot_1869,124870,777,130,124052,133890,31,Open Play,Right Foot,Inside Box,Blocked
shot_1870,124870,777,130,124052,128891,31,Open Play,Left Foot,Inside Box,Blocked
shot_1871,124870,777,130,124052,,32,Open Play,Right Foot,Inside Box,Saved
shot_1872,124870,777,130,133890,49731,33,Open Play,Header,Inside Box,Blocked
shot_1873,124870,777,130,133890,49731,40,Set Piece,Header,Inside Box,Missed
shot_1874,124870,777,130,124052,127594,43,Open Play,Right Foot,Inside Box,Goal
shot_1875,124870,777,25,8868,25183,45+5',Open Play,Left Foot,Outside Box,Saved
shot_1876,124870,777,25,65961,,45+6',Open Play,Right Foot,Outside Box,Blocked
shot_1877,124870,777,130,20113,,48,Open Play,Right Foot,Outside Box,Blocked
shot_1878,124870,777,25,65961,136505,49,Open Play,Right Foot,Outside Box,Missed
shot_1879,124870,777,25,25183,8868,55,Open Play,Right Foot,Inside Box,Blocked
shot_1880,124870,777,130,20113,133460,56,Open Play,Header,Inside Box,Missed
shot_1881,124870,777,130,65987,49731,61,Set Piece,Header,Inside Box,Missed
shot_1882,124870,777,130,127594,133460,62,Open Play,Header,Inside Box,Hit the Woodwork
shot_1883,124870,777,25,8868,65961,72,Open Play,Right Foot,Inside Box,Missed
shot_1884,124870,777,130,124052,128891,79,Open Play,Right Foot,,Saved
shot_1885,124870,777,130,24369,128891,86,Open Play,Left Foot,Outside Box,Missed
shot_1886,124870,777,25,55776,,90+1',Open Play,Right Foot,Outside Box,Missed
shot_1887,124870,777,130,49726,24369,90+5',Open Play,Right Foot,Inside Box,Goal
shot_1888,124871,777,6,14569,69595,10,Open Play,Header,Inside Box,Blocked
shot_1889,124871,777,6,49796,,22,Open Play,Right Foot,Inside Box,Blocked
shot_1890,124871,777,6,69595,109117,27,Open Play,Left Foot,Outside Box,Missed
shot_1891,124871,777,1,20486,15202,33,Open Play,Right Foot,Inside Box,Saved
shot_1892,124871,777,1,21584,,39,Set Piece,Right Foot,Inside Box,Goal
shot_1893,124871,777,1,21584,64523,44,Open Play,Right Foot,Outside Box,Blocked
shot_1894,124871,777,1,20486,,50,Open Play,Left Foot,Inside Box,Blocked
shot_1895,124871,777,1,15202,,50,Open Play,Right Foot,Inside Box,Saved
shot_1896,124871,777,1,50234,15202,50,Set Piece,Header,Inside Box,Hit the Woodwork
shot_1897,124871,777,1,49481,67776,51,Set Piece,Left Foot,Outside Box,Missed
shot_1898,124871,777,1,20486,50234,58,Open Play,Right Foot,Inside Box,Missed
shot_1899,124871,777,1,32728,15202,68,Set Piece,Header,Inside Box,Missed
shot_1900,124871,777,6,14451,,70,Open Play,Header,Inside Box,Saved
shot_1901,124871,777,1,69914,119476,71,Open Play,Right Foot,Outside Box,Blocked
shot_1902,124871,777,6,20874,14451,79,Open Play,Right Foot,Inside Box,Blocked
shot_1903,124871,777,6,14569,8589,80,Set Piece,Header,Inside Box,Missed
shot_1904,124871,777,6,76104,,90+1',Open Play,Right Foot,Outside Box,Missed
shot_1905,124872,777,2,26408,,3,Open Play,Right Foot,Inside Box,Missed
shot_1906,124872,777,11,26335,66657,6,Open Play,Right Foot,Inside Box,Missed
shot_1907,124872,777,2,5758,8658,17,Open Play,Right Foot,Inside Box,Blocked
shot_1908,124872,777,2,13344,26408,19,Set Piece,Left Foot,Outside Box,Goal
shot_1909,124872,777,11,65970,5067,22,Open Play,Left Foot,Inside Box,Saved
shot_1910,124872,777,2,51423,25067,30,Open Play,Left Foot,Inside Box,Blocked
shot_1911,124872,777,2,8658,23968,31,Open Play,Left Foot,Inside Box,Blocked
shot_1912,124872,777,2,8658,5758,31,Open Play,Header,Inside Box,Blocked
shot_1913,124872,777,11,16431,14805,48,Open Play,Header,Inside Box,Blocked
shot_1914,124872,777,11,14805,4505,48,Open Play,Left Foot,Inside Box,Blocked
shot_1915,124872,777,11,26335,14805,49,Open Play,Right Foot,Outside Box,Missed
shot_1916,124872,777,2,51423,13344,53,Open Play,Left Foot,Inside Box,Blocked
shot_1917,124872,777,11,126943,,60,Open Play,Left Foot,Inside Box,Blocked
shot_1918,124872,777,11,16431,14805,60,Open Play,Header,Inside Box,Blocked
shot_1919,124872,777,11,67178,14805,61,Set Piece,Header,Inside Box,Missed
shot_1920,124872,777,11,67178,14805,68,Set Piece,Header,Inside Box,Missed
shot_1921,124872,777,2,14801,,69,Open Play,Right Foot,Inside Box,Saved
shot_1922,124872,777,2,14801,,69,Open Play,Right Foot,,Saved
shot_1923,124872,777,11,65970,14805,71,Open Play,Header,Inside Box,Saved
shot_1924,124872,777,11,67849,14805,72,Open Play,Right Foot,Outside Box,Blocked
shot_1925,124872,777,11,112948,54156,80,Open Play,Header,Inside Box,Blocked
shot_1926,124872,777,11,14805,112948,83,Open Play,Right Foot,Inside Box,Blocked
shot_1927,124872,777,11,68150,,87,Open Play,Right Foot,Outside Box,Blocked
shot_1928,124872,777,11,67849,,90+3',Open Play,Right Foot,Inside Box,Blocked
shot_1929,124872,777,11,76204,16431,90+4',Open Play,Left Foot,Outside Box,Missed
shot_1930,124872,777,11,65970,68150,90+6',Open Play,Header,Inside Box,Saved
shot_1931,124873,777,127,137832,21519,1,Open Play,Right Foot,Inside Box,Missed
shot_1932,124873,777,127,14846,119381,2,Open Play,Left Foot,Outside Box,Saved
shot_1933,124873,777,127,25474,,8,Open Play,Left Foot,Inside Box,Saved
shot_1934,124873,777,127,21519,137832,8,Open Play,Right Foot,Inside Box,Blocked
shot_1935,124873,777,127,14846,,10,Open Play,Left Foot,Outside Box,Missed
shot_1936,124873,777,127,74976,14846,10,Open Play,Right Foot,Inside Box,Blocked
shot_1937,124873,777,15,23811,,20,Set Piece,Left Foot,Outside Box,Missed
shot_1938,124873,777,127,14846,,25,Set Piece,Left Foot,Outside Box,Goal
shot_1939,124873,777,15,23811,23702,28,Open Play,Right Foot,Outside Box,Saved
shot_1940,124873,777,127,137832,14846,34,Open Play,Right Foot,Outside Box,Blocked
shot_1941,124873,777,127,74976,14846,36,Open Play,Right Foot,Outside Box,Saved
shot_1942,124873,777,127,14846,,37,Open Play,Left Foot,Inside Box,Blocked
shot_1943,124873,777,127,137832,42894,40,Open Play,Right Foot,Outside Box,Goal
shot_1944,124873,777,15,50623,304123,41,Open Play,Left Foot,Outside Box,Missed
shot_1945,124873,777,15,23811,15259,48,Open Play,Right Foot,Outside Box,Blocked
shot_1946,124873,777,127,74965,25474,60,Open Play,Left Foot,Outside Box,Missed
shot_1947,124873,777,15,15259,98300,77,Open Play,Right Foot,Outside Box,Saved
shot_1948,124873,777,15,15340,51593,77,Open Play,Right Foot,Inside Box,Saved
shot_1949,124873,777,15,15259,51593,78,Open Play,Header,Inside Box,Blocked
shot_1950,124873,777,127,13706,,83,Open Play,Left Foot,Outside Box,Missed
shot_1951,124873,777,15,15340,115172,85,Open Play,Left Foot,Inside Box,Saved
shot_1952,124874,777,130,20113,,3,Open Play,Right Foot,Outside Box,Missed
shot_1953,124874,777,130,133890,,5,Open Play,Left Foot,Inside Box,Goal
shot_1954,124874,777,10,5178,32894,10,Open Play,Left Foot,Inside Box,Saved
shot_1955,124874,777,10,75382,,20,Open Play,Left Foot,Inside Box,Missed
shot_1956,124874,777,10,81542,75382,20,Open Play,Right Foot,Inside Box,Blocked
shot_1957,124874,777,10,81542,32894,22,Open Play,Header,Inside Box,Missed
shot_1958,124874,777,10,32894,5140,24,Open Play,Right Foot,Outside Box,Missed
shot_1959,124874,777,130,24659,133460,30,Open Play,Header,Inside Box,Saved
shot_1960,124874,777,130,3712,127594,32,Open Play,Right Foot,Outside Box,Missed
shot_1961,124874,777,130,133460,127594,32,Open Play,Left Foot,Inside Box,Blocked
shot_1962,124874,777,130,20113,23194,35,Open Play,Right Foot,Inside Box,Blocked
shot_1963,124874,777,130,133890,,38,Open Play,Left Foot,Outside Box,Missed
shot_1964,124874,777,130,49731,,39,Open Play,Right Foot,Outside Box,Saved
shot_1965,124874,777,10,23815,,41,Open Play,Right Foot,Outside Box,Saved
shot_1966,124874,777,130,127594,49731,45,Open Play,Right Foot,Inside Box,Goal
shot_1967,124874,777,10,116665,,45+5',Open Play,Right Foot,Inside Box,Goal
shot_1968,124874,777,130,124052,127594,52,Open Play,Left Foot,Inside Box,Saved
shot_1969,124874,777,130,124052,127594,54,Open Play,Left Foot,Inside Box,Saved
shot_1970,124874,777,130,49731,127594,55,Open Play,Right Foot,Outside Box,Saved
shot_1971,124874,777,130,133890,,55,Open Play,Header,Inside Box,Missed
shot_1972,124874,777,130,124052,,60,Penalty,Right Foot,Inside Box,Goal
shot_1973,124874,777,10,63633,81542,64,Open Play,Left Foot,Inside Box,Blocked
shot_1974,124874,777,130,133890,133460,65,Open Play,Header,Inside Box,Missed
shot_1975,124874,777,10,5178,,65,Open Play,Left Foot,Inside Box,Blocked
shot_1976,124874,777,10,15802,5178,69,Open Play,Left Foot,Outside Box,Blocked
shot_1977,124874,777,10,81542,134796,77,Open Play,Right Foot,Outside Box,Blocked
shot_1978,124874,777,10,81542,33231,78,Set Piece,Header,Inside Box,Missed
shot_1979,124874,777,10,5178,23593,83,Open Play,Left Foot,Outside Box,Missed
shot_1980,124874,777,130,133890,24369,84,Open Play,Header,Inside Box,Missed
shot_1981,124874,777,10,5178,33231,89,Open Play,Right Foot,Inside Box,Goal
shot_1982,124874,777,130,124052,24369,90,Open Play,Header,Inside Box,Missed
shot_1983,124874,777,10,33231,,90+11',Open Play,Left Foot,Outside Box,Saved
shot_1984,124874,777,10,10651,,90+11',Open Play,Right Foot,Inside Box,Missed
shot_1985,124874,777,10,15802,,90+11',Open Play,Right Foot,,Blocked
shot_1986,124874,777,10,5178,63633,90+11',Open Play,Left Foot,Inside Box,Missed
shot_1987,124875,777,29,19864,10394,1,Open Play,Header,Inside Box,Saved
shot_1988,124875,777,29,52989,138104,2,Open Play,Left Foot,Inside Box,Blocked
shot_1989,124875,777,4,68987,21998,4,Open Play,Left Foot,,Goal
shot_1990,124875,777,29,138104,,10,Set Piece,Right Foot,Outside Box,Missed
shot_1991,124875,777,4,68987,72371,13,Set Piece,Right Foot,Inside Box,Missed
shot_1992,124875,777,4,112203,,13,Open Play,Right Foot,Outside Box,Blocked
shot_1993,124875,777,4,27277,,13,Open Play,Left Foot,Inside Box,Blocked
shot_1994,124875,777,4,130068,63741,13,Set Piece,Header,Inside Box,Missed
shot_1995,124875,777,29,52989,,22,Open Play,Right Foot,Inside Box,Goal
shot_1996,124875,777,29,10394,,22,Open Play,Left Foot,Inside Box,Blocked
shot_1997,124875,777,29,52989,12136,28,Open Play,Left Foot,Inside Box,Missed
shot_1998,124875,777,4,130068,63741,33,Open Play,Right Foot,Inside Box,Saved
shot_1999,124875,777,4,68987,63741,40,Open Play,Right Foot,Inside Box,Saved
shot_2000,124875,777,29,10394,124944,42,Open Play,Left Foot,Outside Box,Saved
shot_2001,124875,777,4,14575,112203,44,Open Play,Right Foot,Outside Box,Saved
shot_2002,124875,777,4,68987,27277,57,Open Play,Right Foot,Outside Box,Missed
shot_2003,124875,777,4,304474,27277,60,Open Play,Left Foot,Inside Box,Blocked
shot_2004,124875,777,4,63741,112203,68,Open Play,Left Foot,Inside Box,Saved
shot_2005,124875,777,4,63741,14571,71,Open Play,Right Foot,Outside Box,Saved
shot_2006,124875,777,4,63741,304474,72,Open Play,Header,Inside Box,Saved
shot_2007,124875,777,29,12136,138104,74,Open Play,Right Foot,Inside Box,Blocked
shot_2008,124875,777,29,25408,,82,Open Play,Right Foot,Outside Box,Blocked
shot_2009,124875,777,4,118442,27277,85,Open Play,Header,Inside Box,Missed
shot_2010,124875,777,4,112203,68583,90,Open Play,Right Foot,Outside Box,Blocked
shot_2011,124875,777,29,118633,67784,90+3',Open Play,Right Foot,Inside Box,Goal
shot_2012,124875,777,4,63741,68583,90+5',Open Play,Right Foot,Outside Box,Missed
shot_2013,124876,777,7,14706,,3,Open Play,Left Foot,Inside Box,Missed
shot_2014,124876,777,7,4260,126789,3,Open Play,Left Foot,Inside Box,Blocked
shot_2015,124876,777,21,75582,22802,19,Set Piece,Header,Inside Box,Goal
shot_2016,124876,777,7,23841,4260,24,Open Play,Right Foot,Outside Box,Missed
shot_2017,124876,777,21,22802,51185,35,Set Piece,Right Foot,Outside Box,Missed
shot_2018,124876,777,21,22802,,45+4',Set Piece,Header,Inside Box,Missed
shot_2019,124876,777,21,75582,32229,45+6',Set Piece,Header,Inside Box,Goal
shot_2020,124876,777,7,14706,,48,Open Play,Left Foot,Inside Box,Blocked
shot_2021,124876,777,7,31936,23841,49,Open Play,Right Foot,Inside Box,Missed
shot_2022,124876,777,7,126789,,54,Open Play,Right Foot,Inside Box,Saved
shot_2023,124876,777,21,51364,,60,Open Play,Left Foot,Outside Box,Blocked
shot_2024,124876,777,21,24630,,65,Open Play,Right Foot,Inside Box,Saved
shot_2025,124876,777,7,23841,4260,68,Set Piece,Right Foot,Inside Box,Missed
shot_2026,124876,777,7,31936,4260,73,Open Play,Left Foot,Outside Box,Saved
shot_2027,124876,777,7,12582,8143,74,Open Play,Right Foot,Inside Box,Blocked
shot_2028,124876,777,7,143922,8143,77,Open Play,Left Foot,Outside Box,Blocked
shot_2029,124876,777,7,128411,14706,78,Set Piece,Header,Inside Box,Missed
shot_2030,124876,777,7,24983,14706,82,Open Play,Left Foot,Outside Box,Blocked
shot_2031,124876,777,21,117318,24630,89,Open Play,Header,Inside Box,Goal
shot_2032,124877,777,9,63289,,3,Open Play,Right Foot,Inside Box,Goal
shot_2033,124877,777,9,33162,14608,3,Open Play,Header,Inside Box,Saved
shot_2034,124877,777,25,8868,55776,10,Open Play,Left Foot,Inside Box,Saved
shot_2035,124877,777,9,13796,14897,15,Set Piece,Header,Inside Box,Goal
shot_2036,124877,777,9,126426,9576,30,Open Play,Right Foot,Outside Box,Missed
shot_2037,124877,777,9,63289,75543,32,Open Play,Left Foot,Inside Box,Blocked
shot_2038,124877,777,25,8868,,37,Open Play,Left Foot,Outside Box,Missed
shot_2039,124877,777,9,19731,,39,Open Play,Left Foot,Inside Box,Missed
shot_2040,124877,777,9,33162,13796,45+3',Open Play,Right Foot,Inside Box,Missed
shot_2041,124877,777,9,19731,,45+6',Open Play,Right Foot,,Missed
shot_2042,124877,777,9,14608,63289,45+10',Open Play,Right Foot,,Saved
shot_2043,124877,777,25,25183,8868,45+11',Open Play,Header,Inside Box,Missed
shot_2044,124877,777,9,9576,63289,57,Open Play,Right Foot,Inside Box,Missed
shot_2045,124877,777,9,63289,50151,59,Open Play,Right Foot,Outside Box,Blocked
shot_2046,124877,777,9,19731,,62,Open Play,Left Foot,Outside Box,Saved
shot_2047,124877,777,25,55776,8868,65,Open Play,Right Foot,Outside Box,Blocked
shot_2048,124877,777,25,8454,14164,74,Open Play,Right Foot,Inside Box,Saved
shot_2049,124877,777,25,145347,,78,Set Piece,Left Foot,Outside Box,Missed
shot_2050,124877,777,25,145347,119072,83,Open Play,Left Foot,Outside Box,Blocked
shot_2051,124877,777,25,119072,55776,84,Open Play,Right Foot,Outside Box,Blocked
shot_2052,124877,777,25,119072,8868,90,Open Play,Header,Inside Box,Goal
shot_2053,124878,777,12,23396,66360,1,Open Play,Header,Inside Box,Missed
shot_2054,124878,777,131,124396,136175,10,Set Piece,Right Foot,Outside Box,Missed
shot_2055,124878,777,131,50727,,10,Open Play,Right Foot,Inside Box,Blocked
shot_2056,124878,777,131,3452,51830,15,Open Play,Left Foot,Inside Box,Saved
shot_2057,124878,777,12,51202,23396,16,Open Play,Right Foot,Outside Box,Saved
shot_2058,124878,777,12,51202,5793,24,Open Play,Right Foot,Outside Box,Goal
shot_2059,124878,777,12,5793,4608,34,Open Play,Right Foot,Outside Box,Goal
shot_2060,124878,777,131,134333,67928,37,Open Play,Right Foot,Outside Box,Blocked
shot_2061,124878,777,12,24252,51202,38,Open Play,Right Foot,Outside Box,Missed
shot_2062,124878,777,131,8163,67928,38,Set Piece,Header,Inside Box,Missed
shot_2063,124878,777,12,66036,66360,44,Open Play,Left Foot,Inside Box,Missed
shot_2064,124878,777,131,67928,,45+1',Open Play,Left Foot,Inside Box,Missed
shot_2065,124878,777,131,124396,72239,47,Open Play,Left Foot,Outside Box,Missed
shot_2066,124878,777,12,23396,51202,48,Open Play,Right Foot,Inside Box,Saved
shot_2067,124878,777,131,134333,76090,51,Open Play,Header,Inside Box,Missed
shot_2068,124878,777,12,66036,,56,Open Play,Right Foot,Outside Box,Saved
shot_2069,124878,777,12,66360,66036,61,Open Play,Left Foot,Inside Box,Goal
shot_2070,124878,777,12,66360,23396,71,Open Play,Left Foot,Inside Box,Saved
shot_2071,124878,777,131,3452,,74,Set Piece,Right Foot,,Goal
shot_2072,124878,777,131,117758,72239,75,Open Play,Left Foot,Outside Box,Saved
shot_2073,124878,777,131,143240,,76,Open Play,Right Foot,Inside Box,Blocked
shot_2074,124878,777,131,136175,3452,78,Open Play,Left Foot,Inside Box,Missed
shot_2075,124878,777,12,23396,108936,84,Open Play,Right Foot,Outside Box,Blocked
shot_2076,124878,777,131,50727,3452,88,Open Play,Right Foot,Outside Box,Saved
shot_2077,124878,777,131,139930,2100,89,Set Piece,Header,Inside Box,Missed
shot_2078,124878,777,131,145043,2100,90+2',Set Piece,Header,Inside Box,Goal
shot_2079,124878,777,131,145043,139930,90+2',Open Play,Left Foot,Inside Box,Blocked
shot_2080,124878,777,12,23396,24252,90+6',Open Play,Right Foot,,Saved
shot_2081,124878,777,12,66360,133114,90+7',Open Play,Left Foot,Inside Box,Goal
shot_2082,124878,777,131,3452,139930,90+8',Open Play,Right Foot,,Missed
shot_2083,124879,777,34,11071,,2,Open Play,Left Foot,Outside Box,Blocked
shot_2084,124879,777,23,115256,49908,4,Set Piece,Right Foot,Inside Box,Hit the Woodwork
shot_2085,124879,777,23,74761,115256,5,Open Play,Right Foot,Outside Box,Missed
shot_2086,124879,777,23,9662,74761,6,Open Play,Right Foot,,Saved
shot_2087,124879,777,34,11071,14656,13,Open Play,Left Foot,Inside Box,Blocked
shot_2088,124879,777,34,4717,,17,Open Play,Left Foot,Inside Box,Blocked
shot_2089,124879,777,23,9662,,18,Open Play,Right Foot,Inside Box,Goal
shot_2090,124879,777,23,9662,74761,21,Open Play,Right Foot,Outside Box,Blocked
shot_2091,124879,777,34,4979,,27,Open Play,Right Foot,Inside Box,Missed
shot_2092,124879,777,34,21614,14445,27,Open Play,Right Foot,Outside Box,Saved
shot_2093,124879,777,34,11071,16044,33,Open Play,Right Foot,Inside Box,Blocked
shot_2094,124879,777,34,11071,16044,33,Set Piece,Header,Inside Box,Missed
shot_2095,124879,777,23,9662,23747,39,Open Play,Right Foot,Inside Box,Saved
shot_2096,124879,777,23,9662,3905,40,Open Play,Right Foot,Outside Box,Blocked
shot_2097,124879,777,34,14445,21614,42,Open Play,Right Foot,Outside Box,Saved
shot_2098,124879,777,23,115256,,45+1',Open Play,Right Foot,Outside Box,Blocked
shot_2099,124879,777,34,16044,,56,Open Play,Header,Inside Box,Goal
shot_2100,124879,777,34,11071,,56,Open Play,Right Foot,Inside Box,Saved
shot_2101,124879,777,23,74761,23747,63,Open Play,Header,Inside Box,Missed
shot_2102,124879,777,34,11071,121610,65,Open Play,Right Foot,Inside Box,Saved
shot_2103,124879,777,34,4717,121610,67,Open Play,Right Foot,Outside Box,Blocked
shot_2104,124879,777,23,74761,20607,75,Open Play,Right Foot,Outside Box,Missed
shot_2105,124879,777,23,71623,74761,80,Open Play,Right Foot,Outside Box,Saved
shot_2106,124879,777,23,49259,14716,80,Open Play,Right Foot,Inside Box,Blocked
shot_2107,124879,777,23,20607,3905,84,Open Play,Header,Inside Box,Missed
shot_2108,124879,777,23,71623,20607,86,Open Play,Right Foot,Inside Box,Saved
shot_2109,124879,777,23,124462,74761,88,Open Play,Right Foot,Outside Box,Missed
shot_2110,124879,777,23,74761,,90,Open Play,Right Foot,Inside Box,Goal
shot_2111,124879,777,23,114590,49259,90,Open Play,Left Foot,Outside Box,Saved
shot_2112,124879,777,23,114590,,90+7',Open Play,Left Foot,Inside Box,Blocked
shot_2113,124880,777,43,10539,,5,Open Play,Right Foot,Outside Box,Saved
shot_2114,124880,777,38,108947,,6,Open Play,Left Foot,Inside Box,Saved
shot_2115,124880,777,38,143218,,7,Open Play,Right Foot,Inside Box,Missed
shot_2116,124880,777,43,75735,127393,14,Open Play,Right Foot,Outside Box,Goal
shot_2117,124880,777,43,74960,75735,25,Open Play,Left Foot,Inside Box,Blocked
shot_2118,124880,777,43,75735,127393,30,Open Play,Left Foot,Inside Box,Goal
shot_2119,124880,777,38,108877,66692,33,Open Play,Left Foot,Inside Box,Blocked
shot_2120,124880,777,38,76310,143214,34,Open Play,Header,Inside Box,Saved
shot_2121,124880,777,38,108947,143218,36,Open Play,Right Foot,Inside Box,Missed
shot_2122,124880,777,38,35670,,42,Penalty,Right Foot,Inside Box,Goal
shot_2123,124880,777,38,76310,108877,45+4',Open Play,Header,Inside Box,Goal
shot_2124,124880,777,43,50460,,54,Open Play,Right Foot,Inside Box,Saved
shot_2125,124880,777,43,75735,63851,56,Open Play,Right Foot,Inside Box,Saved
shot_2126,124880,777,43,10539,,59,Open Play,Right Foot,Outside Box,Saved
shot_2127,124880,777,43,19831,50460,61,Open Play,Left Foot,Inside Box,Blocked
shot_2128,124880,777,43,63851,,62,Open Play,Left Foot,Outside Box,Blocked
shot_2129,124880,777,38,143218,,64,Set Piece,Right Foot,Outside Box,Hit the Woodwork
shot_2130,124880,777,38,126108,,70,Open Play,Left Foot,Outside Box,Blocked
shot_2131,124880,777,38,66692,108947,74,Open Play,Right Foot,Outside Box,Missed
shot_2132,124880,777,38,133679,20337,79,Open Play,Right Foot,Outside Box,Missed
shot_2133,124880,777,38,35670,111988,79,Open Play,Header,Inside Box,Saved
shot_2134,124880,777,43,127393,64282,81,Set Piece,Left Foot,Outside Box,Missed
shot_2135,124880,777,38,108947,66692,83,Open Play,Left Foot,Inside Box,Missed
shot_2136,124880,777,38,126108,,83,Open Play,Left Foot,Outside Box,Saved
shot_2137,124880,777,43,64282,68593,90+5',Open Play,Left Foot,Inside Box,Goal
shot_2138,124880,777,38,43010,35670,90+6',Open Play,Left Foot,Inside Box,Saved
shot_2139,124881,777,131,124396,72239,2,Open Play,Left Foot,Outside Box,Missed
shot_2140,124881,777,131,134333,,9,Open Play,Right Foot,Inside Box,Saved
shot_2141,124881,777,131,3452,72239,11,Open Play,Right Foot,Inside Box,Goal
shot_2142,124881,777,131,134333,,11,Open Play,Right Foot,Outside Box,Blocked
shot_2143,124881,777,131,134333,,15,Set Piece,Left Foot,Outside Box,Missed
shot_2144,124881,777,9,14897,,20,Set Piece,Right Foot,Outside Box,Missed
shot_2145,124881,777,131,3452,76090,34,Open Play,Right Foot,Outside Box,Missed
shot_2146,124881,777,131,143240,3452,39,Open Play,Right Foot,Outside Box,Blocked
shot_2147,124881,777,131,136175,143240,41,Open Play,Left Foot,Inside Box,Missed
shot_2148,124881,777,9,14897,63289,45+1',Open Play,Right Foot,Inside Box,Blocked
shot_2149,124881,777,131,76090,136175,47,Open Play,Right Foot,Inside Box,Saved
shot_2150,124881,777,131,51830,143240,49,Open Play,Left Foot,Outside Box,Missed
shot_2151,124881,777,9,9576,75543,57,Open Play,Right Foot,Outside Box,Missed
shot_2152,124881,777,131,143240,,57,Open Play,Right Foot,Inside Box,Saved
shot_2153,124881,777,131,143240,,64,Open Play,Right Foot,Inside Box,Goal
shot_2154,124881,777,131,143240,136175,70,Open Play,Right Foot,Inside Box,Goal
shot_2155,124881,777,131,134333,139930,83,Open Play,Right Foot,Inside Box,Saved
shot_2156,124881,777,9,116888,,85,Open Play,Left Foot,Inside Box,Saved
shot_2157,124881,777,9,14807,13797,85,Open Play,Right Foot,Inside Box,Saved
shot_2158,124882,777,1,32728,50234,14,Set Piece,Header,Inside Box,Goal
shot_2159,124882,777,1,67776,,19,Set Piece,Header,Inside Box,Missed
shot_2160,124882,777,1,69914,20486,21,Open Play,Left Foot,Inside Box,Saved
shot_2161,124882,777,1,49481,32728,23,Open Play,Left Foot,Inside Box,Saved
shot_2162,124882,777,1,20486,32728,32,Open Play,Right Foot,Inside Box,Blocked
shot_2163,124882,777,1,49481,32728,32,Open Play,Right Foot,Inside Box,Saved
shot_2164,124882,777,1,15202,20486,35,Open Play,Header,Inside Box,Goal
shot_2165,124882,777,1,21584,49481,38,Open Play,Right Foot,Inside Box,Blocked
shot_2166,124882,777,1,20486,15202,56,Open Play,Right Foot,Outside Box,Saved
shot_2167,124882,777,1,67776,49481,66,Open Play,Right Foot,Inside Box,Missed
shot_2168,124882,777,43,75735,,71,Open Play,Header,Inside Box,Missed
shot_2169,124882,777,43,63851,124531,73,Set Piece,Header,Inside Box,Missed
shot_2170,124882,777,1,114566,,82,Open Play,Left Foot,Outside Box,Missed
shot_2171,124882,777,1,42331,19778,90+2',Open Play,Right Foot,Outside Box,Saved
shot_2172,124882,777,43,15139,,90+7',Set Piece,Left Foot,Outside Box,Hit the Woodwork
shot_2173,124883,777,6,109117,,7,Open Play,Right Foot,Outside Box,Blocked
shot_2174,124883,777,130,133890,124052,15,Open Play,Left Foot,Outside Box,Blocked
shot_2175,124883,777,6,20874,,26,Open Play,Header,Inside Box,Saved
shot_2176,124883,777,6,49759,24334,27,Open Play,Left Foot,Inside Box,Missed
shot_2177,124883,777,6,20874,37776,30,Set Piece,Header,Inside Box,Goal
shot_2178,124883,777,6,49796,,35,Set Piece,Right Foot,Inside Box,Missed
shot_2179,124883,777,130,49731,,45,Set Piece,Right Foot,Outside Box,Missed
shot_2180,124883,777,6,49796,,52,Open Play,Right Foot,Inside Box,Hit the Woodwork
shot_2181,124883,777,6,49759,,53,Open Play,Right Foot,Outside Box,Blocked
shot_2182,124883,777,6,37776,14569,56,Open Play,Right Foot,Inside Box,Blocked
shot_2183,124883,777,130,20113,3712,58,Open Play,Header,Inside Box,Saved
shot_2184,124883,777,130,23194,,74,Open Play,Left Foot,Inside Box,Missed
shot_2185,124883,777,130,14450,24369,76,Open Play,Right Foot,Outside Box,Saved
shot_2186,124883,777,6,76353,,76,Open Play,Right Foot,Outside Box,Saved
shot_2187,124883,777,130,3712,,83,Open Play,Right Foot,Outside Box,Blocked
shot_2188,124883,777,6,49796,8589,85,Open Play,Right Foot,Outside Box,Blocked
shot_2189,124884,777,38,126108,35670,3,Open Play,Left Foot,Inside Box,Saved
shot_2190,124884,777,34,14656,11071,9,Open Play,Left Foot,Inside Box,Goal
shot_2191,124884,777,34,13961,4717,17,Set Piece,Left Foot,Outside Box,Missed
shot_2192,124884,777,38,76310,92635,20,Open Play,Header,Inside Box,Missed
shot_2193,124884,777,34,13961,4717,22,Open Play,Left Foot,Outside Box,Blocked
shot_2194,124884,777,34,13961,128976,31,Open Play,Left Foot,Inside Box,Missed
shot_2195,124884,777,38,126108,,45+3',Open Play,Left Foot,Outside Box,Missed
shot_2196,124884,777,38,108877,92635,45+6',Open Play,Header,Inside Box,Saved
shot_2197,124884,777,34,26151,13961,52,Open Play,Right Foot,Inside Box,Blocked
shot_2198,124884,777,34,4880,21614,52,Open Play,Right Foot,Outside Box,Saved
shot_2199,124884,777,34,4880,4717,53,Open Play,Right Foot,Outside Box,Missed
shot_2200,124884,777,34,4880,11071,56,Open Play,Right Foot,,Saved
shot_2201,124884,777,34,4717,13961,56,Open Play,Right Foot,Inside Box,Blocked
shot_2202,124884,777,34,13961,,62,Open Play,Left Foot,Outside Box,Goal
shot_2203,124884,777,34,21614,11071,62,Open Play,Right Foot,Inside Box,Blocked
shot_2204,124884,777,34,128976,4717,69,Open Play,Right Foot,Outside Box,Missed
shot_2205,124884,777,34,13961,21614,70,Open Play,Left Foot,Outside Box,Saved
shot_2206,124884,777,34,3894,,86,Open Play,Left Foot,Inside Box,Blocked
shot_2207,124884,777,34,53063,,86,Open Play,Left Foot,Inside Box,Hit the Woodwork
shot_2208,124884,777,34,14445,4717,86,Open Play,Left Foot,Inside Box,Blocked
shot_2209,124884,777,34,53063,4880,88,Open Play,Left Foot,Inside Box,Saved
shot_2210,124884,777,34,4979,3894,90+1',Open Play,Right Foot,Inside Box,Blocked
shot_2211,124884,777,34,117763,14445,90+5',Open Play,Right Foot,Outside Box,Blocked
shot_2212,124884,777,38,115371,,90+5',Open Play,Right Foot,Outside Box,Blocked
shot_2213,124885,777,10,49909,33231,2,Open Play,Right Foot,Outside Box,Blocked
shot_2214,124885,777,2,23968,8658,5,Open Play,Right Foot,Inside Box,Hit the Woodwork
shot_2215,124885,777,10,33231,32894,15,Open Play,Right Foot,Outside Box,Missed
shot_2216,124885,777,10,10458,33231,18,Open Play,Left Foot,Inside Box,Blocked
shot_2217,124885,777,10,32894,5178,18,Open Play,Header,Inside Box,Missed
shot_2218,124885,777,2,13344,25067,19,Open Play,Right Foot,Outside Box,Saved
shot_2219,124885,777,2,23968,51423,21,Open Play,Right Foot,Outside Box,Saved
shot_2220,124885,777,10,5178,32894,22,Open Play,Left Foot,Outside Box,Missed
shot_2221,124885,777,10,33231,,23,Open Play,Left Foot,Outside Box,Saved
shot_2222,124885,777,2,72265,23968,26,Open Play,Right Foot,Inside Box,Blocked
shot_2223,124885,777,10,33231,,33,Open Play,Right Foot,Outside Box,Saved
shot_2224,124885,777,10,32894,63633,36,Open Play,Right Foot,Inside Box,Missed
shot_2225,124885,777,10,32894,63633,38,Open Play,Right Foot,Outside Box,Missed
shot_2226,124885,777,10,23593,10458,38,Set Piece,Header,Inside Box,Missed
shot_2227,124885,777,2,13344,5758,40,Set Piece,Right Foot,Outside Box,Missed
shot_2228,124885,777,10,63633,49909,43,Open Play,Right Foot,Inside Box,Blocked
shot_2229,124885,777,10,5178,,45+1',Open Play,Right Foot,Inside Box,Goal
shot_2230,124885,777,10,68582,,45+4',Set Piece,Right Foot,Outside Box,Missed
shot_2231,124885,777,2,23968,13344,56,Open Play,Header,Inside Box,Missed
shot_2232,124885,777,10,49909,63633,58,Open Play,Left Foot,Outside Box,Goal
shot_2233,124885,777,2,4115,108096,63,Open Play,Right Foot,Outside Box,Saved
shot_2234,124885,777,10,5178,33231,63,Open Play,Left Foot,Outside Box,Blocked
shot_2235,124885,777,2,14456,4115,70,Open Play,Right Foot,Outside Box,Missed
shot_2236,124885,777,2,4115,14801,79,Open Play,Right Foot,Inside Box,Missed
shot_2237,124885,777,10,32894,75382,80,Open Play,Right Foot,Inside Box,Blocked
shot_2238,124885,777,2,14801,51223,86,Open Play,Right Foot,Outside Box,Missed
shot_2239,124886,777,11,14805,54156,6,Open Play,Left Foot,Inside Box,Blocked
shot_2240,124886,777,11,65970,67849,12,Open Play,Right Foot,Inside Box,Saved
shot_2241,124886,777,11,65970,68150,17,Open Play,Left Foot,Inside Box,Goal
shot_2242,124886,777,127,42894,,25,Set Piece,Right Foot,Inside Box,Goal
shot_2243,124886,777,11,68150,54156,29,Open Play,Left Foot,Inside Box,Blocked
shot_2244,124886,777,11,65970,14805,30,Set Piece,Header,Inside Box,Missed
shot_2245,124886,777,11,65970,68150,33,Open Play,Left Foot,Inside Box,Goal
shot_2246,124886,777,11,112948,54156,34,Open Play,Left Foot,,Blocked
shot_2247,124886,777,127,25474,,35,Open Play,Right Foot,Outside Box,Saved
shot_2248,124886,777,11,65970,54156,37,Open Play,Left Foot,Inside Box,Saved
shot_2249,124886,777,11,68150,,45+6',Open Play,Right Foot,Outside Box,Saved
shot_2250,124886,777,11,65970,112948,48,Open Play,Header,Inside Box,Missed
shot_2251,124886,777,127,25474,137832,49,Open Play,Right Foot,,Saved
shot_2252,124886,777,127,137832,13706,51,Open Play,Right Foot,Inside Box,Missed
shot_2253,124886,777,127,137832,74976,53,Open Play,Right Foot,Inside Box,Saved
shot_2254,124886,777,127,13706,,59,Open Play,Left Foot,Outside Box,Saved
shot_2255,124886,777,11,112948,14805,60,Open Play,Left Foot,Inside Box,Goal
shot_2256,124886,777,127,74965,10766,66,Open Play,Left Foot,Inside Box,Missed
shot_2257,124886,777,11,68150,14805,67,Open Play,Left Foot,Outside Box,Missed
shot_2258,124886,777,11,26335,126943,78,Open Play,Right Foot,Inside Box,Blocked
shot_2259,124886,777,11,76216,126943,88,Open Play,Right Foot,Inside Box,Missed
shot_2260,124886,777,127,14846,54989,90+2',Open Play,Right Foot,Outside Box,Blocked
shot_2261,124886,777,11,26335,,90+4',Open Play,Right Foot,Inside Box,Saved
shot_2262,124887,777,12,66036,66360,3,Open Play,Right Foot,Inside Box,Blocked
shot_2263,124887,777,15,304123,23702,6,Open Play,Right Foot,Inside Box,Blocked
shot_2264,124887,777,15,16035,24626,7,Set Piece,Header,Inside Box,Missed
shot_2265,124887,777,15,51593,,8,Set Piece,Right Foot,Outside Box,Missed
shot_2266,124887,777,15,50623,23702,8,Open Play,Left Foot,Outside Box,Saved
shot_2267,124887,777,12,66036,51202,15,Open Play,Right Foot,Outside Box,Missed
shot_2268,124887,777,15,23702,15259,15,Open Play,Right Foot,Outside Box,Missed
shot_2269,124887,777,12,69176,23396,28,Open Play,Left Foot,Outside Box,Saved
shot_2270,124887,777,12,5793,23396,34,Set Piece,Header,Inside Box,Goal
shot_2271,124887,777,15,23702,15259,40,Open Play,Left Foot,Outside Box,Missed
shot_2272,124887,777,12,69176,66360,42,Open Play,Left Foot,Outside Box,Missed
shot_2273,124887,777,15,15259,23702,43,Open Play,Right Foot,Inside Box,Blocked
shot_2274,124887,777,15,15259,14238,48,Open Play,Header,Inside Box,Goal
shot_2275,124887,777,15,70249,,50,Open Play,Left Foot,Inside Box,Goal
shot_2276,124887,777,15,304123,,50,Open Play,Header,Inside Box,Blocked
shot_2277,124887,777,12,66360,51202,56,Open Play,Left Foot,Inside Box,Saved
shot_2278,124887,777,15,139648,51593,57,Set Piece,Header,Inside Box,Missed
shot_2279,124887,777,12,5793,,60,Open Play,Right Foot,Inside Box,Missed
shot_2280,124887,777,12,23396,66360,60,Open Play,Right Foot,Outside Box,Hit the Woodwork
shot_2281,124887,777,15,304123,,66,Open Play,Header,Inside Box,Missed
shot_2282,124887,777,15,23702,51593,68,Open Play,Right Foot,Outside Box,Missed
shot_2283,124887,777,12,23396,5793,74,Open Play,Right Foot,Outside Box,Blocked
shot_2284,124887,777,12,5793,69176,74,Open Play,Left Foot,Outside Box,Blocked
shot_2285,124887,777,12,146567,51202,75,Open Play,Left Foot,Inside Box,Saved
shot_2286,124887,777,12,51202,5793,75,Open Play,Right Foot,Outside Box,Blocked
shot_2287,124887,777,12,69176,,81,Set Piece,Left Foot,Outside Box,Goal
shot_2288,124887,777,12,146567,5793,81,Set Piece,Left Foot,Inside Box,Missed
shot_2289,124887,777,15,23811,,85,Open Play,Right Foot,Outside Box,Blocked
shot_2290,124887,777,15,16035,51593,86,Set Piece,Header,Inside Box,Missed
shot_2291,124887,777,12,51202,23396,87,Open Play,Right Foot,Outside Box,Saved
shot_2292,124887,777,12,66036,51202,88,Open Play,Left Foot,,Missed
shot_2293,124887,777,15,51593,23702,89,Open Play,Right Foot,Inside Box,Blocked
shot_2294,124887,777,15,23702,15340,89,Open Play,Right Foot,Inside Box,Blocked
shot_2295,124887,777,12,5793,23396,90+3',Open Play,Right Foot,Outside Box,Blocked
shot_2296,124887,777,12,69176,,90+4',Open Play,Left Foot,Inside Box,Blocked
shot_2297,124888,777,7,23841,,1,Open Play,Left Foot,Outside Box,Missed
shot_2298,124888,777,7,143922,12582,7,Open Play,Right Foot,Inside Box,Blocked
shot_2299,124888,777,7,31936,14706,7,Open Play,Left Foot,Inside Box,Blocked
shot_2300,124888,777,29,10394,,14,Open Play,Left Foot,Outside Box,Missed
shot_2301,124888,777,7,31936,,15,Open Play,Left Foot,Inside Box,Goal
shot_2302,124888,777,7,4260,12582,22,Open Play,Right Foot,Outside Box,Hit the Woodwork
shot_2303,124888,777,7,14706,,23,Open Play,Left Foot,Inside Box,Blocked
shot_2304,124888,777,7,143922,4260,28,Open Play,Right Foot,Inside Box,Missed
shot_2305,124888,777,29,10394,,35,Open Play,Left Foot,Inside Box,Blocked
shot_2306,124888,777,29,25408,,36,Open Play,Right Foot,Outside Box,Missed
shot_2307,124888,777,29,52989,138104,39,Open Play,Right Foot,Inside Box,Blocked
shot_2308,124888,777,29,51199,122126,41,Open Play,Left Foot,Inside Box,Blocked
shot_2309,124888,777,29,10394,12136,42,Open Play,Left Foot,Inside Box,Blocked
shot_2310,124888,777,29,19864,51199,44,Open Play,Header,Inside Box,Missed
shot_2311,124888,777,29,12136,138104,46,Open Play,Left Foot,Outside Box,Goal
shot_2312,124888,777,29,138104,12136,46,Open Play,Right Foot,Inside Box,Blocked
shot_2313,124888,777,29,138104,12136,49,Open Play,Right Foot,Outside Box,Missed
shot_2314,124888,777,29,10394,122126,63,Set Piece,Left Foot,Outside Box,Missed
shot_2315,124888,777,29,63733,19864,63,Open Play,Left Foot,Inside Box,Blocked
shot_2316,124888,777,29,52989,10394,71,Open Play,Left Foot,Inside Box,Missed
shot_2317,124888,777,29,19864,12136,74,Open Play,Header,Inside Box,Blocked
shot_2318,124888,777,29,52989,,77,Open Play,Right Foot,Inside Box,Saved
shot_2319,124888,777,29,51199,12136,81,Set Piece,Header,Inside Box,Missed
shot_2320,124888,777,29,122126,124944,81,Open Play,Header,Inside Box,Saved
shot_2321,124888,777,7,24983,,85,Open Play,Left Foot,Outside Box,Saved
shot_2322,124889,777,4,27277,,11,Open Play,Left Foot,Inside Box,Blocked
shot_2323,124889,777,4,14571,63741,19,Open Play,Right Foot,Outside Box,Missed
shot_2324,124889,777,4,68987,63741,20,Open Play,Right Foot,Inside Box,Saved
shot_2325,124889,777,4,72371,68987,31,Open Play,Right Foot,Inside Box,Saved
shot_2326,124889,777,21,51364,51185,32,Open Play,Left Foot,Outside Box,Missed
shot_2327,124889,777,4,72371,112203,34,Open Play,Right Foot,Inside Box,Goal
shot_2328,124889,777,4,72371,68827,43,Open Play,Right Foot,Inside Box,Saved
shot_2329,124889,777,21,51364,117318,45+6',Open Play,Left Foot,Inside Box,Saved
shot_2330,124889,777,4,63741,112203,48,Open Play,Right Foot,Outside Box,Saved
shot_2331,124889,777,4,63741,14571,53,Open Play,Header,Inside Box,Missed
shot_2332,124889,777,4,21998,72371,56,Open Play,Left Foot,Inside Box,Saved
shot_2333,124889,777,4,72371,21998,57,Open Play,Header,,Saved
shot_2334,124889,777,4,21998,68987,57,Open Play,Left Foot,Inside Box,Missed
shot_2335,124889,777,21,51364,117318,71,Open Play,Left Foot,Inside Box,Blocked
shot_2336,124889,777,4,14571,68827,74,Open Play,Right Foot,Outside Box,Missed
shot_2337,124889,777,4,21998,63741,74,Open Play,Right Foot,Inside Box,Saved
shot_2338,124889,777,4,68583,72371,90+3',Open Play,Right Foot,Inside Box,Missed
shot_2339,124889,777,4,72371,63741,90+4',Open Play,Right Foot,Inside Box,Saved
shot_2340,124890,777,23,9662,74761,4,Open Play,Right Foot,Outside Box,Goal
shot_2341,124890,777,25,8868,65961,4,Open Play,Left Foot,Inside Box,Hit the Woodwork
shot_2342,124890,777,25,8454,,10,Open Play,Right Foot,Inside Box,Saved
shot_2343,124890,777,23,9662,115256,19,Open Play,Left Foot,Inside Box,Saved
shot_2344,124890,777,23,9662,,20,Open Play,Right Foot,Outside Box,Blocked
shot_2345,124890,777,25,55776,,31,Open Play,Left Foot,Outside Box,Saved
shot_2346,124890,777,25,13522,66560,32,Open Play,Header,Inside Box,Saved
shot_2347,124890,777,25,65961,66560,32,Open Play,Right Foot,Outside Box,Blocked
shot_2348,124890,777,25,55776,119072,35,Open Play,Left Foot,Outside Box,Goal
shot_2349,124890,777,23,23747,9662,39,Open Play,Right Foot,Outside Box,Saved
shot_2350,124890,777,23,9662,74761,41,Open Play,Left Foot,Outside Box,Missed
shot_2351,124890,777,23,20607,49908,45+1',Open Play,Right Foot,Inside Box,Missed
shot_2352,124890,777,25,65961,119072,45+4',Open Play,Right Foot,Outside Box,Saved
shot_2353,124890,777,25,65961,8868,48,Open Play,Right Foot,Inside Box,Missed
shot_2354,124890,777,23,114590,,54,Open Play,Right Foot,Inside Box,Missed
shot_2355,124890,777,23,9662,,64,Open Play,Right Foot,Inside Box,Missed
shot_2356,124890,777,25,13522,119072,68,Open Play,Right Foot,Inside Box,Blocked
shot_2357,124890,777,25,8868,13522,70,Open Play,Left Foot,Outside Box,Saved
shot_2358,124890,777,23,5220,74761,71,Open Play,Right Foot,Outside Box,Blocked
shot_2359,124890,777,23,74761,,78,Open Play,Right Foot,Outside Box,Missed
shot_2360,124890,777,25,119072,8868,82,Open Play,Right Foot,Inside Box,Blocked
shot_2361,124890,777,23,14716,74761,88,Open Play,Right Foot,Inside Box,Missed
shot_2362,124890,777,23,114590,49259,90,Open Play,Header,Inside Box,Saved
shot_2363,124890,777,25,8868,,90+2',Open Play,Left Foot,Inside Box,Missed
shot_2364,124890,777,25,25183,,90+7',Open Play,Right Foot,Inside Box,Goal
shot_2365,124890,777,25,25183,,90+7',Open Play,Right Foot,Inside Box,Saved
shot_2366,124890,777,25,8868,55776,90+7',Open Play,Left Foot,Inside Box,Saved
shot_2367,124891,777,2,13344,25067,9,Open Play,Right Foot,Outside Box,Saved
shot_2368,124891,777,2,25067,51423,12,Open Play,Right Foot,Outside Box,Saved
shot_2369,124891,777,2,26408,,13,Open Play,Right Foot,Outside Box,Blocked
shot_2370,124891,777,127,14846,,25,Set Piece,Left Foot,Outside Box,Missed
shot_2371,124891,777,2,26408,,28,Set Piece,Right Foot,,Goal
shot_2372,124891,777,2,8658,51423,31,Open Play,Left Foot,Inside Box,Blocked
shot_2373,124891,777,2,8658,51423,35,Open Play,Left Foot,Inside Box,Blocked
shot_2374,124891,777,2,8658,26408,39,Open Play,Right Foot,Inside Box,Saved
shot_2375,124891,777,2,26408,,39,Open Play,Header,Inside Box,Blocked
shot_2376,124891,777,2,108096,,40,Open Play,Right Foot,Outside Box,Goal
shot_2377,124891,777,127,33032,,44,Set Piece,Right Foot,Inside Box,Missed
shot_2378,124891,777,127,21519,74965,45+1',Open Play,Right Foot,Outside Box,Missed
shot_2379,124891,777,127,119381,14846,45+4',Open Play,Right Foot,Outside Box,Saved
shot_2380,124891,777,127,14846,21519,47,Open Play,Left Foot,Outside Box,Blocked
shot_2381,124891,777,127,14846,74965,53,Open Play,Right Foot,Inside Box,Blocked
shot_2382,124891,777,127,74976,,55,Open Play,Right Foot,Outside Box,Saved
shot_2383,124891,777,127,10766,,56,Set Piece,Right Foot,Outside Box,Missed
shot_2384,124891,777,127,74965,33032,58,Open Play,Left Foot,Inside Box,Blocked
shot_2385,124891,777,127,33032,14846,58,Set Piece,Header,Inside Box,Hit the Woodwork
shot_2386,124891,777,2,51423,,64,Open Play,Left Foot,Inside Box,Saved
shot_2387,124891,777,127,25474,,67,Penalty,Right Foot,Inside Box,Saved
shot_2388,124891,777,2,23968,26408,70,Open Play,Right Foot,Inside Box,Missed
shot_2389,124891,777,2,4115,5758,77,Set Piece,Header,Inside Box,Goal
shot_2390,124891,777,2,14456,5865,82,Set Piece,Right Foot,Inside Box,Goal
shot_2391,124891,777,2,5865,14801,82,Open Play,Right Foot,Outside Box,Blocked
shot_2392,124891,777,2,14456,72265,87,Open Play,Left Foot,Inside Box,Blocked
shot_2393,124891,777,2,14456,4115,88,Open Play,Right Foot,Inside Box,Missed
shot_2394,124891,777,127,13706,14846,90,Open Play,Left Foot,Inside Box,Blocked
shot_2395,124892,777,23,74761,14716,5,Open Play,Right Foot,Outside Box,Missed
shot_2396,124892,777,130,127594,3712,7,Open Play,Header,Inside Box,Missed
shot_2397,124892,777,130,115166,,17,Open Play,Right Foot,,Saved
shot_2398,124892,777,23,14716,,27,Open Play,Left Foot,Inside Box,Goal
shot_2399,124892,777,130,115166,,32,Open Play,Left Foot,Inside Box,Blocked
shot_2400,124892,777,130,3712,,34,Set Piece,Right Foot,Outside Box,Missed
shot_2401,124892,777,130,24659,133460,39,Open Play,Header,Inside Box,Missed
shot_2402,124892,777,130,128891,49731,47,Open Play,Right Foot,Inside Box,Saved
shot_2403,124892,777,130,65987,49731,50,Set Piece,Header,Inside Box,Missed
shot_2404,124892,777,130,127594,,56,Open Play,Header,Inside Box,Goal
shot_2405,124892,777,130,133890,49731,58,Open Play,Left Foot,Inside Box,Blocked
shot_2406,124892,777,23,9662,19888,58,Open Play,Right Foot,Outside Box,Blocked
shot_2407,124892,777,130,124052,3712,65,Open Play,Right Foot,Inside Box,Saved
shot_2408,124892,777,23,14716,9662,67,Open Play,Right Foot,Outside Box,Missed
shot_2409,124892,777,130,124052,,78,Penalty,Right Foot,Inside Box,Goal
shot_2410,124892,777,23,124462,19888,88,Set Piece,Header,Inside Box,Missed
shot_2411,124892,777,130,49726,127594,90+4',Open Play,Left Foot,Outside Box,Blocked
shot_2412,124892,777,130,124052,,90+5',Open Play,Right Foot,Inside Box,Goal
shot_2413,124892,777,130,127594,133460,90+8',Open Play,Header,Inside Box,Blocked
shot_2414,124892,777,130,65987,24659,90+8',Open Play,Right Foot,Inside Box,Saved
shot_2415,124893,777,4,63741,,3,Open Play,Right Foot,Outside Box,Saved
shot_2416,124893,777,4,68987,63741,5,Open Play,Right Foot,Inside Box,Saved
shot_2417,124893,777,4,63741,27277,7,Open Play,Header,Inside Box,Missed
shot_2418,124893,777,4,27277,72371,7,Open Play,Left Foot,Outside Box,Blocked
shot_2419,124893,777,4,51813,63741,10,Open Play,Left Foot,Inside Box,Blocked
shot_2420,124893,777,4,27277,,15,Open Play,Left Foot,Outside Box,Missed
shot_2421,124893,777,4,63741,,22,Open Play,Right Foot,Inside Box,Saved
shot_2422,124893,777,4,66284,21998,23,Open Play,Left Foot,Inside Box,Blocked
shot_2423,124893,777,4,68987,21998,29,Open Play,Right Foot,Outside Box,Blocked
shot_2424,124893,777,4,72371,,44,Open Play,Right Foot,Outside Box,Missed
shot_2425,124893,777,4,63741,68987,44,Open Play,Right Foot,Inside Box,Blocked
shot_2426,124893,777,4,68827,68987,51,Open Play,Header,Inside Box,Goal
shot_2427,124893,777,4,51813,72371,54,Open Play,Right Foot,Outside Box,Saved
shot_2428,124893,777,38,126108,66692,61,Open Play,Right Foot,Outside Box,Missed
shot_2429,124893,777,4,72371,,65,Open Play,Right Foot,Inside Box,Goal
shot_2430,124893,777,4,63741,112203,68,Open Play,Right Foot,Outside Box,Missed
shot_2431,124893,777,4,21998,68987,73,Open Play,Right Foot,Inside Box,Goal
shot_2432,124893,777,4,130068,,78,Open Play,Left Foot,Inside Box,Hit the Woodwork
shot_2433,124893,777,4,72371,304474,78,Open Play,Right Foot,Inside Box,Saved
shot_2434,124893,777,4,130068,304474,82,Open Play,Right Foot,Inside Box,Missed
shot_2435,124893,777,38,76310,,85,Open Play,Right Foot,Outside Box,Missed
shot_2436,124893,777,38,35670,145492,89,Open Play,Left Foot,Inside Box,Missed
shot_2437,124893,777,4,68987,68583,90+1',Open Play,Right Foot,Inside Box,Blocked
shot_2438,124894,777,6,20874,49796,4,Open Play,Right Foot,Inside Box,Missed
shot_2439,124894,777,131,143240,,8,Open Play,Right Foot,Inside Box,Saved
shot_2440,124894,777,6,49796,20874,9,Open Play,Right Foot,Outside Box,Saved
shot_2441,124894,777,131,76090,143240,13,Open Play,Right Foot,Outside Box,Saved
shot_2442,124894,777,6,147312,49796,32,Set Piece,Right Foot,Inside Box,Missed
shot_2443,124894,777,131,136175,143240,35,Open Play,Left Foot,Inside Box,Blocked
shot_2444,124894,777,6,69595,,40,Open Play,Left Foot,Outside Box,Missed
shot_2445,124894,777,131,136175,143240,45+1',Open Play,Left Foot,Inside Box,Missed
shot_2446,124894,777,6,49796,20874,45+2',Open Play,Right Foot,Inside Box,Missed
shot_2447,124894,777,131,143240,136175,46,Open Play,Header,Inside Box,Saved
shot_2448,124894,777,6,49759,,55,Open Play,Left Foot,Inside Box,Missed
shot_2449,124894,777,6,49759,37776,72,Open Play,Left Foot,Inside Box,Missed
shot_2450,124894,777,131,76090,143240,76,Open Play,Header,Inside Box,Blocked
shot_2451,124894,777,131,134333,72239,80,Open Play,Left Foot,Outside Box,Blocked
shot_2452,124894,777,6,109117,24334,82,Open Play,Right Foot,Inside Box,Blocked
shot_2453,124894,777,6,109117,37776,90+6',Open Play,Right Foot,Inside Box,Saved
shot_2454,124894,777,6,76104,109117,90+7',Set Piece,Header,Inside Box,Missed
shot_2455,124895,777,7,143922,14706,2,Open Play,Right Foot,Inside Box,Blocked
shot_2456,124895,777,7,143922,31936,7,Open Play,Header,Inside Box,Missed
shot_2457,124895,777,7,23841,,11,Open Play,Right Foot,Outside Box,Saved
shot_2458,124895,777,34,4717,4880,21,Open Play,Header,Inside Box,Saved
shot_2459,124895,777,7,31936,4260,27,Set Piece,Left Foot,Outside Box,Missed
shot_2460,124895,777,7,23841,,28,Open Play,Right Foot,Outside Box,Blocked
shot_2461,124895,777,34,11071,4717,34,Open Play,Right Foot,Inside Box,Saved
shot_2462,124895,777,34,121610,4717,39,Open Play,Right Foot,Outside Box,Blocked
shot_2463,124895,777,34,11071,,39,Open Play,Right Foot,Outside Box,Blocked
shot_2464,124895,777,7,23841,4260,45+1',Open Play,Right Foot,Outside Box,Blocked
shot_2465,124895,777,7,12582,66538,45+4',Open Play,Right Foot,Inside Box,Goal
shot_2466,124895,777,7,8143,24983,45+4',Open Play,Header,Inside Box,Saved
shot_2467,124895,777,34,121610,,45+6',Open Play,Right Foot,Outside Box,Missed
shot_2468,124895,777,34,13961,128976,48,Open Play,Left Foot,Inside Box,Blocked
shot_2469,124895,777,34,117763,128976,60,Open Play,Right Foot,Inside Box,Saved
shot_2470,124895,777,7,12582,4260,70,Set Piece,Left Foot,Outside Box,Missed
shot_2471,124895,777,7,14706,12582,74,Open Play,Right Foot,Outside Box,Missed
shot_2472,124895,777,7,4333,14706,81,Set Piece,,Inside Box,Goal
shot_2473,124895,777,34,4979,21614,84,Open Play,Right Foot,Inside Box,Saved
shot_2474,124895,777,7,23841,,90+1',Set Piece,Right Foot,Outside Box,Missed
shot_2475,124895,777,7,4260,,90+4',Open Play,Right Foot,Outside Box,Saved
shot_2476,124895,777,7,126789,23841,90+4',Open Play,Header,Inside Box,Blocked
shot_2477,124896,777,10,5178,,8,Open Play,Right Foot,Inside Box,Blocked
shot_2478,124896,777,11,65970,,13,Penalty,Left Foot,Inside Box,Saved
shot_2479,124896,777,11,68150,54156,18,Open Play,Left Foot,Inside Box,Blocked
shot_2480,124896,777,11,54156,,26,Open Play,Left Foot,Inside Box,Saved
shot_2481,124896,777,11,65970,76204,29,Open Play,Header,Inside Box,Goal
shot_2482,124896,777,10,75382,5178,31,Open Play,Right Foot,Outside Box,Blocked
shot_2483,124896,777,10,75382,5178,42,Open Play,Left Foot,Inside Box,Blocked
shot_2484,124896,777,11,67849,54156,43,Open Play,Right Foot,Outside Box,Blocked
shot_2485,124896,777,11,67849,5067,45+3',Set Piece,Right Foot,Outside Box,Goal
shot_2486,124896,777,10,5178,81542,46,Open Play,Left Foot,Inside Box,Blocked
shot_2487,124896,777,11,68150,54156,52,Open Play,Left Foot,Inside Box,Blocked
shot_2488,124896,777,11,14805,,54,Open Play,Left Foot,Outside Box,Blocked
shot_2489,124896,777,11,54156,5067,55,Open Play,Right Foot,Inside Box,Saved
shot_2490,124896,777,10,32894,68582,59,Open Play,Left Foot,Inside Box,Missed
shot_2491,124896,777,11,54156,112948,63,Open Play,Right Foot,Outside Box,Goal
shot_2492,124896,777,11,76216,65970,75,Open Play,Right Foot,Outside Box,Blocked
shot_2493,124896,777,10,33231,5178,76,Open Play,Right Foot,Outside Box,Saved
shot_2494,124896,777,10,5178,116665,79,Open Play,Left Foot,Inside Box,Missed
shot_2495,124896,777,11,112948,14805,82,Open Play,Left Foot,Inside Box,Missed
shot_2496,124896,777,11,112948,76216,87,Open Play,Left Foot,Inside Box,Missed
shot_2497,124896,777,11,14805,76204,90+2',Open Play,Left Foot,Outside Box,Missed
shot_2498,124897,777,15,15259,108816,2,Open Play,Right Foot,Outside Box,Saved
shot_2499,124897,777,15,108816,,3,Open Play,Right Foot,Outside Box,Blocked
shot_2500,124897,777,15,304123,23811,11,Open Play,Header,Inside Box,Blocked
shot_2501,124897,777,15,304123,,12,Open Play,Right Foot,Inside Box,Blocked
shot_2502,124897,777,15,304123,115172,12,Open Play,Header,Inside Box,Blocked
shot_2503,124897,777,9,14807,63289,13,Open Play,Right Foot,Inside Box,Goal
shot_2504,124897,777,15,108816,,15,Open Play,Right Foot,Inside Box,Goal
shot_2505,124897,777,15,50623,70249,17,Open Play,Left Foot,Outside Box,Missed
shot_2506,124897,777,15,50623,115172,19,Open Play,Left Foot,Inside Box,Saved
shot_2507,124897,777,15,304123,70249,36,Open Play,Header,Inside Box,Missed
shot_2508,124897,777,15,15259,23811,45+1',Open Play,Right Foot,Outside Box,Saved
shot_2509,124897,777,15,304123,50623,48,Open Play,Right Foot,Inside Box,Blocked
shot_2510,124897,777,9,63289,,53,Set Piece,Right Foot,Outside Box,Missed
shot_2511,124897,777,9,14807,,65,Set Piece,Header,Inside Box,Missed
shot_2512,124897,777,9,63289,,65,Open Play,Right Foot,Outside Box,Blocked
shot_2513,124897,777,15,15259,98300,68,Open Play,Header,Inside Box,Goal
shot_2514,124897,777,9,75543,,79,Open Play,Left Foot,Inside Box,Missed
shot_2515,124897,777,9,13797,,79,Open Play,Left Foot,Outside Box,Saved
shot_2516,124897,777,9,19731,13797,79,Open Play,Left Foot,Outside Box,Blocked
shot_2517,124897,777,9,13797,116888,80,Open Play,Right Foot,Outside Box,Missed
shot_2518,124897,777,9,9576,116888,85,Set Piece,Header,Inside Box,Missed
shot_2519,124897,777,15,51593,,90+1',Penalty,Right Foot,Inside Box,Goal
shot_2520,124897,777,15,98300,,90+2',Open Play,Right Foot,Inside Box,Blocked
shot_2521,124897,777,9,9576,33162,90+4',Open Play,Header,Inside Box,Saved
shot_2522,124898,777,1,15202,,16,Open Play,Right Foot,Outside Box,Saved
shot_2523,124898,777,1,15202,21584,18,Set Piece,Right Foot,Outside Box,Missed
shot_2524,124898,777,1,21584,,24,Open Play,Left Foot,Outside Box,Missed
shot_2525,124898,777,29,52989,124944,28,Open Play,Left Foot,Inside Box,Missed
shot_2526,124898,777,1,49481,,35,Open Play,Left Foot,Inside Box,Saved
shot_2527,124898,777,29,19864,51199,36,Set Piece,Right Foot,Inside Box,Goal
shot_2528,124898,777,1,66204,49481,45+3',Open Play,Right Foot,Inside Box,Missed
shot_2529,124898,777,29,51199,138104,45+9',Set Piece,Right Foot,Inside Box,Missed
shot_2530,124898,777,1,21584,50234,46,Open Play,Left Foot,Inside Box,Blocked
shot_2531,124898,777,29,52989,124944,49,Open Play,Right Foot,Inside Box,Blocked
shot_2532,124898,777,1,64523,15202,50,Open Play,Left Foot,Inside Box,Saved
shot_2533,124898,777,1,49481,64523,52,Open Play,Left Foot,Inside Box,Missed
shot_2534,124898,777,1,49481,19778,54,Open Play,Right Foot,Inside Box,Goal
shot_2535,124898,777,1,64523,20486,58,Open Play,Left Foot,Inside Box,Missed
shot_2536,124898,777,1,21584,,61,Open Play,Left Foot,Inside Box,Saved
shot_2537,124898,777,29,138104,25408,62,Open Play,Right Foot,Inside Box,Blocked
shot_2538,124898,777,1,21584,,65,Open Play,Right Foot,Inside Box,Blocked
shot_2539,124898,777,1,64523,,65,Open Play,Right Foot,Inside Box,Blocked
shot_2540,124898,777,1,20486,64523,74,Open Play,Right Foot,Outside Box,Goal
shot_2541,124898,777,1,15202,,90,Open Play,Right Foot,,Missed
shot_2542,124898,777,29,67784,,90+4',Open Play,Right Foot,Inside Box,Goal
shot_2543,124898,777,1,19778,,90+7',Open Play,Right Foot,Inside Box,Blocked
shot_2544,124898,777,1,69914,49481,90+7',Open Play,Header,Inside Box,Saved
shot_2545,124899,777,21,69274,,1,Open Play,Right Foot,Outside Box,Blocked
shot_2546,124899,777,21,24630,49374,16,Open Play,,Inside Box,Missed
shot_2547,124899,777,21,117318,,17,Open Play,Right Foot,Outside Box,Missed
shot_2548,124899,777,12,51202,69176,22,Open Play,Right Foot,Inside Box,Blocked
shot_2549,124899,777,12,66360,69176,32,Open Play,Header,Inside Box,Goal
shot_2550,124899,777,12,66360,146567,32,Open Play,Header,Inside Box,Missed
shot_2551,124899,777,21,66635,118579,54,Open Play,Right Foot,Inside Box,Saved
shot_2552,124899,777,21,19858,,56,Open Play,Right Foot,Inside Box,Saved
shot_2553,124899,777,12,23396,69176,70,Open Play,Right Foot,Inside Box,Missed
shot_2554,124899,777,21,24630,126824,82,Open Play,Right Foot,Outside Box,Blocked
shot_2555,124899,777,21,76614,126824,84,Open Play,Right Foot,Inside Box,Goal
shot_2556,124899,777,21,76614,118579,89,Open Play,Left Foot,Inside Box,Missed
shot_2557,124899,777,21,24630,118579,90+1',Set Piece,Header,Inside Box,Goal
shot_2558,124899,777,21,118579,,90+1',Open Play,Right Foot,Outside Box,Blocked
shot_2559,124899,777,12,20226,23396,90+6',Set Piece,Header,Inside Box,Goal
shot_2560,124900,777,25,8868,,9,Open Play,Left Foot,Outside Box,Blocked
shot_2561,124900,777,43,74960,10539,25,Open Play,Right Foot,Outside Box,Blocked
shot_2562,124900,777,43,74964,,27,Open Play,Left Foot,Outside Box,Blocked
shot_2563,124900,777,43,10539,124531,28,Open Play,Right Foot,Outside Box,Blocked
shot_2564,124900,777,43,74960,,28,Open Play,Right Foot,Inside Box,Blocked
shot_2565,124900,777,43,74960,50460,28,Open Play,Header,Inside Box,Blocked
shot_2566,124900,777,43,75735,,35,Open Play,Header,Inside Box,Goal
shot_2567,124900,777,25,8868,8454,37,Open Play,Left Foot,Outside Box,Blocked
shot_2568,124900,777,25,13522,66560,38,Open Play,Header,Inside Box,Blocked
shot_2569,124900,777,25,8454,119072,39,Open Play,Header,Inside Box,Blocked
shot_2570,124900,777,25,65961,66560,40,Open Play,Right Foot,Outside Box,Blocked
shot_2571,124900,777,25,8454,,44,Set Piece,Header,Inside Box,Goal
shot_2572,124900,777,25,65961,66560,44,Open Play,Right Foot,Inside Box,Blocked
shot_2573,124900,777,43,75735,50460,58,Open Play,Header,Inside Box,Missed
shot_2574,124900,777,25,55776,,68,Open Play,Right Foot,Outside Box,Blocked
shot_2575,124900,777,25,55776,63656,68,Open Play,Left Foot,Outside Box,Blocked
shot_2576,124900,777,43,74960,19831,69,Open Play,Header,Inside Box,Saved
shot_2577,124900,777,43,50460,127393,69,Open Play,Right Foot,Inside Box,Blocked
shot_2578,124900,777,43,63851,50460,72,Open Play,Right Foot,Outside Box,Blocked
shot_2579,124900,777,25,65961,119072,74,Open Play,Left Foot,Inside Box,Missed
shot_2580,124900,777,25,8868,119072,76,Open Play,Left Foot,Outside Box,Saved
shot_2581,124900,777,25,25183,,77,Set Piece,,Inside Box,Goal
shot_2582,124900,777,25,55776,,77,Open Play,Left Foot,Inside Box,Saved
shot_2583,124900,777,43,63851,3955,80,Open Play,Header,Inside Box,Saved
shot_2584,124900,777,25,13815,,87,Open Play,Right Foot,Inside Box,Goal
shot_2585,124900,777,25,25183,21912,87,Open Play,Right Foot,Outside Box,Saved
shot_2586,124900,777,43,15139,137462,90,Open Play,Header,Inside Box,Saved
shot_2587,124900,777,43,19831,,90+2',Open Play,Right Foot,Outside Box,Saved
shot_2588,124900,777,43,19831,,90+4',Set Piece,Right Foot,Outside Box,Missed
shot_2589,124900,777,43,68593,,90+6',Open Play,Right Foot,Outside Box,Saved
shot_2590,124900,777,43,10539,,90+7',Open Play,Right Foot,Inside Box,Goal
shot_2591,124901,777,1,15202,21584,3,Open Play,Right Foot,Inside Box,Saved
shot_2592,124901,777,1,67776,49481,4,Set Piece,Header,Inside Box,Missed
shot_2593,124901,777,1,19778,20486,9,Open Play,Left Foot,Inside Box,Blocked
shot_2594,124901,777,1,49481,,18,Set Piece,Left Foot,Outside Box,Missed
shot_2595,124901,777,1,67776,,30,Open Play,Right Foot,Inside Box,Missed
shot_2596,124901,777,1,49481,,33,Open Play,Left Foot,Outside Box,Saved
shot_2597,124901,777,1,20486,19778,36,Open Play,Left Foot,Inside Box,Goal
shot_2598,124901,777,1,21584,15202,41,Open Play,Right Foot,Inside Box,Goal
shot_2599,124901,777,1,21584,67776,46,Open Play,Left Foot,Inside Box,Goal
shot_2600,124901,777,1,64523,,51,Open Play,Right Foot,Outside Box,Blocked
shot_2601,124901,777,1,69914,15202,54,Set Piece,Header,Inside Box,Missed
shot_2602,124901,777,21,24630,19858,55,Open Play,Right Foot,,Goal
shot_2603,124901,777,1,21584,,63,Set Piece,Left Foot,Inside Box,Missed
shot_2604,124901,777,21,69274,118579,64,Open Play,Right Foot,Outside Box,Saved
shot_2605,124901,777,1,49481,64523,72,Open Play,Left Foot,Outside Box,Saved
shot_2606,124901,777,1,21584,,73,Set Piece,Left Foot,Outside Box,Missed
shot_2607,124901,777,1,67776,15202,74,Set Piece,Header,Inside Box,Missed
shot_2608,124901,777,1,21584,20486,76,Open Play,Right Foot,Inside Box,Goal
shot_2609,124901,777,1,21584,49481,79,Open Play,Left Foot,Inside Box,Saved
shot_2610,124901,777,21,69274,24630,80,Open Play,Right Foot,Outside Box,Missed
shot_2611,124902,777,25,8454,5748,12,Set Piece,Right Foot,Outside Box,Goal
shot_2612,124902,777,127,137832,13706,21,Open Play,Right Foot,Inside Box,Missed
shot_2613,124902,777,127,137832,13706,26,Open Play,Header,Inside Box,Saved
shot_2614,124902,777,127,13706,137832,27,Open Play,Left Foot,Inside Box,Missed
shot_2615,124902,777,25,8454,,30,Open Play,Right Foot,Inside Box,Missed
shot_2616,124902,777,25,8868,146354,30,Open Play,Left Foot,Inside Box,Blocked
shot_2617,124902,777,25,8454,63656,35,Set Piece,Left Foot,Inside Box,Goal
shot_2618,124902,777,127,13706,10766,45+2',Open Play,Header,Inside Box,Missed
shot_2619,124902,777,127,13706,74965,45+3',Open Play,Header,Inside Box,Missed
shot_2620,124902,777,127,137832,,45+3',Open Play,Right Foot,Outside Box,Blocked
shot_2621,124902,777,127,74976,74965,45+3',Open Play,Right Foot,Inside Box,Saved
shot_2622,124902,777,25,8868,14164,51,Open Play,Header,Inside Box,Missed
shot_2623,124902,777,127,15572,137832,60,Open Play,Left Foot,Inside Box,Saved
shot_2624,124902,777,127,33032,15572,61,Open Play,Left Foot,Inside Box,Missed
shot_2625,124902,777,127,118080,,63,Open Play,Header,Inside Box,Blocked
shot_2626,124902,777,127,15572,,63,Open Play,Left Foot,Inside Box,Blocked
shot_2627,124902,777,127,118080,,63,Open Play,Left Foot,Inside Box,Blocked
shot_2628,124902,777,127,14846,,69,Penalty,Left Foot,Inside Box,Goal
shot_2629,124902,777,127,33032,10766,71,Open Play,Header,Inside Box,Missed
shot_2630,124902,777,127,33032,54989,76,Open Play,Header,Inside Box,Missed
shot_2631,124902,777,127,137832,,77,Open Play,Right Foot,Inside Box,Saved
shot_2632,124902,777,127,33032,74965,80,Open Play,Header,Inside Box,Missed
shot_2633,124902,777,127,16582,54989,81,Open Play,Left Foot,Inside Box,Goal
shot_2634,124902,777,127,14846,,84,Set Piece,Left Foot,Inside Box,Missed
shot_2635,124902,777,127,33032,,84,Open Play,Left Foot,Inside Box,Saved
shot_2636,124902,777,127,16582,,87,Open Play,Left Foot,Inside Box,Saved
shot_2637,124902,777,127,15572,10766,87,Open Play,Left Foot,Outside Box,Blocked
shot_2638,124902,777,127,118080,54989,87,Open Play,Right Foot,Inside Box,Saved
shot_2639,124902,777,127,15572,14846,88,Open Play,Left Foot,Outside Box,Missed
shot_2640,124902,777,127,14846,10766,90,Open Play,Left Foot,Outside Box,Blocked
shot_2641,124902,777,127,33032,74965,90+1',Open Play,Header,Inside Box,Saved
shot_2642,124902,777,127,54989,10766,90+1',Open Play,Left Foot,Outside Box,Blocked
shot_2643,124902,777,127,10766,,90+4',Open Play,Right Foot,Outside Box,Missed
shot_2644,124903,777,130,128891,,3,Set Piece,Right Foot,Outside Box,Missed
shot_2645,124903,777,131,72239,136175,9,Open Play,Right Foot,Inside Box,Saved
shot_2646,124903,777,131,51830,136175,10,Set Piece,Header,Inside Box,Missed
shot_2647,124903,777,130,65987,49731,15,Open Play,Header,Inside Box,Blocked
shot_2648,124903,777,131,3452,134333,20,Open Play,Right Foot,Inside Box,Missed
shot_2649,124903,777,131,143240,51830,23,Open Play,Right Foot,Outside Box,Missed
shot_2650,124903,777,131,51830,124396,25,Open Play,Left Foot,Outside Box,Saved
shot_2651,124903,777,130,124052,,29,Penalty,Right Foot,Inside Box,Goal
shot_2652,124903,777,131,136175,,31,Open Play,Left Foot,Inside Box,Missed
shot_2653,124903,777,130,128891,,32,Set Piece,Right Foot,Outside Box,Missed
shot_2654,124903,777,131,3452,,37,Set Piece,Right Foot,Outside Box,Missed
shot_2655,124903,777,131,124396,,45+4',Open Play,Right Foot,Outside Box,Missed
shot_2656,124903,777,131,3452,136175,56,Open Play,Right Foot,Inside Box,Missed
shot_2657,124903,777,130,24369,,65,Open Play,Right Foot,Outside Box,Saved
shot_2658,124903,777,131,136175,67928,68,Open Play,Left Foot,,Saved
shot_2659,124903,777,131,3452,136175,71,Open Play,Left Foot,Inside Box,Goal
shot_2660,124903,777,131,50727,,73,Open Play,Right Foot,Outside Box,Missed
shot_2661,124903,777,130,133460,124052,75,Open Play,Right Foot,Inside Box,Saved
shot_2662,124903,777,130,124052,3712,81,Set Piece,Header,Inside Box,Missed
shot_2663,124903,777,131,112739,,84,Open Play,Right Foot,Outside Box,Goal
shot_2664,124903,777,131,136175,112739,84,Open Play,Left Foot,Inside Box,Blocked
shot_2665,124903,777,130,127594,133460,86,Open Play,Header,Inside Box,Missed
shot_2666,124903,777,130,124052,,90+4',Penalty,Right Foot,Inside Box,Saved
shot_2667,124903,777,130,133460,127594,90+7',Open Play,Right Foot,Inside Box,Missed
shot_2668,124904,777,43,74964,50460,7,Open Play,Left Foot,Inside Box,Blocked
shot_2669,124904,777,4,51813,,9,Open Play,Right Foot,Outside Box,Missed
shot_2670,124904,777,43,127393,3955,11,Open Play,Header,Inside Box,Missed
shot_2671,124904,777,43,50460,75735,11,Open Play,Right Foot,Inside Box,Blocked
shot_2672,124904,777,43,50460,74964,12,Open Play,Left Foot,Inside Box,Blocked
shot_2673,124904,777,4,21998,63741,17,Open Play,Left Foot,Outside Box,Blocked
shot_2674,124904,777,43,74964,127393,20,Open Play,Left Foot,Outside Box,Saved
shot_2675,124904,777,4,14575,,31,Open Play,Right Foot,Outside Box,Saved
shot_2676,124904,777,4,27277,,36,Set Piece,Left Foot,Inside Box,Missed
shot_2677,124904,777,4,21998,68583,37,Open Play,Header,Inside Box,Goal
shot_2678,124904,777,43,75735,50460,39,Open Play,Left Foot,Outside Box,Missed
shot_2679,124904,777,4,51813,27277,45+2',Open Play,Right Foot,Inside Box,Blocked
shot_2680,124904,777,4,72371,21998,45+3',Set Piece,Header,Inside Box,Missed
shot_2681,124904,777,4,72371,63741,47,Open Play,Left Foot,Outside Box,Missed
shot_2682,124904,777,4,27277,68583,54,Open Play,Left Foot,Inside Box,Blocked
shot_2683,124904,777,4,68583,133245,58,Open Play,Right Foot,Inside Box,Blocked
shot_2684,124904,777,4,63741,,59,Open Play,Left Foot,Inside Box,Blocked
shot_2685,124904,777,4,21998,63741,63,Open Play,Right Foot,Inside Box,Saved
shot_2686,124904,777,43,75735,127393,69,Set Piece,Left Foot,Inside Box,Missed
shot_2687,124904,777,4,133245,72371,75,Open Play,Right Foot,Outside Box,Missed
shot_2688,124904,777,4,68827,21998,77,Open Play,Right Foot,Inside Box,Saved
shot_2689,124904,777,4,63741,130068,88,Open Play,Right Foot,Inside Box,Goal
shot_2690,124904,777,43,31442,68593,90+6',Open Play,Right Foot,Inside Box,Saved
shot_2691,124905,777,34,4717,11071,11,Open Play,Right Foot,Inside Box,Saved
shot_2692,124905,777,34,11071,,17,Open Play,Right Foot,Inside Box,Blocked
shot_2693,124905,777,34,13961,21614,21,Open Play,Left Foot,Inside Box,Missed
shot_2694,124905,777,34,121610,21614,23,Open Play,Right Foot,Outside Box,Saved
shot_2695,124905,777,34,121610,21614,26,Open Play,Header,Inside Box,Saved
shot_2696,124905,777,34,13961,128976,29,Open Play,Left Foot,Inside Box,Blocked
shot_2697,124905,777,34,21614,23793,30,Open Play,Right Foot,Outside Box,Saved
shot_2698,124905,777,34,121610,23793,33,Set Piece,Right Foot,Inside Box,Missed
shot_2699,124905,777,34,26151,23793,37,Open Play,Right Foot,Outside Box,Missed
shot_2700,124905,777,29,10394,122126,39,Open Play,Left Foot,Inside Box,Saved
shot_2701,124905,777,34,128976,11071,40,Open Play,Right Foot,Inside Box,Missed
shot_2702,124905,777,34,11071,121610,40,Open Play,Header,Inside Box,Missed
shot_2703,124905,777,29,138104,75692,46,Open Play,Right Foot,Inside Box,Missed
shot_2704,124905,777,34,128976,,56,Open Play,Right Foot,,Missed
shot_2705,124905,777,29,52989,138104,59,Open Play,Right Foot,Inside Box,Blocked
shot_2706,124905,777,34,4717,,67,Set Piece,Right Foot,Outside Box,Missed
shot_2707,124905,777,34,13961,14656,68,Open Play,Left Foot,Inside Box,Missed
shot_2708,124905,777,34,11071,,72,Open Play,Right Foot,Outside Box,Blocked
shot_2709,124905,777,29,12136,138104,72,Open Play,Header,,Saved
shot_2710,124905,777,34,14445,4880,74,Open Play,Left Foot,Inside Box,Missed
shot_2711,124905,777,34,11071,,78,Open Play,Header,Inside Box,Missed
shot_2712,124905,777,34,14656,53063,79,Open Play,Left Foot,,Missed
shot_2713,124905,777,34,14656,53063,79,Open Play,Right Foot,Inside Box,Blocked
shot_2714,124905,777,34,13961,14445,82,Open Play,Left Foot,Inside Box,Blocked
shot_2715,124905,777,34,26151,13961,83,Set Piece,Header,Inside Box,Missed
shot_2716,124905,777,34,11071,53063,84,Open Play,Right Foot,Inside Box,Goal
shot_2717,124905,777,34,11071,53063,86,Open Play,Right Foot,Inside Box,Blocked
shot_2718,124905,777,34,14445,53063,90+2',Open Play,Left Foot,Inside Box,Missed
shot_2719,124906,777,9,14807,,8,Set Piece,Left Foot,Inside Box,Goal
shot_2720,124906,777,9,116888,75543,8,Open Play,,Inside Box,Blocked
shot_2721,124906,777,9,75543,14897,8,Set Piece,Left Foot,Inside Box,Missed
shot_2722,124906,777,2,5865,51423,12,Open Play,Right Foot,Outside Box,Blocked
shot_2723,124906,777,2,26408,,14,Set Piece,Right Foot,Outside Box,Missed
shot_2724,124906,777,9,63289,14807,24,Open Play,Right Foot,Inside Box,Missed
shot_2725,124906,777,2,8658,13344,27,Open Play,Header,Inside Box,Missed
shot_2726,124906,777,9,63289,13796,39,Open Play,Right Foot,Inside Box,Saved
shot_2727,124906,777,2,13344,25067,44,Open Play,Left Foot,Inside Box,Missed
shot_2728,124906,777,2,8658,25067,45+1',Open Play,Right Foot,Outside Box,Missed
shot_2729,124906,777,2,23968,8658,45+1',Open Play,Right Foot,Outside Box,Blocked
shot_2730,124906,777,2,23968,14456,48,Open Play,Left Foot,Inside Box,Goal
shot_2731,124906,777,9,14897,,49,Open Play,Right Foot,Inside Box,Missed
shot_2732,124906,777,9,63289,126426,50,Open Play,Left Foot,Outside Box,Blocked
shot_2733,124906,777,2,8658,23968,55,Open Play,Right Foot,Inside Box,Saved
shot_2734,124906,777,2,51223,13344,57,Open Play,Left Foot,Inside Box,Blocked
shot_2735,124906,777,2,51423,14456,68,Open Play,Left Foot,Inside Box,Missed
shot_2736,124906,777,2,14456,5865,70,Open Play,Left Foot,Inside Box,Missed
shot_2737,124906,777,2,5865,23968,70,Open Play,Right Foot,Outside Box,Blocked
shot_2738,124906,777,9,9576,13797,72,Open Play,Right Foot,Outside Box,Blocked
shot_2739,124906,777,2,23968,,75,Set Piece,Right Foot,,Goal
shot_2740,124906,777,9,13797,13796,77,Open Play,Right Foot,Inside Box,Saved
shot_2741,124906,777,2,14456,5865,84,Open Play,Right Foot,Inside Box,Missed
shot_2742,124906,777,9,9576,14608,86,Open Play,Header,Inside Box,Missed
shot_2743,124906,777,9,33124,14897,88,Open Play,Header,Inside Box,Saved
shot_2744,124906,777,9,13797,19731,90+1',Open Play,Left Foot,Outside Box,Missed
shot_2745,124906,777,9,50643,19731,90+4',Open Play,Left Foot,Outside Box,Blocked
shot_2746,124906,777,9,13797,68676,90+6',Open Play,Right Foot,Outside Box,Blocked
shot_2747,124907,777,15,115172,,4,Set Piece,Right Foot,Outside Box,Missed
shot_2748,124907,777,15,139648,,4,Open Play,Left Foot,Outside Box,Blocked
shot_2749,124907,777,10,63633,116665,8,Open Play,Left Foot,Inside Box,Blocked
shot_2750,124907,777,10,63633,,8,Open Play,Right Foot,Inside Box,Blocked
shot_2751,124907,777,10,5140,33231,12,Open Play,Header,Inside Box,Blocked
shot_2752,124907,777,10,116665,5178,16,Open Play,Right Foot,Inside Box,Missed
shot_2753,124907,777,10,32894,,24,Open Play,Left Foot,Inside Box,Blocked
shot_2754,124907,777,10,23815,33231,25,Set Piece,Left Foot,Outside Box,Missed
shot_2755,124907,777,15,139648,51593,26,Open Play,Left Foot,Outside Box,Saved
shot_2756,124907,777,10,33231,21737,30,Open Play,Left Foot,Outside Box,Blocked
shot_2757,124907,777,10,32894,5140,30,Open Play,Right Foot,Inside Box,Blocked
shot_2758,124907,777,15,139648,,33,Set Piece,Left Foot,Inside Box,Goal
shot_2759,124907,777,10,63633,33231,42,Open Play,Header,Inside Box,Saved
shot_2760,124907,777,10,5178,,45,Open Play,Left Foot,Inside Box,Saved
shot_2761,124907,777,15,70249,23811,46,Open Play,Right Foot,Inside Box,Goal
shot_2762,124907,777,10,63633,116665,48,Open Play,Header,Inside Box,Missed
shot_2763,124907,777,15,304123,51593,53,Set Piece,Header,Inside Box,Missed
shot_2764,124907,777,10,5178,5140,60,Open Play,Left Foot,Inside Box,Blocked
shot_2765,124907,777,10,5178,33231,63,Open Play,Left Foot,Inside Box,Missed
shot_2766,124907,777,10,21737,5178,64,Open Play,Right Foot,Inside Box,Missed
shot_2767,124907,777,15,51593,,64,Open Play,Right Foot,Outside Box,Saved
shot_2768,124907,777,15,50623,16723,64,Open Play,Right Foot,Inside Box,Blocked
shot_2769,124907,777,15,51593,,67,Open Play,Right Foot,Outside Box,Blocked
shot_2770,124907,777,15,15259,,72,Open Play,Right Foot,Outside Box,Blocked
shot_2771,124907,777,15,304123,51593,76,Open Play,Header,Inside Box,Saved
shot_2772,124907,777,15,15259,,78,Set Piece,Left Foot,Inside Box,Goal
shot_2773,124907,777,15,98300,139648,78,Open Play,Left Foot,Inside Box,Saved
shot_2774,124907,777,10,33231,63633,78,Open Play,Right Foot,Outside Box,Saved
shot_2775,124907,777,10,15802,81542,82,Open Play,Right Foot,Inside Box,Missed
shot_2776,124907,777,10,63633,134796,82,Open Play,Left Foot,Outside Box,Blocked
shot_2777,124907,777,10,32894,33231,84,Open Play,Header,Inside Box,Missed
shot_2778,124907,777,10,5178,32894,84,Open Play,Left Foot,Outside Box,Blocked
shot_2779,124907,777,15,98300,,87,Open Play,Right Foot,Inside Box,Missed
shot_2780,124907,777,15,98300,23702,90+1',Open Play,Right Foot,Inside Box,Blocked
shot_2781,124907,777,10,15802,10458,90+3',Open Play,Header,Inside Box,Missed
shot_2782,124907,777,10,15802,5178,90+5',Open Play,Right Foot,Inside Box,Blocked
shot_2783,124908,777,7,31936,14706,9,Open Play,Left Foot,Outside Box,Missed
shot_2784,124908,777,12,23396,,13,Open Play,Right Foot,Inside Box,Missed
shot_2785,124908,777,7,4333,8143,18,Open Play,Header,Inside Box,Blocked
shot_2786,124908,777,12,69176,5793,22,Open Play,Left Foot,Outside Box,Blocked
shot_2787,124908,777,7,14706,23841,29,Open Play,Right Foot,Inside Box,Goal
shot_2788,124908,777,12,69176,4608,31,Open Play,Right Foot,Outside Box,Saved
shot_2789,124908,777,12,146567,50848,33,Open Play,Left Foot,Inside Box,Missed
shot_2790,124908,777,12,69176,146567,42,Open Play,Right Foot,Inside Box,Missed
shot_2791,124908,777,12,23396,118591,45,Open Play,Right Foot,Outside Box,Saved
shot_2792,124908,777,12,23396,4608,45,Open Play,Right Foot,Inside Box,Blocked
shot_2793,124908,777,12,20226,23396,45+1',Set Piece,Header,Inside Box,Missed
shot_2794,124908,777,12,5793,50848,47,Open Play,Right Foot,Outside Box,Blocked
shot_2795,124908,777,12,14580,,51,Open Play,Right Foot,Inside Box,Blocked
shot_2796,124908,777,12,14580,69176,52,Open Play,Header,Inside Box,Missed
shot_2797,124908,777,12,5793,,54,Open Play,Right Foot,Outside Box,Missed
shot_2798,124908,777,12,66360,69176,56,Open Play,Left Foot,Outside Box,Blocked
shot_2799,124908,777,12,14580,24252,63,Open Play,Right Foot,Inside Box,Missed
shot_2800,124908,777,12,66360,,63,Open Play,Left Foot,Outside Box,Saved
shot_2801,124908,777,12,69176,118591,64,Open Play,Right Foot,,Missed
shot_2802,124908,777,12,66360,69176,68,Open Play,Left Foot,Inside Box,Missed
shot_2803,124908,777,12,23396,14580,71,Open Play,Right Foot,Inside Box,Missed
shot_2804,124908,777,12,50848,4608,80,Open Play,Header,Inside Box,Saved
shot_2805,124908,777,12,23396,69176,81,Set Piece,Right Foot,Outside Box,Missed
shot_2806,124908,777,12,50848,108936,86,Open Play,Header,Inside Box,Missed
shot_2807,124908,777,12,50848,20226,89,Open Play,Header,Inside Box,Saved
shot_2808,124908,777,12,20226,,90+2',Open Play,Right Foot,Inside Box,Saved
shot_2809,124908,777,12,69176,23396,90+2',Open Play,Left Foot,Inside Box,Blocked
shot_2810,124908,777,12,20226,66360,90+3',Open Play,Right Foot,Inside Box,Blocked
shot_2811,124909,777,23,14716,,1,Open Play,Right Foot,Inside Box,Saved
shot_2812,124909,777,11,65970,54156,3,Open Play,Left Foot,Outside Box,Missed
shot_2813,124909,777,11,68150,,8,Open Play,Right Foot,Inside Box,Saved
shot_2814,124909,777,23,115256,9662,13,Open Play,Header,Inside Box,Saved
shot_2815,124909,777,11,14805,54156,17,Open Play,Left Foot,Inside Box,Missed
shot_2816,124909,777,11,65970,54156,17,Open Play,Left Foot,Inside Box,Blocked
shot_2817,124909,777,11,54156,5067,21,Open Play,Right Foot,Inside Box,Blocked
shot_2818,124909,777,23,115256,14716,26,Open Play,Right Foot,Outside Box,Saved
shot_2819,124909,777,23,14716,9662,31,Open Play,Left Foot,Inside Box,Missed
shot_2820,124909,777,11,68150,,34,Set Piece,Right Foot,Outside Box,Missed
shot_2821,124909,777,11,65970,112948,35,Open Play,Left Foot,Inside Box,Saved
shot_2822,124909,777,11,14805,68150,42,Open Play,Left Foot,Inside Box,Missed
shot_2823,124909,777,11,65970,54156,44,Open Play,Right Foot,Inside Box,Missed
shot_2824,124909,777,11,5067,68150,49,Open Play,Left Foot,Inside Box,Missed
shot_2825,124909,777,11,65970,14805,59,Open Play,Header,Inside Box,Saved
shot_2826,124909,777,11,14805,68150,63,Open Play,Left Foot,Outside Box,Missed
shot_2827,124909,777,23,14716,74761,64,Open Play,Right Foot,Outside Box,Goal
shot_2828,124909,777,11,16431,,68,Set Piece,Right Foot,Inside Box,Goal
shot_2829,124909,777,23,115256,71623,69,Open Play,Header,Inside Box,Blocked
shot_2830,124909,777,23,14716,,70,Set Piece,Right Foot,Inside Box,Goal
shot_2831,124909,777,23,74761,115256,70,Set Piece,Header,Inside Box,Hit the Woodwork
shot_2832,124909,777,23,115256,9662,70,Set Piece,Header,Inside Box,Missed
shot_2833,124909,777,11,66657,76204,83,Open Play,Left Foot,Inside Box,Blocked
shot_2834,124909,777,11,126943,,86,Set Piece,Left Foot,Inside Box,Missed
shot_2835,124909,777,11,76216,66657,90+2',Open Play,Right Foot,Inside Box,Blocked
shot_2836,124909,777,11,112948,16431,90+8',Open Play,Header,Inside Box,Missed
shot_2837,124910,777,38,35670,136815,10,Open Play,Left Foot,Outside Box,Missed
shot_2838,124910,777,6,20874,109117,16,Open Play,Right Foot,Outside Box,Missed
shot_2839,124910,777,6,49759,,21,Open Play,Right Foot,Inside Box,Saved
shot_2840,124910,777,38,108877,,26,Set Piece,Right Foot,Inside Box,Missed
shot_2841,124910,777,38,133679,,26,Open Play,Right Foot,Outside Box,Saved
shot_2842,124910,777,6,109117,49796,31,Open Play,Left Foot,Inside Box,Blocked
shot_2843,124910,777,38,76310,115371,48,Set Piece,Right Foot,Inside Box,Missed
shot_2844,124910,777,38,136815,,48,Open Play,Left Foot,Inside Box,Blocked
shot_2845,124910,777,38,115371,35670,58,Open Play,Right Foot,,Missed
shot_2846,124910,777,6,49796,109117,58,Open Play,Left Foot,Inside Box,Missed
shot_2847,124910,777,6,76353,76104,63,Set Piece,Right Foot,Inside Box,Goal
shot_2848,124910,777,6,69595,109117,63,Open Play,Left Foot,Outside Box,Blocked
shot_2849,124910,777,6,109117,69595,69,Open Play,Right Foot,Outside Box,Goal
shot_2850,124910,777,6,76353,109117,74,Open Play,Right Foot,Inside Box,Blocked
shot_2851,124910,777,38,143218,136815,76,Open Play,Left Foot,Inside Box,Missed
shot_2852,124910,777,6,49796,14451,77,Open Play,Right Foot,Outside Box,Saved
shot_2853,124910,777,38,20337,126108,80,Open Play,Right Foot,Inside Box,Blocked
shot_2854,124910,777,6,14451,69595,89,Set Piece,Right Foot,Inside Box,Missed
shot_2855,124911,777,2,14456,,1,Open Play,Right Foot,Inside Box,Blocked
shot_2856,124911,777,2,21529,,3,Set Piece,Right Foot,Inside Box,Missed
shot_2857,124911,777,38,143218,136815,10,Open Play,Right Foot,Inside Box,Blocked
shot_2858,124911,777,2,13344,51423,19,Open Play,Right Foot,Inside Box,Saved
shot_2859,124911,777,2,5865,51423,20,Open Play,Right Foot,Outside Box,Saved
shot_2860,124911,777,2,5865,5758,21,Set Piece,Header,Inside Box,Missed
shot_2861,124911,777,2,23968,26408,23,Open Play,Right Foot,Outside Box,Missed
shot_2862,124911,777,2,14456,5865,33,Set Piece,Right Foot,Inside Box,Missed
shot_2863,124911,777,2,5865,5758,38,Open Play,Right Foot,,Saved
shot_2864,124911,777,38,126108,92635,41,Open Play,Right Foot,Outside Box,Missed
shot_2865,124911,777,38,115114,,45+1',Open Play,Right Foot,,Blocked
shot_2866,124911,777,38,143218,115114,45+1',Open Play,Right Foot,Inside Box,Blocked
shot_2867,124911,777,38,115114,143214,45+1',Open Play,Header,Inside Box,Saved
shot_2868,124911,777,38,35670,111988,45+1',Open Play,Right Foot,Inside Box,Saved
shot_2869,124911,777,2,14456,5865,51,Open Play,Right Foot,Inside Box,Blocked
shot_2870,124911,777,2,23968,13274,57,Open Play,Left Foot,Outside Box,Missed
shot_2871,124911,777,2,25067,51423,67,Open Play,Left Foot,Outside Box,Goal
shot_2872,124911,777,2,14456,8658,70,Open Play,Left Foot,Inside Box,Saved
shot_2873,124911,777,2,14456,51423,70,Open Play,Right Foot,Inside Box,Blocked
shot_2874,124911,777,38,110203,143214,73,Set Piece,Header,Inside Box,Missed
shot_2875,124911,777,2,51423,13274,74,Open Play,Left Foot,Outside Box,Blocked
shot_2876,124911,777,2,5758,,84,Set Piece,Left Foot,Outside Box,Missed
shot_2877,124911,777,38,133679,,90+6',Open Play,Right Foot,Inside Box,Saved
shot_2878,124911,777,2,23968,14801,90+7',Open Play,Right Foot,Inside Box,Saved
shot_2879,124911,777,38,145492,111988,90+7',Open Play,Right Foot,Outside Box,Saved
shot_2880,124912,777,130,49731,127594,11,Open Play,Right Foot,Outside Box,Saved
shot_2881,124912,777,130,24659,133890,14,Set Piece,Header,Inside Box,Missed
shot_2882,124912,777,130,124052,49731,19,Open Play,Left Foot,Inside Box,Missed
shot_2883,124912,777,130,49731,133890,21,Open Play,Right Foot,Outside Box,Missed
shot_2884,124912,777,43,68593,,33,Open Play,Right Foot,Outside Box,Blocked
shot_2885,124912,777,43,75735,127393,42,Open Play,Left Foot,Outside Box,Saved
shot_2886,124912,777,43,68593,,44,Open Play,Right Foot,Outside Box,Blocked
shot_2887,124912,777,130,115166,,49,Open Play,Right Foot,Inside Box,Missed
shot_2888,124912,777,130,133890,133460,52,Open Play,Header,Inside Box,Missed
shot_2889,124912,777,130,49731,24659,55,Open Play,Left Foot,Outside Box,Blocked
shot_2890,124912,777,130,124052,,55,Open Play,Header,Inside Box,Missed
shot_2891,124912,777,130,24659,65987,56,Set Piece,Header,Inside Box,Missed
shot_2892,124912,777,130,65987,49731,56,Set Piece,Header,Inside Box,Missed
shot_2893,124912,777,43,127393,,58,Open Play,Left Foot,Outside Box,Missed
shot_2894,124912,777,130,133890,127594,66,Open Play,Header,Inside Box,Missed
shot_2895,124912,777,130,124052,,81,Penalty,Right Foot,Inside Box,Goal
shot_2896,124912,777,43,75735,,85,Penalty,Right Foot,Inside Box,Goal
shot_2897,124912,777,130,124052,,86,Open Play,Left Foot,Inside Box,Goal
shot_2898,124912,777,43,75735,8127,88,Open Play,Header,Inside Box,Blocked
shot_2899,124912,777,130,133890,3712,90+2',Open Play,Left Foot,Inside Box,Goal
shot_2900,124913,777,1,49481,21584,13,Open Play,Right Foot,Inside Box,Saved
shot_2901,124913,777,4,21998,304474,16,Open Play,Right Foot,Inside Box,Blocked
shot_2902,124913,777,4,304474,,18,Open Play,Right Foot,Inside Box,Missed
shot_2903,124913,777,4,304474,68827,19,Open Play,Left Foot,Outside Box,Missed
shot_2904,124913,777,4,63741,304474,32,Open Play,Right Foot,Outside Box,Saved
shot_2905,124913,777,4,14571,304474,45+1',Open Play,Right Foot,Outside Box,Blocked
shot_2906,124913,777,1,66104,15202,45+1',Open Play,Right Foot,Outside Box,Saved
shot_2907,124913,777,4,72371,14571,47,Open Play,Header,Inside Box,Saved
shot_2908,124913,777,4,14575,14571,48,Set Piece,Header,Inside Box,Goal
shot_2909,124913,777,1,49481,64523,50,Open Play,Left Foot,Outside Box,Blocked
shot_2910,124913,777,1,19778,49481,59,Open Play,Header,Inside Box,Goal
shot_2911,124913,777,4,21998,27277,71,Open Play,,Inside Box,Missed
shot_2912,124913,777,4,51813,27277,78,Open Play,Right Foot,Outside Box,Saved
shot_2913,124913,777,4,66284,63741,78,Set Piece,Right Foot,Inside Box,Missed
shot_2914,124913,777,1,49481,11419,79,Open Play,Right Foot,Inside Box,Missed
shot_2915,124913,777,4,21998,14538,87,Open Play,Left Foot,Outside Box,Missed
shot_2916,124913,777,1,19778,32728,88,Open Play,Left Foot,Inside Box,Saved
shot_2917,124913,777,1,19778,49481,90+4',Open Play,Header,Inside Box,Missed
shot_2918,124913,777,1,67776,118077,90+4',Open Play,Header,Inside Box,Missed
shot_2919,124914,777,12,5793,,1,Open Play,Left Foot,Inside Box,Saved
shot_2920,124914,777,12,66360,,1,Open Play,Left Foot,Inside Box,Saved
shot_2921,124914,777,12,20226,23396,7,Set Piece,Header,Inside Box,Missed
shot_2922,124914,777,6,20874,69595,8,Open Play,Right Foot,Inside Box,Missed
shot_2923,124914,777,12,5793,23396,10,Set Piece,Header,Inside Box,Missed
shot_2924,124914,777,6,69595,,13,Open Play,Right Foot,Inside Box,Saved
shot_2925,124914,777,6,20874,,15,Open Play,Right Foot,Inside Box,Missed
shot_2926,124914,777,6,50842,109117,20,Set Piece,Header,Inside Box,Missed
shot_2927,124914,777,6,76104,109117,21,Set Piece,Header,Inside Box,Missed
shot_2928,124914,777,6,49759,49796,24,Open Play,Right Foot,Inside Box,Saved
shot_2929,124914,777,6,109117,,26,Open Play,Right Foot,Inside Box,Blocked
shot_2930,124914,777,6,20874,,36,Penalty,Right Foot,Inside Box,Goal
shot_2931,124914,777,12,24252,,41,Set Piece,Right Foot,Inside Box,Missed
shot_2932,124914,777,12,23396,69176,42,Open Play,Right Foot,Outside Box,Missed
shot_2933,124914,777,6,14451,109117,45+3',Open Play,Right Foot,Inside Box,Blocked
shot_2934,124914,777,12,5793,69176,47,Open Play,Right Foot,Outside Box,Saved
shot_2935,124914,777,12,50848,23396,54,Set Piece,Left Foot,,Goal
shot_2936,124914,777,6,14451,,57,Open Play,Right Foot,Outside Box,Blocked
shot_2937,124914,777,6,20874,14451,61,Open Play,Left Foot,Outside Box,Missed
shot_2938,124914,777,12,14580,23396,63,Set Piece,Right Foot,Outside Box,Goal
shot_2939,124914,777,12,69176,14580,65,Open Play,Left Foot,Outside Box,Missed
shot_2940,124914,777,6,14451,14569,69,Open Play,Header,Inside Box,Missed
shot_2941,124914,777,12,24252,,76,Set Piece,Right Foot,Outside Box,Missed
shot_2942,124914,777,12,66360,50848,77,Open Play,Right Foot,Inside Box,Saved
shot_2943,124914,777,12,14580,,82,Open Play,Left Foot,Inside Box,Missed
shot_2944,124914,777,12,66360,33245,84,Open Play,Left Foot,Outside Box,Missed
shot_2945,124914,777,6,14451,50842,90+2',Open Play,Right Foot,Inside Box,Blocked
shot_2946,124914,777,6,138981,,90+6',Open Play,Left Foot,Outside Box,Blocked
shot_2947,124915,777,23,124462,117647,1,Set Piece,Header,Inside Box,Goal
shot_2948,124915,777,23,49259,115256,1,Open Play,Right Foot,Outside Box,Saved
shot_2949,124915,777,23,14716,8707,8,Open Play,Left Foot,Inside Box,Blocked
shot_2950,124915,777,7,143922,14706,11,Set Piece,Header,Inside Box,Missed
shot_2951,124915,777,7,4333,8143,11,Open Play,Right Foot,Outside Box,Blocked
shot_2952,124915,777,7,23841,,13,Open Play,Right Foot,Inside Box,Missed
shot_2953,124915,777,7,14706,4260,13,Open Play,Left Foot,Inside Box,Blocked
shot_2954,124915,777,23,117647,8707,25,Open Play,Left Foot,Inside Box,Goal
shot_2955,124915,777,23,49495,,25,Open Play,Right Foot,Inside Box,Missed
shot_2956,124915,777,23,108922,49495,29,Open Play,Left Foot,Outside Box,Blocked
shot_2957,124915,777,23,115256,49259,45,Open Play,Right Foot,Inside Box,Goal
shot_2958,124915,777,7,31936,143922,51,Open Play,Left Foot,Outside Box,Saved
shot_2959,124915,777,7,133612,,53,Set Piece,Right Foot,Inside Box,Hit the Woodwork
shot_2960,124915,777,23,14716,108922,57,Open Play,Right Foot,Inside Box,Saved
shot_2961,124915,777,23,124462,108922,58,Set Piece,Header,Inside Box,Goal
shot_2962,124915,777,23,115256,,58,Open Play,Left Foot,Inside Box,Blocked
shot_2963,124915,777,23,8707,117647,58,Open Play,Header,Inside Box,Blocked
shot_2964,124915,777,7,14706,8143,70,Open Play,Left Foot,Inside Box,Goal
shot_2965,124915,777,7,143922,31936,71,Open Play,Header,Inside Box,Missed
shot_2966,124915,777,23,20607,19888,76,Open Play,Right Foot,Outside Box,Blocked
shot_2967,124915,777,23,19888,14446,79,Open Play,Left Foot,Inside Box,Saved
shot_2968,124915,777,7,133612,,84,Set Piece,Right Foot,Inside Box,Missed
shot_2969,124915,777,7,14706,112917,90+6',Open Play,Left Foot,Outside Box,Missed
shot_2970,124916,777,11,14805,76204,1,Open Play,Left Foot,Inside Box,Goal
shot_2971,124916,777,9,33124,,9,Set Piece,Header,Inside Box,Missed
shot_2972,124916,777,11,67178,14805,20,Set Piece,Left Foot,Inside Box,Missed
shot_2973,124916,777,11,67849,,20,Open Play,Right Foot,Inside Box,Blocked
shot_2974,124916,777,11,14805,112948,20,Open Play,Left Foot,Inside Box,Blocked
shot_2975,124916,777,11,16431,65970,22,Open Play,Left Foot,Outside Box,Missed
shot_2976,124916,777,11,14805,112948,24,Open Play,Left Foot,Inside Box,Saved
shot_2977,124916,777,11,67178,112948,25,Set Piece,Right Foot,Inside Box,Goal
shot_2978,124916,777,11,112948,26335,25,Open Play,Header,Inside Box,Saved
shot_2979,124916,777,9,14807,68676,32,Open Play,Left Foot,Inside Box,Missed
shot_2980,124916,777,11,26335,67178,35,Set Piece,Right Foot,Outside Box,Missed
shot_2981,124916,777,11,26335,,43,Open Play,Right Foot,Outside Box,Blocked
shot_2982,124916,777,11,26335,,44,Open Play,Right Foot,Inside Box,Blocked
shot_2983,124916,777,11,67849,,44,Open Play,Right Foot,Outside Box,Saved
shot_2984,124916,777,11,5067,,44,Open Play,Left Foot,Inside Box,Blocked
shot_2985,124916,777,11,112948,54156,45+3',Open Play,,Inside Box,Saved
shot_2986,124916,777,9,19731,,48,Open Play,Right Foot,Inside Box,Blocked
shot_2987,124916,777,9,9576,,49,Open Play,Right Foot,Inside Box,Goal
shot_2988,124916,777,9,33124,115255,56,Open Play,Header,Inside Box,Blocked
shot_2989,124916,777,11,26335,5067,63,Open Play,Right Foot,Inside Box,Blocked
shot_2990,124916,777,9,14807,,68,Set Piece,Right Foot,Inside Box,Goal
shot_2991,124916,777,9,14807,,68,Penalty,Right Foot,Inside Box,Saved
shot_2992,124916,777,9,75543,,86,Open Play,Right Foot,Outside Box,Blocked
shot_2993,124916,777,11,65970,54156,88,Open Play,Header,Inside Box,Saved
shot_2994,124916,777,11,76216,54156,90,Open Play,Header,Inside Box,Saved
shot_2995,124916,777,11,14805,68150,90+1',Open Play,Left Foot,Inside Box,Goal
shot_2996,124916,777,9,50151,115255,90+5',Set Piece,Header,Inside Box,Missed
shot_2997,124917,777,15,304123,15259,5,Open Play,Right Foot,Inside Box,Blocked
shot_2998,124917,777,131,51830,67928,8,Open Play,Right Foot,Inside Box,Missed
shot_2999,124917,777,131,134333,,10,Open Play,Right Foot,Outside Box,Missed
shot_3000,124917,777,131,50727,67928,10,Open Play,Right Foot,Outside Box,Blocked
shot_3001,124917,777,131,3452,,10,Open Play,Right Foot,Inside Box,Blocked
shot_3002,124917,777,131,51830,,10,Open Play,Header,Inside Box,Blocked
shot_3003,124917,777,131,51830,143240,10,Open Play,Left Foot,Inside Box,Blocked
shot_3004,124917,777,131,51830,72239,13,Open Play,Left Foot,Outside Box,Missed
shot_3005,124917,777,131,72239,136175,14,Open Play,Left Foot,Inside Box,Blocked
shot_3006,124917,777,131,72239,136175,17,Open Play,Right Foot,Inside Box,Missed
shot_3007,124917,777,15,15259,50623,20,Open Play,Right Foot,Outside Box,Missed
shot_3008,124917,777,15,304123,115172,22,Open Play,Header,Inside Box,Saved
shot_3009,124917,777,15,115172,,22,Open Play,Left Foot,Outside Box,Blocked
shot_3010,124917,777,15,304123,,22,Open Play,Header,Inside Box,Blocked
shot_3011,124917,777,131,143240,67928,26,Open Play,Header,Inside Box,Blocked
shot_3012,124917,777,15,15259,115172,29,Open Play,Right Foot,Inside Box,Missed
shot_3013,124917,777,131,136175,72239,30,Open Play,Left Foot,Outside Box,Saved
shot_3014,124917,777,15,108816,,34,Open Play,Right Foot,Outside Box,Missed
shot_3015,124917,777,15,50623,51593,34,Open Play,Right Foot,Inside Box,Blocked
shot_3016,124917,777,131,67928,,45+1',Open Play,Right Foot,Inside Box,Goal
shot_3017,124917,777,131,3452,136175,45+1',Open Play,Right Foot,Outside Box,Blocked
shot_3018,124917,777,131,134333,72239,50,Open Play,Right Foot,Outside Box,Missed
shot_3019,124917,777,15,98300,304123,52,Open Play,Left Foot,Outside Box,Blocked
shot_3020,124917,777,15,51593,98300,60,Open Play,Right Foot,Inside Box,Blocked
shot_3021,124917,777,15,15259,51593,61,Open Play,Right Foot,Inside Box,Blocked
shot_3022,124917,777,15,15259,98300,66,Open Play,Right Foot,Inside Box,Blocked
shot_3023,124917,777,131,50727,,67,Open Play,Right Foot,Inside Box,Saved
shot_3024,124917,777,131,143240,67928,67,Open Play,,Inside Box,Saved
shot_3025,124917,777,15,304123,98300,69,Open Play,Right Foot,Inside Box,Saved
shot_3026,124917,777,15,304123,51593,70,Open Play,Header,Inside Box,Blocked
shot_3027,124917,777,15,70249,51593,70,Open Play,Header,Inside Box,Blocked
shot_3028,124917,777,15,16035,15259,76,Open Play,Right Foot,Outside Box,Missed
shot_3029,124917,777,15,70249,98300,80,Open Play,Right Foot,,Saved
shot_3030,124917,777,15,23702,51593,83,Open Play,Right Foot,Outside Box,Missed
shot_3031,124917,777,131,139930,,88,Open Play,Right Foot,Inside Box,Goal
shot_3032,124917,777,15,16035,51593,88,Set Piece,Header,Inside Box,Missed
shot_3033,124918,777,127,14846,25474,1,Open Play,Left Foot,Inside Box,Blocked
shot_3034,124918,777,29,118633,138104,4,Open Play,Right Foot,Inside Box,Blocked
shot_3035,124918,777,29,118633,10394,5,Open Play,Right Foot,Inside Box,Missed
shot_3036,124918,777,127,118080,,7,Open Play,Left Foot,Inside Box,Goal
shot_3037,124918,777,127,33032,25474,7,Open Play,Right Foot,Inside Box,Saved
shot_3038,124918,777,29,10394,51199,14,Open Play,Left Foot,Inside Box,Blocked
shot_3039,124918,777,127,42894,,15,Open Play,Right Foot,,Goal
shot_3040,124918,777,127,74965,,19,Open Play,Left Foot,Inside Box,Saved
shot_3041,124918,777,127,33032,,19,Open Play,Right Foot,Inside Box,Blocked
shot_3042,124918,777,127,25474,14846,19,Open Play,Left Foot,Inside Box,Blocked
shot_3043,124918,777,29,52989,10394,23,Open Play,Right Foot,Inside Box,Saved
shot_3044,124918,777,127,33032,54989,24,Open Play,Right Foot,Inside Box,Saved
shot_3045,124918,777,29,138104,,30,Penalty,Right Foot,Inside Box,Goal
shot_3046,124918,777,29,10394,,31,Open Play,Left Foot,Outside Box,Saved
shot_3047,124918,777,127,74976,54989,34,Open Play,Right Foot,Outside Box,Missed
shot_3048,124918,777,127,14846,25474,39,Open Play,Left Foot,Inside Box,Blocked
shot_3049,124918,777,29,63733,12136,39,Open Play,Header,Inside Box,Missed
shot_3050,124918,777,29,138104,19864,45+6',Open Play,Right Foot,Outside Box,Missed
shot_3051,124918,777,127,74976,118080,45+8',Open Play,Right Foot,Outside Box,Missed
shot_3052,124918,777,29,10394,12136,46,Set Piece,Left Foot,Inside Box,Goal
shot_3053,124918,777,127,132285,25474,50,Open Play,Header,Inside Box,Missed
shot_3054,124918,777,127,118080,14846,55,Open Play,Left Foot,Inside Box,Missed
shot_3055,124918,777,127,25474,14846,62,Open Play,Left Foot,Inside Box,Missed
shot_3056,124918,777,29,67784,138104,64,Open Play,Right Foot,,Saved
shot_3057,124918,777,29,67784,138104,69,Set Piece,Header,Inside Box,Goal
shot_3058,124918,777,127,13706,14846,79,Open Play,Left Foot,Inside Box,Saved
shot_3059,124918,777,127,16582,,83,Set Piece,Right Foot,Outside Box,Missed
shot_3060,124918,777,127,14846,74965,85,Open Play,Left Foot,Outside Box,Hit the Woodwork
shot_3061,124918,777,127,25474,54989,89,Open Play,Header,Inside Box,Missed
shot_3062,124918,777,29,19864,122126,90+1',Set Piece,Right Foot,Inside Box,Missed
shot_3063,124919,777,34,4880,53063,4,Open Play,Right Foot,Outside Box,Goal
shot_3064,124919,777,34,13961,128976,6,Open Play,Left Foot,Outside Box,Goal
shot_3065,124919,777,34,53063,,10,Open Play,Left Foot,Inside Box,Blocked
shot_3066,124919,777,34,53063,,11,Set Piece,Left Foot,Outside Box,Hit the Woodwork
shot_3067,124919,777,34,13961,53063,14,Open Play,Left Foot,Inside Box,Blocked
shot_3068,124919,777,21,117596,51364,25,Open Play,Right Foot,Outside Box,Missed
shot_3069,124919,777,21,75582,126824,45,Open Play,Left Foot,Outside Box,Missed
shot_3070,124919,777,21,51185,,46,Open Play,Right Foot,Inside Box,Blocked
shot_3071,124919,777,21,51185,32229,57,Open Play,Header,Inside Box,Missed
shot_3072,124919,777,21,51364,133603,59,Open Play,Left Foot,Inside Box,Goal
shot_3073,124919,777,21,32229,,59,Open Play,Right Foot,Inside Box,Blocked
shot_3074,124919,777,21,51185,,63,Open Play,Right Foot,Inside Box,Missed
shot_3075,124919,777,21,133603,51364,66,Open Play,Header,Inside Box,Blocked
shot_3076,124919,777,21,69274,32229,66,Open Play,Right Foot,Inside Box,Blocked
shot_3077,124919,777,21,32229,22802,67,Open Play,Right Foot,Outside Box,Blocked
shot_3078,124919,777,21,118579,22802,71,Open Play,Header,Inside Box,Missed
shot_3079,124919,777,34,14445,,73,Open Play,Left Foot,Inside Box,Blocked
shot_3080,124919,777,21,69274,126824,77,Open Play,Right Foot,Outside Box,Blocked
shot_3081,124919,777,21,51185,,81,Open Play,Right Foot,Inside Box,Missed
shot_3082,124919,777,21,126824,,81,Open Play,Right Foot,Inside Box,Blocked
shot_3083,124919,777,34,121610,16044,83,Open Play,Right Foot,Outside Box,Saved
shot_3084,124920,777,10,21737,75382,4,Open Play,Right Foot,Outside Box,Missed
shot_3085,124920,777,25,119072,145347,11,Open Play,Right Foot,Outside Box,Blocked
shot_3086,124920,777,10,5140,33231,16,Set Piece,Header,Inside Box,Missed
shot_3087,124920,777,25,8454,119072,18,Open Play,Left Foot,Inside Box,Blocked
shot_3088,124920,777,10,21737,32894,21,Open Play,Left Foot,Inside Box,Saved
shot_3089,124920,777,10,63633,,30,Open Play,Right Foot,Outside Box,Saved
shot_3090,124920,777,25,8868,122005,36,Open Play,Left Foot,Outside Box,Blocked
shot_3091,124920,777,10,75382,32894,39,Open Play,Right Foot,Inside Box,Saved
shot_3092,124920,777,10,32894,116665,50,Open Play,Right Foot,Outside Box,Missed
shot_3093,124920,777,25,8868,119072,56,Open Play,Left Foot,Inside Box,Blocked
shot_3094,124920,777,25,55776,,58,Open Play,Left Foot,Outside Box,Missed
shot_3095,124920,777,10,21737,32894,60,Open Play,Right Foot,Inside Box,Goal
shot_3096,124920,777,10,81542,23815,76,Open Play,Right Foot,Outside Box,Missed
shot_3097,124920,777,25,8868,42569,88,Open Play,Left Foot,Inside Box,Missed
shot_3098,124920,777,10,32894,10651,90+2',Open Play,Right Foot,Inside Box,Goal
shot_3099,124920,777,25,42569,119072,90+2',Open Play,Header,Inside Box,Blocked
shot_3100,124921,777,1,11419,15202,10,Open Play,Left Foot,Outside Box,Blocked
shot_3101,124921,777,1,19778,14548,11,Open Play,Header,Inside Box,Goal
shot_3102,124921,777,1,14548,66104,17,Open Play,Right Foot,Inside Box,Missed
shot_3103,124921,777,1,67407,11419,17,Open Play,Left Foot,Inside Box,Saved
shot_3104,124921,777,130,133890,,20,Open Play,Right Foot,Inside Box,Blocked
shot_3105,124921,777,130,23194,,20,Open Play,Header,Inside Box,Blocked
shot_3106,124921,777,130,127594,23194,21,Open Play,Header,Inside Box,Saved
shot_3107,124921,777,1,66104,14548,27,Open Play,Right Foot,Inside Box,Missed
shot_3108,124921,777,1,15202,11419,33,Open Play,Right Foot,,Blocked
shot_3109,124921,777,1,67407,15202,37,Open Play,Right Foot,Inside Box,Blocked
shot_3110,124921,777,1,19778,11419,40,Open Play,Left Foot,Outside Box,Missed
shot_3111,124921,777,130,23194,49726,50,Set Piece,Header,,Missed
shot_3112,124921,777,1,69914,15202,66,Open Play,Right Foot,Outside Box,Saved
shot_3113,124921,777,1,19778,,69,Open Play,Right Foot,Inside Box,Missed
shot_3114,124921,777,1,15202,19778,69,Open Play,Right Foot,Outside Box,Saved
shot_3115,124921,777,1,15202,21584,80,Open Play,Right Foot,Outside Box,Blocked
shot_3116,124921,777,1,49481,,89,Open Play,Left Foot,Inside Box,Saved
shot_3117,124921,777,1,69914,11419,89,Open Play,Right Foot,Inside Box,Saved
shot_3118,124921,777,1,49481,19778,90+1',Open Play,Left Foot,Inside Box,Goal
shot_3119,124921,777,130,24369,49731,90+3',Open Play,Right Foot,Inside Box,Missed
shot_3120,124921,777,130,65987,124052,90+6',Open Play,Left Foot,Outside Box,Blocked
shot_3121,124922,777,7,4260,,6,Open Play,Right Foot,Outside Box,Blocked
shot_3122,124922,777,7,143922,112589,7,Open Play,Right Foot,Inside Box,Missed
shot_3123,124922,777,7,112589,143922,13,Open Play,Right Foot,Inside Box,Blocked
shot_3124,124922,777,7,66538,23841,19,Set Piece,Right Foot,Outside Box,Missed
shot_3125,124922,777,127,25474,,23,Open Play,Left Foot,Inside Box,Saved
shot_3126,124922,777,7,143922,,43,Set Piece,Header,Inside Box,Hit the Woodwork
shot_3127,124922,777,7,23841,,45,Set Piece,Right Foot,Outside Box,Missed
shot_3128,124922,777,7,133612,112589,47,Open Play,Right Foot,Inside Box,Blocked
shot_3129,124922,777,7,143922,133612,56,Open Play,Left Foot,Inside Box,Saved
shot_3130,124922,777,127,25474,33032,62,Open Play,Right Foot,Inside Box,Saved
shot_3131,124922,777,7,133612,143922,62,Open Play,Left Foot,Inside Box,Blocked
shot_3132,124922,777,127,140546,21519,65,Set Piece,Header,Inside Box,Missed
shot_3133,124922,777,7,143922,23841,66,Open Play,Right Foot,Inside Box,Missed
shot_3134,124922,777,7,133612,8143,69,Open Play,Header,Inside Box,Blocked
shot_3135,124922,777,7,4260,133612,78,Open Play,Right Foot,Outside Box,Goal
shot_3136,124922,777,7,31936,4260,83,Open Play,Right Foot,Inside Box,Saved
shot_3137,124922,777,127,119381,33032,84,Open Play,Right Foot,Inside Box,Blocked
shot_3138,124922,777,127,25474,,90+4',Open Play,Left Foot,Inside Box,Blocked
shot_3139,124923,777,131,76090,72239,9,Set Piece,Right Foot,Inside Box,Goal
shot_3140,124923,777,131,76090,,9,Open Play,Header,Inside Box,Blocked
shot_3141,124923,777,2,8658,23968,13,Open Play,Right Foot,Inside Box,Blocked
shot_3142,124923,777,2,13274,51223,14,Open Play,Header,Inside Box,Saved
shot_3143,124923,777,131,67928,,27,Open Play,Left Foot,Outside Box,Saved
shot_3144,124923,777,2,8658,23968,28,Open Play,Right Foot,Inside Box,Saved
shot_3145,124923,777,2,51423,,34,Set Piece,Left Foot,Inside Box,Missed
shot_3146,124923,777,2,8658,72265,37,Open Play,Right Foot,Inside Box,Goal
shot_3147,124923,777,2,72265,51223,37,Open Play,Right Foot,Inside Box,Blocked
shot_3148,124923,777,131,136175,,45+2',Open Play,Left Foot,Inside Box,Blocked
shot_3149,124923,777,2,8658,23968,45+7',Open Play,Right Foot,Inside Box,Goal
shot_3150,124923,777,131,134176,136175,45+7',Open Play,Left Foot,Outside Box,Saved
shot_3151,124923,777,2,13274,13344,45+7',Open Play,Header,Inside Box,Blocked
shot_3152,124923,777,131,112739,,49,Open Play,Right Foot,Inside Box,Missed
shot_3153,124923,777,2,51223,8658,59,Open Play,Right Foot,Inside Box,Saved
shot_3154,124923,777,2,108096,13344,60,Set Piece,Header,Inside Box,Goal
shot_3155,124923,777,131,136175,67928,62,Open Play,Left Foot,Inside Box,Missed
shot_3156,124923,777,131,112739,136175,65,Set Piece,Header,Inside Box,Missed
shot_3157,124923,777,2,108096,25067,69,Open Play,Left Foot,Outside Box,Missed
shot_3158,124923,777,2,14456,,78,Open Play,Right Foot,Inside Box,Goal
shot_3159,124923,777,2,72265,8658,78,Open Play,Header,Inside Box,Saved
shot_3160,124923,777,131,76090,112739,83,Open Play,Right Foot,Inside Box,Goal
shot_3161,124923,777,131,112739,,85,Open Play,Right Foot,Outside Box,Blocked
shot_3162,124923,777,131,3452,145043,89,Open Play,Left Foot,Inside Box,Missed
shot_3163,124923,777,131,112739,,89,Open Play,Right Foot,Inside Box,Blocked
shot_3164,124923,777,131,145043,67928,90,Open Play,Header,Inside Box,Saved
shot_3165,124923,777,131,3452,145043,90+4',Open Play,Header,Inside Box,Saved
shot_3166,124923,777,131,145043,,90+4',Open Play,Left Foot,Outside Box,Missed
shot_3167,124923,777,2,14456,5865,90+4',Open Play,Right Foot,Outside Box,Saved
shot_3168,124923,777,131,3452,136175,90+5',Set Piece,Header,Inside Box,Missed
shot_3169,124924,777,6,20874,49759,14,Open Play,Right Foot,Inside Box,Saved
shot_3170,124924,777,43,50460,63851,15,Open Play,Right Foot,Inside Box,Saved
shot_3171,124924,777,43,75735,127393,34,Open Play,Header,Inside Box,Saved
shot_3172,124924,777,6,76353,14569,44,Open Play,Header,Inside Box,Goal
shot_3173,124924,777,6,20874,76353,56,Open Play,Right Foot,Inside Box,Saved
shot_3174,124924,777,43,10539,,60,Open Play,Right Foot,Outside Box,Blocked
shot_3175,124924,777,43,64282,19831,60,Open Play,Right Foot,Inside Box,Blocked
shot_3176,124924,777,43,64282,124531,62,Open Play,Right Foot,Outside Box,Blocked
shot_3177,124924,777,43,19831,68593,63,Open Play,Right Foot,Inside Box,Saved
shot_3178,124924,777,43,64282,15139,77,Open Play,Right Foot,,Missed
shot_3179,124924,777,43,15139,,88,Open Play,Left Foot,Outside Box,Blocked
shot_3180,124924,777,43,31442,68593,90+2',Open Play,Header,Inside Box,Blocked
shot_3181,124924,777,43,19831,74960,90+6',Open Play,Left Foot,Inside Box,Blocked
shot_3182,124924,777,43,74960,,90+6',Open Play,Right Foot,Inside Box,Blocked
shot_3183,124925,777,11,54156,14805,5,Open Play,Right Foot,Outside Box,Blocked
shot_3184,124925,777,11,65970,14805,6,Open Play,Left Foot,Inside Box,Hit the Woodwork
shot_3185,124925,777,11,65970,54156,17,Open Play,Left Foot,Inside Box,Goal
shot_3186,124925,777,34,14445,4717,24,Open Play,Right Foot,Inside Box,Saved
shot_3187,124925,777,11,65970,76204,26,Open Play,Header,Inside Box,Blocked
shot_3188,124925,777,34,14445,16044,32,Set Piece,Right Foot,Inside Box,Missed
shot_3189,124925,777,11,26335,65970,37,Open Play,Right Foot,Inside Box,Goal
shot_3190,124925,777,11,65970,,37,Open Play,Left Foot,Inside Box,Blocked
shot_3191,124925,777,11,54156,26335,37,Open Play,Right Foot,Inside Box,Blocked
shot_3192,124925,777,11,14805,,44,Set Piece,Left Foot,Outside Box,Goal
shot_3193,124925,777,34,14445,13961,45+2',Set Piece,Header,Inside Box,Goal
shot_3194,124925,777,11,14805,65970,48,Open Play,Right Foot,Inside Box,Goal
shot_3195,124925,777,34,14445,53063,52,Open Play,Right Foot,Outside Box,Missed
shot_3196,124925,777,34,11071,13961,52,Open Play,Right Foot,Inside Box,Blocked
shot_3197,124925,777,11,54156,,54,Open Play,Right Foot,Inside Box,Missed
shot_3198,124925,777,34,4717,,57,Open Play,Right Foot,Outside Box,Goal
shot_3199,124925,777,34,53063,,62,Open Play,Left Foot,Outside Box,Blocked
shot_3200,124925,777,11,65970,126943,70,Open Play,Header,Inside Box,Hit the Woodwork
shot_3201,124925,777,34,53063,,72,Open Play,Left Foot,Inside Box,Goal
shot_3202,124925,777,34,53063,,78,Set Piece,Left Foot,Inside Box,Goal
shot_3203,124925,777,34,53063,144894,87,Open Play,Left Foot,Inside Box,Missed
shot_3204,124925,777,34,128976,121610,90+8',Open Play,Right Foot,Inside Box,Blocked
shot_3205,124925,777,34,14656,,90+9',Open Play,Left Foot,,Blocked
shot_3206,124926,777,9,116888,,2,Open Play,Left Foot,Inside Box,Blocked
shot_3207,124926,777,9,126426,9576,3,Open Play,Right Foot,Inside Box,Missed
shot_3208,124926,777,9,9576,75543,4,Open Play,Header,Inside Box,Missed
shot_3209,124926,777,9,116888,,5,Open Play,Right Foot,Outside Box,Blocked
shot_3210,124926,777,9,50151,116888,6,Set Piece,Header,Inside Box,Goal
shot_3211,124926,777,4,72371,,15,Open Play,Right Foot,,Missed
shot_3212,124926,777,9,33124,116888,16,Set Piece,Header,Inside Box,Missed
shot_3213,124926,777,9,126426,116888,23,Open Play,Left Foot,Outside Box,Missed
shot_3214,124926,777,4,304474,63741,26,Open Play,Left Foot,Inside Box,Blocked
shot_3215,124926,777,4,304474,,27,Set Piece,Left Foot,Outside Box,Missed
shot_3216,124926,777,4,68583,14575,27,Open Play,Left Foot,Inside Box,Blocked
shot_3217,124926,777,4,13549,63741,27,Open Play,Header,Inside Box,Blocked
shot_3218,124926,777,9,116888,,34,Open Play,Right Foot,Outside Box,Missed
shot_3219,124926,777,4,63741,304474,34,Open Play,Right Foot,Outside Box,Blocked
shot_3220,124926,777,4,51813,72371,38,Open Play,Right Foot,Inside Box,Saved
shot_3221,124926,777,9,126426,,41,Set Piece,Right Foot,Outside Box,Missed
shot_3222,124926,777,9,126426,14608,43,Open Play,Right Foot,Outside Box,Goal
shot_3223,124926,777,9,14807,116888,48,Open Play,Right Foot,Inside Box,Saved
shot_3224,124926,777,9,14807,75543,48,Open Play,Header,Inside Box,Missed
shot_3225,124926,777,9,9576,,49,Open Play,Right Foot,Inside Box,Missed
shot_3226,124926,777,4,21998,68583,50,Open Play,Left Foot,Inside Box,Goal
shot_3227,124926,777,4,51813,72371,52,Open Play,Right Foot,Inside Box,Missed
shot_3228,124926,777,4,51813,72371,58,Open Play,Left Foot,Inside Box,Missed
shot_3229,124926,777,4,49293,68987,69,Open Play,Left Foot,Inside Box,Missed
shot_3230,124926,777,4,63741,68987,71,Open Play,Left Foot,Outside Box,Blocked
shot_3231,124926,777,9,9576,,72,Open Play,Left Foot,Inside Box,Goal
shot_3232,124926,777,9,33162,,72,Open Play,Right Foot,Inside Box,Saved
shot_3233,124926,777,9,75543,33162,80,Open Play,Left Foot,,Missed
shot_3234,124926,777,9,33162,,82,Open Play,Left Foot,Outside Box,Missed
shot_3235,124926,777,4,130068,68827,83,Open Play,Header,Inside Box,Missed
shot_3236,124926,777,4,63741,,90+1',Set Piece,Right Foot,Inside Box,Missed
shot_3237,124927,777,10,33231,10458,9,Open Play,Right Foot,Outside Box,Saved
shot_3238,124927,777,10,21737,5140,19,Open Play,Right Foot,Inside Box,Missed
shot_3239,124927,777,10,75382,,23,Open Play,Right Foot,Inside Box,Saved
shot_3240,124927,777,10,21737,33231,26,Open Play,Right Foot,Outside Box,Blocked
shot_3241,124927,777,29,66659,124944,28,Open Play,Left Foot,Outside Box,Saved
shot_3242,124927,777,29,122126,,32,Open Play,Right Foot,Outside Box,Saved
shot_3243,124927,777,29,66659,,32,Open Play,Left Foot,Inside Box,Saved
shot_3244,124927,777,29,124944,,32,Open Play,Right Foot,Inside Box,Blocked
shot_3245,124927,777,10,33231,49909,43,Open Play,Right Foot,Outside Box,Saved
shot_3246,124927,777,10,32894,75382,43,Open Play,Right Foot,Outside Box,Blocked
shot_3247,124927,777,10,63633,10651,44,Set Piece,Header,Inside Box,Hit the Woodwork
shot_3248,124927,777,10,21737,49909,44,Open Play,Right Foot,Inside Box,Blocked
shot_3249,124927,777,29,118633,,45+1',Open Play,Right Foot,Outside Box,Saved
shot_3250,124927,777,29,138104,,56,Set Piece,Right Foot,Outside Box,Missed
shot_3251,124927,777,10,5178,,58,Open Play,Left Foot,Inside Box,Blocked
shot_3252,124927,777,10,10651,5178,58,Set Piece,Header,Inside Box,Missed
shot_3253,124927,777,10,75382,5178,59,Open Play,Right Foot,Outside Box,Blocked
shot_3254,124927,777,10,33231,49909,59,Open Play,Right Foot,Outside Box,Missed
shot_3255,124927,777,29,66659,138104,61,Set Piece,Header,Inside Box,Hit the Woodwork
shot_3256,124927,777,29,118633,138104,67,Open Play,Right Foot,Outside Box,Goal
shot_3257,124927,777,10,63633,75382,72,Open Play,Right Foot,Outside Box,Missed
shot_3258,124927,777,10,75382,,75,Open Play,Right Foot,Inside Box,Blocked
shot_3259,124927,777,10,75382,23815,81,Open Play,Left Foot,Inside Box,Missed
shot_3260,124927,777,10,33231,5178,88,Open Play,Right Foot,Inside Box,Blocked
shot_3261,124927,777,10,23815,,89,Open Play,Right Foot,Outside Box,Missed
shot_3262,124927,777,10,15802,5178,89,Open Play,Right Foot,Inside Box,Blocked
shot_3263,124927,777,10,5178,116665,90,Open Play,Left Foot,Inside Box,Blocked
shot_3264,124927,777,10,5140,33231,90,Open Play,Header,Inside Box,Blocked
shot_3265,124927,777,10,23593,75382,90+3',Open Play,Header,Inside Box,Saved
shot_3266,124927,777,10,49909,,90+3',Open Play,Left Foot,Outside Box,Blocked
shot_3267,124927,777,29,52989,75692,90+4',Open Play,Right Foot,Inside Box,Blocked
shot_3268,124927,777,10,81542,,90+9',Open Play,Right Foot,Outside Box,Missed
shot_3269,124928,777,25,119072,14164,6,Open Play,Right Foot,Outside Box,Blocked
shot_3270,124928,777,12,23396,69176,9,Open Play,Right Foot,Inside Box,Blocked
shot_3271,124928,777,25,63656,,9,Open Play,Right Foot,Inside Box,Blocked
shot_3272,124928,777,25,8868,14164,18,Open Play,Left Foot,Inside Box,Blocked
shot_3273,124928,777,25,145347,,19,Set Piece,Left Foot,Inside Box,Missed
shot_3274,124928,777,12,66360,23396,24,Open Play,Left Foot,Outside Box,Saved
shot_3275,124928,777,12,23396,,28,Open Play,Right Foot,Inside Box,Hit the Woodwork
shot_3276,124928,777,12,51202,,28,Open Play,Right Foot,Inside Box,Blocked
shot_3277,124928,777,12,50848,69176,28,Open Play,Right Foot,Inside Box,Blocked
shot_3278,124928,777,12,51202,,31,Open Play,Right Foot,Inside Box,Blocked
shot_3279,124928,777,12,23396,,34,Open Play,Right Foot,Outside Box,Blocked
shot_3280,124928,777,25,8868,,35,Open Play,Right Foot,Inside Box,Saved
shot_3281,124928,777,12,5793,23396,39,Open Play,Header,Inside Box,Blocked
shot_3282,124928,777,12,50848,23396,43,Open Play,Header,Inside Box,Missed
shot_3283,124928,777,25,122005,8454,57,Open Play,Right Foot,Inside Box,Missed
shot_3284,124928,777,12,24252,,58,Open Play,Right Foot,Inside Box,Goal
shot_3285,124928,777,12,5793,69176,58,Open Play,Right Foot,Outside Box,Blocked
shot_3286,124928,777,12,66360,23396,66,Open Play,Left Foot,Inside Box,Blocked
shot_3287,124928,777,25,66560,,70,Open Play,Right Foot,Inside Box,Blocked
shot_3288,124928,777,12,51202,66360,73,Open Play,Right Foot,Inside Box,Blocked
shot_3289,124928,777,12,5793,23396,74,Open Play,Right Foot,Outside Box,Missed
shot_3290,124928,777,25,8868,119072,75,Open Play,Left Foot,Inside Box,Blocked
shot_3291,124928,777,12,23396,146567,82,Open Play,Header,Inside Box,Saved
shot_3292,124928,777,25,122005,,83,Set Piece,Right Foot,Inside Box,Goal
shot_3293,124928,777,25,8868,136505,83,Open Play,Header,Inside Box,Blocked
shot_3294,124928,777,25,140223,119072,87,Open Play,Right Foot,Inside Box,Missed
shot_3295,124928,777,12,23396,,90+2',Open Play,Right Foot,Inside Box,Missed
shot_3296,124928,777,12,23396,,90+5',Open Play,Left Foot,Inside Box,Missed
shot_3297,124929,777,23,115256,9662,4,Open Play,Header,Inside Box,Missed
shot_3298,124929,777,23,108922,,4,Open Play,Left Foot,Outside Box,Missed
shot_3299,124929,777,23,117647,115256,9,Open Play,Right Foot,Outside Box,Blocked
shot_3300,124929,777,23,9662,14716,13,Open Play,Left Foot,Inside Box,Missed
shot_3301,124929,777,23,117647,,17,Open Play,Right Foot,Inside Box,Saved
shot_3302,124929,777,23,124462,71623,31,Open Play,Header,Inside Box,Blocked
shot_3303,124929,777,23,20607,9662,35,Open Play,Right Foot,,Saved
shot_3304,124929,777,21,51364,49374,36,Open Play,Left Foot,Inside Box,Blocked
shot_3305,124929,777,21,133603,51364,37,Open Play,Right Foot,Inside Box,Missed
shot_3306,124929,777,21,51364,51185,38,Open Play,Left Foot,Inside Box,Blocked
shot_3307,124929,777,21,133603,117318,42,Open Play,Right Foot,Inside Box,Blocked
shot_3308,124929,777,23,14716,117647,45,Open Play,Left Foot,Outside Box,Blocked
shot_3309,124929,777,23,9662,49495,48,Open Play,Left Foot,Outside Box,Missed
shot_3310,124929,777,23,115256,,48,Open Play,Header,Inside Box,Blocked
shot_3311,124929,777,23,14716,20607,48,Open Play,Left Foot,Inside Box,Saved
shot_3312,124929,777,23,9662,,54,Set Piece,Right Foot,Inside Box,Missed
shot_3313,124929,777,23,108922,9662,54,Open Play,Left Foot,,Blocked
shot_3314,124929,777,23,9662,74761,64,Open Play,Left Foot,Inside Box,Blocked
shot_3315,124929,777,21,32229,,64,Open Play,Right Foot,Outside Box,Blocked
shot_3316,124929,777,23,49495,,66,Open Play,Right Foot,Outside Box,Blocked
shot_3317,124929,777,23,74761,115256,71,Open Play,Right Foot,Inside Box,Goal
shot_3318,124929,777,23,117647,,75,Open Play,Left Foot,Inside Box,Saved
shot_3319,124929,777,21,66635,51364,78,Open Play,Header,Inside Box,Goal
shot_3320,124929,777,23,108922,115256,81,Open Play,Left Foot,Outside Box,Blocked
shot_3321,124929,777,23,23747,,86,Penalty,Right Foot,Inside Box,Goal
shot_3322,124929,777,21,69274,66635,90+4',Open Play,Left Foot,Inside Box,Blocked
shot_3323,124929,777,21,66635,,90+5',Set Piece,Right Foot,Inside Box,Goal
shot_3324,124930,777,15,98300,15259,8,Set Piece,Left Foot,Outside Box,Missed
shot_3325,124930,777,15,304123,15259,12,Open Play,Header,Inside Box,Missed
shot_3326,124930,777,15,51593,50623,23,Open Play,Left Foot,Inside Box,Blocked
shot_3327,124930,777,15,50623,98300,24,Set Piece,Header,Inside Box,Missed
shot_3328,124930,777,15,304123,98300,30,Open Play,Header,Inside Box,Blocked
shot_3329,124930,777,38,126108,136815,32,Open Play,Right Foot,Outside Box,Blocked
shot_3330,124930,777,15,23811,,36,Open Play,Right Foot,Outside Box,Blocked
shot_3331,124930,777,15,304123,15259,36,Open Play,Right Foot,,Blocked
shot_3332,124930,777,38,143218,111988,49,Open Play,Header,Inside Box,Missed
shot_3333,124930,777,38,110203,143214,50,Open Play,Header,Inside Box,Blocked
shot_3334,124930,777,15,23811,,53,Open Play,Right Foot,Outside Box,Saved
shot_3335,124930,777,15,98300,15259,60,Open Play,Right Foot,,Saved
shot_3336,124930,777,15,304123,98300,72,Open Play,Header,Inside Box,Goal
shot_3337,124930,777,38,115371,110203,88,Open Play,Header,Inside Box,Missed
shot_3338,124930,777,38,76310,20337,90+1',Open Play,Left Foot,,Saved
shot_3339,124931,777,1,11419,49481,9,Open Play,Left Foot,Outside Box,Saved
shot_3340,124931,777,2,8658,51423,10,Open Play,Left Foot,Inside Box,Saved
shot_3341,124931,777,1,49481,14548,14,Open Play,Header,Inside Box,Missed
shot_3342,124931,777,1,49481,11419,14,Open Play,Left Foot,Outside Box,Saved
shot_3343,124931,777,1,49481,11419,17,Open Play,Left Foot,Inside Box,Blocked
shot_3344,124931,777,2,13344,,28,Open Play,Right Foot,Inside Box,Blocked
shot_3345,124931,777,2,8658,23968,34,Open Play,Right Foot,Inside Box,Blocked
shot_3346,124931,777,2,13344,,36,Open Play,Right Foot,,Goal
shot_3347,124931,777,1,14548,49481,42,Open Play,Right Foot,Inside Box,Saved
shot_3348,124931,777,1,15202,,44,Open Play,Right Foot,Outside Box,Saved
shot_3349,124931,777,1,20486,,48,Open Play,Right Foot,Inside Box,Saved
shot_3350,124931,777,1,20486,11419,50,Open Play,Left Foot,Inside Box,Missed
shot_3351,124931,777,1,20486,,52,Open Play,Right Foot,Inside Box,Goal
shot_3352,124931,777,2,8658,5865,55,Open Play,Right Foot,Inside Box,Blocked
shot_3353,124931,777,2,51223,,61,Open Play,Left Foot,Outside Box,Missed
shot_3354,124931,777,2,8658,23968,65,Open Play,Left Foot,Inside Box,Saved
shot_3355,124931,777,1,11419,49481,67,Open Play,Left Foot,Outside Box,Saved
shot_3356,124931,777,1,15202,,68,Open Play,Left Foot,Outside Box,Missed
shot_3357,124931,777,1,11419,49481,69,Open Play,Left Foot,Outside Box,Saved
shot_3358,124931,777,1,67776,15202,70,Set Piece,Right Foot,Inside Box,Missed
shot_3359,124931,777,1,49481,,70,Open Play,Left Foot,Inside Box,Blocked
shot_3360,124931,777,2,14456,,78,Open Play,Right Foot,Inside Box,Missed
shot_3361,124931,777,2,23968,13344,82,Open Play,Right Foot,Inside Box,Saved
shot_3362,124931,777,2,26408,,88,Open Play,Header,Inside Box,Blocked
shot_3363,124931,777,2,5865,14801,88,Open Play,Right Foot,Outside Box,Blocked
shot_3364,124931,777,1,67407,15202,90+3',Open Play,Right Foot,,Missed
shot_3365,124931,777,2,25067,26408,90+4',Open Play,Right Foot,Inside Box,Blocked
shot_3366,124931,777,2,26408,,90+4',Open Play,Left Foot,Inside Box,Blocked
shot_3367,124931,777,2,5865,14801,90+4',Open Play,Right Foot,Inside Box,Saved
shot_3368,124931,777,2,26408,25067,90+5',Open Play,Right Foot,Inside Box,Goal
shot_3369,124932,777,127,14846,54989,7,Open Play,Right Foot,Outside Box,Saved
shot_3370,124932,777,127,119381,25474,14,Open Play,Left Foot,Outside Box,Blocked
shot_3371,124932,777,127,119381,,15,Open Play,Left Foot,Outside Box,Missed
shot_3372,124932,777,4,27277,21998,21,Open Play,Header,Inside Box,Missed
shot_3373,124932,777,4,51813,21998,24,Open Play,Right Foot,Inside Box,Blocked
shot_3374,124932,777,127,33032,,35,Open Play,Right Foot,Inside Box,Missed
shot_3375,124932,777,127,25474,21519,35,Open Play,Left Foot,Inside Box,Saved
shot_3376,124932,777,127,14846,,41,Open Play,Left Foot,Outside Box,Missed
shot_3377,124932,777,4,21998,,42,Open Play,Left Foot,Outside Box,Missed
shot_3378,124932,777,127,25474,54989,44,Open Play,Right Foot,Outside Box,Missed
shot_3379,124932,777,127,25474,,45+4',Open Play,Left Foot,,Missed
shot_3380,124932,777,127,25474,74965,45+4',Open Play,Left Foot,Inside Box,Saved
shot_3381,124932,777,127,74976,,45+4',Open Play,Right Foot,Inside Box,Saved
shot_3382,124932,777,127,14846,25474,47,Open Play,Left Foot,Inside Box,Missed
shot_3383,124932,777,4,21998,49293,49,Open Play,Left Foot,Inside Box,Saved
shot_3384,124932,777,4,63741,130068,51,Open Play,Right Foot,Inside Box,Saved
shot_3385,124932,777,4,68987,21998,51,Open Play,Header,Inside Box,Hit the Woodwork
shot_3386,124932,777,4,49293,21998,52,Open Play,Left Foot,Outside Box,Saved
shot_3387,124932,777,127,74965,25474,57,Open Play,Left Foot,Inside Box,Blocked
shot_3388,124932,777,4,130068,68987,61,Open Play,Right Foot,Outside Box,Saved
shot_3389,124932,777,4,130068,,66,Open Play,Left Foot,Inside Box,Missed
shot_3390,124932,777,4,68987,27277,71,Open Play,Right Foot,Outside Box,Missed
shot_3391,124932,777,127,25474,74965,80,Open Play,Left Foot,Inside Box,Saved
shot_3392,124932,777,4,63741,130068,89,Open Play,Right Foot,Outside Box,Missed
shot_3393,124933,777,131,51830,3452,8,Open Play,Right Foot,Outside Box,Missed
shot_3394,124933,777,131,143240,,9,Open Play,Right Foot,Outside Box,Blocked
shot_3395,124933,777,131,72239,143240,21,Open Play,Right Foot,Outside Box,Blocked
shot_3396,124933,777,25,8868,55776,24,Open Play,Left Foot,Inside Box,Blocked
shot_3397,124933,777,25,145347,119072,29,Open Play,Left Foot,Outside Box,Missed
shot_3398,124933,777,131,72239,67928,33,Open Play,Right Foot,Inside Box,Missed
shot_3399,124933,777,25,55776,14164,39,Open Play,Left Foot,Outside Box,Saved
shot_3400,124933,777,131,143240,,40,Open Play,Left Foot,Outside Box,Missed
shot_3401,124933,777,25,65961,55776,41,Open Play,Right Foot,Inside Box,Missed
shot_3402,124933,777,131,51830,67928,43,Open Play,Right Foot,Inside Box,Blocked
shot_3403,124933,777,131,3452,67928,44,Set Piece,Header,,Missed
shot_3404,124933,777,25,8868,14164,45,Open Play,Right Foot,Inside Box,Blocked
shot_3405,124933,777,25,32638,,45+1',Set Piece,Header,Inside Box,Missed
shot_3406,124933,777,25,145347,14164,47,Open Play,Left Foot,Inside Box,Missed
shot_3407,124933,777,131,76090,,51,Open Play,Right Foot,Outside Box,Blocked
shot_3408,124933,777,25,32638,,55,Open Play,Header,Inside Box,Saved
shot_3409,124933,777,25,8868,55776,58,Open Play,Right Foot,Inside Box,Saved
shot_3410,124933,777,25,65961,,59,Open Play,Right Foot,Inside Box,Saved
shot_3411,124933,777,131,136175,72239,71,Open Play,Left Foot,Inside Box,Missed
shot_3412,124933,777,25,8868,8454,73,Open Play,Left Foot,Inside Box,Goal
shot_3413,124933,777,131,143240,,75,Open Play,Right Foot,Inside Box,Blocked
shot_3414,124933,777,131,8163,134176,76,Open Play,Header,Inside Box,Blocked
shot_3415,124933,777,131,145043,51830,78,Open Play,Left Foot,Inside Box,Missed
shot_3416,124933,777,131,134176,76090,79,Open Play,Left Foot,,Blocked
shot_3417,124933,777,25,8454,63656,80,Open Play,Right Foot,Inside Box,Missed
shot_3418,124933,777,131,76090,8163,86,Open Play,Right Foot,Outside Box,Blocked
shot_3419,124933,777,131,3452,143240,89,Open Play,Header,Inside Box,Saved
shot_3420,124933,777,131,145043,,90,Open Play,Right Foot,Inside Box,Saved
shot_3421,124933,777,131,51830,76090,90+1',Set Piece,Left Foot,Inside Box,Goal
shot_3422,124933,777,131,51830,145043,90+1',Open Play,Left Foot,Inside Box,Saved
shot_3423,124933,777,131,145043,112739,90+1',Set Piece,Right Foot,Inside Box,Missed
shot_3424,124933,777,131,145043,134176,90+5',Set Piece,Right Foot,Inside Box,Missed
shot_3425,124933,777,131,51830,,90+6',Open Play,Left Foot,Inside Box,Blocked
shot_3426,124933,777,131,51830,134176,90+6',Open Play,Right Foot,Inside Box,Blocked
shot_3427,124933,777,25,8868,14164,90+7',Open Play,Left Foot,Inside Box,Blocked
shot_3428,124933,777,25,32638,66560,90+8',Set Piece,Header,Inside Box,Missed
shot_3429,124934,777,15,304123,70249,13,Open Play,Header,Inside Box,Missed
shot_3430,124934,777,7,14706,,16,Open Play,Left Foot,Outside Box,Saved
shot_3431,124934,777,7,31936,,28,Open Play,Right Foot,Inside Box,Blocked
shot_3432,124934,777,15,51593,,45+2',Open Play,Right Foot,Inside Box,Saved
shot_3433,124934,777,7,143922,31936,45+3',Open Play,Right Foot,Inside Box,Goal
shot_3434,124934,777,7,24983,133612,50,Open Play,Left Foot,Outside Box,Blocked
shot_3435,124934,777,15,304123,23811,52,Open Play,Header,Inside Box,Saved
shot_3436,124934,777,15,23811,,56,Open Play,Left Foot,Inside Box,Blocked
shot_3437,124934,777,7,23841,4260,56,Open Play,Right Foot,Inside Box,Saved
shot_3438,124934,777,7,23841,,56,Open Play,Right Foot,Outside Box,Blocked
shot_3439,124934,777,15,16035,51593,57,Open Play,Header,Inside Box,Blocked
shot_3440,124934,777,15,115172,304123,66,Open Play,Right Foot,Inside Box,Blocked
shot_3441,124934,777,7,14706,4260,75,Open Play,Left Foot,Outside Box,Hit the Woodwork
shot_3442,124934,777,7,31936,24797,78,Open Play,Left Foot,Inside Box,Saved
shot_3443,124934,777,7,14706,112589,81,Set Piece,Right Foot,Inside Box,Goal
shot_3444,124934,777,7,126789,4260,83,Open Play,Right Foot,Inside Box,Blocked
shot_3445,124934,777,7,126789,24797,87,Open Play,Header,Inside Box,Missed
shot_3446,124934,777,15,23702,,90+4',Set Piece,Right Foot,Outside Box,Missed
shot_3447,124935,777,34,14445,4717,8,Open Play,Right Foot,Inside Box,Blocked
shot_3448,124935,777,34,4880,4717,9,Open Play,Right Foot,Inside Box,Blocked
shot_3449,124935,777,6,20874,109117,17,Open Play,Left Foot,Inside Box,Saved
shot_3450,124935,777,6,14451,69595,20,Open Play,Right Foot,Inside Box,Goal
shot_3451,124935,777,34,11071,,22,Open Play,Left Foot,Outside Box,Missed
shot_3452,124935,777,34,14445,21614,24,Open Play,Left Foot,Inside Box,Saved
shot_3453,124935,777,34,4717,,29,Open Play,Right Foot,Inside Box,Saved
shot_3454,124935,777,6,4604,20874,34,Open Play,Left Foot,Inside Box,Blocked
shot_3455,124935,777,34,13961,11071,38,Open Play,Left Foot,Inside Box,Goal
shot_3456,124935,777,34,4880,13961,48,Open Play,Left Foot,Inside Box,Missed
shot_3457,124935,777,6,20874,109117,49,Open Play,Left Foot,Inside Box,Missed
shot_3458,124935,777,6,49759,4604,52,Open Play,Right Foot,Outside Box,Blocked
shot_3459,124935,777,34,23793,26151,59,Open Play,Left Foot,Outside Box,Blocked
shot_3460,124935,777,6,14451,,64,Open Play,Right Foot,Inside Box,Saved
shot_3461,124935,777,6,109117,,64,Open Play,Right Foot,Inside Box,Blocked
shot_3462,124935,777,6,69595,49759,64,Open Play,Left Foot,Outside Box,Blocked
shot_3463,124935,777,34,53063,6712,67,Open Play,Left Foot,,Missed
shot_3464,124935,777,34,121610,4880,82,Open Play,Header,Inside Box,Missed
shot_3465,124935,777,34,13961,11071,85,Open Play,Left Foot,Outside Box,Saved
shot_3466,124935,777,6,146391,24334,86,Open Play,Right Foot,Inside Box,Saved
shot_3467,124935,777,6,14569,109117,87,Set Piece,Header,Inside Box,Goal
shot_3468,124935,777,6,109117,69595,87,Open Play,Right Foot,Inside Box,Blocked
shot_3469,124935,777,34,11071,26151,90+4',Set Piece,Right Foot,Inside Box,Missed
shot_3470,124936,777,9,33162,33124,2,Open Play,Left Foot,Outside Box,Missed
shot_3471,124936,777,9,75543,,3,Set Piece,Left Foot,Outside Box,Missed
shot_3472,124936,777,9,33162,,5,Open Play,Left Foot,Inside Box,Blocked
shot_3473,124936,777,10,116665,23815,8,Open Play,Left Foot,Outside Box,Missed
shot_3474,124936,777,10,32894,23815,15,Open Play,Right Foot,Outside Box,Blocked
shot_3475,124936,777,10,81542,75382,16,Open Play,Right Foot,Inside Box,Blocked
shot_3476,124936,777,10,23815,32894,16,Open Play,Right Foot,Outside Box,Hit the Woodwork
shot_3477,124936,777,10,33231,,22,Set Piece,Right Foot,Outside Box,Missed
shot_3478,124936,777,10,5140,33231,27,Set Piece,Header,Inside Box,Missed
shot_3479,124936,777,9,9576,75543,31,Open Play,Header,Inside Box,Missed
shot_3480,124936,777,9,33124,9576,35,Set Piece,Left Foot,Inside Box,Missed
shot_3481,124936,777,10,32894,33231,40,Open Play,Right Foot,Inside Box,Blocked
shot_3482,124936,777,10,81542,,48,Open Play,Right Foot,Inside Box,Goal
shot_3483,124936,777,10,81542,,50,Open Play,Left Foot,Inside Box,Goal
shot_3484,124936,777,10,81542,68582,50,Open Play,Left Foot,Inside Box,Saved
shot_3485,124936,777,9,9576,75543,65,Open Play,Header,Inside Box,Missed
shot_3486,124936,777,10,32894,81542,67,Open Play,Right Foot,Inside Box,Saved
shot_3487,124936,777,10,23593,33231,68,Open Play,Header,Inside Box,Saved
shot_3488,124936,777,9,9576,,73,Penalty,Right Foot,Inside Box,Goal
shot_3489,124936,777,9,116888,63289,75,Open Play,Right Foot,Inside Box,Goal
shot_3490,124936,777,10,5140,33231,78,Open Play,Header,Inside Box,Saved
shot_3491,124936,777,10,33231,49909,80,Open Play,Right Foot,Inside Box,Goal
shot_3492,124936,777,9,126426,116888,82,Open Play,Right Foot,Outside Box,Saved
shot_3493,124936,777,9,63289,116888,86,Open Play,Right Foot,Inside Box,Saved
shot_3494,124936,777,9,9576,116888,90+5',Open Play,Header,Inside Box,Blocked
shot_3495,124936,777,9,126426,,90+6',Set Piece,Left Foot,Inside Box,Goal
shot_3496,124936,777,10,21737,116665,90+8',Open Play,Header,Inside Box,Missed
shot_3497,124937,777,11,5067,68150,11,Open Play,Left Foot,Inside Box,Missed
shot_3498,124937,777,11,68150,54156,13,Open Play,Right Foot,Inside Box,Missed
shot_3499,124937,777,29,138104,10394,16,Open Play,Right Foot,Outside Box,Missed
shot_3500,124937,777,11,14805,54156,18,Open Play,Left Foot,Inside Box,Missed
shot_3501,124937,777,11,14805,16431,19,Open Play,Left Foot,Outside Box,Missed
shot_3502,124937,777,29,52989,51199,23,Open Play,Right Foot,Inside Box,Blocked
shot_3503,124937,777,11,16431,68150,31,Open Play,Right Foot,Outside Box,Goal
shot_3504,124937,777,11,67178,14805,35,Set Piece,Header,Inside Box,Goal
shot_3505,124937,777,11,54156,14805,45+1',Open Play,Right Foot,Inside Box,Blocked
shot_3506,124937,777,11,112948,54156,50,Open Play,Left Foot,Inside Box,Missed
shot_3507,124937,777,11,14805,,52,Open Play,Left Foot,Inside Box,Blocked
shot_3508,124937,777,11,54156,68150,52,Open Play,Right Foot,Inside Box,Hit the Woodwork
shot_3509,124937,777,29,52989,,53,Open Play,Right Foot,Inside Box,Saved
shot_3510,124937,777,29,12136,,55,Set Piece,Left Foot,Inside Box,Hit the Woodwork
shot_3511,124937,777,29,12136,118633,59,Open Play,Left Foot,Inside Box,Blocked
shot_3512,124937,777,11,65970,68150,59,Open Play,Right Foot,Inside Box,Blocked
shot_3513,124937,777,11,67849,54156,63,Open Play,Right Foot,Outside Box,Blocked
shot_3514,124937,777,11,14805,68150,65,Open Play,Header,Inside Box,Goal
shot_3515,124937,777,29,124944,,68,Open Play,Left Foot,Outside Box,Missed
shot_3516,124937,777,11,26335,68150,74,Open Play,Right Foot,Inside Box,Missed
shot_3517,124937,777,11,68150,54156,76,Open Play,Right Foot,Inside Box,Saved
shot_3518,124937,777,29,51610,25408,79,Open Play,Right Foot,Outside Box,Missed
shot_3519,124937,777,29,66659,118633,88,Open Play,Header,,Blocked
shot_3520,124937,777,11,54156,67849,90,Open Play,Left Foot,Inside Box,Saved
shot_3521,124937,777,11,16431,126943,90+1',Open Play,Header,Inside Box,Blocked
shot_3522,124938,777,43,31442,74960,4,Open Play,Right Foot,Outside Box,Blocked
shot_3523,124938,777,43,64282,31442,6,Open Play,Right Foot,Outside Box,Missed
shot_3524,124938,777,23,115256,19888,11,Open Play,Right Foot,Inside Box,Blocked
shot_3525,124938,777,23,49259,49495,16,Open Play,Left Foot,Outside Box,Saved
shot_3526,124938,777,23,74761,49495,22,Open Play,Left Foot,Outside Box,Saved
shot_3527,124938,777,23,23747,14446,28,Open Play,Left Foot,Inside Box,Hit the Woodwork
shot_3528,124938,777,23,74761,,31,Set Piece,Right Foot,Outside Box,Goal
shot_3529,124938,777,23,74761,,36,Set Piece,Right Foot,Outside Box,Missed
shot_3530,124938,777,43,19831,64282,37,Open Play,Right Foot,Outside Box,Blocked
shot_3531,124938,777,43,128456,124531,39,Set Piece,Header,Inside Box,Missed
shot_3532,124938,777,23,49259,23747,41,Open Play,Left Foot,Inside Box,Blocked
shot_3533,124938,777,23,14446,,42,Set Piece,Right Foot,Outside Box,Missed
shot_3534,124938,777,23,5220,,45+1',Open Play,Right Foot,Outside Box,Saved
shot_3535,124938,777,23,23747,,45+8',Penalty,Right Foot,Inside Box,Goal
shot_3536,124938,777,43,10539,74960,51,Open Play,Right Foot,Outside Box,Saved
shot_3537,124938,777,43,31442,10539,60,Open Play,Header,Inside Box,Saved
shot_3538,124938,777,23,74761,,62,Open Play,Right Foot,Outside Box,Saved
shot_3539,124938,777,23,19888,23747,65,Open Play,Right Foot,Inside Box,Missed
shot_3540,124938,777,23,5220,,66,Set Piece,Right Foot,Outside Box,Missed
shot_3541,124938,777,23,108922,74761,66,Open Play,Left Foot,,Saved
shot_3542,124938,777,23,23747,108922,73,Open Play,Right Foot,Outside Box,Hit the Woodwork
shot_3543,124938,777,23,49259,117647,83,Open Play,Left Foot,Outside Box,Missed
shot_3544,124938,777,43,75735,50460,90+1',Open Play,Right Foot,Inside Box,Blocked
shot_3545,124938,777,43,75735,,90+4',Penalty,Right Foot,Inside Box,Goal
shot_3546,124938,777,23,74761,20607,90+7',Open Play,Right Foot,Outside Box,Blocked
shot_3547,124938,777,43,75735,15139,90+8',Set Piece,Header,Inside Box,Missed
shot_3548,124939,777,21,75582,51364,7,Set Piece,,Inside Box,Missed
shot_3549,124939,777,21,24630,51364,14,Open Play,Right Foot,Inside Box,Blocked
shot_3550,124939,777,21,69274,,16,Open Play,Right Foot,Outside Box,Missed
shot_3551,124939,777,130,124052,24659,24,Open Play,Right Foot,Inside Box,Saved
shot_3552,124939,777,21,24630,69274,25,Open Play,Left Foot,Inside Box,Goal
shot_3553,124939,777,21,69274,,30,Set Piece,Left Foot,Outside Box,Missed
shot_3554,124939,777,21,51185,66635,40,Open Play,Header,Inside Box,Saved
shot_3555,124939,777,21,66635,32229,40,Set Piece,Header,Inside Box,Missed
shot_3556,124939,777,21,69274,,43,Open Play,Right Foot,Inside Box,Goal
shot_3557,124939,777,21,22802,,45+1',Open Play,Right Foot,Outside Box,Blocked
shot_3558,124939,777,21,23764,,51,Open Play,Left Foot,Inside Box,Saved
shot_3559,124939,777,21,51364,,54,Open Play,Left Foot,Outside Box,Saved
shot_3560,124939,777,21,24630,51185,55,Open Play,Right Foot,Outside Box,Blocked
shot_3561,124939,777,21,69274,24630,62,Open Play,Right Foot,Outside Box,Saved
shot_3562,124939,777,130,10947,,68,Set Piece,Left Foot,Outside Box,Missed
shot_3563,124939,777,21,117318,23764,83,Open Play,Right Foot,Inside Box,Saved
shot_3564,124939,777,130,124052,23194,88,Open Play,Right Foot,Inside Box,Missed
shot_3565,124939,777,21,25892,32229,90+5',Set Piece,Header,Inside Box,Missed
shot_3566,124939,777,130,124052,3712,90+7',Open Play,Header,Inside Box,Blocked
shot_3567,124940,777,38,143214,52951,3,Open Play,Right Foot,Outside Box,Blocked
shot_3568,124940,777,12,24252,23396,8,Open Play,Right Foot,Inside Box,Saved
shot_3569,124940,777,12,33245,24252,9,Open Play,Right Foot,Outside Box,Blocked
shot_3570,124940,777,12,66360,33245,9,Open Play,Right Foot,Inside Box,Saved
shot_3571,124940,777,12,14580,,18,Open Play,Right Foot,Inside Box,Blocked
shot_3572,124940,777,12,51202,,18,Open Play,Right Foot,Inside Box,Blocked
shot_3573,124940,777,12,133114,4608,19,Open Play,Header,Inside Box,Missed
shot_3574,124940,777,12,5793,24252,19,Open Play,Header,Inside Box,Blocked
shot_3575,124940,777,12,14580,24252,23,Open Play,Right Foot,Outside Box,Blocked
shot_3576,124940,777,12,23396,51202,25,Open Play,Right Foot,Inside Box,Goal
shot_3577,124940,777,12,69176,,29,Open Play,Left Foot,Inside Box,Missed
shot_3578,124940,777,12,51202,,29,Open Play,Right Foot,Inside Box,Blocked
shot_3579,124940,777,12,66360,23396,29,Open Play,Left Foot,Inside Box,Saved
shot_3580,124940,777,12,51202,69176,36,Open Play,Header,Inside Box,Blocked
shot_3581,124940,777,12,69176,66360,37,Open Play,Left Foot,Inside Box,Blocked
shot_3582,124940,777,38,126108,143214,41,Open Play,Right Foot,Outside Box,Missed
shot_3583,124940,777,38,126108,136815,45+2',Open Play,Right Foot,Inside Box,Goal
shot_3584,124940,777,12,51202,69176,47,Open Play,Left Foot,Outside Box,Missed
shot_3585,124940,777,12,51202,5793,48,Open Play,Right Foot,Outside Box,Blocked
shot_3586,124940,777,12,66360,51202,48,Open Play,Left Foot,Outside Box,Blocked
shot_3587,124940,777,12,51202,66360,50,Open Play,Right Foot,Inside Box,Blocked
shot_3588,124940,777,12,66360,24252,51,Open Play,Right Foot,Inside Box,Goal
shot_3589,124940,777,38,143214,,57,Open Play,Left Foot,Outside Box,Blocked
shot_3590,124940,777,38,108877,115114,57,Open Play,Header,Inside Box,Blocked
shot_3591,124940,777,12,51202,66360,59,Open Play,Right Foot,Outside Box,Blocked
shot_3592,124940,777,12,14580,23396,62,Open Play,Right Foot,Inside Box,Goal
shot_3593,124940,777,12,23396,69176,62,Open Play,Right Foot,Inside Box,Blocked
shot_3594,124940,777,12,23396,69176,66,Open Play,Right Foot,Inside Box,Blocked
shot_3595,124940,777,12,51202,23396,67,Open Play,Header,Inside Box,Saved
shot_3596,124940,777,38,110203,143214,71,Open Play,Header,Inside Box,Saved
shot_3597,124940,777,12,23396,,77,Open Play,Right Foot,Outside Box,Blocked
shot_3598,124940,777,12,69176,23396,79,Open Play,Left Foot,Inside Box,Blocked
shot_3599,124940,777,12,23396,,82,Penalty,Right Foot,Inside Box,Goal
shot_3600,124940,777,38,303861,108877,90+5',Open Play,Right Foot,Outside Box,Missed
shot_3601,124940,777,38,108877,111988,90+9',Open Play,Header,Inside Box,Missed
shot_3602,124941,777,1,67776,49481,7,Open Play,Header,Inside Box,Missed
shot_3603,124941,777,1,15202,49481,17,Open Play,Header,Inside Box,Missed
shot_3604,124941,777,38,20337,115114,27,Open Play,Right Foot,Inside Box,Saved
shot_3605,124941,777,1,66104,15202,33,Set Piece,Header,Inside Box,Missed
shot_3606,124941,777,1,49481,114564,33,Open Play,Left Foot,Outside Box,Blocked
shot_3607,124941,777,1,66104,49481,37,Open Play,Left Foot,,Blocked
shot_3608,124941,777,1,66104,,38,Set Piece,Right Foot,Inside Box,Missed
shot_3609,124941,777,38,35670,136815,45+2',Open Play,Left Foot,Inside Box,Blocked
shot_3610,124941,777,1,114564,,48,Open Play,Left Foot,Inside Box,Missed
shot_3611,124941,777,1,66104,118077,57,Open Play,Right Foot,,Missed
shot_3612,124941,777,1,19778,114564,62,Open Play,Left Foot,Inside Box,Blocked
shot_3613,124941,777,1,15202,,66,Set Piece,Right Foot,Outside Box,Missed
shot_3614,124941,777,1,15202,20486,68,Open Play,Right Foot,Outside Box,Saved
shot_3615,124941,777,1,11419,,74,Open Play,Right Foot,,Missed
shot_3616,124941,777,1,32728,20486,75,Open Play,Left Foot,Inside Box,Missed
shot_3617,124941,777,1,11419,67776,79,Open Play,Left Foot,Outside Box,Missed
shot_3618,124941,777,1,20486,11419,83,Open Play,Right Foot,Inside Box,Missed
shot_3619,124941,777,38,115371,145492,90,Open Play,Header,Inside Box,Goal
shot_3620,124941,777,1,19680,20486,90+7',Open Play,Left Foot,Inside Box,Saved
shot_3621,124942,777,130,24659,133460,2,Open Play,Header,Inside Box,Missed
shot_3622,124942,777,9,116888,33124,8,Open Play,Right Foot,Outside Box,Blocked
shot_3623,124942,777,130,49726,,23,Open Play,Right Foot,Outside Box,Missed
shot_3624,124942,777,9,33162,,28,Open Play,Left Foot,,Saved
shot_3625,124942,777,9,33162,14608,39,Open Play,Right Foot,Inside Box,Blocked
shot_3626,124942,777,130,24369,3712,42,Open Play,Left Foot,Inside Box,Saved
shot_3627,124942,777,9,33162,126426,44,Open Play,Right Foot,Inside Box,Missed
shot_3628,124942,777,9,116888,,46,Open Play,Left Foot,Outside Box,Missed
shot_3629,124942,777,9,116888,,48,Open Play,Left Foot,Inside Box,Blocked
shot_3630,124942,777,9,126426,,48,Set Piece,Right Foot,Outside Box,Missed
shot_3631,124942,777,9,9576,19731,49,Open Play,Header,Inside Box,Saved
shot_3632,124942,777,9,116888,,51,Open Play,Left Foot,Outside Box,Blocked
shot_3633,124942,777,9,116888,33124,64,Open Play,Left Foot,Outside Box,Blocked
shot_3634,124942,777,130,133890,3712,69,Open Play,Left Foot,Inside Box,Blocked
shot_3635,124942,777,130,3712,,70,Open Play,Right Foot,Inside Box,Goal
shot_3636,124942,777,9,63289,33162,75,Open Play,Right Foot,Inside Box,Saved
shot_3637,124942,777,9,33162,,75,Open Play,Left Foot,Inside Box,Blocked
shot_3638,124942,777,9,14608,116888,78,Open Play,Right Foot,Inside Box,Missed
shot_3639,124942,777,9,9576,14608,79,Open Play,Header,Inside Box,Missed
shot_3640,124942,777,9,116888,33162,79,Open Play,Left Foot,Inside Box,Blocked
shot_3641,124942,777,9,9576,68676,82,Open Play,Header,Inside Box,Goal
shot_3642,124942,777,9,19731,68676,82,Open Play,Left Foot,Outside Box,Blocked
shot_3643,124942,777,9,19731,75543,85,Open Play,Right Foot,Outside Box,Missed
shot_3644,124942,777,130,3712,20113,86,Open Play,Right Foot,Outside Box,Missed
shot_3645,124942,777,130,133890,,90+3',Open Play,Left Foot,Outside Box,Missed
shot_3646,124943,777,43,19831,,4,Open Play,Right Foot,Outside Box,Blocked
shot_3647,124943,777,34,14445,13961,9,Set Piece,Right Foot,Inside Box,Goal
shot_3648,124943,777,43,74960,19831,10,Open Play,Right Foot,Inside Box,Saved
shot_3649,124943,777,43,74960,10539,21,Open Play,Left Foot,Inside Box,Goal
shot_3650,124943,777,43,31442,64282,26,Open Play,Right Foot,,Blocked
shot_3651,124943,777,34,23793,13961,31,Set Piece,Header,Inside Box,Goal
shot_3652,124943,777,34,13961,21614,38,Open Play,Left Foot,Inside Box,Saved
shot_3653,124943,777,43,74960,,38,Open Play,Left Foot,Outside Box,Blocked
shot_3654,124943,777,43,31442,10539,38,Open Play,Left Foot,Inside Box,Saved
shot_3655,124943,777,43,64282,74960,42,Open Play,Right Foot,Outside Box,Missed
shot_3656,124943,777,43,74960,19831,45,Open Play,Left Foot,Outside Box,Saved
shot_3657,124943,777,43,124531,19831,45+1',Set Piece,Header,Inside Box,Missed
shot_3658,124943,777,43,124531,19831,54,Set Piece,Header,Inside Box,Missed
shot_3659,124943,777,43,19831,,55,Open Play,Right Foot,Inside Box,Saved
shot_3660,124943,777,34,23793,11071,56,Open Play,Left Foot,Inside Box,Missed
shot_3661,124943,777,34,13961,53063,58,Open Play,Left Foot,Inside Box,Goal
shot_3662,124943,777,43,15139,,68,Open Play,Left Foot,Outside Box,Blocked
shot_3663,124943,777,43,10539,19831,69,Set Piece,Right Foot,Outside Box,Missed
shot_3664,124943,777,34,14624,13961,76,Open Play,Left Foot,Inside Box,Missed
shot_3665,124943,777,43,75735,15139,84,Open Play,Right Foot,Inside Box,Saved
shot_3666,124943,777,43,31442,,85,Open Play,Header,Inside Box,Saved
shot_3667,124943,777,43,128643,,86,Open Play,Left Foot,Inside Box,Goal
shot_3668,124944,777,4,14575,14571,4,Set Piece,Header,Inside Box,Missed
shot_3669,124944,777,7,31936,112589,5,Open Play,Left Foot,Outside Box,Blocked
shot_3670,124944,777,7,23841,24983,7,Open Play,Right Foot,Outside Box,Blocked
shot_3671,124944,777,7,31936,23841,20,Open Play,Left Foot,Inside Box,Saved
shot_3672,124944,777,4,49293,68827,21,Open Play,Left Foot,Inside Box,Goal
shot_3673,124944,777,4,68987,,23,Open Play,Right Foot,Inside Box,Missed
shot_3674,124944,777,4,68987,72371,23,Open Play,Left Foot,Inside Box,Missed
shot_3675,124944,777,4,63741,21998,29,Open Play,Header,Inside Box,Saved
shot_3676,124944,777,4,21998,27277,30,Open Play,Left Foot,Outside Box,Blocked
shot_3677,124944,777,4,21998,49293,35,Open Play,Left Foot,Outside Box,Missed
shot_3678,124944,777,7,8143,23841,38,Set Piece,Header,Inside Box,Missed
shot_3679,124944,777,4,68827,49293,44,Open Play,Right Foot,Outside Box,Saved
shot_3680,124944,777,7,4260,,44,Open Play,Right Foot,Inside Box,Saved
shot_3681,124944,777,4,68827,21998,45,Open Play,Left Foot,Inside Box,Goal
shot_3682,124944,777,4,68987,63741,48,Open Play,Left Foot,Inside Box,Missed
shot_3683,124944,777,7,4260,133612,54,Open Play,Right Foot,Inside Box,Blocked
shot_3684,124944,777,4,68987,14538,55,Open Play,Right Foot,Inside Box,Missed
shot_3685,124944,777,7,4260,112589,67,Open Play,Header,Inside Box,Missed
shot_3686,124944,777,4,133245,,69,Open Play,Left Foot,Outside Box,Missed
shot_3687,124944,777,7,4260,133612,72,Set Piece,Right Foot,Inside Box,Missed
shot_3688,124944,777,4,63741,,73,Open Play,Right Foot,Inside Box,Blocked
shot_3689,124944,777,4,14571,,75,Open Play,Right Foot,Outside Box,Saved
shot_3690,124944,777,4,14571,,76,Open Play,Left Foot,Inside Box,Blocked
shot_3691,124944,777,4,72371,68827,80,Open Play,Right Foot,Inside Box,Missed
shot_3692,124944,777,7,31936,133612,87,Open Play,Left Foot,Inside Box,Hit the Woodwork
shot_3693,124944,777,7,4333,133612,89,Set Piece,Left Foot,Inside Box,Missed
shot_3694,124944,777,7,133612,24983,89,Open Play,Right Foot,Inside Box,Blocked
shot_3695,124944,777,4,68583,133245,90+2',Open Play,Right Foot,Outside Box,Missed
shot_3696,124945,777,6,4604,,10,Open Play,Left Foot,Inside Box,Missed
shot_3697,124945,777,6,20874,,17,Open Play,Right Foot,Inside Box,Missed
shot_3698,124945,777,6,109117,69595,17,Open Play,Right Foot,Inside Box,Hit the Woodwork
shot_3699,124945,777,6,109117,,20,Open Play,Right Foot,Inside Box,Blocked
shot_3700,124945,777,6,109117,49796,25,Open Play,Right Foot,Outside Box,Saved
shot_3701,124945,777,11,14805,,29,Open Play,Left Foot,Outside Box,Saved
shot_3702,124945,777,6,69595,,37,Set Piece,Right Foot,Outside Box,Missed
shot_3703,124945,777,11,65970,76204,41,Open Play,Header,Inside Box,Goal
shot_3704,124945,777,6,20874,49759,44,Open Play,Left Foot,Inside Box,Saved
shot_3705,124945,777,6,69595,,49,Open Play,Left Foot,Outside Box,Hit the Woodwork
shot_3706,124945,777,6,109117,,52,Open Play,Header,Inside Box,Saved
shot_3707,124945,777,11,67178,68150,56,Open Play,Header,Inside Box,Saved
shot_3708,124945,777,11,26335,68150,57,Open Play,Right Foot,Inside Box,Saved
shot_3709,124945,777,6,69595,109117,59,Open Play,Left Foot,Inside Box,Missed
shot_3710,124945,777,6,20874,109117,60,Open Play,Right Foot,Outside Box,Blocked
shot_3711,124945,777,11,14805,68150,69,Open Play,Left Foot,Outside Box,Goal
shot_3712,124945,777,6,49796,,81,Open Play,Right Foot,,Blocked
shot_3713,124945,777,6,8589,,81,Open Play,Left Foot,Inside Box,Blocked
shot_3714,124945,777,6,49796,,81,Open Play,Right Foot,Inside Box,Blocked
shot_3715,124945,777,6,14451,49796,84,Open Play,Right Foot,Inside Box,Saved
shot_3716,124945,777,6,14569,,86,Open Play,Right Foot,Inside Box,Blocked
shot_3717,124945,777,11,65970,,89,Penalty,Left Foot,Inside Box,Goal
shot_3718,124945,777,11,14805,71432,90+6',Open Play,Left Foot,Inside Box,Missed
shot_3719,124946,777,10,81542,10651,1,Open Play,Right Foot,Inside Box,Goal
shot_3720,124946,777,131,136175,51830,6,Open Play,Left Foot,Outside Box,Blocked
shot_3721,124946,777,10,63633,49909,7,Open Play,Right Foot,Inside Box,Missed
shot_3722,124946,777,131,51830,72239,11,Open Play,Right Foot,Outside Box,Missed
shot_3723,124946,777,131,136175,51830,12,Open Play,Left Foot,Inside Box,Missed
shot_3724,124946,777,131,143240,136175,14,Open Play,Right Foot,Inside Box,Saved
shot_3725,124946,777,10,81542,10651,15,Open Play,Right Foot,Inside Box,Missed
shot_3726,124946,777,131,124396,50727,16,Open Play,Left Foot,Inside Box,Blocked
shot_3727,124946,777,10,81542,75382,20,Open Play,Right Foot,Inside Box,Missed
shot_3728,124946,777,10,81542,75382,30,Open Play,Right Foot,Inside Box,Missed
shot_3729,124946,777,10,33231,5178,32,Open Play,Right Foot,Outside Box,Missed
shot_3730,124946,777,10,63633,33231,35,Open Play,Right Foot,Inside Box,Blocked
shot_3731,124946,777,131,136175,,41,Open Play,Left Foot,Outside Box,Blocked
shot_3732,124946,777,10,49909,33231,42,Open Play,Right Foot,Outside Box,Saved
shot_3733,124946,777,10,75382,116665,42,Open Play,Right Foot,Outside Box,Blocked
shot_3734,124946,777,10,49909,5178,43,Open Play,Right Foot,Outside Box,Blocked
shot_3735,124946,777,131,143240,51830,45+2',Open Play,Left Foot,Inside Box,Blocked
shot_3736,124946,777,10,81542,,50,Open Play,Right Foot,Outside Box,Missed
shot_3737,124946,777,131,143240,72239,51,Open Play,Left Foot,Inside Box,Hit the Woodwork
shot_3738,124946,777,10,23815,49909,53,Open Play,Right Foot,Outside Box,Blocked
shot_3739,124946,777,10,33231,5178,54,Open Play,Left Foot,Outside Box,Blocked
shot_3740,124946,777,131,134176,143240,56,Open Play,Left Foot,Inside Box,Missed
shot_3741,124946,777,10,81542,5178,59,Open Play,Right Foot,Inside Box,Missed
shot_3742,124946,777,10,81542,5178,60,Set Piece,Header,Inside Box,Goal
shot_3743,124946,777,10,5178,,60,Open Play,Left Foot,Outside Box,Saved
shot_3744,124946,777,131,117732,51830,68,Open Play,Right Foot,Inside Box,Missed
shot_3745,124946,777,10,5178,75382,76,Open Play,Left Foot,Inside Box,Blocked
shot_3746,124946,777,131,72239,51830,77,Open Play,Right Foot,,Missed
shot_3747,124946,777,131,50727,117732,90,Open Play,Right Foot,Inside Box,Missed
shot_3748,124946,777,10,5178,15802,90+2',Open Play,Left Foot,Inside Box,Missed
shot_3749,124946,777,131,134333,,90+3',Open Play,Left Foot,Inside Box,Blocked
shot_3750,124946,777,131,145043,,90+10',Open Play,Right Foot,Inside Box,Blocked
shot_3751,124947,777,12,51202,5793,2,Open Play,Left Foot,Outside Box,Blocked
shot_3752,124947,777,12,23396,66360,2,Open Play,Left Foot,Inside Box,Blocked
shot_3753,124947,777,12,69176,14580,7,Open Play,Right Foot,Inside Box,Blocked
shot_3754,124947,777,12,14580,66360,8,Open Play,Left Foot,Inside Box,Saved
shot_3755,124947,777,12,51202,69176,8,Open Play,Header,Inside Box,Blocked
shot_3756,124947,777,12,5793,24252,9,Open Play,Left Foot,Outside Box,Missed
shot_3757,124947,777,12,5793,51202,9,Open Play,Right Foot,Inside Box,Blocked
shot_3758,124947,777,12,69176,,13,Open Play,Header,Inside Box,Goal
shot_3759,124947,777,12,51202,23396,19,Open Play,Right Foot,Inside Box,Missed
shot_3760,124947,777,12,51202,23396,23,Open Play,Left Foot,Inside Box,Blocked
shot_3761,124947,777,12,69176,14580,25,Open Play,Left Foot,Inside Box,Blocked
shot_3762,124947,777,12,66360,24252,26,Open Play,Right Foot,Inside Box,Saved
shot_3763,124947,777,127,14846,,29,Open Play,Left Foot,Inside Box,Missed
shot_3764,124947,777,127,14846,21519,29,Open Play,Header,Inside Box,Saved
shot_3765,124947,777,127,33032,25474,31,Open Play,Right Foot,Outside Box,Missed
shot_3766,124947,777,127,21519,14846,32,Open Play,Right Foot,Outside Box,Missed
shot_3767,124947,777,12,69176,51202,34,Open Play,Left Foot,Inside Box,Blocked
shot_3768,124947,777,12,66360,51202,36,Open Play,Left Foot,Inside Box,Missed
shot_3769,124947,777,12,5793,23396,39,Open Play,Left Foot,Inside Box,Missed
shot_3770,124947,777,127,25474,3512,40,Open Play,Right Foot,Inside Box,Goal
shot_3771,124947,777,127,14846,21519,45,Open Play,Left Foot,Outside Box,Saved
shot_3772,124947,777,127,74976,54989,45,Set Piece,Left Foot,Inside Box,Missed
shot_3773,124947,777,12,5793,23396,45+3',Open Play,Header,Inside Box,Blocked
shot_3774,124947,777,12,5793,23396,45+4',Set Piece,Header,Inside Box,Goal
shot_3775,124947,777,127,33032,14846,46,Open Play,Left Foot,Inside Box,Goal
shot_3776,124947,777,127,14846,,52,Set Piece,Left Foot,,Goal
shot_3777,124947,777,12,66360,,64,Open Play,Left Foot,Outside Box,Saved
shot_3778,124947,777,12,66360,,70,Open Play,Left Foot,Inside Box,Missed
shot_3779,124947,777,12,51202,,70,Open Play,Right Foot,Inside Box,Blocked
shot_3780,124947,777,12,51202,133114,75,Open Play,Right Foot,Outside Box,Saved
shot_3781,124947,777,12,23396,,77,Set Piece,Right Foot,,Goal
shot_3782,124947,777,12,51202,,79,Open Play,Right Foot,Inside Box,Goal
shot_3783,124947,777,127,74976,14846,82,Open Play,Right Foot,Outside Box,Missed
shot_3784,124947,777,127,137832,,84,Open Play,Left Foot,Inside Box,Goal
shot_3785,124947,777,12,23396,,87,Open Play,Right Foot,Outside Box,Missed
shot_3786,124947,777,12,51202,108936,90,Open Play,Right Foot,Outside Box,Saved
shot_3787,124947,777,127,13706,119381,90+6',Open Play,Header,Inside Box,Saved
shot_3788,124947,777,127,54989,,90+8',Open Play,Left Foot,Inside Box,Saved
shot_3789,124947,777,127,13706,25474,90+10',Open Play,Left Foot,Inside Box,Saved
shot_3790,124948,777,15,23811,,5,Open Play,Right Foot,Inside Box,Saved
shot_3791,124948,777,15,304123,,5,Open Play,Right Foot,Inside Box,Blocked
shot_3792,124948,777,15,108816,70249,5,Open Play,Header,Inside Box,Hit the Woodwork
shot_3793,124948,777,21,24630,51185,14,Open Play,Header,Inside Box,Missed
shot_3794,124948,777,15,16035,23811,24,Set Piece,Header,Inside Box,Missed
shot_3795,124948,777,15,23702,108816,28,Open Play,Right Foot,Inside Box,Goal
shot_3796,124948,777,21,117596,,34,Open Play,Right Foot,Inside Box,Saved
shot_3797,124948,777,15,15259,304123,37,Open Play,Right Foot,Inside Box,Missed
shot_3798,124948,777,15,15259,70249,38,Open Play,Right Foot,Inside Box,Missed
shot_3799,124948,777,21,75582,22802,48,Open Play,Left Foot,Outside Box,Blocked
shot_3800,124948,777,15,23702,108816,50,Open Play,Right Foot,Outside Box,Goal
shot_3801,124948,777,21,23764,51364,52,Open Play,Header,Inside Box,Blocked
shot_3802,124948,777,21,51364,69274,52,Open Play,Left Foot,Inside Box,Blocked
shot_3803,124948,777,15,98300,,55,Open Play,Left Foot,Outside Box,Blocked
shot_3804,124948,777,15,304123,23702,61,Open Play,Right Foot,Inside Box,Missed
shot_3805,124948,777,15,98300,51593,62,Open Play,Left Foot,Outside Box,Missed
shot_3806,124948,777,15,108816,23702,79,Open Play,Right Foot,Outside Box,Goal
shot_3807,124948,777,15,23702,23811,82,Open Play,Right Foot,Inside Box,Missed
shot_3808,124948,777,15,98300,,88,Open Play,Left Foot,Inside Box,Saved
shot_3809,124948,777,15,15259,,88,Open Play,Right Foot,Outside Box,Saved
shot_3810,124948,777,21,24630,76614,90,Open Play,Header,Inside Box,Blocked
shot_3811,124949,777,29,138104,,22,Open Play,Left Foot,Outside Box,Blocked
shot_3812,124949,777,29,12136,10394,29,Open Play,Left Foot,Outside Box,Missed
shot_3813,124949,777,23,115256,49495,43,Open Play,Header,Inside Box,Missed
shot_3814,124949,777,29,19864,12136,45,Open Play,Header,Inside Box,Missed
shot_3815,124949,777,23,74761,14446,62,Open Play,Left Foot,Outside Box,Saved
shot_3816,124949,777,23,74761,,67,Open Play,Right Foot,Outside Box,Saved
shot_3817,124949,777,23,5220,14716,68,Open Play,Right Foot,Outside Box,Blocked
shot_3818,124949,777,29,52989,66659,73,Open Play,Right Foot,Inside Box,Saved
shot_3819,124949,777,23,117647,74761,78,Open Play,Header,Inside Box,Blocked
shot_3820,124949,777,29,51199,122126,84,Open Play,Right Foot,,Blocked
shot_3821,124949,777,23,117647,9662,85,Open Play,Right Foot,Outside Box,Blocked
shot_3822,124950,777,25,119072,,1,Open Play,Right Foot,,Goal
shot_3823,124950,777,25,8868,66560,24,Open Play,Right Foot,Inside Box,Goal
shot_3824,124950,777,25,66560,,24,Open Play,Right Foot,Inside Box,Blocked
shot_3825,124950,777,2,23968,13344,45,Open Play,Right Foot,Inside Box,Missed
shot_3826,124950,777,25,65961,122005,45+2',Open Play,Right Foot,Inside Box,Missed
shot_3827,124950,777,2,23968,5865,50,Open Play,Right Foot,Inside Box,Goal
shot_3828,124950,777,25,122005,65961,53,Open Play,Right Foot,Outside Box,Saved
shot_3829,124950,777,25,119072,55776,61,Set Piece,Right Foot,Outside Box,Missed
shot_3830,124950,777,25,145347,,61,Open Play,Left Foot,Outside Box,Blocked
shot_3831,124950,777,25,145347,,62,Set Piece,Left Foot,Inside Box,Missed
shot_3832,124950,777,2,14456,51423,65,Open Play,Right Foot,Outside Box,Saved
shot_3833,124950,777,25,65961,63656,67,Open Play,Right Foot,Inside Box,Blocked
shot_3834,124950,777,25,65961,8868,78,Open Play,Left Foot,,Missed
shot_3835,124950,777,2,23968,5066,79,Open Play,Right Foot,Outside Box,Goal
shot_3836,124950,777,2,5758,14456,85,Open Play,Left Foot,Inside Box,Saved
shot_3837,124950,777,2,23968,26408,87,Open Play,Right Foot,Outside Box,Blocked
shot_3838,124950,777,2,23968,26408,90,Open Play,Left Foot,Inside Box,Missed
shot_3839,124951,777,12,51202,,3,Open Play,Right Foot,Outside Box,Missed
shot_3840,124951,777,2,51423,108096,7,Open Play,Left Foot,Inside Box,Saved
shot_3841,124951,777,2,23968,51223,8,Set Piece,Left Foot,Inside Box,Hit the Woodwork
shot_3842,124951,777,2,51223,,8,Set Piece,Left Foot,,Missed
shot_3843,124951,777,2,8658,,8,Open Play,Right Foot,Inside Box,Blocked
shot_3844,124951,777,12,66036,23396,22,Open Play,Right Foot,Inside Box,Saved
shot_3845,124951,777,2,23968,5865,33,Open Play,Right Foot,Outside Box,Saved
shot_3846,124951,777,12,51202,,34,Open Play,Right Foot,Outside Box,Saved
shot_3847,124951,777,2,5865,51423,38,Open Play,Right Foot,Outside Box,Missed
shot_3848,124951,777,12,23396,14580,42,Open Play,Left Foot,Inside Box,Blocked
shot_3849,124951,777,2,23968,51423,45,Open Play,Right Foot,Inside Box,Goal
shot_3850,124951,777,12,51202,146567,45+3',Open Play,Right Foot,Inside Box,Goal
shot_3851,124951,777,2,13344,51423,51,Open Play,Left Foot,Inside Box,Blocked
shot_3852,124951,777,12,14580,,53,Set Piece,Left Foot,Outside Box,Missed
shot_3853,124951,777,12,67191,,56,Open Play,Left Foot,Outside Box,Missed
shot_3854,124951,777,2,23968,8658,57,Open Play,Right Foot,Inside Box,Goal
shot_3855,124951,777,12,146567,,59,Open Play,Left Foot,Inside Box,Blocked
shot_3856,124951,777,12,24252,51202,59,Open Play,Left Foot,Outside Box,Saved
shot_3857,124951,777,2,23968,51223,62,Open Play,Right Foot,Outside Box,Blocked
shot_3858,124951,777,2,23968,5865,64,Open Play,Right Foot,Inside Box,Blocked
shot_3859,124951,777,12,51202,146567,65,Open Play,Right Foot,Outside Box,Missed
shot_3860,124951,777,12,51202,146567,67,Open Play,Header,Inside Box,Missed
shot_3861,124951,777,12,14580,51202,77,Open Play,Left Foot,Outside Box,Blocked
shot_3862,124951,777,12,51202,67191,85,Open Play,Right Foot,Outside Box,Saved
shot_3863,124951,777,2,23968,14456,85,Open Play,Right Foot,Outside Box,Blocked
shot_3864,124951,777,12,130151,,90,Open Play,Left Foot,Outside Box,Saved
shot_3865,124951,777,12,14580,,90+3',Set Piece,Right Foot,Outside Box,Missed
shot_3866,124952,777,127,13706,25474,6,Open Play,Left Foot,Inside Box,Missed
shot_3867,124952,777,127,13706,33032,10,Open Play,Left Foot,Inside Box,Missed
shot_3868,124952,777,127,14846,21519,13,Set Piece,Left Foot,Outside Box,Missed
shot_3869,124952,777,127,21519,25474,19,Open Play,Right Foot,Outside Box,Missed
shot_3870,124952,777,127,25474,21519,27,Open Play,Right Foot,Inside Box,Missed
shot_3871,124952,777,127,119381,13706,35,Open Play,Right Foot,Outside Box,Blocked
shot_3872,124952,777,127,13706,119381,51,Open Play,Header,Inside Box,Missed
shot_3873,124952,777,127,25474,14846,54,Open Play,Left Foot,Inside Box,Missed
shot_3874,124952,777,127,13706,54989,56,Open Play,Header,Inside Box,Missed
shot_3875,124952,777,127,13706,33032,57,Open Play,Left Foot,Inside Box,Blocked
shot_3876,124952,777,127,13706,54989,61,Open Play,Right Foot,Inside Box,Missed
shot_3877,124952,777,127,25474,,67,Open Play,Right Foot,Outside Box,Goal
shot_3878,124952,777,127,137832,54989,71,Open Play,Right Foot,Inside Box,Missed
shot_3879,124952,777,127,14846,137832,76,Open Play,Left Foot,Outside Box,Blocked
shot_3880,124952,777,43,137462,10539,86,Open Play,Left Foot,Outside Box,Blocked
shot_3881,124952,777,43,137462,,87,Set Piece,Left Foot,Outside Box,Missed
shot_3882,124952,777,43,10539,,87,Open Play,Left Foot,Outside Box,Blocked
shot_3883,124952,777,43,31442,15139,90,Set Piece,Header,Inside Box,Goal
shot_3884,124952,777,127,54989,25474,90+2',Set Piece,Header,Inside Box,Missed
shot_3885,124952,777,127,118080,10766,90+4',Open Play,Header,,Missed
shot_3886,124953,777,131,51830,67928,14,Open Play,Header,Inside Box,Missed
shot_3887,124953,777,29,66659,,14,Open Play,Left Foot,Outside Box,Saved
shot_3888,124953,777,131,134176,,19,Open Play,Left Foot,Outside Box,Saved
shot_3889,124953,777,29,67784,138104,21,Set Piece,Header,Inside Box,Missed
shot_3890,124953,777,29,19864,138104,32,Open Play,Header,Inside Box,Saved
shot_3891,124953,777,29,138104,,38,Open Play,Left Foot,Outside Box,Blocked
shot_3892,124953,777,29,19864,,43,Open Play,Left Foot,Inside Box,Saved
shot_3893,124953,777,29,67784,,44,Open Play,Right Foot,Inside Box,Saved
shot_3894,124953,777,29,119614,51199,45,Open Play,Left Foot,Inside Box,Blocked
shot_3895,124953,777,29,119614,,45,Open Play,Left Foot,Outside Box,Missed
shot_3896,124953,777,131,51830,72239,45+3',Open Play,Right Foot,Outside Box,Blocked
shot_3897,124953,777,29,66659,138104,47,Open Play,Header,Inside Box,Saved
shot_3898,124953,777,131,67928,134176,48,Open Play,Left Foot,Outside Box,Blocked
shot_3899,124953,777,131,134333,4874,49,Open Play,Right Foot,Inside Box,Missed
shot_3900,124953,777,29,67784,25408,52,Open Play,Right Foot,Inside Box,Blocked
shot_3901,124953,777,29,122126,138104,53,Open Play,Right Foot,Outside Box,Missed
shot_3902,124953,777,131,134333,134176,55,Open Play,Right Foot,Outside Box,Missed
shot_3903,124953,777,131,51830,50727,59,Open Play,Header,Inside Box,Missed
shot_3904,124953,777,131,134176,,60,Open Play,Left Foot,Outside Box,Missed
shot_3905,124953,777,29,138104,122126,65,Open Play,Header,Inside Box,Missed
shot_3906,124953,777,29,51610,138104,66,Open Play,Right Foot,Outside Box,Saved
shot_3907,124953,777,29,51610,12136,67,Open Play,Right Foot,Inside Box,Blocked
shot_3908,124953,777,131,50727,117732,76,Open Play,Left Foot,Inside Box,Blocked
shot_3909,124953,777,131,134333,145043,77,Open Play,Right Foot,Inside Box,Missed
shot_3910,124953,777,131,2100,134176,77,Open Play,Right Foot,Outside Box,Blocked
shot_3911,124953,777,131,134333,134176,82,Open Play,Right Foot,Outside Box,Saved
shot_3912,124953,777,131,145043,117732,86,Open Play,Header,Inside Box,Missed
shot_3913,124953,777,131,51830,4874,87,Open Play,Left Foot,,Blocked
shot_3914,124953,777,131,51830,2100,90+3',Open Play,Left Foot,Outside Box,Saved
shot_3915,124953,777,131,134333,145043,90+4',Open Play,Right Foot,Outside Box,Saved
shot_3916,124954,777,1,64523,,19,Open Play,Left Foot,Inside Box,Missed
shot_3917,124954,777,1,32728,11419,20,Open Play,Header,Inside Box,Missed
shot_3918,124954,777,1,32728,,27,Penalty,Right Foot,Inside Box,Goal
shot_3919,124954,777,1,15202,11419,41,Open Play,Right Foot,Outside Box,Missed
shot_3920,124954,777,1,32728,,44,Open Play,Right Foot,Inside Box,Missed
shot_3921,124954,777,1,49481,32728,45+6',Open Play,Header,Inside Box,Missed
shot_3922,124954,777,7,133612,,46,Open Play,Right Foot,Inside Box,Blocked
shot_3923,124954,777,7,133612,,49,Open Play,Header,Inside Box,Saved
shot_3924,124954,777,1,49481,67776,51,Open Play,Right Foot,Inside Box,Blocked
shot_3925,124954,777,7,133612,4260,57,Set Piece,Right Foot,Outside Box,Missed
shot_3926,124954,777,1,49481,15202,62,Open Play,Left Foot,Inside Box,Blocked
shot_3927,124954,777,1,67776,,64,Open Play,Right Foot,Inside Box,Missed
shot_3928,124954,777,1,20486,15202,64,Open Play,Right Foot,Inside Box,Hit the Woodwork
shot_3929,124954,777,1,64523,11419,69,Open Play,Right Foot,Inside Box,Hit the Woodwork
shot_3930,124954,777,7,126789,23841,70,Open Play,Header,Inside Box,Blocked
shot_3931,124954,777,1,49481,11419,74,Open Play,Right Foot,Inside Box,Blocked
shot_3932,124954,777,7,128411,8143,78,Open Play,,Inside Box,Missed
shot_3933,124954,777,1,19680,49481,90+1',Set Piece,Right Foot,Inside Box,Missed
shot_3934,124955,777,15,304123,23702,3,Open Play,Right Foot,Outside Box,Blocked
shot_3935,124955,777,15,304123,23811,8,Open Play,Left Foot,Inside Box,Missed
shot_3936,124955,777,15,304123,,10,Open Play,Right Foot,Inside Box,Blocked
shot_3937,124955,777,34,121610,35752,16,Open Play,Right Foot,Inside Box,Blocked
shot_3938,124955,777,34,121610,14624,17,Open Play,Header,Inside Box,Blocked
shot_3939,124955,777,15,51593,139648,18,Set Piece,Header,Inside Box,Missed
shot_3940,124955,777,34,11071,16044,23,Open Play,Right Foot,Outside Box,Blocked
shot_3941,124955,777,15,24626,51593,33,Open Play,Right Foot,Outside Box,Missed
shot_3942,124955,777,34,121610,14445,37,Open Play,Right Foot,Inside Box,Blocked
shot_3943,124955,777,34,11071,121610,38,Open Play,Right Foot,Inside Box,Blocked
shot_3944,124955,777,34,13961,16044,38,Open Play,Left Foot,Outside Box,Blocked
shot_3945,124955,777,34,16044,,39,Open Play,Left Foot,Inside Box,Missed
shot_3946,124955,777,15,98300,15259,40,Open Play,Left Foot,Inside Box,Blocked
shot_3947,124955,777,34,11071,14624,42,Open Play,Header,Inside Box,Missed
shot_3948,124955,777,34,11071,,45+5',Penalty,Right Foot,Inside Box,Goal
shot_3949,124955,777,15,304123,15259,47,Open Play,Right Foot,Inside Box,Missed
shot_3950,124955,777,15,23811,23702,49,Open Play,Right Foot,Outside Box,Saved
shot_3951,124955,777,15,15259,98300,50,Open Play,Right Foot,Inside Box,Missed
shot_3952,124955,777,15,23702,98300,53,Open Play,Right Foot,Outside Box,Blocked
shot_3953,124955,777,15,15259,51593,62,Open Play,Right Foot,Outside Box,Missed
shot_3954,124955,777,15,139648,24626,62,Open Play,Left Foot,Outside Box,Saved
shot_3955,124955,777,34,3894,16044,72,Open Play,Left Foot,Outside Box,Missed
shot_3956,124955,777,34,11071,4880,84,Open Play,Header,Inside Box,Missed
shot_3957,124956,777,9,13796,9576,17,Open Play,Right Foot,Inside Box,Blocked
shot_3958,124956,777,9,75543,,17,Open Play,Left Foot,Outside Box,Missed
shot_3959,124956,777,9,13796,116888,18,Set Piece,Header,Inside Box,Missed
shot_3960,124956,777,6,14451,20874,19,Open Play,Right Foot,Outside Box,Saved
shot_3961,124956,777,6,20874,,20,Open Play,Header,Inside Box,Missed
shot_3962,124956,777,9,33124,116888,25,Set Piece,Header,Inside Box,Missed
shot_3963,124956,777,9,33124,116888,29,Set Piece,Header,Inside Box,Missed
shot_3964,124956,777,6,20874,14451,35,Open Play,Right Foot,Outside Box,Missed
shot_3965,124956,777,9,9576,,38,Open Play,Right Foot,Inside Box,Goal
shot_3966,124956,777,9,9576,,38,Open Play,Right Foot,Inside Box,Saved
shot_3967,124956,777,9,33124,,45,Open Play,Left Foot,Outside Box,Blocked
shot_3968,124956,777,9,13796,116888,45+1',Set Piece,Header,Inside Box,Missed
shot_3969,124956,777,9,9576,50151,45+4',Open Play,Header,Inside Box,Goal
shot_3970,124956,777,9,63289,,45+4',Open Play,Right Foot,Outside Box,Missed
shot_3971,124956,777,9,116888,,50,Open Play,Right Foot,Outside Box,Blocked
shot_3972,124956,777,9,75543,,51,Open Play,Left Foot,Inside Box,Blocked
shot_3973,124956,777,9,19731,,60,Set Piece,Right Foot,Inside Box,Goal
shot_3974,124956,777,9,13796,33162,65,Open Play,Right Foot,Inside Box,Blocked
shot_3975,124956,777,9,75543,,66,Open Play,Left Foot,Inside Box,Blocked
shot_3976,124956,777,9,33124,116888,66,Open Play,Header,Inside Box,Saved
shot_3977,124956,777,6,109117,24334,72,Open Play,Right Foot,Outside Box,Blocked
shot_3978,124956,777,6,69595,109117,73,Open Play,Left Foot,Inside Box,Saved
shot_3979,124956,777,6,14451,,73,Open Play,Left Foot,Inside Box,Blocked
shot_3980,124956,777,9,68676,,78,Open Play,Right Foot,Inside Box,Blocked
shot_3981,124956,777,9,116888,,79,Open Play,Right Foot,Outside Box,Missed
shot_3982,124956,777,6,109117,20118,85,Open Play,Right Foot,Outside Box,Blocked
shot_3983,124956,777,6,138981,,90+2',Penalty,Left Foot,Inside Box,Goal
shot_3984,124956,777,6,138981,37776,90+4',Open Play,Header,Inside Box,Hit the Woodwork
shot_3985,124956,777,9,116888,,90+11',Set Piece,Right Foot,,Goal
shot_3986,124957,777,11,67178,68150,3,Open Play,Left Foot,Outside Box,Blocked
shot_3987,124957,777,11,65970,,5,Open Play,Right Foot,Inside Box,Goal
shot_3988,124957,777,11,65970,14805,5,Open Play,Left Foot,Inside Box,Saved
shot_3989,124957,777,11,65970,68150,10,Open Play,Header,Inside Box,Missed
shot_3990,124957,777,11,67178,68150,13,Set Piece,Header,Inside Box,Missed
shot_3991,124957,777,11,65970,68150,25,Open Play,Left Foot,,Missed
shot_3992,124957,777,11,65970,,28,Open Play,Left Foot,Outside Box,Missed
shot_3993,124957,777,11,26335,68150,36,Open Play,Right Foot,Inside Box,Saved
shot_3994,124957,777,11,26335,65970,38,Open Play,Right Foot,Inside Box,Goal
shot_3995,124957,777,25,66560,,47,Open Play,Right Foot,Inside Box,Saved
shot_3996,124957,777,25,119072,,48,Open Play,Right Foot,Outside Box,Missed
shot_3997,124957,777,11,16431,68150,50,Open Play,Header,Inside Box,Saved
shot_3998,124957,777,25,8868,,54,Open Play,Left Foot,,Missed
shot_3999,124957,777,25,8868,55776,56,Open Play,Right Foot,Inside Box,Missed
shot_4000,124957,777,11,14805,,61,Open Play,Left Foot,Inside Box,Missed
shot_4001,124957,777,11,65970,,69,Open Play,Left Foot,Inside Box,Goal
shot_4002,124957,777,25,65961,55776,76,Open Play,Right Foot,Inside Box,Saved
shot_4003,124957,777,25,55776,,78,Open Play,Left Foot,Outside Box,Saved
shot_4004,124957,777,11,14805,99281,82,Open Play,Left Foot,Outside Box,Saved
shot_4005,124957,777,11,126943,99281,84,Open Play,Left Foot,Inside Box,Saved
shot_4006,124957,777,25,8454,131312,88,Open Play,Header,Inside Box,Missed
shot_4007,124957,777,11,126943,,90+2',Open Play,Left Foot,Inside Box,Blocked
shot_4008,124957,777,11,67178,14805,90+3',Set Piece,Header,Inside Box,Missed
shot_4009,124957,777,11,65970,127852,90+4',Open Play,Left Foot,Inside Box,Missed
shot_4010,124958,777,4,49293,68987,2,Open Play,Left Foot,Inside Box,Missed
shot_4011,124958,777,23,115256,,4,Open Play,Right Foot,Inside Box,Goal
shot_4012,124958,777,23,23747,9662,4,Open Play,Right Foot,Inside Box,Saved
shot_4013,124958,777,4,68987,21998,6,Open Play,Right Foot,Outside Box,Missed
shot_4014,124958,777,23,23747,9662,7,Open Play,Right Foot,Inside Box,Saved
shot_4015,124958,777,4,21998,72371,13,Open Play,Right Foot,Inside Box,Blocked
shot_4016,124958,777,23,115256,23747,20,Set Piece,Right Foot,Inside Box,Goal
shot_4017,124958,777,23,5220,108922,28,Open Play,Right Foot,Inside Box,Saved
shot_4018,124958,777,4,68987,,40,Open Play,Right Foot,Inside Box,Blocked
shot_4019,124958,777,23,115256,23747,45,Open Play,Right Foot,Inside Box,Missed
shot_4020,124958,777,23,117647,9662,45+2',Set Piece,Header,,Missed
shot_4021,124958,777,4,14571,,49,Set Piece,Right Foot,,Goal
shot_4022,124958,777,4,14571,21998,56,Open Play,Right Foot,Inside Box,Blocked
shot_4023,124958,777,4,21998,68987,57,Open Play,Left Foot,Inside Box,Saved
shot_4024,124958,777,4,72371,14538,66,Open Play,Right Foot,Inside Box,Goal
shot_4025,124958,777,4,68987,49293,68,Open Play,Left Foot,Inside Box,Missed
shot_4026,124958,777,23,5220,,72,Set Piece,Right Foot,Outside Box,Missed
shot_4027,124958,777,4,68987,72371,81,Open Play,Right Foot,Inside Box,Saved
shot_4028,124958,777,4,72371,133245,81,Open Play,Right Foot,Inside Box,Blocked
shot_4029,124958,777,4,112203,63741,81,Open Play,Right Foot,Outside Box,Missed
shot_4030,124958,777,23,5220,,84,Set Piece,Right Foot,Inside Box,Missed
shot_4031,124958,777,23,14716,74761,85,Open Play,Left Foot,Inside Box,Missed
shot_4032,124958,777,4,68987,63741,86,Open Play,Left Foot,Inside Box,Missed
shot_4033,124958,777,23,49259,13703,89,Open Play,Right Foot,Inside Box,Missed
shot_4034,124959,777,21,51185,117596,5,Open Play,Right Foot,Inside Box,Blocked
shot_4035,124959,777,10,5140,33231,13,Open Play,Header,Inside Box,Saved
shot_4036,124959,777,21,51185,32229,15,Open Play,Header,Inside Box,Missed
shot_4037,124959,777,21,22802,51185,17,Open Play,Left Foot,Outside Box,Missed
shot_4038,124959,777,21,51185,23764,27,Open Play,Header,Inside Box,Saved
shot_4039,124959,777,21,51364,69274,27,Open Play,Left Foot,Outside Box,Blocked
shot_4040,124959,777,10,75382,49909,36,Open Play,Right Foot,Inside Box,Saved
shot_4041,124959,777,10,63633,23815,45+5',Open Play,Right Foot,Outside Box,Blocked
shot_4042,124959,777,10,75382,81542,45+6',Open Play,Left Foot,Inside Box,Blocked
shot_4043,124959,777,10,63633,75382,48,Open Play,Right Foot,Inside Box,Blocked
shot_4044,124959,777,10,21737,75382,56,Open Play,Left Foot,Inside Box,Goal
shot_4045,124959,777,21,23764,133603,64,Open Play,Right Foot,Outside Box,Saved
shot_4046,124959,777,21,51185,22802,64,Open Play,Right Foot,Inside Box,Blocked
shot_4047,124959,777,10,81542,,66,Open Play,Header,Inside Box,Goal
shot_4048,124959,777,10,63633,49909,73,Open Play,Header,Inside Box,Missed
shot_4049,124959,777,21,24630,,83,Set Piece,Right Foot,Inside Box,Goal
shot_4050,124959,777,21,19858,,83,Open Play,Right Foot,Inside Box,Blocked
shot_4051,124959,777,21,49374,24630,83,Open Play,Right Foot,Inside Box,Blocked
shot_4052,124959,777,21,66635,32229,83,Set Piece,Header,Inside Box,Missed
shot_4053,124959,777,21,24630,49374,86,Open Play,Left Foot,Inside Box,Blocked
shot_4054,124959,777,21,32229,,90+4',Open Play,Right Foot,Outside Box,Saved
shot_4055,124959,777,21,32229,75582,90+6',Open Play,Right Foot,Inside Box,Missed
shot_4056,124959,777,21,19858,75582,90+6',Open Play,Right Foot,Inside Box,Blocked
shot_4057,124960,777,38,4229,,32,Open Play,Right Foot,Outside Box,Blocked
shot_4058,124960,777,38,143214,,32,Open Play,Right Foot,Outside Box,Blocked
shot_4059,124960,777,130,24369,,39,Open Play,Left Foot,Inside Box,Saved
shot_4060,124960,777,130,127594,,51,Open Play,Right Foot,Inside Box,Saved
shot_4061,124960,777,130,127594,24369,51,Open Play,Header,Inside Box,Saved
shot_4062,124960,777,130,127594,128891,52,Open Play,Header,Inside Box,Saved
shot_4063,124960,777,38,20337,52951,55,Open Play,Header,Inside Box,Saved
shot_4064,124960,777,130,24369,23194,63,Open Play,Right Foot,Inside Box,Goal
shot_4065,124960,777,38,35670,145492,69,Open Play,Right Foot,Inside Box,Blocked
shot_4066,124960,777,38,136815,4229,73,Open Play,Left Foot,Inside Box,Blocked
shot_4067,124960,777,38,4229,20337,73,Open Play,Right Foot,Outside Box,Blocked
shot_4068,124960,777,38,136815,145492,77,Open Play,Header,Inside Box,Missed
shot_4069,124960,777,130,49731,127594,79,Open Play,Right Foot,Inside Box,Missed
shot_4070,124960,777,38,115371,,81,Open Play,Right Foot,Inside Box,Blocked
shot_4071,124960,777,130,24369,49731,83,Open Play,Left Foot,Inside Box,Goal
shot_4072,124960,777,38,35670,,88,Penalty,Right Foot,Inside Box,Saved
shot_4073,124961,777,1,32728,20486,2,Open Play,Right Foot,Outside Box,Saved
shot_4074,124961,777,1,49481,11419,4,Open Play,Left Foot,,Saved
shot_4075,124961,777,1,20486,49481,13,Set Piece,Header,Inside Box,Missed
shot_4076,124961,777,1,11419,49481,14,Open Play,Left Foot,Outside Box,Goal
shot_4077,124961,777,1,49481,11419,14,Open Play,Left Foot,Inside Box,Missed
shot_4078,124961,777,1,49481,11419,32,Open Play,Left Foot,Inside Box,Saved
shot_4079,124961,777,1,15202,11419,36,Open Play,Right Foot,Inside Box,Missed
shot_4080,124961,777,1,15202,20486,37,Open Play,Left Foot,Inside Box,Blocked
shot_4081,124961,777,1,19778,,38,Open Play,Left Foot,,Missed
shot_4082,124961,777,1,49481,7975,43,Open Play,Left Foot,Inside Box,Blocked
shot_4083,124961,777,1,20486,,44,Open Play,Right Foot,Inside Box,Missed
shot_4084,124961,777,1,64523,19778,44,Open Play,Left Foot,Inside Box,Saved
shot_4085,124961,777,1,19778,,44,Open Play,Left Foot,Inside Box,Blocked
shot_4086,124961,777,1,32728,49481,44,Open Play,Header,Inside Box,Blocked
shot_4087,124961,777,1,49481,20486,44,Open Play,Left Foot,Inside Box,Missed
shot_4088,124961,777,131,112739,72239,50,Open Play,Right Foot,Inside Box,Saved
shot_4089,124961,777,1,11419,20486,51,Open Play,Left Foot,Inside Box,Blocked
shot_4090,124961,777,131,134333,,55,Open Play,Left Foot,Outside Box,Missed
shot_4091,124961,777,1,49481,11419,61,Open Play,Left Foot,Inside Box,Blocked
shot_4092,124961,777,1,32728,,61,Open Play,Right Foot,,Saved
shot_4093,124961,777,131,143240,,64,Open Play,Right Foot,Inside Box,Goal
shot_4094,124961,777,131,134333,51830,64,Open Play,Right Foot,Inside Box,Hit the Woodwork
shot_4095,124961,777,131,134333,,66,Open Play,Right Foot,Inside Box,Blocked
shot_4096,124961,777,131,136175,51830,76,Open Play,Left Foot,Inside Box,Saved
shot_4097,124961,777,131,72239,50727,77,Set Piece,Header,Inside Box,Missed
shot_4098,124961,777,1,15202,,83,Open Play,Right Foot,,Blocked
shot_4099,124961,777,1,19680,64523,83,Open Play,Left Foot,Inside Box,Blocked
shot_4100,124961,777,1,50234,15202,84,Set Piece,Header,Inside Box,Missed
shot_4101,124961,777,1,66104,49481,85,Open Play,Right Foot,Inside Box,Missed
shot_4102,124961,777,1,19680,,86,Open Play,Right Foot,Inside Box,Blocked
shot_4103,124961,777,1,49481,66104,90+4',Open Play,Left Foot,Inside Box,Blocked
shot_4104,124962,777,127,25474,74976,1,Open Play,Right Foot,Outside Box,Saved
shot_4105,124962,777,130,128891,,5,Open Play,Right Foot,Outside Box,Missed
shot_4106,124962,777,130,127594,124052,7,Open Play,Left Foot,Inside Box,Goal
shot_4107,124962,777,130,124052,133460,11,Open Play,Left Foot,Inside Box,Saved
shot_4108,124962,777,130,49726,24369,13,Open Play,Right Foot,Outside Box,Blocked
shot_4109,124962,777,130,20113,23194,14,Set Piece,Header,Inside Box,Missed
shot_4110,124962,777,130,127594,,17,Open Play,Left Foot,Inside Box,Saved
shot_4111,124962,777,130,127594,,17,Open Play,Left Foot,Inside Box,Blocked
shot_4112,124962,777,130,133460,128891,20,Open Play,Left Foot,Inside Box,Blocked
shot_4113,124962,777,127,10766,74965,23,Open Play,Right Foot,Outside Box,Blocked
shot_4114,124962,777,130,124052,24369,39,Open Play,Right Foot,Inside Box,Missed
shot_4115,124962,777,130,128891,,48,Open Play,Right Foot,Inside Box,Blocked
shot_4116,124962,777,130,127594,128891,51,Open Play,Right Foot,Inside Box,Goal
shot_4117,124962,777,127,13706,21519,53,Open Play,Right Foot,Inside Box,Saved
shot_4118,124962,777,127,25474,21519,53,Open Play,Right Foot,Outside Box,Saved
shot_4119,124962,777,127,21519,74976,54,Open Play,Right Foot,Inside Box,Blocked
shot_4120,124962,777,127,13706,,55,Open Play,Left Foot,Inside Box,Blocked
shot_4121,124962,777,127,25474,,64,Open Play,Left Foot,Inside Box,Blocked
shot_4122,124962,777,127,33032,,66,Open Play,Right Foot,Inside Box,Blocked
shot_4123,124962,777,127,74976,13706,67,Set Piece,Header,Inside Box,Missed
shot_4124,124962,777,127,21519,74976,67,Set Piece,Left Foot,Inside Box,Hit the Woodwork
shot_4125,124962,777,127,33032,,69,Open Play,Right Foot,Inside Box,Blocked
shot_4126,124962,777,127,14846,,69,Open Play,Left Foot,Outside Box,Blocked
shot_4127,124962,777,127,14846,13706,73,Open Play,Left Foot,Outside Box,Saved
shot_4128,124962,777,127,25474,,75,Open Play,Right Foot,Inside Box,Goal
shot_4129,124962,777,127,119381,,75,Open Play,Left Foot,Inside Box,Blocked
shot_4130,124962,777,127,21519,,78,Open Play,Left Foot,Inside Box,Blocked
shot_4131,124962,777,130,127594,124052,79,Open Play,Left Foot,Outside Box,Blocked
shot_4132,124962,777,127,54989,14846,81,Open Play,Header,Inside Box,Saved
shot_4133,124962,777,130,23194,49731,86,Open Play,Left Foot,Outside Box,Saved
shot_4134,124962,777,127,118080,13706,87,Open Play,Left Foot,Outside Box,Saved
shot_4135,124962,777,127,25474,21519,90+1',Open Play,Left Foot,Inside Box,Saved
shot_4136,124962,777,130,14450,49731,90+4',Open Play,Right Foot,Outside Box,Missed
shot_4137,124962,777,127,13706,25474,90+4',Open Play,Left Foot,Outside Box,Saved
shot_4138,124962,777,130,127594,49731,90+6',Open Play,Header,Inside Box,Goal
shot_4139,124963,777,43,137462,,7,Set Piece,Right Foot,Outside Box,Missed
shot_4140,124963,777,43,31442,,7,Open Play,Right Foot,Inside Box,Blocked
shot_4141,124963,777,43,10539,,7,Open Play,Right Foot,Inside Box,Blocked
shot_4142,124963,777,7,126789,24983,10,Open Play,Header,Inside Box,Missed
shot_4143,124963,777,7,112917,133612,14,Open Play,Left Foot,Inside Box,Blocked
shot_4144,124963,777,43,19831,31442,19,Open Play,Right Foot,Outside Box,Missed
shot_4145,124963,777,43,8127,,21,Open Play,Right Foot,Outside Box,Missed
shot_4146,124963,777,43,31442,137462,25,Open Play,Header,Inside Box,Missed
shot_4147,124963,777,7,133612,112917,29,Open Play,Header,Inside Box,Saved
shot_4148,124963,777,7,133612,24797,34,Open Play,Right Foot,Outside Box,Blocked
shot_4149,124963,777,7,23841,,49,Set Piece,Right Foot,Outside Box,Missed
shot_4150,124963,777,7,133612,112917,50,Open Play,Right Foot,Outside Box,Missed
shot_4151,124963,777,43,19831,15139,57,Open Play,Right Foot,Inside Box,Missed
shot_4152,124963,777,43,19831,63851,60,Open Play,Right Foot,Inside Box,Blocked
shot_4153,124963,777,43,63851,3955,61,Set Piece,Left Foot,Outside Box,Missed
shot_4154,124963,777,7,126789,66538,62,Open Play,Right Foot,Inside Box,Saved
shot_4155,124963,777,7,133612,24983,64,Open Play,Right Foot,Outside Box,Missed
shot_4156,124963,777,7,133612,,66,Open Play,Right Foot,Inside Box,Saved
shot_4157,124963,777,43,128456,,72,Open Play,Left Foot,Inside Box,Blocked
shot_4158,124963,777,43,31442,15139,75,Open Play,Right Foot,Inside Box,Blocked
shot_4159,124963,777,43,51498,,76,Open Play,Right Foot,Inside Box,Missed
shot_4160,124963,777,43,51498,,76,Open Play,Right Foot,Outside Box,Blocked
shot_4161,124963,777,43,74960,15139,76,Open Play,Right Foot,Inside Box,Blocked
shot_4162,124963,777,7,143922,23841,77,Open Play,Left Foot,Inside Box,Saved
shot_4163,124963,777,7,24797,,78,Set Piece,Left Foot,Inside Box,Missed
shot_4164,124963,777,7,112917,,78,Set Piece,Left Foot,Outside Box,Missed
shot_4165,124963,777,43,74960,50460,82,Open Play,Right Foot,Outside Box,Missed
shot_4166,124963,777,7,112917,,85,Open Play,Left Foot,Inside Box,Blocked
shot_4167,124963,777,7,74585,23841,90,Open Play,Header,Inside Box,Saved
shot_4168,124963,777,7,112589,24983,90+6',Open Play,Header,Inside Box,Saved
shot_4169,124963,777,43,63851,128456,90+6',Set Piece,Right Foot,Outside Box,Missed
shot_4170,124964,777,4,49293,112203,2,Open Play,Left Foot,Inside Box,Missed
shot_4171,124964,777,4,63741,68987,18,Open Play,Right Foot,Inside Box,Missed
shot_4172,124964,777,4,49293,,21,Open Play,Left Foot,Inside Box,Blocked
shot_4173,124964,777,4,112203,,21,Open Play,Right Foot,Outside Box,Blocked
shot_4174,124964,777,4,72371,21998,24,Open Play,Right Foot,Inside Box,Saved
shot_4175,124964,777,4,63741,68987,26,Open Play,Left Foot,Inside Box,Blocked
shot_4176,124964,777,4,14571,21998,34,Open Play,Right Foot,Outside Box,Missed
shot_4177,124964,777,4,72371,14571,37,Set Piece,Right Foot,Inside Box,Goal
shot_4178,124964,777,4,72371,14571,40,Open Play,Header,Inside Box,Blocked
shot_4179,124964,777,4,49293,,42,Open Play,Left Foot,Outside Box,Saved
shot_4180,124964,777,2,23968,26408,51,Open Play,Right Foot,Outside Box,Blocked
shot_4181,124964,777,2,26408,23968,55,Open Play,Right Foot,Outside Box,Blocked
shot_4182,124964,777,4,68987,27277,58,Open Play,Right Foot,Outside Box,Missed
shot_4183,124964,777,2,25067,,61,Open Play,Right Foot,Inside Box,Saved
shot_4184,124964,777,2,8658,,63,Open Play,Left Foot,Inside Box,Goal
shot_4185,124964,777,2,8658,23968,63,Open Play,Right Foot,Inside Box,Saved
shot_4186,124964,777,2,51223,23968,66,Open Play,Left Foot,Inside Box,Saved
shot_4187,124964,777,2,8658,13344,70,Open Play,Right Foot,Inside Box,Saved
shot_4188,124964,777,2,23968,,73,Set Piece,Right Foot,Outside Box,Missed
shot_4189,124964,777,4,14571,,76,Open Play,Right Foot,Outside Box,Blocked
shot_4190,124964,777,4,68583,63741,81,Open Play,Right Foot,Inside Box,Blocked
shot_4191,124964,777,2,8658,5865,84,Set Piece,Header,Inside Box,Goal
shot_4192,124964,777,4,21998,14571,87,Open Play,Left Foot,Outside Box,Blocked
shot_4193,124964,777,2,14801,5865,88,Open Play,Right Foot,Inside Box,Saved
shot_4194,124964,777,2,5758,,90+1',Open Play,Left Foot,Outside Box,Saved
shot_4195,124965,777,6,138981,8589,13,Open Play,Left Foot,Outside Box,Blocked
shot_4196,124965,777,6,20874,69595,21,Open Play,Right Foot,Inside Box,Missed
shot_4197,124965,777,6,109117,138981,24,Open Play,Right Foot,Outside Box,Missed
shot_4198,124965,777,6,20874,76104,27,Set Piece,Header,Inside Box,Missed
shot_4199,124965,777,6,138981,24334,29,Open Play,Header,Inside Box,Saved
shot_4200,124965,777,6,24334,8589,34,Open Play,Left Foot,Outside Box,Blocked
shot_4201,124965,777,6,69595,,35,Open Play,Left Foot,Inside Box,Saved
shot_4202,124965,777,21,32229,,37,Open Play,Left Foot,Outside Box,Missed
shot_4203,124965,777,6,8589,109117,40,Open Play,Right Foot,Outside Box,Missed
shot_4204,124965,777,21,117596,24630,42,Set Piece,Header,Inside Box,Goal
shot_4205,124965,777,21,24630,51185,42,Open Play,Header,Inside Box,Blocked
shot_4206,124965,777,6,69595,138981,45+1',Open Play,Left Foot,Outside Box,Blocked
shot_4207,124965,777,6,109117,138981,48,Open Play,Right Foot,Inside Box,Blocked
shot_4208,124965,777,6,138981,4604,56,Open Play,Left Foot,Inside Box,Missed
shot_4209,124965,777,6,76104,37776,70,Set Piece,Header,Inside Box,Missed
shot_4210,124965,777,21,118579,23764,73,Open Play,Right Foot,Outside Box,Saved
shot_4211,124965,777,6,14569,69595,79,Set Piece,Header,Inside Box,Missed
shot_4212,124965,777,21,24630,51364,81,Open Play,Right Foot,Inside Box,Saved
shot_4213,124965,777,21,69070,24630,86,Set Piece,Header,Inside Box,Missed
shot_4214,124965,777,21,118579,24630,88,Open Play,Right Foot,Outside Box,Hit the Woodwork
shot_4215,124965,777,6,146391,37776,90+3',Open Play,Right Foot,Inside Box,Missed
shot_4216,124965,777,6,69595,8589,90+5',Open Play,Left Foot,Outside Box,Blocked
shot_4217,124965,777,21,22802,32229,90+7',Open Play,Right Foot,Inside Box,Saved
shot_4218,124966,777,10,81542,75382,11,Open Play,Right Foot,Inside Box,Hit the Woodwork
shot_4219,124966,777,10,49909,5140,12,Open Play,Right Foot,Inside Box,Blocked
shot_4220,124966,777,38,145492,133679,17,Open Play,Right Foot,Outside Box,Saved
shot_4221,124966,777,10,81542,19919,19,Open Play,Right Foot,Inside Box,Blocked
shot_4222,124966,777,10,81542,63633,26,Set Piece,Header,Inside Box,Missed
shot_4223,124966,777,10,81542,116665,29,Open Play,Right Foot,Outside Box,Blocked
shot_4224,124966,777,38,145492,115371,32,Open Play,Right Foot,Outside Box,Missed
shot_4225,124966,777,10,116665,,37,Open Play,Left Foot,Inside Box,Missed
shot_4226,124966,777,10,49909,19919,41,Open Play,Right Foot,Inside Box,Goal
shot_4227,124966,777,10,75382,81542,42,Open Play,Right Foot,Inside Box,Goal
shot_4228,124966,777,38,145492,,45+1',Set Piece,Right Foot,Outside Box,Missed
shot_4229,124966,777,38,20337,115371,49,Open Play,Left Foot,Outside Box,Blocked
shot_4230,124966,777,38,115371,143214,51,Open Play,Header,Inside Box,Saved
shot_4231,124966,777,38,43010,,52,Set Piece,Right Foot,Inside Box,Goal
shot_4232,124966,777,10,75382,63633,61,Set Piece,Right Foot,Inside Box,Missed
shot_4233,124966,777,10,23815,75382,65,Open Play,Right Foot,Outside Box,Saved
shot_4234,124966,777,10,49909,75382,67,Open Play,Right Foot,Inside Box,Missed
shot_4235,124966,777,10,63633,,71,Open Play,Right Foot,Outside Box,Missed
shot_4236,124966,777,38,145492,143214,74,Open Play,Left Foot,Outside Box,Saved
shot_4237,124966,777,10,63633,,74,Open Play,Right Foot,Inside Box,Saved
shot_4238,124966,777,38,115371,111988,77,Open Play,Header,Inside Box,Missed
shot_4239,124966,777,38,115371,108877,83,Open Play,Left Foot,Inside Box,Missed
shot_4240,124966,777,10,32894,130665,90+5',Open Play,Left Foot,Inside Box,Missed
shot_4241,124967,777,12,5793,14580,3,Set Piece,Header,Inside Box,Missed
shot_4242,124967,777,12,66036,146567,11,Open Play,Left Foot,Inside Box,Missed
shot_4243,124967,777,23,74761,71623,12,Open Play,Header,Inside Box,Saved
shot_4244,124967,777,23,9662,108922,13,Open Play,Right Foot,Inside Box,Blocked
shot_4245,124967,777,23,124462,117647,17,Open Play,Left Foot,Inside Box,Blocked
shot_4246,124967,777,12,146567,,24,Open Play,Left Foot,Inside Box,Goal
shot_4247,124967,777,12,51202,66036,24,Open Play,Left Foot,Inside Box,Saved
shot_4248,124967,777,12,146567,4608,28,Open Play,Left Foot,Outside Box,Saved
shot_4249,124967,777,12,146567,51202,34,Open Play,Right Foot,Inside Box,Saved
shot_4250,124967,777,12,51202,,36,Open Play,Right Foot,Inside Box,Missed
shot_4251,124967,777,23,5220,,51,Open Play,Left Foot,Inside Box,Blocked
shot_4252,124967,777,12,66036,118031,60,Open Play,Left Foot,Inside Box,Hit the Woodwork
shot_4253,124967,777,23,108922,,62,Open Play,Left Foot,Outside Box,Blocked
shot_4254,124967,777,23,5220,,62,Open Play,Right Foot,Inside Box,Blocked
shot_4255,124967,777,23,108922,,62,Open Play,Left Foot,Inside Box,Blocked
shot_4256,124967,777,23,108922,124462,62,Open Play,Left Foot,Outside Box,Hit the Woodwork
shot_4257,124967,777,23,23747,9662,67,Open Play,Right Foot,Inside Box,Missed
shot_4258,124967,777,23,20607,,72,Open Play,Right Foot,Inside Box,Blocked
shot_4259,124967,777,12,24252,67191,73,Set Piece,Left Foot,Inside Box,Missed
shot_4260,124967,777,23,117497,23747,75,Open Play,Left Foot,Inside Box,Missed
shot_4261,124967,777,23,20607,23747,80,Open Play,Right Foot,Inside Box,Saved
shot_4262,124967,777,12,51202,128366,82,Open Play,Left Foot,Outside Box,Missed
shot_4263,124967,777,23,23747,14716,85,Open Play,Right Foot,Inside Box,Missed
shot_4264,124967,777,23,5220,23747,89,Open Play,Header,Inside Box,Missed
shot_4265,124967,777,23,117647,117497,90,Open Play,Left Foot,Inside Box,Missed
shot_4266,124967,777,23,20607,74761,90+2',Open Play,Header,Inside Box,Saved
shot_4267,124968,777,11,68150,5067,10,Open Play,Right Foot,Inside Box,Missed
shot_4268,124968,777,15,304123,51593,18,Open Play,Header,Inside Box,Blocked
shot_4269,124968,777,11,65970,68150,20,Open Play,Left Foot,Inside Box,Blocked
shot_4270,124968,777,15,115172,,26,Set Piece,Right Foot,Outside Box,Missed
shot_4271,124968,777,11,14805,26335,35,Open Play,Left Foot,Outside Box,Blocked
shot_4272,124968,777,11,14805,65970,40,Open Play,Left Foot,Inside Box,Blocked
shot_4273,124968,777,11,76204,,40,Open Play,Right Foot,Outside Box,Blocked
shot_4274,124968,777,11,68150,5067,40,Open Play,Right Foot,Outside Box,Blocked
shot_4275,124968,777,11,26335,68150,48,Open Play,Left Foot,Inside Box,Goal
shot_4276,124968,777,11,68150,26335,51,Open Play,Right Foot,Inside Box,Saved
shot_4277,124968,777,15,98300,304123,54,Open Play,Left Foot,Inside Box,Goal
shot_4278,124968,777,11,26335,112948,56,Open Play,Right Foot,Outside Box,Missed
shot_4279,124968,777,11,14805,67849,58,Open Play,Left Foot,Outside Box,Blocked
shot_4280,124968,777,15,304123,70249,62,Open Play,Left Foot,Inside Box,Blocked
shot_4281,124968,777,15,70249,,66,Open Play,Right Foot,,Missed
shot_4282,124968,777,15,23811,15259,66,Open Play,Right Foot,Outside Box,Saved
shot_4283,124968,777,11,65970,112948,72,Open Play,Left Foot,Inside Box,Missed
shot_4284,124968,777,11,14805,68150,73,Open Play,Left Foot,Inside Box,Saved
shot_4285,124968,777,15,16035,,76,Open Play,Right Foot,Inside Box,Blocked
shot_4286,124968,777,11,67849,14805,77,Open Play,Right Foot,Outside Box,Missed
shot_4287,124968,777,11,68150,67178,83,Set Piece,Right Foot,Inside Box,Goal
shot_4288,124968,777,11,14805,67849,90+1',Open Play,Left Foot,Outside Box,Blocked
shot_4289,124968,777,11,126943,76204,90+1',Open Play,Right Foot,,Saved
shot_4290,124969,777,29,126317,12136,1,Open Play,Right Foot,Inside Box,Blocked
shot_4291,124969,777,29,51199,12136,4,Open Play,Header,Inside Box,Saved
shot_4292,124969,777,9,116888,33162,10,Open Play,Left Foot,Outside Box,Saved
shot_4293,124969,777,9,33162,33124,14,Open Play,Right Foot,Inside Box,Blocked
shot_4294,124969,777,29,126317,12136,28,Open Play,Right Foot,Inside Box,Goal
shot_4295,124969,777,9,116888,126426,34,Open Play,Right Foot,Inside Box,Blocked
shot_4296,124969,777,9,50151,116888,34,Open Play,Header,Inside Box,Saved
shot_4297,124969,777,9,63289,9576,39,Open Play,Left Foot,Inside Box,Blocked
shot_4298,124969,777,9,33162,33124,40,Open Play,Right Foot,Outside Box,Missed
shot_4299,124969,777,29,67784,119614,45+2',Open Play,Right Foot,Inside Box,Missed
shot_4300,124969,777,29,67784,126317,45+3',Open Play,Header,Inside Box,Hit the Woodwork
shot_4301,124969,777,9,9576,63289,47,Open Play,Right Foot,Inside Box,Goal
shot_4302,124969,777,9,14608,63289,50,Open Play,,Inside Box,Missed
shot_4303,124969,777,9,50151,116888,53,Open Play,Header,Inside Box,Saved
shot_4304,124969,777,9,63289,126426,56,Open Play,Right Foot,Inside Box,Blocked
shot_4305,124969,777,9,126426,63289,59,Open Play,Left Foot,Inside Box,Missed
shot_4306,124969,777,9,63289,33162,60,Set Piece,Right Foot,Outside Box,Missed
shot_4307,124969,777,9,33162,75543,66,Open Play,Right Foot,Outside Box,Blocked
shot_4308,124969,777,9,19731,63289,67,Open Play,Right Foot,Inside Box,Blocked
shot_4309,124969,777,9,116888,,67,Open Play,Left Foot,Outside Box,Blocked
shot_4310,124969,777,9,19731,116888,70,Set Piece,Header,Inside Box,Missed
shot_4311,124969,777,29,52989,138104,71,Open Play,Right Foot,Inside Box,Saved
shot_4312,124969,777,9,19731,63289,75,Open Play,Right Foot,Outside Box,Saved
shot_4313,124969,777,29,126920,138104,76,Open Play,Left Foot,Inside Box,Blocked
shot_4314,124969,777,29,66659,138104,84,Set Piece,Header,Inside Box,Missed
shot_4315,124970,777,34,11071,14624,6,Open Play,Right Foot,Inside Box,Missed
shot_4316,124970,777,34,13961,11071,7,Open Play,Left Foot,Outside Box,Saved
shot_4317,124970,777,25,8868,63656,15,Open Play,Right Foot,Inside Box,Saved
shot_4318,124970,777,34,11071,13961,17,Set Piece,Header,Inside Box,Missed
shot_4319,124970,777,34,21614,13961,18,Open Play,Right Foot,Outside Box,Blocked
shot_4320,124970,777,25,117579,65961,25,Open Play,Header,Inside Box,Missed
shot_4321,124970,777,25,65961,13522,28,Open Play,Left Foot,Inside Box,Blocked
shot_4322,124970,777,34,121610,11071,30,Open Play,Right Foot,Inside Box,Saved
shot_4323,124970,777,34,13961,,32,Open Play,Left Foot,Inside Box,Missed
shot_4324,124970,777,34,26151,21614,32,Open Play,Right Foot,Outside Box,Saved
shot_4325,124970,777,34,14445,16044,41,Open Play,Header,Inside Box,Missed
shot_4326,124970,777,34,11071,14445,47,Open Play,Right Foot,Outside Box,Missed
shot_4327,124970,777,34,16044,14624,53,Open Play,Header,Inside Box,Blocked
shot_4328,124970,777,25,65961,,55,Open Play,Right Foot,Inside Box,Blocked
shot_4329,124970,777,25,55776,,55,Open Play,Left Foot,Outside Box,Blocked
shot_4330,124970,777,25,55776,119072,58,Open Play,Right Foot,Outside Box,Saved
shot_4331,124970,777,25,55776,,60,Open Play,Left Foot,Outside Box,Blocked
shot_4332,124970,777,25,8454,,60,Open Play,Right Foot,Inside Box,Blocked
shot_4333,124970,777,34,16044,14624,63,Open Play,Header,Inside Box,Missed
shot_4334,124970,777,34,14624,14445,63,Open Play,Right Foot,Outside Box,Blocked
shot_4335,124970,777,25,8868,122005,65,Open Play,Right Foot,Inside Box,Missed
shot_4336,124970,777,25,8454,55776,70,Open Play,Right Foot,Outside Box,Missed
shot_4337,124970,777,25,8454,,74,Open Play,Right Foot,Inside Box,Missed
shot_4338,124970,777,34,128976,,76,Open Play,Right Foot,Inside Box,Blocked
shot_4339,124970,777,34,4880,,77,Open Play,Right Foot,Outside Box,Blocked
shot_4340,124970,777,34,4880,,81,Open Play,Left Foot,Inside Box,Blocked
shot_4341,124970,777,34,11071,14624,84,Open Play,Right Foot,Inside Box,Saved
shot_4342,124970,777,34,11071,13961,85,Open Play,Header,Inside Box,Goal
shot_4343,124971,777,1,32728,118077,7,Open Play,Header,Inside Box,Missed
shot_4344,124971,777,2,8658,13274,13,Open Play,Right Foot,Inside Box,Missed
shot_4345,124971,777,1,20486,11419,15,Open Play,Right Foot,Inside Box,Blocked
shot_4346,124971,777,2,8658,14801,17,Open Play,Right Foot,,Blocked
shot_4347,124971,777,2,8658,26408,18,Open Play,Right Foot,Inside Box,Missed
shot_4348,124971,777,1,11419,,20,Open Play,Left Foot,Inside Box,Blocked
shot_4349,124971,777,1,67776,64523,20,Open Play,Left Foot,Outside Box,Blocked
shot_4350,124971,777,1,20486,19778,23,Open Play,Right Foot,Outside Box,Saved
shot_4351,124971,777,1,32728,19778,35,Open Play,Right Foot,Inside Box,Blocked
shot_4352,124971,777,1,32728,20486,36,Open Play,Header,Inside Box,Missed
shot_4353,124971,777,1,50234,,48,Set Piece,Left Foot,Inside Box,Goal
shot_4354,124971,777,1,64523,11419,52,Open Play,Right Foot,Inside Box,Goal
shot_4355,124971,777,2,23968,5865,59,Open Play,Left Foot,Outside Box,Blocked
shot_4356,124971,777,1,67776,,61,Set Piece,Right Foot,Inside Box,Missed
shot_4357,124971,777,1,11419,67776,63,Open Play,Left Foot,Inside Box,Missed
shot_4358,124971,777,1,64523,,66,Open Play,Left Foot,Inside Box,Blocked
shot_4359,124971,777,1,11419,19778,66,Open Play,Left Foot,Inside Box,Saved
shot_4360,124971,777,1,20486,67776,69,Open Play,Right Foot,Outside Box,Goal
shot_4361,124971,777,2,23968,5758,75,Open Play,Left Foot,Inside Box,Blocked
shot_4362,124971,777,1,19680,20486,78,Open Play,Right Foot,Outside Box,Goal
shot_4363,124971,777,1,49481,11419,80,Open Play,Right Foot,Inside Box,Missed
shot_4364,124971,777,1,67776,49481,81,Open Play,Right Foot,Inside Box,Blocked
shot_4365,124971,777,1,49481,,81,Open Play,Header,Inside Box,Missed
shot_4366,124971,777,2,51423,,90+2',Open Play,Right Foot,Inside Box,Saved
shot_4367,124971,777,2,8658,5758,90+2',Open Play,Header,Inside Box,Hit the Woodwork
shot_4368,124971,777,2,8658,,90+4',Open Play,Left Foot,Inside Box,Goal
shot_4369,124971,777,2,14456,,90+4',Open Play,Right Foot,Inside Box,Hit the Woodwork
shot_4370,124971,777,2,14456,,90+4',Open Play,Right Foot,Inside Box,Saved
shot_4371,124971,777,1,11419,14548,90+5',Open Play,Left Foot,Outside Box,Saved
shot_4372,124971,777,1,11419,64523,90+5',Open Play,Left Foot,Inside Box,Missed
shot_4373,124971,777,1,64523,20486,90+5',Open Play,Left Foot,Inside Box,Blocked
shot_4374,124971,777,1,20486,67407,90+5',Open Play,Right Foot,Inside Box,Missed
shot_4375,124971,777,2,14456,51423,90+8',Open Play,Right Foot,Inside Box,Blocked
shot_4376,124972,777,21,117596,118579,3,Open Play,Right Foot,Inside Box,Blocked
shot_4377,124972,777,130,24659,23194,5,Open Play,Header,Inside Box,Saved
shot_4378,124972,777,130,10947,,19,Open Play,Left Foot,Outside Box,Missed
shot_4379,124972,777,21,24630,,32,Open Play,Left Foot,Inside Box,Missed
shot_4380,124972,777,21,117596,24630,32,Open Play,Header,Inside Box,Blocked
shot_4381,124972,777,130,128891,,35,Open Play,Left Foot,Outside Box,Missed
shot_4382,124972,777,21,118579,,44,Open Play,Right Foot,Outside Box,Blocked
shot_4383,124972,777,21,51364,32229,50,Open Play,Left Foot,Outside Box,Missed
shot_4384,124972,777,21,66635,24630,50,Open Play,Right Foot,Inside Box,Blocked
shot_4385,124972,777,21,51364,19858,52,Open Play,Left Foot,Inside Box,Saved
shot_4386,124972,777,130,24369,128891,54,Open Play,Left Foot,Inside Box,Blocked
shot_4387,124972,777,130,24369,,62,Open Play,Right Foot,Outside Box,Blocked
shot_4388,124972,777,130,23194,3712,63,Open Play,Header,Inside Box,Saved
shot_4389,124972,777,130,124052,133460,69,Open Play,Right Foot,Inside Box,Missed
shot_4390,124972,777,21,51364,,74,Open Play,Left Foot,Inside Box,Blocked
shot_4391,124972,777,21,24630,51185,90+3',Open Play,Right Foot,Inside Box,Saved
shot_4392,124973,777,23,20607,,2,Open Play,Left Foot,Inside Box,Goal
shot_4393,124973,777,23,117497,,7,Open Play,Right Foot,Inside Box,Goal
shot_4394,124973,777,23,117497,,7,Open Play,Left Foot,Inside Box,Blocked
shot_4395,124973,777,23,74761,,7,Open Play,Right Foot,Inside Box,Saved
shot_4396,124973,777,23,14716,20607,7,Open Play,Right Foot,Inside Box,Saved
shot_4397,124973,777,43,15139,63851,22,Open Play,Left Foot,Outside Box,Missed
shot_4398,124973,777,43,8127,31442,23,Open Play,Right Foot,Inside Box,Goal
shot_4399,124973,777,43,137462,15139,23,Open Play,Left Foot,Outside Box,Missed
shot_4400,124973,777,23,117497,74761,29,Set Piece,Header,Inside Box,Missed
shot_4401,124973,777,23,5220,,33,Open Play,Left Foot,Outside Box,Saved
shot_4402,124973,777,23,124462,,33,Open Play,Right Foot,Inside Box,Blocked
shot_4403,124973,777,23,23747,5220,33,Open Play,Right Foot,Outside Box,Blocked
shot_4404,124973,777,23,117497,,37,Open Play,Right Foot,Inside Box,Missed
shot_4405,124973,777,23,74761,14716,38,Open Play,Right Foot,Outside Box,Missed
shot_4406,124973,777,23,14716,74761,38,Open Play,Right Foot,Inside Box,Saved
shot_4407,124973,777,43,15139,137462,40,Open Play,Right Foot,Outside Box,Missed
shot_4408,124973,777,43,15139,74964,40,Open Play,Left Foot,Inside Box,Blocked
shot_4409,124973,777,43,31442,8127,40,Open Play,Left Foot,Inside Box,Blocked
shot_4410,124973,777,23,71623,,43,Open Play,Left Foot,Outside Box,Blocked
shot_4411,124973,777,23,108922,,43,Open Play,Left Foot,Outside Box,Blocked
shot_4412,124973,777,43,74964,137462,45+1',Open Play,Right Foot,Outside Box,Missed
shot_4413,124973,777,43,74964,137462,50,Open Play,Left Foot,Outside Box,Missed
shot_4414,124973,777,43,74964,8127,55,Open Play,Right Foot,Outside Box,Saved
shot_4415,124973,777,23,23747,74761,56,Open Play,Right Foot,Inside Box,Missed
shot_4416,124973,777,43,15139,31442,59,Open Play,Right Foot,Inside Box,Saved
shot_4417,124973,777,43,8127,137462,61,Open Play,Header,Inside Box,Hit the Woodwork
shot_4418,124973,777,23,108922,20607,65,Open Play,Left Foot,Inside Box,Blocked
shot_4419,124973,777,43,74964,15139,68,Open Play,Header,Inside Box,Missed
shot_4420,124973,777,43,137462,15139,72,Open Play,Left Foot,Inside Box,Missed
shot_4421,124973,777,23,124462,20607,78,Open Play,Header,Inside Box,Blocked
shot_4422,124973,777,23,9662,108922,79,Open Play,Left Foot,Inside Box,Missed
shot_4423,124973,777,43,137462,74960,85,Open Play,Left Foot,Outside Box,Blocked
shot_4424,124973,777,23,71623,20607,86,Open Play,Right Foot,Outside Box,Blocked
shot_4425,124973,777,23,74761,,90+3',Open Play,Left Foot,Outside Box,Goal
shot_4426,124973,777,43,8246,8127,90+5',Open Play,Left Foot,Inside Box,Blocked
shot_4427,124974,777,127,54989,,5,Set Piece,Left Foot,Outside Box,Missed
shot_4428,124974,777,127,13706,,6,Open Play,Left Foot,Inside Box,Goal
shot_4429,124974,777,127,13706,,6,Open Play,Header,Inside Box,Saved
shot_4430,124974,777,127,33032,13706,6,Open Play,Right Foot,Inside Box,Blocked
shot_4431,124974,777,4,49293,,15,Penalty,Left Foot,Inside Box,Goal
shot_4432,124974,777,127,74976,13706,17,Set Piece,Header,Inside Box,Missed
shot_4433,124974,777,127,33032,74976,17,Open Play,Header,Inside Box,Saved
shot_4434,124974,777,127,13706,33032,18,Open Play,Right Foot,Inside Box,Saved
shot_4435,124974,777,4,63741,68987,23,Open Play,Right Foot,Inside Box,Goal
shot_4436,124974,777,127,14846,,26,Set Piece,Left Foot,Outside Box,Missed
shot_4437,124974,777,127,13706,21519,26,Open Play,Left Foot,Inside Box,Blocked
shot_4438,124974,777,127,21519,,27,Open Play,Right Foot,Inside Box,Goal
shot_4439,124974,777,4,63741,304474,29,Open Play,Header,Inside Box,Blocked
shot_4440,124974,777,4,68827,68987,31,Open Play,Right Foot,Outside Box,Missed
shot_4441,124974,777,4,51813,,32,Open Play,Right Foot,Inside Box,Blocked
shot_4442,124974,777,127,119381,13706,34,Open Play,Right Foot,,Missed
shot_4443,124974,777,4,304474,68987,36,Open Play,Header,Inside Box,Missed
shot_4444,124974,777,127,74965,,39,Open Play,Left Foot,Outside Box,Blocked
shot_4445,124974,777,127,25474,13706,42,Open Play,Left Foot,Inside Box,Saved
shot_4446,124974,777,127,51942,13706,44,Set Piece,Header,Inside Box,Missed
shot_4447,124974,777,4,51813,63741,45+3',Open Play,Right Foot,Inside Box,Blocked
shot_4448,124974,777,4,304474,49293,45+8',Open Play,Left Foot,Inside Box,Blocked
shot_4449,124974,777,127,74965,,47,Open Play,Left Foot,Outside Box,Blocked
shot_4450,124974,777,127,25474,21519,48,Open Play,Right Foot,Outside Box,Missed
shot_4451,124974,777,4,304474,49293,50,Open Play,Left Foot,Inside Box,Blocked
shot_4452,124974,777,4,51813,21998,55,Open Play,Header,Inside Box,Missed
shot_4453,124974,777,4,49293,21998,61,Open Play,Left Foot,Inside Box,Blocked
shot_4454,124974,777,4,304474,112203,64,Open Play,Right Foot,Outside Box,Saved
shot_4455,124974,777,4,68827,,65,Open Play,Right Foot,Inside Box,Blocked
shot_4456,124974,777,4,72371,304474,70,Open Play,Right Foot,Inside Box,Blocked
shot_4457,124974,777,4,63741,,77,Set Piece,Right Foot,Inside Box,Missed
shot_4458,124974,777,4,72371,112203,81,Open Play,Header,Inside Box,Missed
shot_4459,124974,777,127,16582,118080,90+2',Open Play,Right Foot,Inside Box,Missed
shot_4460,124974,777,4,14575,21998,90+5',Set Piece,Header,Inside Box,Missed
shot_4461,124975,777,34,11071,,24,Open Play,Left Foot,Inside Box,Missed
shot_4462,124975,777,34,13961,14445,24,Open Play,Right Foot,Inside Box,Saved
shot_4463,124975,777,34,14445,121610,24,Open Play,Right Foot,Inside Box,Missed
shot_4464,124975,777,6,109117,8589,31,Open Play,Right Foot,Inside Box,Missed
shot_4465,124975,777,6,14569,,31,Open Play,Left Foot,Inside Box,Saved
shot_4466,124975,777,34,4880,,33,Open Play,Right Foot,Inside Box,Missed
shot_4467,124975,777,34,16044,14445,33,Open Play,Right Foot,Outside Box,Blocked
shot_4468,124975,777,6,20874,4604,39,Open Play,Header,Inside Box,Goal
shot_4469,124975,777,6,4604,,45,Open Play,Left Foot,Inside Box,Missed
shot_4470,124975,777,6,109117,24334,45+1',Open Play,Right Foot,Inside Box,Missed
shot_4471,124975,777,6,8589,109117,45+2',Open Play,Left Foot,Inside Box,Missed
shot_4472,124975,777,34,13961,,45+3',Open Play,Left Foot,Inside Box,Blocked
shot_4473,124975,777,34,121610,,45+3',Open Play,Right Foot,Outside Box,Saved
shot_4474,124975,777,6,109117,138981,45+4',Open Play,Right Foot,Outside Box,Blocked
shot_4475,124975,777,6,138981,24334,53,Open Play,Right Foot,Inside Box,Blocked
shot_4476,124975,777,34,14445,14624,54,Open Play,Right Foot,Outside Box,Blocked
shot_4477,124975,777,34,11071,14445,58,Open Play,Header,Inside Box,Missed
shot_4478,124975,777,34,11071,14624,58,Open Play,Header,Inside Box,Hit the Woodwork
shot_4479,124975,777,6,37776,,66,Open Play,Right Foot,Outside Box,Blocked
shot_4480,124975,777,6,76104,,73,Open Play,Header,Inside Box,Blocked
shot_4481,124975,777,6,14569,76104,74,Set Piece,Right Foot,Inside Box,Missed
shot_4482,124975,777,34,6712,121610,77,Open Play,Header,Inside Box,Saved
shot_4483,124975,777,34,3894,16044,80,Open Play,Left Foot,Outside Box,Goal
shot_4484,124975,777,34,14445,11071,80,Open Play,Right Foot,Inside Box,Blocked
shot_4485,124975,777,34,11071,14624,80,Open Play,Right Foot,Outside Box,Blocked
shot_4486,124975,777,34,6712,,90+1',Open Play,Left Foot,Inside Box,Saved
shot_4487,124975,777,34,3894,11071,90+1',Open Play,Right Foot,Inside Box,Blocked
shot_4488,124975,777,34,26151,,90+5',Set Piece,Right Foot,Inside Box,Missed
shot_4489,124976,777,9,50151,116888,6,Open Play,Header,Inside Box,Saved
shot_4490,124976,777,10,49909,,7,Open Play,Right Foot,Outside Box,Blocked
shot_4491,124976,777,10,75382,,10,Open Play,Right Foot,Inside Box,Saved
shot_4492,124976,777,10,81542,23815,10,Open Play,Left Foot,Inside Box,Saved
shot_4493,124976,777,10,75382,81542,14,Open Play,Right Foot,Inside Box,Blocked
shot_4494,124976,777,10,23815,10458,21,Open Play,Right Foot,Outside Box,Saved
shot_4495,124976,777,9,19731,,32,Open Play,Right Foot,Outside Box,Saved
shot_4496,124976,777,10,81542,19919,33,Open Play,Header,Inside Box,Missed
shot_4497,124976,777,10,19919,10458,33,Open Play,Left Foot,Inside Box,Missed
shot_4498,124976,777,10,5140,33231,43,Set Piece,Header,Inside Box,Missed
shot_4499,124976,777,10,75382,33231,45+1',Set Piece,Left Foot,Inside Box,Missed
shot_4500,124976,777,10,68582,23815,54,Open Play,Header,Inside Box,Blocked
shot_4501,124976,777,10,68582,75382,55,Open Play,Right Foot,Inside Box,Blocked
shot_4502,124976,777,10,33231,75382,60,Open Play,Right Foot,Outside Box,Saved
shot_4503,124976,777,10,75382,,62,Open Play,Right Foot,Outside Box,Blocked
shot_4504,124976,777,10,81542,,64,Open Play,Right Foot,Inside Box,Missed
shot_4505,124976,777,10,5140,33231,70,Set Piece,Header,Inside Box,Missed
shot_4506,124976,777,10,81542,116665,74,Open Play,Right Foot,Outside Box,Missed
shot_4507,124976,777,10,32894,116665,75,Open Play,Right Foot,Outside Box,Blocked
shot_4508,124976,777,9,116888,,90+1',Open Play,Right Foot,Inside Box,Missed
shot_4509,124976,777,9,116888,,90+1',Open Play,Left Foot,Inside Box,Blocked
shot_4510,124976,777,10,63633,134796,90+3',Open Play,Right Foot,Outside Box,Blocked
shot_4511,124976,777,10,5140,134796,90+7',Open Play,Right Foot,Outside Box,Blocked
shot_4512,124977,777,12,66036,146567,15,Open Play,Right Foot,Inside Box,Missed
shot_4513,124977,777,38,20337,,20,Open Play,Right Foot,Inside Box,Missed
shot_4514,124977,777,12,50848,,27,Open Play,Left Foot,Outside Box,Goal
shot_4515,124977,777,12,66036,146567,33,Open Play,Header,Inside Box,Saved
shot_4516,124977,777,38,20337,115371,35,Set Piece,Right Foot,Outside Box,Missed
shot_4517,124977,777,12,66036,4608,38,Set Piece,Header,Inside Box,Hit the Woodwork
shot_4518,124977,777,12,146567,50848,38,Open Play,Left Foot,Inside Box,Blocked
shot_4519,124977,777,38,115371,111988,40,Open Play,Header,Inside Box,Missed
shot_4520,124977,777,38,145492,,41,Open Play,Right Foot,Outside Box,Saved
shot_4521,124977,777,38,66692,115371,41,Open Play,Left Foot,,Saved
shot_4522,124977,777,38,108877,,45,Set Piece,Header,Inside Box,Goal
shot_4523,124977,777,12,51202,24252,51,Open Play,Right Foot,Inside Box,Missed
shot_4524,124977,777,12,66036,5793,53,Open Play,Header,Inside Box,Saved
shot_4525,124977,777,12,133114,128366,53,Open Play,Left Foot,Inside Box,Blocked
shot_4526,124977,777,12,24252,4608,54,Set Piece,Header,Inside Box,Missed
shot_4527,124977,777,38,115114,20337,60,Open Play,Header,Inside Box,Blocked
shot_4528,124977,777,38,115114,,64,Open Play,Right Foot,Inside Box,Missed
shot_4529,124977,777,38,108877,4229,64,Open Play,Left Foot,Inside Box,Saved
shot_4530,124977,777,12,118031,,65,Open Play,Right Foot,Outside Box,Saved
shot_4531,124977,777,12,146567,67191,69,Open Play,Left Foot,Outside Box,Blocked
shot_4532,124977,777,12,51202,130150,78,Open Play,Right Foot,Outside Box,Blocked
shot_4533,124977,777,38,143218,111988,79,Open Play,Right Foot,Outside Box,Blocked
shot_4534,124977,777,38,108877,115114,81,Open Play,Header,Inside Box,Missed
shot_4535,124977,777,12,66036,4608,83,Open Play,Header,Inside Box,Saved
shot_4536,124977,777,12,66036,5793,90,Open Play,Right Foot,Inside Box,Saved
shot_4537,124977,777,12,128366,,90+4',Set Piece,Left Foot,Outside Box,Missed
shot_4538,124978,777,7,23841,,2,Open Play,Right Foot,Outside Box,Missed
shot_4539,124978,777,7,8143,23841,7,Open Play,Header,Inside Box,Saved
shot_4540,124978,777,15,23702,19620,15,Open Play,Right Foot,Inside Box,Blocked
shot_4541,124978,777,7,23841,24797,19,Open Play,Right Foot,Inside Box,Goal
shot_4542,124978,777,15,98300,15259,23,Open Play,Left Foot,Outside Box,Blocked
shot_4543,124978,777,15,304123,115172,23,Open Play,Header,Inside Box,Missed
shot_4544,124978,777,7,24797,,25,Open Play,Left Foot,Outside Box,Blocked
shot_4545,124978,777,15,23702,23811,30,Open Play,Left Foot,Inside Box,Missed
shot_4546,124978,777,15,19620,,44,Open Play,Left Foot,Outside Box,Saved
shot_4547,124978,777,15,23811,98300,45,Open Play,Left Foot,Outside Box,Blocked
shot_4548,124978,777,15,24626,,46,Open Play,Left Foot,Outside Box,Blocked
shot_4549,124978,777,15,304123,23811,46,Open Play,Right Foot,Inside Box,Blocked
shot_4550,124978,777,15,15259,139648,48,Open Play,Right Foot,Outside Box,Blocked
shot_4551,124978,777,15,24626,,50,Open Play,Right Foot,Outside Box,Missed
shot_4552,124978,777,15,24626,,55,Open Play,Right Foot,Outside Box,Saved
shot_4553,124978,777,15,304123,,59,Open Play,Right Foot,Inside Box,Missed
shot_4554,124978,777,15,15259,23811,66,Open Play,Header,Inside Box,Missed
shot_4555,124978,777,7,128411,143922,68,Open Play,Left Foot,Inside Box,Blocked
shot_4556,124978,777,15,15340,98300,69,Open Play,Right Foot,Inside Box,Saved
shot_4557,124978,777,15,23811,51593,71,Open Play,Right Foot,Outside Box,Saved
shot_4558,124978,777,7,8143,23841,73,Set Piece,Header,Inside Box,Missed
shot_4559,124978,777,7,23841,,73,Set Piece,Left Foot,Outside Box,Missed
shot_4560,124978,777,7,4260,24797,74,Open Play,Right Foot,Inside Box,Blocked
shot_4561,124978,777,7,23841,4260,77,Open Play,Right Foot,Outside Box,Missed
shot_4562,124978,777,7,24797,4260,77,Open Play,Left Foot,Inside Box,Blocked
shot_4563,124978,777,7,143922,23841,79,Open Play,Left Foot,Inside Box,Goal
shot_4564,124978,777,15,15259,15340,83,Open Play,Header,Inside Box,Saved
shot_4565,124978,777,15,15340,23811,84,Open Play,Right Foot,Inside Box,Missed
shot_4566,124978,777,15,15259,,86,Open Play,Header,Inside Box,Missed
shot_4567,124978,777,15,23811,98300,86,Open Play,Left Foot,Outside Box,Saved
shot_4568,124978,777,15,138137,19620,87,Open Play,Right Foot,Inside Box,Missed
shot_4569,124978,777,15,139648,24626,90+5',Open Play,Left Foot,Inside Box,Blocked
shot_4570,124979,777,11,14805,,17,Set Piece,Left Foot,Outside Box,Missed
shot_4571,124979,777,29,67784,51199,19,Open Play,Right Foot,Inside Box,Saved
shot_4572,124979,777,29,122126,,22,Open Play,Right Foot,Inside Box,Missed
shot_4573,124979,777,29,126920,,34,Open Play,Left Foot,Outside Box,Blocked
shot_4574,124979,777,29,126920,138104,35,Set Piece,Header,Inside Box,Missed
shot_4575,124979,777,11,65970,14805,37,Open Play,Right Foot,Inside Box,Saved
shot_4576,124979,777,29,126317,67784,40,Open Play,Right Foot,Outside Box,Blocked
shot_4577,124979,777,29,122126,12136,45+3',Open Play,Header,Inside Box,Missed
shot_4578,124979,777,11,126943,68150,47,Open Play,Left Foot,Inside Box,Missed
shot_4579,124979,777,11,65970,,48,Open Play,Left Foot,Inside Box,Missed
shot_4580,124979,777,11,126943,14805,48,Open Play,Left Foot,Inside Box,Saved
shot_4581,124979,777,29,126317,,52,Open Play,Right Foot,,Saved
shot_4582,124979,777,29,126920,138104,54,Open Play,Left Foot,Inside Box,Saved
shot_4583,124979,777,11,67178,16286,65,Open Play,Header,Inside Box,Saved
shot_4584,124979,777,11,5067,14805,68,Open Play,Left Foot,Inside Box,Blocked
shot_4585,124979,777,11,14805,,70,Open Play,Right Foot,Inside Box,Blocked
shot_4586,124979,777,11,54156,4499,70,Open Play,Right Foot,Inside Box,Blocked
shot_4587,124979,777,11,67178,,71,Set Piece,Header,Inside Box,Missed
shot_4588,124979,777,11,67178,76204,74,Open Play,Left Foot,Inside Box,Hit the Woodwork
shot_4589,124979,777,29,52989,12136,81,Open Play,Right Foot,,Saved
shot_4590,124979,777,11,14805,16286,89,Open Play,Left Foot,Outside Box,Blocked
shot_4591,124979,777,11,67178,65970,89,Open Play,Right Foot,Inside Box,Blocked
shot_4592,124979,777,29,52989,,90+3',Open Play,Right Foot,Outside Box,Missed
shot_4593,124979,777,11,26335,,90+4',Open Play,Left Foot,Inside Box,Saved
shot_4594,124980,777,131,136175,67928,6,Open Play,Header,Inside Box,Saved
shot_4595,124980,777,131,143240,,7,Open Play,Right Foot,Inside Box,Missed
shot_4596,124980,777,131,67928,143240,7,Open Play,Left Foot,Outside Box,Blocked
shot_4597,124980,777,131,3452,143240,9,Open Play,Right Foot,Outside Box,Blocked
shot_4598,124980,777,25,8868,55776,10,Open Play,Left Foot,Inside Box,Goal
shot_4599,124980,777,25,117579,,16,Open Play,Left Foot,Inside Box,Missed
shot_4600,124980,777,25,8454,8868,23,Open Play,Right Foot,Inside Box,Blocked
shot_4601,124980,777,131,134333,,24,Set Piece,Right Foot,Outside Box,Missed
shot_4602,124980,777,131,3452,,32,Penalty,Right Foot,Inside Box,Goal
shot_4603,124980,777,131,3452,,36,Open Play,Right Foot,Inside Box,Hit the Woodwork
shot_4604,124980,777,25,8454,117579,44,Open Play,Left Foot,Inside Box,Blocked
shot_4605,124980,777,25,117579,55776,44,Open Play,Left Foot,Inside Box,Missed
shot_4606,124980,777,25,55776,,45+4',Penalty,Left Foot,Inside Box,Goal
shot_4607,124980,777,131,2100,3452,48,Open Play,Right Foot,Outside Box,Blocked
shot_4608,124980,777,131,4874,,61,Set Piece,Left Foot,Inside Box,Goal
shot_4609,124980,777,25,8868,117579,64,Open Play,Header,Inside Box,Saved
shot_4610,124980,777,25,13522,122005,71,Set Piece,Header,Inside Box,Missed
shot_4611,124980,777,131,50727,117732,72,Open Play,Left Foot,Outside Box,Saved
shot_4612,124980,777,131,134333,134176,75,Open Play,Right Foot,Inside Box,Missed
shot_4613,124980,777,131,117732,50727,76,Open Play,Right Foot,Inside Box,Saved
shot_4614,124980,777,25,65961,119072,78,Open Play,Left Foot,Inside Box,Saved
shot_4615,124980,777,131,51830,117732,81,Open Play,Left Foot,Inside Box,Saved
shot_4616,124980,777,131,8163,50727,82,Open Play,Right Foot,Outside Box,Missed
shot_4617,124980,777,25,131312,140223,85,Open Play,Left Foot,Inside Box,Blocked
shot_4618,124980,777,131,134333,50727,87,Open Play,Right Foot,Outside Box,Missed
shot_4619,124980,777,131,50727,117732,90+2',Open Play,Right Foot,Outside Box,Blocked
shot_4620,124981,777,2,8658,23968,2,Open Play,Right Foot,Inside Box,Saved
shot_4621,124981,777,2,51223,,8,Open Play,Left Foot,Inside Box,Missed
shot_4622,124981,777,2,26408,25067,11,Open Play,Left Foot,Outside Box,Blocked
shot_4623,124981,777,2,51223,,17,Set Piece,Left Foot,Outside Box,Missed
shot_4624,124981,777,15,304123,10439,21,Open Play,Header,Inside Box,Missed
shot_4625,124981,777,2,23968,26408,26,Open Play,Right Foot,Inside Box,Blocked
shot_4626,124981,777,15,98300,115172,30,Open Play,Left Foot,Inside Box,Saved
shot_4627,124981,777,15,23811,,31,Open Play,Left Foot,Inside Box,Blocked
shot_4628,124981,777,2,8658,23968,45+1',Open Play,Right Foot,Outside Box,Goal
shot_4629,124981,777,2,51423,13344,49,Open Play,Left Foot,Inside Box,Goal
shot_4630,124981,777,15,115172,23811,51,Open Play,Right Foot,Outside Box,Blocked
shot_4631,124981,777,15,138137,15259,52,Open Play,Left Foot,Outside Box,Missed
shot_4632,124981,777,15,138137,98300,54,Open Play,Header,Inside Box,Missed
shot_4633,124981,777,2,26408,,57,Set Piece,Right Foot,Outside Box,Missed
shot_4634,124981,777,15,15259,138137,61,Open Play,Right Foot,Inside Box,Goal
shot_4635,124981,777,15,10439,15259,64,Open Play,Right Foot,Outside Box,Saved
shot_4636,124981,777,2,23968,,66,Open Play,Left Foot,Inside Box,Blocked
shot_4637,124981,777,2,14801,5758,70,Open Play,Right Foot,Outside Box,Blocked
shot_4638,124981,777,2,51423,5865,73,Open Play,Left Foot,Outside Box,Goal
shot_4639,124981,777,15,15259,,78,Open Play,Right Foot,Outside Box,Saved
shot_4640,124981,777,15,68219,,90+7',Open Play,Right Foot,Inside Box,Saved
shot_4641,124982,777,1,11419,64523,6,Open Play,Left Foot,Outside Box,Missed
shot_4642,124982,777,1,67407,67776,8,Open Play,Left Foot,Inside Box,Missed
shot_4643,124982,777,127,33032,,10,Open Play,Right Foot,Inside Box,Goal
shot_4644,124982,777,127,21519,14846,13,Open Play,Right Foot,Outside Box,Missed
shot_4645,124982,777,1,50234,,16,Set Piece,Left Foot,Inside Box,Goal
shot_4646,124982,777,1,66104,118077,16,Open Play,Left Foot,Inside Box,Blocked
shot_4647,124982,777,1,32728,67407,18,Open Play,Left Foot,Outside Box,Blocked
shot_4648,124982,777,127,14846,51942,23,Open Play,Header,Inside Box,Missed
shot_4649,124982,777,127,21519,,25,Set Piece,Right Foot,Outside Box,Missed
shot_4650,124982,777,127,33032,25474,30,Open Play,Left Foot,Outside Box,Blocked
shot_4651,124982,777,127,14846,21519,31,Open Play,Left Foot,Inside Box,Missed
shot_4652,124982,777,127,14846,21519,35,Open Play,Left Foot,Outside Box,Blocked
shot_4653,124982,777,127,25474,33032,41,Open Play,Right Foot,Outside Box,Missed
shot_4654,124982,777,127,13706,21519,53,Set Piece,Left Foot,Inside Box,Missed
shot_4655,124982,777,1,15202,11419,54,Open Play,Right Foot,Outside Box,Goal
shot_4656,124982,777,127,119381,,58,Set Piece,Right Foot,Outside Box,Missed
shot_4657,124982,777,127,13706,,58,Open Play,Left Foot,Inside Box,Blocked
shot_4658,124982,777,127,14846,,59,Open Play,Left Foot,Outside Box,Saved
shot_4659,124982,777,1,15202,49481,71,Open Play,Right Foot,Inside Box,Goal
shot_4660,124982,777,127,137832,10766,76,Set Piece,Right Foot,Outside Box,Goal
shot_4661,124982,777,127,25474,10766,78,Open Play,Left Foot,Outside Box,Blocked
shot_4662,124982,777,1,19778,,86,Open Play,Left Foot,Outside Box,Saved
shot_4663,124982,777,1,20486,15202,87,Open Play,Right Foot,Inside Box,Blocked
shot_4664,124982,777,1,49481,67776,88,Open Play,Left Foot,Outside Box,Missed
shot_4665,124982,777,1,19778,49481,88,Open Play,Header,Inside Box,Blocked
shot_4666,124982,777,1,19680,49481,90+2',Open Play,Right Foot,Inside Box,Saved
shot_4667,124982,777,127,118080,,90+6',Open Play,Left Foot,Outside Box,Blocked
shot_4668,124983,777,131,4874,50727,7,Set Piece,Header,Inside Box,Missed
shot_4669,124983,777,131,143240,,17,Open Play,Right Foot,Outside Box,Blocked
shot_4670,124983,777,131,8163,50727,20,Set Piece,Header,Inside Box,Missed
shot_4671,124983,777,131,143240,117732,21,Open Play,Right Foot,Outside Box,Missed
shot_4672,124983,777,131,51830,145043,29,Open Play,Right Foot,,Goal
shot_4673,124983,777,131,134333,134176,29,Open Play,Right Foot,Outside Box,Missed
shot_4674,124983,777,131,76090,8163,40,Open Play,Right Foot,Inside Box,Saved
shot_4675,124983,777,43,137462,19831,45+2',Open Play,Left Foot,Inside Box,Saved
shot_4676,124983,777,131,76090,50727,45+2',Set Piece,Header,Inside Box,Missed
shot_4677,124983,777,131,134333,,47,Open Play,Right Foot,Inside Box,Goal
shot_4678,124983,777,131,143240,,49,Open Play,Right Foot,Outside Box,Blocked
shot_4679,124983,777,131,145043,,50,Open Play,Left Foot,Inside Box,Saved
shot_4680,124983,777,131,145043,134333,55,Open Play,Left Foot,Inside Box,Missed
shot_4681,124983,777,131,134176,4874,56,Open Play,Left Foot,Inside Box,Blocked
shot_4682,124983,777,43,128643,15139,59,Open Play,Header,Inside Box,Missed
shot_4683,124983,777,43,50460,,67,Set Piece,Right Foot,Inside Box,Missed
shot_4684,124983,777,43,74964,,67,Open Play,Header,,Blocked
shot_4685,124983,777,131,22542,134176,79,Open Play,Right Foot,Outside Box,Blocked
shot_4686,124983,777,131,67928,,84,Set Piece,Left Foot,Outside Box,Hit the Woodwork
shot_4687,124983,777,43,74964,,90+2',Open Play,Left Foot,Outside Box,Saved
shot_4688,124984,777,7,24797,4260,4,Open Play,Left Foot,Outside Box,Saved
shot_4689,124984,777,7,8143,24797,5,Open Play,Header,Inside Box,Blocked
shot_4690,124984,777,130,124052,23194,11,Open Play,Right Foot,Inside Box,Goal
shot_4691,124984,777,7,66538,,24,Open Play,Left Foot,Inside Box,Missed
shot_4692,124984,777,130,124052,49726,25,Open Play,Left Foot,Inside Box,Blocked
shot_4693,124984,777,7,143922,24983,30,Open Play,Header,Inside Box,Saved
shot_4694,124984,777,7,112917,8143,32,Open Play,Left Foot,Inside Box,Blocked
shot_4695,124984,777,130,127594,49731,37,Open Play,Left Foot,Inside Box,Blocked
shot_4696,124984,777,130,127594,49731,43,Open Play,Left Foot,Inside Box,Saved
shot_4697,124984,777,130,124052,49726,45+2',Open Play,Right Foot,Inside Box,Saved
shot_4698,124984,777,7,4333,8143,45+5',Open Play,Right Foot,Inside Box,Blocked
shot_4699,124984,777,130,24659,23194,50,Set Piece,Header,Inside Box,Goal
shot_4700,124984,777,130,124052,127594,51,Open Play,Left Foot,Inside Box,Goal
shot_4701,124984,777,130,49726,,57,Open Play,Right Foot,,Missed
shot_4702,124984,777,7,128411,23841,60,Open Play,Right Foot,Outside Box,Blocked
shot_4703,124984,777,7,8143,23841,61,Open Play,Header,Inside Box,Saved
shot_4704,124984,777,7,126789,4260,66,Open Play,Header,Inside Box,Goal
shot_4705,124984,777,130,23194,,66,Open Play,Left Foot,Outside Box,Missed
shot_4706,124984,777,130,124052,24369,69,Open Play,Right Foot,Inside Box,Saved
shot_4707,124984,777,7,126789,4260,82,Open Play,Right Foot,Outside Box,Missed
shot_4708,124984,777,7,23841,134286,84,Open Play,Right Foot,,Blocked
shot_4709,124984,777,7,4333,128411,85,Open Play,Header,Inside Box,Missed
shot_4710,124984,777,130,124052,24659,88,Open Play,Right Foot,Inside Box,Goal
shot_4711,124984,777,7,126789,128411,88,Open Play,Right Foot,,Blocked
shot_4712,124984,777,7,143922,4260,90+1',Open Play,Header,Inside Box,Goal
shot_4713,124985,777,10,32894,23815,5,Open Play,Right Foot,Inside Box,Blocked
shot_4714,124985,777,10,75382,,6,Open Play,Right Foot,Outside Box,Blocked
shot_4715,124985,777,10,32894,23815,11,Open Play,Left Foot,Inside Box,Missed
shot_4716,124985,777,34,13961,11071,17,Open Play,Left Foot,Inside Box,Goal
shot_4717,124985,777,10,23815,75382,31,Open Play,Right Foot,Inside Box,Blocked
shot_4718,124985,777,34,11071,6712,45+1',Open Play,Right Foot,Inside Box,Missed
shot_4719,124985,777,10,33231,,52,Set Piece,Right Foot,Outside Box,Missed
shot_4720,124985,777,10,63633,33231,53,Set Piece,Header,Inside Box,Hit the Woodwork
shot_4721,124985,777,10,75382,68582,57,Open Play,Left Foot,Inside Box,Goal
shot_4722,124985,777,10,32894,49909,63,Open Play,Right Foot,Outside Box,Missed
shot_4723,124985,777,10,32894,23815,67,Set Piece,Right Foot,,Missed
shot_4724,124985,777,34,11071,6712,70,Open Play,Header,Inside Box,Blocked
shot_4725,124985,777,34,13961,3894,72,Open Play,Left Foot,Outside Box,Blocked
shot_4726,124985,777,34,11071,,73,Set Piece,Right Foot,Inside Box,Missed
shot_4727,124985,777,34,13961,,77,Open Play,Left Foot,Outside Box,Hit the Woodwork
shot_4728,124985,777,34,121610,14624,80,Open Play,Left Foot,Inside Box,Blocked
shot_4729,124985,777,10,32894,,90+4',Open Play,Left Foot,Inside Box,Goal
shot_4730,124985,777,34,4818,121610,90+7',Open Play,Right Foot,Outside Box,Goal
shot_4731,124986,777,12,118031,,6,Open Play,Header,Inside Box,Missed
shot_4732,124986,777,9,9576,63289,9,Open Play,Right Foot,Inside Box,Missed
shot_4733,124986,777,12,66036,5793,16,Open Play,Right Foot,Inside Box,Blocked
shot_4734,124986,777,9,9576,116888,16,Open Play,Right Foot,,Blocked
shot_4735,124986,777,12,118031,,17,Open Play,Right Foot,Outside Box,Blocked
shot_4736,124986,777,12,67191,5793,22,Open Play,Left Foot,Outside Box,Blocked
shot_4737,124986,777,9,13515,116888,25,Set Piece,Header,Inside Box,Missed
shot_4738,124986,777,12,24252,67191,31,Set Piece,Left Foot,Inside Box,Missed
shot_4739,124986,777,9,63289,,32,Open Play,Right Foot,Outside Box,Missed
shot_4740,124986,777,9,9576,116888,35,Open Play,Header,Inside Box,Hit the Woodwork
shot_4741,124986,777,12,118591,5793,40,Open Play,Header,Inside Box,Saved
shot_4742,124986,777,12,5793,4608,40,Open Play,Header,Inside Box,Blocked
shot_4743,124986,777,12,51202,,41,Set Piece,Right Foot,Inside Box,Missed
shot_4744,124986,777,12,5793,,42,Open Play,Right Foot,Outside Box,Blocked
shot_4745,124986,777,12,146567,51202,45+1',Open Play,Left Foot,Outside Box,Missed
shot_4746,124986,777,9,75543,,51,Open Play,Left Foot,,Saved
shot_4747,124986,777,12,118031,146567,52,Open Play,Left Foot,Outside Box,Missed
shot_4748,124986,777,12,66036,5793,54,Open Play,Header,Inside Box,Missed
shot_4749,124986,777,9,63289,33124,62,Open Play,Left Foot,Inside Box,Goal
shot_4750,124986,777,12,51202,50848,65,Open Play,Right Foot,Inside Box,Goal
shot_4751,124986,777,9,33162,50151,70,Open Play,Right Foot,Inside Box,Saved
shot_4752,124986,777,12,66036,50848,74,Open Play,Right Foot,Inside Box,Missed
shot_4753,124986,777,12,51202,146567,81,Open Play,Right Foot,Outside Box,Hit the Woodwork
shot_4754,124986,777,9,50643,116888,88,Open Play,Left Foot,Inside Box,Missed
shot_4755,124986,777,9,50643,14807,90+2',Open Play,Left Foot,Inside Box,Blocked
shot_4756,124986,777,9,116888,,90+4',Open Play,Right Foot,Outside Box,Missed
shot_4757,124987,777,4,304474,,19,Open Play,Left Foot,Inside Box,Blocked
shot_4758,124987,777,11,14805,26335,20,Open Play,Left Foot,Inside Box,Missed
shot_4759,124987,777,11,112948,16286,26,Set Piece,Header,Inside Box,Missed
shot_4760,124987,777,11,65970,26335,28,Open Play,Header,Inside Box,Blocked
shot_4761,124987,777,11,5067,16286,36,Open Play,Left Foot,Inside Box,Missed
shot_4762,124987,777,11,65970,14805,38,Open Play,Left Foot,Outside Box,Saved
shot_4763,124987,777,11,65970,16286,39,Open Play,Left Foot,Inside Box,Hit the Woodwork
shot_4764,124987,777,11,68150,14805,40,Open Play,Right Foot,Inside Box,Missed
shot_4765,124987,777,11,26335,,42,Open Play,Left Foot,Inside Box,Goal
shot_4766,124987,777,11,14805,,45+2',Set Piece,Right Foot,Inside Box,Missed
shot_4767,124987,777,4,21998,63741,49,Open Play,Left Foot,Inside Box,Missed
shot_4768,124987,777,11,16431,14805,57,Open Play,Header,Inside Box,Saved
shot_4769,124987,777,11,65970,5067,58,Open Play,Left Foot,Inside Box,Blocked
shot_4770,124987,777,11,65970,16286,63,Open Play,Left Foot,Outside Box,Blocked
shot_4771,124987,777,4,51813,63741,72,Open Play,Left Foot,,Saved
shot_4772,124987,777,11,54156,5067,73,Open Play,Right Foot,Inside Box,Blocked
shot_4773,124987,777,11,68150,14805,76,Open Play,Right Foot,Inside Box,Blocked
shot_4774,124987,777,4,51813,,89,Open Play,Left Foot,Inside Box,Missed
shot_4775,124987,777,4,49293,119041,89,Open Play,Right Foot,Inside Box,Missed
shot_4776,124987,777,4,63741,,90+4',Open Play,Right Foot,Inside Box,Goal
shot_4777,124987,777,4,63741,,90+4',Open Play,Right Foot,Inside Box,Saved
shot_4778,124987,777,4,63741,119041,90+7',Open Play,Left Foot,Inside Box,Missed
shot_4779,124988,777,23,117497,23747,3,Open Play,Left Foot,Inside Box,Saved
shot_4780,124988,777,6,8589,49374,6,Open Play,Left Foot,Inside Box,Missed
shot_4781,124988,777,6,8589,,7,Open Play,Right Foot,Inside Box,Blocked
shot_4782,124988,777,23,5220,108922,17,Open Play,Header,Inside Box,Saved
shot_4783,124988,777,6,76104,69595,22,Set Piece,Header,Inside Box,Missed
shot_4784,124988,777,23,108922,,42,Open Play,Left Foot,Outside Box,Saved
shot_4785,124988,777,6,8589,,44,Open Play,Left Foot,Outside Box,Missed
shot_4786,124988,777,6,20874,49374,45,Open Play,Right Foot,Inside Box,Blocked
shot_4787,124988,777,6,14569,109117,45+1',Set Piece,Header,Inside Box,Missed
shot_4788,124988,777,6,8589,109117,45+4',Open Play,Left Foot,Inside Box,Missed
shot_4789,124988,777,6,49374,109117,60,Open Play,Right Foot,Inside Box,Blocked
shot_4790,124988,777,23,71623,,62,Open Play,Right Foot,Inside Box,Blocked
shot_4791,124988,777,23,20607,108922,62,Open Play,Header,Inside Box,Missed
shot_4792,124988,777,6,49374,69595,65,Open Play,Right Foot,Inside Box,Saved
shot_4793,124988,777,23,14716,49495,69,Open Play,Right Foot,Inside Box,Blocked
shot_4794,124988,777,23,74761,117647,71,Set Piece,Header,Inside Box,Goal
shot_4795,124988,777,23,14716,5220,77,Open Play,Header,Inside Box,Saved
shot_4796,124988,777,23,124462,,78,Set Piece,Right Foot,Inside Box,Goal
shot_4797,124988,777,6,146391,,80,Open Play,Right Foot,Inside Box,Blocked
shot_4798,124988,777,6,14569,,80,Open Play,Right Foot,Outside Box,Blocked
shot_4799,124988,777,23,9662,14716,86,Open Play,Right Foot,Inside Box,Missed
shot_4800,124988,777,23,14446,,90+2',Open Play,Right Foot,Inside Box,Missed
shot_4801,124988,777,23,14716,74761,90+2',Open Play,Right Foot,Inside Box,Saved
shot_4802,124989,777,21,76614,,2,Open Play,Right Foot,Outside Box,Saved
shot_4803,124989,777,21,32229,,9,Open Play,Right Foot,Outside Box,Missed
shot_4804,124989,777,21,24630,118579,11,Open Play,Left Foot,Inside Box,Saved
shot_4805,124989,777,21,76614,118579,26,Open Play,Right Foot,Outside Box,Missed
shot_4806,124989,777,21,24630,4408,27,Open Play,Header,Inside Box,Blocked
shot_4807,124989,777,21,4408,75582,30,Set Piece,Left Foot,Inside Box,Goal
shot_4808,124989,777,21,75582,66635,30,Open Play,Right Foot,Inside Box,Blocked
shot_4809,124989,777,29,138104,122126,36,Open Play,Right Foot,Inside Box,Blocked
shot_4810,124989,777,29,122126,,37,Open Play,Right Foot,Outside Box,Missed
shot_4811,124989,777,21,24630,51185,43,Open Play,Right Foot,Inside Box,Missed
shot_4812,124989,777,29,126920,51199,49,Open Play,Header,Inside Box,Saved
shot_4813,124989,777,21,4408,32229,52,Open Play,Header,Inside Box,Saved
shot_4814,124989,777,29,67784,126920,54,Open Play,Right Foot,Inside Box,Blocked
shot_4815,124989,777,21,117596,118579,58,Set Piece,Header,Inside Box,Missed
shot_4816,124989,777,29,126317,122126,64,Set Piece,Left Foot,Inside Box,Missed
shot_4817,124989,777,29,67784,25408,68,Open Play,Header,Inside Box,Missed
shot_4818,124989,777,21,51185,32229,70,Open Play,Right Foot,,Missed
shot_4819,124989,777,29,67784,138104,80,Open Play,Left Foot,Inside Box,Goal
shot_4820,124989,777,29,138104,51199,80,Open Play,Header,Inside Box,Hit the Woodwork
shot_4821,124989,777,29,122126,67784,84,Open Play,Right Foot,Inside Box,Saved
shot_4822,124989,777,29,66659,,85,Open Play,Left Foot,Inside Box,Blocked
shot_4823,124989,777,21,19858,,90+3',Open Play,Right Foot,Outside Box,Blocked
shot_4824,124989,777,21,19858,32229,90+5',Open Play,Header,Inside Box,Missed
shot_4825,124990,777,38,143218,20337,4,Open Play,Right Foot,Inside Box,Goal
shot_4826,124990,777,38,20337,,31,Penalty,Right Foot,Inside Box,Goal
shot_4827,124990,777,38,115371,133679,37,Open Play,Header,Inside Box,Saved
shot_4828,124990,777,38,145492,66692,41,Open Play,Right Foot,Outside Box,Goal
shot_4829,124990,777,25,122005,13815,45+4',Open Play,Right Foot,Outside Box,Missed
shot_4830,124990,777,38,108877,115114,45+6',Open Play,Header,Inside Box,Saved
shot_4831,124990,777,25,8868,65961,48,Open Play,Left Foot,Inside Box,Missed
shot_4832,124990,777,25,32638,,59,Set Piece,Right Foot,Inside Box,Missed
shot_4833,124990,777,38,115371,66692,64,Set Piece,Header,Inside Box,Missed
shot_4834,124990,777,38,66692,143214,64,Open Play,Right Foot,Outside Box,Saved
shot_4835,124990,777,38,35670,143218,65,Set Piece,Header,Inside Box,Missed
shot_4836,124990,777,25,8454,119072,74,Set Piece,Right Foot,Inside Box,Missed
shot_4837,124990,777,38,145492,,78,Open Play,Right Foot,Inside Box,Saved
shot_4838,124990,777,38,115114,66692,80,Open Play,Header,Inside Box,Saved
shot_4839,124990,777,25,32638,119072,87,Set Piece,Header,Inside Box,Missed
shot_4840,124990,777,38,35670,,90,Open Play,Right Foot,,Missed
shot_4841,124990,777,25,13522,,90+3',Set Piece,Left Foot,Outside Box,Missed
shot_4842,124991,777,1,20486,32728,10,Open Play,Right Foot,Outside Box,Blocked
shot_4843,124991,777,1,49481,11419,18,Open Play,Left Foot,Outside Box,Saved
shot_4844,124991,777,10,49909,75382,24,Open Play,Right Foot,Outside Box,Missed
shot_4845,124991,777,10,32894,,27,Open Play,Right Foot,Inside Box,Blocked
shot_4846,124991,777,10,68582,,27,Open Play,Right Foot,Outside Box,Hit the Woodwork
shot_4847,124991,777,1,20486,15202,36,Open Play,Right Foot,Inside Box,Blocked
shot_4848,124991,777,1,50234,,39,Open Play,Header,Inside Box,Blocked
shot_4849,124991,777,1,49481,15202,44,Open Play,Left Foot,Inside Box,Blocked
shot_4850,124991,777,1,15202,,44,Open Play,Right Foot,Outside Box,Saved
shot_4851,124991,777,10,33231,,62,Set Piece,Right Foot,Outside Box,Missed
shot_4852,124991,777,10,33231,63633,63,Open Play,Right Foot,Outside Box,Blocked
shot_4853,124991,777,10,33231,,76,Open Play,Right Foot,Inside Box,Missed
shot_4854,124991,777,10,33231,63633,77,Open Play,Right Foot,Outside Box,Blocked
shot_4855,124991,777,10,33231,,82,Set Piece,Right Foot,Outside Box,Missed
shot_4856,124991,777,1,66104,114564,90+1',Open Play,Right Foot,Inside Box,Saved
shot_4857,124991,777,1,19680,66204,90+1',Open Play,Header,Inside Box,Saved
shot_4858,124991,777,1,50234,67407,90+7',Set Piece,Header,Inside Box,Missed
shot_4859,124992,777,21,76614,69274,5,Open Play,Right Foot,Inside Box,Goal
shot_4860,124992,777,21,133603,,5,Open Play,Right Foot,Outside Box,Saved
shot_4861,124992,777,127,14846,33032,11,Open Play,Left Foot,Outside Box,Missed
shot_4862,124992,777,21,32229,51185,17,Open Play,Right Foot,Inside Box,Blocked
shot_4863,124992,777,21,66635,76614,19,Set Piece,Header,Inside Box,Missed
shot_4864,124992,777,127,33032,137832,21,Open Play,Right Foot,,Blocked
shot_4865,124992,777,127,33032,14846,22,Open Play,Header,Inside Box,Goal
shot_4866,124992,777,21,32229,,29,Open Play,Right Foot,Outside Box,Missed
shot_4867,124992,777,21,133603,23764,31,Open Play,Right Foot,Outside Box,Missed
shot_4868,124992,777,127,137832,54989,36,Set Piece,Left Foot,Inside Box,Goal
shot_4869,124992,777,21,69274,118579,59,Open Play,Right Foot,Inside Box,Blocked
shot_4870,124992,777,127,16582,,65,Open Play,Right Foot,Outside Box,Blocked
shot_4871,124992,777,21,19858,76614,68,Open Play,Right Foot,Outside Box,Blocked
shot_4872,124992,777,21,24630,66635,69,Set Piece,Header,Inside Box,Hit the Woodwork
shot_4873,124992,777,127,16582,,70,Open Play,Left Foot,Inside Box,Missed
shot_4874,124992,777,21,19858,,78,Set Piece,Right Foot,Inside Box,Goal
shot_4875,124992,777,21,66635,32229,78,Open Play,Header,Inside Box,Blocked
shot_4876,124992,777,21,75582,66635,83,Open Play,Header,Inside Box,Saved
shot_4877,124992,777,21,118579,,83,Set Piece,Right Foot,Outside Box,Missed
shot_4878,124992,777,21,24630,,84,Open Play,Left Foot,Inside Box,Blocked
shot_4879,124992,777,21,66635,76614,84,Set Piece,Header,Inside Box,Missed
shot_4880,124992,777,127,74976,,85,Open Play,Right Foot,Outside Box,Blocked
shot_4881,124992,777,127,13706,,85,Open Play,Left Foot,Outside Box,Blocked
shot_4882,124992,777,127,13706,,90+4',Open Play,Left Foot,Outside Box,Missed
shot_4883,124992,777,127,25474,,90+4',Open Play,Left Foot,Inside Box,Blocked
shot_4884,124992,777,127,25474,13706,90+5',Open Play,Right Foot,Outside Box,Goal
shot_4885,124992,777,21,76614,66635,90+10',Open Play,Left Foot,Inside Box,Missed
shot_4886,124993,777,130,127594,,1,Open Play,Left Foot,,Saved
shot_4887,124993,777,29,12136,,10,Open Play,Left Foot,Outside Box,Saved
shot_4888,124993,777,130,124052,127594,21,Open Play,Left Foot,Inside Box,Missed
shot_4889,124993,777,130,49726,24659,26,Open Play,Right Foot,Outside Box,Blocked
shot_4890,124993,777,130,49726,,27,Open Play,Right Foot,Outside Box,Blocked
shot_4891,124993,777,130,124052,23194,30,Open Play,Left Foot,Inside Box,Goal
shot_4892,124993,777,130,128891,24369,33,Set Piece,Header,Inside Box,Missed
shot_4893,124993,777,29,67784,,37,Open Play,Right Foot,Inside Box,Missed
shot_4894,124993,777,29,19864,,38,Open Play,Right Foot,Inside Box,Blocked
shot_4895,124993,777,29,25408,,38,Open Play,Right Foot,Outside Box,Blocked
shot_4896,124993,777,130,49726,133460,44,Open Play,Right Foot,Outside Box,Missed
shot_4897,124993,777,130,24369,,45+1',Set Piece,Right Foot,Outside Box,Hit the Woodwork
shot_4898,124993,777,29,138104,126317,51,Open Play,Left Foot,Outside Box,Missed
shot_4899,124993,777,29,51610,138104,54,Open Play,Left Foot,Inside Box,Missed
shot_4900,124993,777,29,66659,138104,54,Set Piece,Header,Inside Box,Missed
shot_4901,124993,777,29,138104,,60,Penalty,Right Foot,Inside Box,Saved
shot_4902,124993,777,130,124052,127594,65,Open Play,Header,Inside Box,Goal
shot_4903,124993,777,130,127594,124052,65,Open Play,Right Foot,Inside Box,Hit the Woodwork
shot_4904,124993,777,29,67784,,67,Open Play,Right Foot,Inside Box,Blocked
shot_4905,124993,777,130,49731,,70,Open Play,Right Foot,Inside Box,Blocked
shot_4906,124993,777,130,124052,127594,70,Open Play,Right Foot,,Saved
shot_4907,124993,777,29,25408,51610,70,Open Play,Right Foot,Outside Box,Blocked
shot_4908,124993,777,130,128891,24659,73,Set Piece,Right Foot,Inside Box,Goal
shot_4909,124993,777,130,127594,49726,73,Open Play,Header,Inside Box,Blocked
shot_4910,124993,777,130,49731,124052,75,Open Play,Right Foot,Inside Box,Hit the Woodwork
shot_4911,124993,777,130,124052,14723,75,Open Play,Left Foot,Inside Box,Blocked
shot_4912,124993,777,130,124052,127594,78,Open Play,Left Foot,Inside Box,Saved
shot_4913,124993,777,29,51610,122126,89,Open Play,Right Foot,Inside Box,Saved
shot_4914,124993,777,130,14450,49731,90+2',Open Play,Right Foot,Inside Box,Hit the Woodwork
shot_4915,124994,777,12,5793,51202,7,Open Play,Right Foot,Outside Box,Missed
shot_4916,124994,777,43,68593,51498,10,Open Play,Right Foot,Inside Box,Blocked
shot_4917,124994,777,12,66036,23396,24,Open Play,Header,Inside Box,Saved
shot_4918,124994,777,12,51202,5793,27,Open Play,Header,Inside Box,Blocked
shot_4919,124994,777,12,5793,,31,Open Play,Right Foot,Outside Box,Missed
shot_4920,124994,777,43,137462,15139,32,Open Play,Left Foot,Inside Box,Missed
shot_4921,124994,777,12,66036,146567,41,Open Play,Right Foot,Inside Box,Saved
shot_4922,124994,777,12,118031,,42,Open Play,Right Foot,Outside Box,Blocked
shot_4923,124994,777,12,66036,5793,43,Open Play,Header,Inside Box,Saved
shot_4924,124994,777,12,118031,5793,44,Open Play,Right Foot,Inside Box,Missed
shot_4925,124994,777,12,51202,146567,45+1',Open Play,Left Foot,Inside Box,Saved
shot_4926,124994,777,12,118031,,45+2',Set Piece,Right Foot,Inside Box,Missed
shot_4927,124994,777,12,5793,23396,45+2',Open Play,Header,Inside Box,Blocked
shot_4928,124994,777,12,146567,23396,45+2',Open Play,Left Foot,Inside Box,Blocked
shot_4929,124994,777,12,146567,,47,Open Play,Left Foot,Inside Box,Blocked
shot_4930,124994,777,12,66036,23396,50,Open Play,Right Foot,Inside Box,Goal
shot_4931,124994,777,12,67191,,52,Open Play,Left Foot,Outside Box,Missed
shot_4932,124994,777,43,31442,68593,53,Open Play,Left Foot,,Blocked
shot_4933,124994,777,12,23396,,55,Open Play,Right Foot,Inside Box,Hit the Woodwork
shot_4934,124994,777,12,51202,,55,Set Piece,Right Foot,Outside Box,Missed
shot_4935,124994,777,12,133114,23396,57,Set Piece,Header,Inside Box,Missed
shot_4936,124994,777,12,66036,146567,60,Open Play,Right Foot,Inside Box,Goal
shot_4937,124994,777,43,50460,15139,65,Open Play,Left Foot,Inside Box,Blocked
shot_4938,124994,777,43,50460,15139,66,Open Play,Left Foot,Inside Box,Goal
shot_4939,124994,777,43,15139,,69,Open Play,Left Foot,Outside Box,Blocked
shot_4940,124994,777,12,146567,5793,71,Open Play,Right Foot,Inside Box,Blocked
shot_4941,124994,777,12,66036,4608,72,Open Play,Right Foot,Inside Box,Saved
shot_4942,124994,777,12,118591,24252,78,Open Play,Header,Inside Box,Missed
shot_4943,124994,777,12,66036,,79,Open Play,Header,Inside Box,Blocked
shot_4944,124994,777,12,66036,50848,81,Open Play,Left Foot,Inside Box,Saved
shot_4945,124994,777,12,50848,4608,81,Open Play,Left Foot,Inside Box,Blocked
shot_4946,124994,777,43,15139,50460,84,Open Play,Right Foot,Inside Box,Blocked
shot_4947,124994,777,12,50848,146567,85,Open Play,Left Foot,Inside Box,Missed
shot_4948,124994,777,12,130151,14580,85,Open Play,Left Foot,Outside Box,Hit the Woodwork
shot_4949,124994,777,12,108936,,88,Open Play,Right Foot,Outside Box,Missed
shot_4950,124994,777,12,24252,146567,88,Open Play,Right Foot,Outside Box,Blocked
shot_4951,124994,777,12,130151,24252,90+5',Open Play,Left Foot,Outside Box,Missed
shot_4952,124995,777,2,5758,25067,10,Open Play,Left Foot,Outside Box,Blocked
shot_4953,124995,777,6,49374,69595,17,Open Play,Left Foot,Inside Box,Saved
shot_4954,124995,777,2,8658,5865,25,Open Play,Right Foot,Inside Box,Saved
shot_4955,124995,777,6,49374,109117,27,Open Play,Right Foot,Inside Box,Missed
shot_4956,124995,777,2,8658,23968,40,Open Play,Left Foot,Inside Box,Missed
shot_4957,124995,777,2,13344,25067,42,Open Play,Right Foot,Outside Box,Blocked
shot_4958,124995,777,2,25067,5758,47,Open Play,Header,Inside Box,Blocked
shot_4959,124995,777,2,5865,5066,50,Set Piece,Left Foot,Inside Box,Missed
shot_4960,124995,777,2,5066,51423,50,Set Piece,Header,Inside Box,Missed
shot_4961,124995,777,2,23968,,51,Open Play,Right Foot,Inside Box,Saved
shot_4962,124995,777,6,109117,,53,Open Play,Right Foot,Inside Box,Saved
shot_4963,124995,777,6,69595,,53,Open Play,Left Foot,Outside Box,Blocked
shot_4964,124995,777,6,109117,8589,53,Open Play,Right Foot,Inside Box,Blocked
shot_4965,124995,777,6,8589,69595,56,Open Play,Right Foot,Outside Box,Missed
shot_4966,124995,777,6,49374,24334,59,Open Play,Header,Inside Box,Saved
shot_4967,124995,777,6,69595,138981,65,Open Play,Left Foot,Inside Box,Blocked
shot_4968,124995,777,6,138981,,65,Open Play,Right Foot,Inside Box,Blocked
shot_4969,124995,777,6,109117,8589,65,Open Play,Right Foot,Inside Box,Saved
shot_4970,124995,777,6,24334,,67,Open Play,Left Foot,Inside Box,Saved
shot_4971,124995,777,2,23968,25067,72,Open Play,Right Foot,Outside Box,Saved
shot_4972,124995,777,2,26408,,80,Open Play,Left Foot,Outside Box,Missed
shot_4973,124995,777,2,8658,13344,84,Open Play,Header,Inside Box,Hit the Woodwork
shot_4974,124995,777,2,51223,,86,Set Piece,Left Foot,Inside Box,Missed
shot_4975,124995,777,2,13274,13344,86,Open Play,Header,Inside Box,Blocked
shot_4976,124995,777,2,23968,,89,Open Play,Left Foot,Inside Box,Missed
shot_4977,124995,777,2,8658,23968,90+2',Open Play,Right Foot,Inside Box,Blocked
shot_4978,124996,777,7,66538,,8,Open Play,Right Foot,Inside Box,Missed
shot_4979,124996,777,7,4333,66538,17,Set Piece,Right Foot,Inside Box,Goal
shot_4980,124996,777,7,66538,8143,17,Set Piece,Right Foot,Inside Box,Missed
shot_4981,124996,777,7,24983,66538,22,Open Play,Left Foot,Outside Box,Missed
shot_4982,124996,777,7,24797,112589,22,Open Play,Left Foot,Outside Box,Blocked
shot_4983,124996,777,7,4333,23841,29,Set Piece,Header,Inside Box,Hit the Woodwork
shot_4984,124996,777,38,66692,143218,31,Open Play,Right Foot,Inside Box,Missed
shot_4985,124996,777,7,24983,4260,35,Open Play,Left Foot,Outside Box,Missed
shot_4986,124996,777,7,143922,112589,35,Open Play,,Inside Box,Missed
shot_4987,124996,777,7,23841,,35,Open Play,Right Foot,Inside Box,Saved
shot_4988,124996,777,38,20337,115114,44,Open Play,Header,Inside Box,Blocked
shot_4989,124996,777,38,20337,115371,45,Open Play,Left Foot,Outside Box,Missed
shot_4990,124996,777,38,133679,143214,47,Open Play,Right Foot,Inside Box,Saved
shot_4991,124996,777,38,145492,20337,53,Open Play,Right Foot,Outside Box,Missed
shot_4992,124996,777,7,4260,,58,Open Play,Right Foot,Inside Box,Missed
shot_4993,124996,777,38,115371,66692,64,Set Piece,Header,Inside Box,Missed
shot_4994,124996,777,38,145492,,64,Open Play,Right Foot,Inside Box,Blocked
shot_4995,124996,777,38,133679,145492,65,Open Play,Right Foot,Inside Box,Saved
shot_4996,124996,777,7,4260,66538,67,Set Piece,Right Foot,Outside Box,Missed
shot_4997,124996,777,7,4260,23841,67,Open Play,Right Foot,Inside Box,Blocked
shot_4998,124996,777,38,145492,35670,69,Open Play,Right Foot,Outside Box,Goal
shot_4999,124996,777,7,24983,4260,75,Open Play,Left Foot,Inside Box,Blocked
shot_5000,124996,777,38,145492,115371,86,Open Play,Right Foot,Inside Box,Missed
shot_5001,124996,777,38,66692,43010,90+2',Open Play,Right Foot,Outside Box,Saved
shot_5002,124996,777,38,115371,66692,90+5',Open Play,Header,Inside Box,Blocked
shot_5003,124996,777,38,115371,66692,90+7',Set Piece,Header,Inside Box,Missed
shot_5004,124997,777,34,13961,6712,2,Open Play,Right Foot,Inside Box,Saved
shot_5005,124997,777,34,13961,14445,15,Open Play,Left Foot,Outside Box,Saved
shot_5006,124997,777,34,3894,14624,17,Open Play,Left Foot,Outside Box,Blocked
shot_5007,124997,777,4,112203,,19,Open Play,Left Foot,Inside Box,Blocked
shot_5008,124997,777,4,133245,63741,19,Set Piece,,Inside Box,Hit the Woodwork
shot_5009,124997,777,4,63741,51813,21,Open Play,Right Foot,Outside Box,Blocked
shot_5010,124997,777,34,11071,,27,Open Play,Right Foot,Inside Box,Blocked
shot_5011,124997,777,34,13961,,27,Open Play,Left Foot,Outside Box,Blocked
shot_5012,124997,777,4,49293,63741,41,Open Play,Left Foot,Outside Box,Saved
shot_5013,124997,777,34,14445,11071,42,Open Play,Right Foot,Outside Box,Missed
shot_5014,124997,777,4,21998,51813,47,Open Play,Left Foot,Outside Box,Missed
shot_5015,124997,777,4,51813,21998,48,Open Play,Header,Inside Box,Missed
shot_5016,124997,777,34,13961,3894,49,Open Play,Left Foot,Outside Box,Blocked
shot_5017,124997,777,34,49884,13961,50,Set Piece,Header,Inside Box,Missed
shot_5018,124997,777,4,21998,,53,Open Play,Left Foot,Inside Box,Blocked
shot_5019,124997,777,4,119041,63741,54,Set Piece,Header,Inside Box,Missed
shot_5020,124997,777,34,11071,21614,55,Open Play,Header,Inside Box,Goal
shot_5021,124997,777,34,121610,11071,58,Open Play,Right Foot,Outside Box,Missed
shot_5022,124997,777,4,119041,,64,Set Piece,Left Foot,Inside Box,Missed
shot_5023,124997,777,4,51813,13549,64,Open Play,Right Foot,Inside Box,Saved
shot_5024,124997,777,4,112203,68827,69,Open Play,Right Foot,Inside Box,Saved
shot_5025,124997,777,4,49293,14571,70,Open Play,Right Foot,,Saved
shot_5026,124997,777,4,51813,,72,Set Piece,Left Foot,Inside Box,Goal
shot_5027,124997,777,34,13961,11071,77,Open Play,Left Foot,Inside Box,Blocked
shot_5028,124997,777,34,121610,,78,Open Play,Right Foot,Outside Box,Saved
shot_5029,124997,777,34,13961,,78,Open Play,Right Foot,Inside Box,Blocked
shot_5030,124997,777,34,11071,14656,79,Open Play,Header,Inside Box,Blocked
shot_5031,124997,777,34,13961,,81,Open Play,Right Foot,Inside Box,Goal
shot_5032,124997,777,4,21998,125075,86,Open Play,Right Foot,Inside Box,Blocked
shot_5033,124997,777,34,13961,16044,88,Open Play,Left Foot,Inside Box,Blocked
shot_5034,124998,777,131,22542,143240,2,Open Play,Header,Inside Box,Saved
shot_5035,124998,777,131,50727,51830,8,Open Play,Right Foot,Inside Box,Saved
shot_5036,124998,777,11,111022,14805,9,Set Piece,Header,Inside Box,Missed
shot_5037,124998,777,11,5067,,15,Open Play,Left Foot,Inside Box,Saved
shot_5038,124998,777,11,54156,,21,Open Play,Left Foot,Inside Box,Blocked
shot_5039,124998,777,11,26335,54156,21,Open Play,Right Foot,Outside Box,Blocked
shot_5040,124998,777,11,65970,4499,26,Open Play,Header,Inside Box,Missed
shot_5041,124998,777,131,76090,67928,29,Set Piece,Header,,Missed
shot_5042,124998,777,11,65970,,41,Penalty,Left Foot,Inside Box,Goal
shot_5043,124998,777,11,67849,,45+4',Open Play,Left Foot,Outside Box,Missed
shot_5044,124998,777,11,26335,4499,45+4',Open Play,Right Foot,Inside Box,Blocked
shot_5045,124998,777,11,5067,,46,Open Play,Left Foot,Inside Box,Hit the Woodwork
shot_5046,124998,777,131,117732,134333,60,Open Play,Right Foot,Outside Box,Goal
shot_5047,124998,777,131,117732,,70,Open Play,Right Foot,Inside Box,Hit the Woodwork
shot_5048,124998,777,131,143240,117732,70,Open Play,Right Foot,Inside Box,Missed
shot_5049,124998,777,11,65970,,74,Open Play,Left Foot,Outside Box,Blocked
shot_5050,124998,777,11,65970,68150,74,Open Play,Left Foot,Outside Box,Saved
shot_5051,124998,777,11,65970,68150,75,Open Play,Header,Inside Box,Blocked
shot_5052,124998,777,11,65970,68150,81,Open Play,Left Foot,Inside Box,Saved
shot_5053,124998,777,11,65970,54156,82,Open Play,Left Foot,Inside Box,Missed
shot_5054,124998,777,11,68150,65970,84,Open Play,Right Foot,Inside Box,Blocked
shot_5055,124998,777,11,68150,54156,86,Open Play,Right Foot,Inside Box,Missed
shot_5056,124998,777,11,68150,,88,Open Play,Left Foot,Inside Box,Missed
shot_5057,124998,777,11,68150,99281,90+1',Open Play,Right Foot,Inside Box,Blocked
shot_5058,124998,777,11,65970,68150,90+1',Open Play,Right Foot,Inside Box,Blocked
shot_5059,124998,777,11,26335,111022,90+2',Set Piece,Left Foot,Inside Box,Missed
shot_5060,124998,777,11,54156,112948,90+3',Open Play,Right Foot,Outside Box,Missed
shot_5061,124999,777,9,33124,116888,7,Set Piece,Header,Inside Box,Missed
shot_5062,124999,777,23,71623,108922,25,Open Play,Right Foot,Outside Box,Blocked
shot_5063,124999,777,9,116888,115255,25,Open Play,Right Foot,Outside Box,Saved
shot_5064,124999,777,23,117647,74761,26,Set Piece,Header,Inside Box,Missed
shot_5065,124999,777,9,33124,116888,28,Set Piece,Header,Inside Box,Missed
shot_5066,124999,777,9,116888,,29,Open Play,Right Foot,Inside Box,Missed
shot_5067,124999,777,9,9576,63289,29,Open Play,Left Foot,Inside Box,Blocked
shot_5068,124999,777,23,14716,108922,31,Open Play,Left Foot,Inside Box,Saved
shot_5069,124999,777,9,63289,9576,32,Open Play,Right Foot,Outside Box,Goal
shot_5070,124999,777,23,14716,115256,36,Open Play,Left Foot,Inside Box,Goal
shot_5071,124999,777,23,23747,,38,Open Play,Right Foot,Inside Box,Blocked
shot_5072,124999,777,23,117647,23747,39,Set Piece,Left Foot,Inside Box,Hit the Woodwork
shot_5073,124999,777,9,9576,,45+5',Penalty,Right Foot,Inside Box,Goal
shot_5074,124999,777,9,63289,116888,53,Open Play,Left Foot,Inside Box,Saved
shot_5075,124999,777,23,20607,74761,54,Open Play,Header,Inside Box,Goal
shot_5076,124999,777,9,9576,,58,Open Play,Right Foot,Inside Box,Blocked
shot_5077,124999,777,23,115256,,64,Open Play,Right Foot,Inside Box,Saved
shot_5078,124999,777,23,5220,115256,64,Set Piece,Right Foot,Inside Box,Hit the Woodwork
shot_5079,124999,777,23,20607,117647,64,Open Play,Left Foot,Inside Box,Blocked
shot_5080,124999,777,9,13515,75543,67,Open Play,Header,Inside Box,Hit the Woodwork
shot_5081,124999,777,9,50151,116888,68,Open Play,Header,Inside Box,Blocked
shot_5082,124999,777,9,63289,115255,79,Open Play,Right Foot,Inside Box,Goal
shot_5083,124999,777,23,23747,49495,81,Open Play,Left Foot,Inside Box,Missed
shot_5084,124999,777,23,20607,19888,83,Open Play,Left Foot,Outside Box,Saved
shot_5085,124999,777,23,49908,108922,84,Open Play,Header,Inside Box,Blocked
shot_5086,124999,777,23,117497,,85,Set Piece,Right Foot,Inside Box,Missed
shot_5087,124999,777,9,14807,,87,Open Play,Right Foot,,Missed
shot_5088,124999,777,23,74761,,90+1',Penalty,Right Foot,Inside Box,Goal
shot_5089,124999,777,9,14807,,90+4',Open Play,Right Foot,Inside Box,Saved
shot_5090,124999,777,23,14716,49908,90+12',Open Play,Right Foot,Inside Box,Goal
shot_5091,124999,777,23,14716,74761,90+12',Open Play,Header,Inside Box,Blocked
shot_5092,124999,777,23,117497,74761,90+14',Open Play,Left Foot,Outside Box,Missed
shot_5093,125000,777,25,63257,65961,2,Open Play,Right Foot,Inside Box,Blocked
shot_5094,125000,777,25,65961,63257,6,Open Play,Right Foot,Outside Box,Saved
shot_5095,125000,777,15,23811,23702,10,Open Play,Right Foot,Outside Box,Saved
shot_5096,125000,777,15,23811,,11,Set Piece,Right Foot,Inside Box,Missed
shot_5097,125000,777,25,25183,13815,19,Open Play,Right Foot,Inside Box,Blocked
shot_5098,125000,777,15,23702,139648,22,Open Play,Left Foot,Outside Box,Missed
shot_5099,125000,777,15,304123,,24,Open Play,Right Foot,,Blocked
shot_5100,125000,777,25,119072,,27,Set Piece,Left Foot,Outside Box,Missed
shot_5101,125000,777,25,63257,,28,Open Play,Right Foot,Inside Box,Missed
shot_5102,125000,777,15,23702,23811,42,Open Play,Right Foot,Outside Box,Hit the Woodwork
shot_5103,125000,777,25,8868,25183,42,Open Play,Left Foot,Inside Box,Blocked
shot_5104,125000,777,15,10439,115172,44,Open Play,Left Foot,,Blocked
shot_5105,125000,777,25,8868,65961,48,Open Play,Left Foot,Outside Box,Missed
shot_5106,125000,777,15,115172,,49,Open Play,Right Foot,Inside Box,Missed
shot_5107,125000,777,15,115172,51593,55,Set Piece,Header,Inside Box,Goal
shot_5108,125000,777,15,139648,138137,58,Open Play,Header,Inside Box,Saved
shot_5109,125000,777,15,115172,23702,58,Open Play,Right Foot,Outside Box,Blocked
shot_5110,125000,777,25,8868,63257,68,Open Play,Right Foot,Inside Box,Blocked
shot_5111,125000,777,15,115172,10439,70,Open Play,Header,Outside Box,Blocked
shot_5112,125000,777,25,304595,,71,Open Play,Right Foot,Inside Box,Missed
shot_5113,125000,777,15,115172,23702,73,Open Play,Right Foot,Outside Box,Saved
shot_5114,125000,777,25,25183,8868,75,Set Piece,Header,Inside Box,Missed
shot_5115,125000,777,25,63257,,76,Open Play,Right Foot,Inside Box,Saved
shot_5116,125000,777,25,13815,304595,76,Open Play,Right Foot,,Saved
shot_5117,125000,777,25,8868,131312,81,Open Play,Right Foot,Inside Box,Blocked
shot_5118,125000,777,25,8868,25183,82,Set Piece,Left Foot,Inside Box,Missed
shot_5119,125000,777,15,15259,,89,Penalty,Right Foot,Inside Box,Goal
shot_5120,125001,777,7,128411,143922,1,Open Play,Right Foot,Inside Box,Hit the Woodwork
shot_5121,125001,777,2,23968,26408,5,Open Play,Left Foot,Inside Box,Missed
shot_5122,125001,777,2,51223,23968,11,Open Play,Left Foot,Outside Box,Saved
shot_5123,125001,777,7,8143,23841,19,Open Play,Header,Inside Box,Blocked
shot_5124,125001,777,7,4260,24797,22,Open Play,Right Foot,,Blocked
shot_5125,125001,777,7,4260,128411,27,Open Play,Right Foot,Outside Box,Blocked
shot_5126,125001,777,2,72265,5865,31,Open Play,Left Foot,Inside Box,Saved
shot_5127,125001,777,7,24983,128411,32,Open Play,Left Foot,Outside Box,Saved
shot_5128,125001,777,2,23968,5865,36,Open Play,Right Foot,Outside Box,Saved
shot_5129,125001,777,2,23968,51223,36,Open Play,Left Foot,Inside Box,Blocked
shot_5130,125001,777,2,72265,5865,41,Open Play,Header,Inside Box,Hit the Woodwork
shot_5131,125001,777,7,4260,24983,44,Open Play,Right Foot,Inside Box,Blocked
shot_5132,125001,777,2,5865,13344,50,Open Play,Header,Inside Box,Missed
shot_5133,125001,777,2,8658,26408,50,Open Play,Right Foot,Inside Box,Blocked
shot_5134,125001,777,7,23841,134286,53,Open Play,Right Foot,Outside Box,Missed
shot_5135,125001,777,7,143922,,59,Open Play,Left Foot,Inside Box,Goal
shot_5136,125001,777,7,24797,,59,Open Play,Left Foot,Outside Box,Saved
shot_5137,125001,777,2,5865,51223,63,Open Play,Right Foot,Outside Box,Blocked
shot_5138,125001,777,2,23968,72265,66,Open Play,Right Foot,Inside Box,Missed
shot_5139,125001,777,2,23968,51223,69,Open Play,Left Foot,Inside Box,Missed
shot_5140,125001,777,2,23968,,72,Open Play,Right Foot,Outside Box,Saved
shot_5141,125001,777,2,13274,,73,Open Play,Left Foot,Inside Box,Blocked
shot_5142,125001,777,2,124907,23968,78,Open Play,Left Foot,Outside Box,Blocked
shot_5143,125001,777,2,26408,5865,79,Open Play,Left Foot,Outside Box,Blocked
shot_5144,125001,777,2,5758,,81,Open Play,Left Foot,Inside Box,Saved
shot_5145,125001,777,2,72265,21529,87,Open Play,Header,Inside Box,Missed
shot_5146,125001,777,2,26408,5865,90+4',Open Play,Header,Inside Box,Missed
shot_5147,125002,777,131,50727,76090,3,Open Play,Right Foot,Outside Box,Saved
shot_5148,125002,777,131,134176,50727,8,Open Play,Left Foot,Outside Box,Saved
shot_5149,125002,777,131,112739,134176,8,Open Play,Right Foot,Inside Box,Blocked
shot_5150,125002,777,127,33032,137832,12,Open Play,Left Foot,Outside Box,Blocked
shot_5151,125002,777,127,14846,119381,13,Open Play,Left Foot,Outside Box,Missed
shot_5152,125002,777,127,33032,54989,14,Open Play,Left Foot,Inside Box,Saved
shot_5153,125002,777,127,74976,14846,14,Open Play,Right Foot,,Blocked
shot_5154,125002,777,127,14846,,32,Penalty,Left Foot,Inside Box,Goal
shot_5155,125002,777,131,112739,22542,36,Open Play,Header,Inside Box,Saved
shot_5156,125002,777,127,33032,74976,37,Open Play,Left Foot,Inside Box,Missed
shot_5157,125002,777,127,33032,74965,45,Open Play,Header,Inside Box,Missed
shot_5158,125002,777,131,117732,134176,49,Open Play,Right Foot,Outside Box,Missed
shot_5159,125002,777,127,51942,,52,Open Play,Left Foot,Outside Box,Blocked
shot_5160,125002,777,127,137832,,52,Open Play,Right Foot,Inside Box,Blocked
shot_5161,125002,777,127,74976,,53,Open Play,Right Foot,Outside Box,Blocked
shot_5162,125002,777,131,8163,50727,56,Set Piece,Right Foot,Inside Box,Missed
shot_5163,125002,777,131,112739,22542,56,Open Play,Header,Inside Box,Blocked
shot_5164,125002,777,131,143240,3452,57,Open Play,Right Foot,Outside Box,Blocked
shot_5165,125002,777,131,22542,117732,70,Open Play,Left Foot,Inside Box,Blocked
shot_5166,125002,777,127,119381,51942,75,Open Play,Left Foot,Inside Box,Missed
shot_5167,125002,777,131,4874,76090,82,Open Play,Right Foot,Inside Box,Blocked
shot_5168,125002,777,131,136175,,83,Open Play,Left Foot,Inside Box,Saved
shot_5169,125002,777,131,76090,8163,85,Open Play,Right Foot,Inside Box,Missed
shot_5170,125002,777,131,50727,136175,89,Open Play,Right Foot,Outside Box,Blocked
shot_5171,125002,777,131,145043,76090,90+1',Open Play,Right Foot,Inside Box,Goal
shot_5172,125002,777,131,20505,117732,90+7',Open Play,Left Foot,Inside Box,Missed
shot_5173,125002,777,131,124396,,90+8',Open Play,Left Foot,Inside Box,Blocked
shot_5174,125002,777,131,51830,20505,90+10',Open Play,Header,Inside Box,Missed
shot_5175,125003,777,130,127594,49731,1,Open Play,Right Foot,Inside Box,Saved
shot_5176,125003,777,130,127594,49726,14,Set Piece,Header,Inside Box,Missed
shot_5177,125003,777,4,49293,21998,15,Open Play,Left Foot,Outside Box,Missed
shot_5178,125003,777,4,72371,63741,26,Open Play,Left Foot,Inside Box,Goal
shot_5179,125003,777,130,49731,23194,29,Open Play,Right Foot,Outside Box,Saved
shot_5180,125003,777,4,72371,63741,34,Open Play,Right Foot,Inside Box,Blocked
shot_5181,125003,777,130,127594,23194,36,Set Piece,,Inside Box,Missed
shot_5182,125003,777,130,49726,49731,38,Set Piece,Left Foot,Inside Box,Hit the Woodwork
shot_5183,125003,777,130,49726,133460,40,Open Play,Right Foot,Inside Box,Saved
shot_5184,125003,777,4,68987,21998,44,Open Play,Left Foot,Inside Box,Missed
shot_5185,125003,777,130,128891,124052,45+3',Open Play,Right Foot,Inside Box,Blocked
shot_5186,125003,777,130,127594,49726,50,Open Play,Right Foot,Inside Box,Saved
shot_5187,125003,777,130,23194,,61,Open Play,Left Foot,Outside Box,Blocked
shot_5188,125003,777,130,124052,49731,73,Set Piece,Header,Inside Box,Missed
shot_5189,125003,777,4,49293,,76,Penalty,Left Foot,Inside Box,Goal
shot_5190,125003,777,4,21998,63741,78,Open Play,Right Foot,Outside Box,Blocked
shot_5191,125003,777,130,124052,23194,83,Open Play,Header,Inside Box,Saved
shot_5192,125003,777,130,115166,133097,90+6',Set Piece,Left Foot,Outside Box,Missed
shot_5193,125003,777,130,49726,23194,90+6',Open Play,Right Foot,Outside Box,Blocked
shot_5194,125003,777,130,24369,133460,90+7',Open Play,Right Foot,,Blocked
shot_5195,125003,777,130,133097,23194,90+8',Open Play,Left Foot,Outside Box,Blocked
shot_5196,125004,777,9,33162,19731,7,Open Play,Right Foot,Outside Box,Saved
shot_5197,125004,777,34,11071,13961,8,Set Piece,Header,Inside Box,Missed
shot_5198,125004,777,34,13961,14445,10,Open Play,Left Foot,Outside Box,Missed
shot_5199,125004,777,9,33162,,15,Open Play,Left Foot,Inside Box,Missed
shot_5200,125004,777,9,115255,,20,Open Play,Left Foot,Outside Box,Missed
shot_5201,125004,777,9,63289,14608,23,Open Play,Right Foot,Inside Box,Missed
shot_5202,125004,777,34,16044,13961,35,Open Play,Header,Inside Box,Saved
shot_5203,125004,777,34,14656,16044,45,Set Piece,Left Foot,Inside Box,Missed
shot_5204,125004,777,34,14656,,45,Open Play,Right Foot,Inside Box,Blocked
shot_5205,125004,777,9,13515,19731,45+2',Set Piece,Left Foot,Inside Box,Missed
shot_5206,125004,777,9,9576,63289,58,Open Play,Right Foot,Inside Box,Missed
shot_5207,125004,777,9,75543,33162,63,Open Play,Left Foot,Inside Box,Missed
shot_5208,125004,777,34,14445,,68,Open Play,Left Foot,Outside Box,Missed
shot_5209,125004,777,9,13515,19731,68,Open Play,Left Foot,Inside Box,Saved
shot_5210,125004,777,34,11071,13961,69,Open Play,Right Foot,,Missed
shot_5211,125004,777,9,68676,115255,79,Open Play,Right Foot,Outside Box,Blocked
shot_5212,125004,777,34,13961,,80,Open Play,Left Foot,Outside Box,Blocked
shot_5213,125004,777,9,9576,68676,80,Open Play,Right Foot,Outside Box,Saved
shot_5214,125004,777,9,33124,13515,83,Set Piece,Header,Inside Box,Missed
shot_5215,125004,777,9,14807,13515,89,Set Piece,Header,Inside Box,Missed
shot_5216,125004,777,9,14807,19731,90+1',Open Play,Right Foot,Inside Box,Goal
shot_5217,125004,777,9,14807,63289,90+3',Open Play,Left Foot,Inside Box,Saved
shot_5218,125005,777,43,50460,,5,Open Play,Right Foot,Outside Box,Missed
shot_5219,125005,777,10,32894,116665,10,Open Play,Right Foot,Outside Box,Blocked
shot_5220,125005,777,10,75382,32894,11,Open Play,Right Foot,Outside Box,Blocked
shot_5221,125005,777,10,33231,19919,12,Open Play,Header,Inside Box,Missed
shot_5222,125005,777,10,33231,116665,14,Open Play,Right Foot,Outside Box,Blocked
shot_5223,125005,777,43,63851,,16,Open Play,Left Foot,Outside Box,Missed
shot_5224,125005,777,43,137462,,16,Open Play,Left Foot,Inside Box,Blocked
shot_5225,125005,777,10,81542,75382,21,Open Play,Right Foot,Outside Box,Saved
shot_5226,125005,777,10,49909,32894,25,Open Play,Right Foot,Outside Box,Blocked
shot_5227,125005,777,10,19919,116665,29,Open Play,Right Foot,Inside Box,Blocked
shot_5228,125005,777,10,33231,,32,Open Play,Right Foot,Inside Box,Hit the Woodwork
shot_5229,125005,777,10,81542,75382,33,Open Play,Right Foot,Outside Box,Blocked
shot_5230,125005,777,10,19919,,34,Open Play,Right Foot,Inside Box,Missed
shot_5231,125005,777,10,32894,116665,34,Open Play,Right Foot,Outside Box,Saved
shot_5232,125005,777,10,81542,19919,36,Open Play,Right Foot,Inside Box,Blocked
shot_5233,125005,777,10,75382,116665,36,Open Play,Right Foot,Outside Box,Saved
shot_5234,125005,777,10,75382,23815,42,Open Play,Right Foot,Inside Box,Goal
shot_5235,125005,777,10,81542,,42,Open Play,Right Foot,Inside Box,Saved
shot_5236,125005,777,43,15139,50460,48,Open Play,Right Foot,Inside Box,Missed
shot_5237,125005,777,10,19919,,49,Open Play,Right Foot,Inside Box,Missed
shot_5238,125005,777,10,49909,,49,Open Play,Right Foot,Inside Box,Blocked
shot_5239,125005,777,10,75382,33231,53,Open Play,Right Foot,Inside Box,Saved
shot_5240,125005,777,10,32894,75382,56,Open Play,Left Foot,Inside Box,Blocked
shot_5241,125005,777,10,32894,49909,58,Open Play,Left Foot,Inside Box,Blocked
shot_5242,125005,777,10,81542,32894,58,Open Play,Right Foot,Inside Box,Blocked
shot_5243,125005,777,43,15139,63851,65,Open Play,Left Foot,Inside Box,Goal
shot_5244,125005,777,10,32894,23815,69,Open Play,Right Foot,Inside Box,Blocked
shot_5245,125005,777,10,33231,5140,70,Open Play,Right Foot,Outside Box,Saved
shot_5246,125005,777,43,50460,,72,Open Play,Right Foot,Inside Box,Missed
shot_5247,125005,777,10,32894,81542,76,Open Play,Right Foot,Inside Box,Saved
shot_5248,125005,777,10,33231,116665,77,Open Play,Header,Inside Box,Blocked
shot_5249,125005,777,10,63633,,80,Open Play,Right Foot,Inside Box,Missed
shot_5250,125005,777,10,23815,19919,80,Open Play,Right Foot,Inside Box,Blocked
shot_5251,125005,777,10,81542,23815,81,Open Play,Left Foot,Inside Box,Missed
shot_5252,125005,777,10,23815,63633,81,Open Play,Right Foot,Inside Box,Missed
shot_5253,125005,777,10,63633,33231,83,Open Play,Right Foot,Outside Box,Saved
shot_5254,125005,777,10,33231,19919,83,Open Play,Right Foot,Outside Box,Blocked
shot_5255,125005,777,43,50460,68593,90+3',Open Play,Right Foot,Inside Box,Blocked
shot_5256,125005,777,10,63633,,90+7',Open Play,Left Foot,Outside Box,Missed
shot_5257,125006,777,12,9566,23396,3,Set Piece,Header,Inside Box,Hit the Woodwork
shot_5258,125006,777,12,108936,,7,Open Play,Right Foot,Outside Box,Saved
shot_5259,125006,777,11,5067,25474,15,Open Play,Header,Inside Box,Missed
shot_5260,125006,777,12,146567,23396,22,Open Play,Left Foot,Inside Box,Saved
shot_5261,125006,777,12,66360,,28,Open Play,Header,Inside Box,Missed
shot_5262,125006,777,11,54156,5067,31,Open Play,Right Foot,Outside Box,Blocked
shot_5263,125006,777,11,111022,4499,37,Open Play,Header,Inside Box,Saved
shot_5264,125006,777,11,25474,16286,39,Open Play,Left Foot,Outside Box,Missed
shot_5265,125006,777,11,65970,25474,54,Open Play,Right Foot,Inside Box,Blocked
shot_5266,125006,777,11,65970,99281,56,Open Play,Left Foot,Inside Box,Blocked
shot_5267,125006,777,12,5793,,57,Open Play,Right Foot,Inside Box,Saved
shot_5268,125006,777,12,69176,146567,57,Open Play,Left Foot,Inside Box,Saved
shot_5269,125006,777,12,66360,23396,63,Open Play,Left Foot,Inside Box,Saved
shot_5270,125006,777,12,66360,23396,65,Open Play,Left Foot,Inside Box,Goal
shot_5271,125006,777,12,69176,23396,68,Open Play,Right Foot,Inside Box,Missed
shot_5272,125006,777,12,146567,51202,76,Open Play,Left Foot,Inside Box,Goal
shot_5273,125006,777,11,99281,127852,87,Open Play,Right Foot,Inside Box,Missed
shot_5274,125006,777,12,69176,23396,90,Open Play,Right Foot,Inside Box,Hit the Woodwork
shot_5275,125007,777,1,66104,11419,8,Open Play,Header,Inside Box,Blocked
shot_5276,125007,777,15,115172,23811,12,Open Play,Left Foot,Inside Box,Blocked
shot_5277,125007,777,1,66104,,17,Open Play,Left Foot,Inside Box,Blocked
shot_5278,125007,777,1,66104,67407,19,Open Play,Header,Inside Box,Blocked
shot_5279,125007,777,1,14548,67407,21,Open Play,Left Foot,Inside Box,Missed
shot_5280,125007,777,1,67407,14548,21,Open Play,Left Foot,Inside Box,Blocked
shot_5281,125007,777,1,66104,,29,Set Piece,Left Foot,Inside Box,Missed
shot_5282,125007,777,1,67407,,29,Open Play,Left Foot,Inside Box,Blocked
shot_5283,125007,777,15,10439,,39,Set Piece,Left Foot,Outside Box,Missed
shot_5284,125007,777,15,23702,,39,Open Play,Right Foot,Outside Box,Blocked
shot_5285,125007,777,1,32728,,41,Open Play,Right Foot,Outside Box,Blocked
shot_5286,125007,777,15,15259,23702,56,Open Play,Right Foot,Outside Box,Missed
shot_5287,125007,777,1,15202,49481,59,Open Play,Right Foot,Inside Box,Saved
shot_5288,125007,777,15,115172,139648,61,Open Play,Right Foot,Outside Box,Blocked
shot_5289,125007,777,1,49481,15202,65,Open Play,Header,Inside Box,Saved
shot_5290,125007,777,1,50234,49481,70,Open Play,Header,Inside Box,Blocked
shot_5291,125007,777,1,19680,19778,70,Open Play,Right Foot,Inside Box,Saved
shot_5292,125007,777,1,19778,15202,72,Set Piece,Header,Inside Box,Missed
shot_5293,125007,777,1,66204,15202,82,Open Play,Header,Inside Box,Blocked
shot_5294,125007,777,15,15259,23702,87,Open Play,Right Foot,Outside Box,Missed
shot_5295,125007,777,1,67776,49481,90+2',Open Play,Header,Inside Box,Missed
shot_5296,125008,777,6,20874,109117,7,Open Play,Left Foot,Inside Box,Saved
shot_5297,125008,777,29,138104,,13,Open Play,Right Foot,Outside Box,Blocked
shot_5298,125008,777,29,67784,,23,Open Play,Left Foot,Inside Box,Missed
shot_5299,125008,777,29,122126,138104,28,Set Piece,Header,Inside Box,Missed
shot_5300,125008,777,6,109117,,30,Set Piece,Right Foot,Inside Box,Goal
shot_5301,125008,777,29,138104,51199,33,Open Play,Right Foot,Inside Box,Goal
shot_5302,125008,777,6,76104,37776,39,Open Play,Left Foot,Inside Box,Blocked
shot_5303,125008,777,6,24334,20874,43,Open Play,Header,Inside Box,Missed
shot_5304,125008,777,29,19864,51199,44,Open Play,Header,Inside Box,Saved
shot_5305,125008,777,6,109117,,49,Set Piece,Right Foot,Outside Box,Missed
shot_5306,125008,777,29,122126,63733,51,Open Play,Header,Inside Box,Saved
shot_5307,125008,777,29,66659,,55,Open Play,Left Foot,Outside Box,Missed
shot_5308,125008,777,29,67784,,71,Open Play,Right Foot,Inside Box,Goal
shot_5309,125008,777,29,122126,19864,76,Set Piece,Right Foot,Outside Box,Missed
shot_5310,125008,777,29,122126,67784,78,Open Play,Right Foot,Inside Box,Saved
shot_5311,125008,777,6,20874,109117,83,Open Play,Header,Inside Box,Blocked
shot_5312,125008,777,29,138104,,90,Open Play,Left Foot,Inside Box,Missed
shot_5313,125008,777,29,19864,,90,Open Play,Right Foot,Inside Box,Saved
shot_5314,125008,777,29,126920,19864,90,Open Play,Left Foot,Inside Box,Saved
shot_5315,125009,777,21,76614,118579,4,Open Play,Right Foot,Inside Box,Missed
shot_5316,125009,777,21,118579,51185,4,Open Play,Right Foot,Inside Box,Missed
shot_5317,125009,777,25,63257,65961,14,Open Play,Right Foot,Inside Box,Missed
shot_5318,125009,777,25,65961,119072,15,Open Play,Right Foot,Inside Box,Goal
shot_5319,125009,777,21,69274,76614,22,Open Play,Right Foot,Outside Box,Missed
shot_5320,125009,777,21,23764,,24,Open Play,Right Foot,Inside Box,Saved
shot_5321,125009,777,21,118579,,24,Open Play,Header,Inside Box,Saved
shot_5322,125009,777,25,63257,,25,Set Piece,Header,Inside Box,Missed
shot_5323,125009,777,25,32638,65961,25,Open Play,Header,Inside Box,Blocked
shot_5324,125009,777,21,76614,117596,28,Open Play,Right Foot,Inside Box,Missed
shot_5325,125009,777,25,65961,304595,29,Open Play,Right Foot,Inside Box,Missed
shot_5326,125009,777,25,8868,25183,35,Open Play,Left Foot,Inside Box,Blocked
shot_5327,125009,777,25,25183,65961,36,Open Play,,Inside Box,Saved
shot_5328,125009,777,25,65961,,36,Set Piece,Right Foot,Inside Box,Missed
shot_5329,125009,777,25,32638,25183,41,Open Play,Header,Inside Box,Saved
shot_5330,125009,777,21,21887,32229,44,Open Play,Header,Inside Box,Missed
shot_5331,125009,777,25,304595,,45+4',Open Play,Right Foot,Inside Box,Blocked
shot_5332,125009,777,25,65961,119072,45+4',Open Play,Right Foot,Inside Box,Blocked
shot_5333,125009,777,21,76614,51185,45+6',Set Piece,Left Foot,Inside Box,Missed
shot_5334,125009,777,21,50245,69274,48,Open Play,Right Foot,Outside Box,Saved
shot_5335,125009,777,21,23764,69274,50,Open Play,Right Foot,Outside Box,Missed
shot_5336,125009,777,21,32229,76614,56,Open Play,Right Foot,Inside Box,Blocked
shot_5337,125009,777,25,304595,,59,Open Play,Right Foot,Inside Box,Missed
shot_5338,125009,777,25,65961,63257,61,Open Play,Right Foot,Inside Box,Blocked
shot_5339,125009,777,21,50245,118579,62,Open Play,Right Foot,Outside Box,Saved
shot_5340,125009,777,21,66635,32229,64,Open Play,Header,Inside Box,Goal
shot_5341,125009,777,21,50245,,67,Set Piece,Right Foot,Inside Box,Missed
shot_5342,125009,777,25,63257,14164,68,Open Play,Right Foot,Inside Box,Missed
shot_5343,125009,777,21,118579,69274,71,Set Piece,Right Foot,Outside Box,Missed
shot_5344,125009,777,21,69274,21887,71,Open Play,Right Foot,Inside Box,Blocked
shot_5345,125009,777,21,66635,32229,73,Set Piece,Header,Inside Box,Missed
shot_5346,125009,777,25,63257,117579,82,Open Play,Header,Inside Box,Missed
shot_5347,125009,777,21,21887,66635,83,Open Play,Right Foot,Inside Box,Blocked
shot_5348,125009,777,21,69274,32229,87,Open Play,Header,Inside Box,Blocked
shot_5349,125009,777,21,69274,32229,89,Open Play,Right Foot,Outside Box,Saved
shot_5350,125009,777,25,8454,14164,90+2',Open Play,Right Foot,Inside Box,Blocked
shot_5351,125009,777,25,8454,,90+3',Set Piece,Left Foot,Inside Box,Goal
shot_5352,125009,777,21,66635,32229,90+7',Set Piece,Header,Inside Box,Missed
shot_5353,125010,777,23,115256,14716,14,Open Play,Header,Inside Box,Missed
shot_5354,125010,777,23,115256,3905,16,Set Piece,Header,Inside Box,Missed
shot_5355,125010,777,38,145492,20337,29,Open Play,Right Foot,Inside Box,Saved
shot_5356,125010,777,23,108922,23747,31,Open Play,Left Foot,Outside Box,Blocked
shot_5357,125010,777,23,108922,23747,36,Open Play,Left Foot,Inside Box,Missed
shot_5358,125010,777,38,115114,,44,Open Play,Right Foot,Inside Box,Saved
shot_5359,125010,777,38,115371,133679,44,Open Play,,Inside Box,Blocked
shot_5360,125010,777,23,14716,74761,45,Open Play,Left Foot,Inside Box,Blocked
shot_5361,125010,777,38,66692,133679,45+1',Open Play,Left Foot,Inside Box,Missed
shot_5362,125010,777,38,115114,133679,52,Open Play,Header,Inside Box,Missed
shot_5363,125010,777,23,71623,,60,Open Play,Left Foot,Outside Box,Blocked
shot_5364,125010,777,23,20607,74761,63,Open Play,Header,Inside Box,Blocked
shot_5365,125010,777,23,3905,,79,Set Piece,Right Foot,Outside Box,Missed
shot_5366,125010,777,23,20607,,85,Open Play,Header,Inside Box,Saved
shot_5367,125010,777,23,74761,124462,85,Open Play,Right Foot,Inside Box,Saved
shot_5368,125010,777,23,20607,74761,87,Set Piece,Header,Inside Box,Missed
shot_5369,125010,777,38,35670,115114,90+1',Open Play,Right Foot,Inside Box,Blocked
shot_5370,125010,777,23,74761,,90+6',Set Piece,Right Foot,Inside Box,Missed
shot_5371,125011,777,1,15202,20486,7,Open Play,Right Foot,Outside Box,Blocked
shot_5372,125011,777,1,20486,,10,Set Piece,Right Foot,Inside Box,Missed
shot_5373,125011,777,1,49481,15202,12,Open Play,Right Foot,Outside Box,Blocked
shot_5374,125011,777,1,15202,66204,15,Open Play,Right Foot,Inside Box,Blocked
shot_5375,125011,777,1,64523,15202,18,Open Play,Header,Inside Box,Saved
shot_5376,125011,777,12,108936,5793,23,Open Play,Right Foot,Outside Box,Blocked
shot_5377,125011,777,12,67191,108936,23,Open Play,Left Foot,Outside Box,Blocked
shot_5378,125011,777,1,11419,49481,29,Open Play,Left Foot,Inside Box,Missed
shot_5379,125011,777,12,23396,66360,31,Open Play,Right Foot,Outside Box,Missed
shot_5380,125011,777,12,23396,,34,Open Play,Right Foot,Inside Box,Missed
shot_5381,125011,777,12,66360,,37,Open Play,Right Foot,Inside Box,Goal
shot_5382,125011,777,1,64523,19680,39,Open Play,Left Foot,Inside Box,Blocked
shot_5383,125011,777,12,66360,23396,45+1',Open Play,Right Foot,Outside Box,Missed
shot_5384,125011,777,12,146567,23396,50,Open Play,Left Foot,Outside Box,Goal
shot_5385,125011,777,12,146567,66360,53,Open Play,Left Foot,Inside Box,Missed
shot_5386,125011,777,1,49481,66204,55,Open Play,Left Foot,Outside Box,Blocked
shot_5387,125011,777,1,19680,15202,57,Open Play,Right Foot,Outside Box,Blocked
shot_5388,125011,777,1,15202,49481,65,Open Play,Right Foot,Outside Box,Missed
shot_5389,125011,777,1,19778,15202,70,Set Piece,Header,Inside Box,Missed
shot_5390,125011,777,1,19778,21584,71,Open Play,Left Foot,Outside Box,Saved
shot_5391,125011,777,1,32728,49481,81,Open Play,,Inside Box,Missed
shot_5392,125011,777,1,49481,66204,83,Open Play,Left Foot,Inside Box,Saved
shot_5393,125011,777,1,19778,,84,Set Piece,Right Foot,Inside Box,Goal
shot_5394,125011,777,12,51202,108936,87,Open Play,Right Foot,Outside Box,Goal
shot_5395,125011,777,12,23396,,90+4',Open Play,Right Foot,,Missed
shot_5396,125012,777,10,5178,75382,6,Open Play,Left Foot,Inside Box,Missed
shot_5397,125012,777,127,51942,33032,18,Set Piece,Right Foot,Inside Box,Missed
shot_5398,125012,777,127,33032,74976,26,Open Play,Right Foot,Inside Box,Goal
shot_5399,125012,777,10,32894,116665,32,Open Play,Right Foot,Outside Box,Blocked
shot_5400,125012,777,127,119381,51942,33,Open Play,Right Foot,Inside Box,Goal
shot_5401,125012,777,10,75382,49909,40,Open Play,Right Foot,Outside Box,Missed
shot_5402,125012,777,10,116665,33231,43,Open Play,Left Foot,Outside Box,Blocked
shot_5403,125012,777,10,5178,32894,44,Open Play,Right Foot,Inside Box,Saved
shot_5404,125012,777,10,5140,33231,45,Set Piece,,Inside Box,Goal
shot_5405,125012,777,10,19919,10458,49,Open Play,Left Foot,Inside Box,Blocked
shot_5406,125012,777,10,63633,33231,54,Open Play,Right Foot,Outside Box,Blocked
shot_5407,125012,777,10,32894,5178,60,Open Play,Right Foot,Outside Box,Blocked
shot_5408,125012,777,10,23815,,65,Open Play,Left Foot,Inside Box,Blocked
shot_5409,125012,777,10,49909,81542,66,Open Play,Left Foot,Outside Box,Missed
shot_5410,125012,777,127,74976,,71,Open Play,Right Foot,Outside Box,Blocked
shot_5411,125012,777,127,119381,33032,72,Open Play,Right Foot,Inside Box,Saved
shot_5412,125012,777,127,33032,15572,72,Open Play,Right Foot,Inside Box,Missed
shot_5413,125012,777,10,33231,5178,80,Set Piece,Right Foot,,Goal
shot_5414,125012,777,127,15572,,81,Open Play,Left Foot,Outside Box,Saved
shot_5415,125012,777,127,33032,15572,84,Open Play,Right Foot,Inside Box,Missed
shot_5416,125012,777,10,75382,81542,85,Open Play,Right Foot,Inside Box,Missed
shot_5417,125012,777,127,74976,15572,87,Open Play,Left Foot,Outside Box,Missed
shot_5418,125012,777,10,5178,75382,90+2',Open Play,Left Foot,Inside Box,Saved
shot_5419,125012,777,127,118080,,90+5',Open Play,Left Foot,Inside Box,Goal
shot_5420,125012,777,127,118080,,90+5',Open Play,Left Foot,Inside Box,Blocked
shot_5421,125012,777,127,54989,,90+5',Open Play,Right Foot,Inside Box,Blocked
shot_5422,125013,777,130,124052,127594,2,Open Play,Right Foot,Inside Box,Missed
shot_5423,125013,777,15,304123,15259,7,Open Play,Right Foot,Inside Box,Blocked
shot_5424,125013,777,15,115172,,9,Set Piece,Header,Outside Box,Missed
shot_5425,125013,777,15,304123,,12,Open Play,Right Foot,,Goal
shot_5426,125013,777,15,108816,,19,Open Play,Right Foot,Inside Box,Missed
shot_5427,125013,777,15,51593,23702,19,Open Play,Right Foot,Outside Box,Blocked
shot_5428,125013,777,15,304123,,39,Open Play,Left Foot,Inside Box,Blocked
shot_5429,125013,777,130,23194,133890,40,Open Play,Left Foot,Outside Box,Blocked
shot_5430,125013,777,130,133890,49726,40,Open Play,Left Foot,Inside Box,Saved
shot_5431,125013,777,130,65987,133460,45+8',Open Play,Header,Inside Box,Missed
shot_5432,125013,777,130,133890,49726,49,Open Play,Header,Inside Box,Blocked
shot_5433,125013,777,130,128891,133890,50,Set Piece,Right Foot,Inside Box,Missed
shot_5434,125013,777,130,127594,23194,56,Open Play,Header,Inside Box,Blocked
shot_5435,125013,777,130,124052,,76,Set Piece,Right Foot,Inside Box,Missed
shot_5436,125013,777,15,15340,15259,80,Open Play,Right Foot,Inside Box,Goal
shot_5437,125013,777,130,133890,49726,85,Set Piece,Header,Inside Box,Missed
shot_5438,125013,777,130,127594,133890,90+3',Set Piece,Header,Inside Box,Missed
shot_5439,125014,777,21,23764,10443,3,Open Play,Right Foot,Inside Box,Saved
shot_5440,125014,777,43,31442,15139,9,Open Play,Header,Inside Box,Missed
shot_5441,125014,777,21,32229,,23,Set Piece,Right Foot,Outside Box,Missed
shot_5442,125014,777,21,32229,,28,Open Play,Right Foot,Outside Box,Saved
shot_5443,125014,777,21,10443,21887,32,Open Play,Header,Inside Box,Missed
shot_5444,125014,777,21,32229,69274,34,Open Play,Right Foot,Outside Box,Missed
shot_5445,125014,777,21,118579,10443,36,Open Play,Left Foot,Outside Box,Saved
shot_5446,125014,777,21,21887,,37,Open Play,Right Foot,Inside Box,Saved
shot_5447,125014,777,21,118579,,37,Open Play,Right Foot,Inside Box,Saved
shot_5448,125014,777,21,75582,,38,Set Piece,Left Foot,Inside Box,Goal
shot_5449,125014,777,21,118579,,41,Open Play,Left Foot,Inside Box,Saved
shot_5450,125014,777,43,13559,3955,45,Open Play,Right Foot,Inside Box,Goal
shot_5451,125014,777,43,50460,3955,45,Open Play,Left Foot,Outside Box,Blocked
shot_5452,125014,777,43,31442,50460,48,Open Play,Left Foot,Inside Box,Blocked
shot_5453,125014,777,21,10443,69274,50,Open Play,Header,Inside Box,Saved
shot_5454,125014,777,21,69274,23764,50,Open Play,Header,Inside Box,Missed
shot_5455,125014,777,43,50460,15139,56,Open Play,Right Foot,Outside Box,Saved
shot_5456,125014,777,43,13559,3955,60,Open Play,Header,Inside Box,Missed
shot_5457,125014,777,21,23764,118579,67,Open Play,Left Foot,Outside Box,Saved
shot_5458,125014,777,21,50245,69274,75,Open Play,Right Foot,Outside Box,Missed
shot_5459,125014,777,43,64282,,76,Open Play,Right Foot,Inside Box,Goal
shot_5460,125014,777,43,64282,50460,76,Open Play,Left Foot,Inside Box,Saved
shot_5461,125014,777,21,118579,,84,Set Piece,Left Foot,Outside Box,Missed
shot_5462,125014,777,21,76614,23764,84,Open Play,Left Foot,Inside Box,Saved
shot_5463,125014,777,21,66635,118579,90,Open Play,Header,Inside Box,Goal
shot_5464,125014,777,21,69274,118579,90,Open Play,Right Foot,Inside Box,Hit the Woodwork
shot_5465,125014,777,43,51498,,90+7',Open Play,Right Foot,Outside Box,Blocked
shot_5466,125015,777,6,20874,49796,8,Open Play,Right Foot,Inside Box,Saved
shot_5467,125015,777,4,63741,,13,Open Play,Right Foot,Inside Box,Missed
shot_5468,125015,777,4,112203,,17,Open Play,Right Foot,Outside Box,Missed
shot_5469,125015,777,6,37776,,19,Open Play,Header,Inside Box,Blocked
shot_5470,125015,777,4,304474,72371,27,Open Play,Right Foot,,Blocked
shot_5471,125015,777,6,49796,,28,Open Play,Right Foot,Inside Box,Missed
shot_5472,125015,777,6,20874,24334,31,Open Play,Header,Inside Box,Missed
shot_5473,125015,777,4,304474,,34,Open Play,Left Foot,Inside Box,Goal
shot_5474,125015,777,4,304474,63741,43,Open Play,Right Foot,Inside Box,Missed
shot_5475,125015,777,4,72371,304474,50,Open Play,Left Foot,Inside Box,Goal
shot_5476,125015,777,4,27277,,57,Open Play,Left Foot,Inside Box,Saved
shot_5477,125015,777,4,304474,14571,57,Open Play,Left Foot,Outside Box,Saved
shot_5478,125015,777,4,72371,,59,Open Play,Right Foot,Inside Box,Blocked
shot_5479,125015,777,4,63741,,64,Penalty,Right Foot,Inside Box,Goal
shot_5480,125015,777,6,49374,,75,Open Play,Right Foot,Inside Box,Blocked
shot_5481,125015,777,6,76104,109117,76,Open Play,Left Foot,Inside Box,Blocked
shot_5482,125015,777,6,37776,109117,81,Open Play,Header,Inside Box,Saved
shot_5483,125015,777,6,109117,,85,Set Piece,Right Foot,,Missed
shot_5484,125015,777,6,76104,49796,87,Open Play,Right Foot,Inside Box,Saved
shot_5485,125015,777,6,50842,110549,88,Set Piece,Header,Inside Box,Goal
shot_5486,125015,777,6,110549,,88,Open Play,Right Foot,Inside Box,Blocked
shot_5487,125015,777,6,37776,8589,88,Open Play,,Inside Box,Saved
shot_5488,125015,777,6,49796,109117,90+9',Open Play,Header,Inside Box,Saved
shot_5489,125016,777,7,143922,24983,4,Open Play,Right Foot,Inside Box,Blocked
shot_5490,125016,777,7,23841,,4,Open Play,Right Foot,Outside Box,Blocked
shot_5491,125016,777,9,33124,63289,6,Open Play,Left Foot,Inside Box,Missed
shot_5492,125016,777,9,9576,116888,8,Open Play,Right Foot,Inside Box,Saved
shot_5493,125016,777,9,13515,,12,Open Play,Right Foot,Outside Box,Missed
shot_5494,125016,777,9,115255,,15,Set Piece,Left Foot,Outside Box,Missed
shot_5495,125016,777,9,13515,14608,19,Open Play,Right Foot,Inside Box,Blocked
shot_5496,125016,777,9,13515,116888,28,Open Play,Left Foot,Inside Box,Goal
shot_5497,125016,777,9,13515,,32,Open Play,Header,Inside Box,Blocked
shot_5498,125016,777,9,19731,,34,Open Play,Right Foot,Outside Box,Missed
shot_5499,125016,777,9,9576,,34,Open Play,Right Foot,Inside Box,Hit the Woodwork
shot_5500,125016,777,9,63289,13515,38,Open Play,Right Foot,Outside Box,Saved
shot_5501,125016,777,7,24983,,40,Set Piece,Left Foot,Outside Box,Missed
shot_5502,125016,777,7,23841,31936,45,Open Play,Left Foot,Inside Box,Missed
shot_5503,125016,777,7,31936,12582,59,Open Play,Left Foot,Inside Box,Blocked
shot_5504,125016,777,9,116888,,61,Open Play,Left Foot,Inside Box,Saved
shot_5505,125016,777,7,12582,24983,63,Open Play,Right Foot,Outside Box,Saved
shot_5506,125016,777,7,143922,,63,Open Play,Right Foot,Inside Box,Saved
shot_5507,125016,777,7,31936,66318,74,Open Play,Right Foot,Outside Box,Blocked
shot_5508,125016,777,7,143922,12582,76,Open Play,Right Foot,Inside Box,Goal
shot_5509,125016,777,7,12582,112917,78,Open Play,Right Foot,Inside Box,Hit the Woodwork
shot_5510,125016,777,9,14897,33162,88,Open Play,Right Foot,Inside Box,Missed
shot_5511,125016,777,9,13515,14897,90+4',Set Piece,Header,Inside Box,Missed
shot_5512,125016,777,9,133430,33162,90+4',Open Play,Left Foot,Inside Box,Blocked
shot_5513,125017,777,34,121610,,4,Open Play,Right Foot,Outside Box,Missed
shot_5514,125017,777,34,35752,13961,20,Set Piece,Header,Inside Box,Missed
shot_5515,125017,777,34,13961,11071,21,Open Play,Left Foot,Outside Box,Missed
shot_5516,125017,777,34,11071,13961,24,Open Play,Right Foot,Inside Box,Saved
shot_5517,125017,777,34,11071,121610,26,Open Play,Right Foot,Inside Box,Blocked
shot_5518,125017,777,131,134333,20505,28,Open Play,Right Foot,Inside Box,Goal
shot_5519,125017,777,131,50727,,30,Open Play,Header,Inside Box,Blocked
shot_5520,125017,777,131,117732,8163,30,Open Play,Left Foot,Inside Box,Saved
shot_5521,125017,777,131,124396,,35,Open Play,Left Foot,Outside Box,Blocked
shot_5522,125017,777,131,22542,,36,Open Play,Left Foot,Outside Box,Missed
shot_5523,125017,777,34,13961,4717,47,Open Play,Left Foot,Outside Box,Saved
shot_5524,125017,777,131,76090,22542,50,Open Play,Right Foot,Inside Box,Blocked
shot_5525,125017,777,131,8163,22542,51,Open Play,Header,Inside Box,Blocked
shot_5526,125017,777,131,8163,22542,51,Set Piece,Header,Inside Box,Missed
shot_5527,125017,777,34,4717,11071,53,Open Play,Left Foot,Outside Box,Blocked
shot_5528,125017,777,34,121610,11071,55,Open Play,Right Foot,Outside Box,Missed
shot_5529,125017,777,131,3452,117732,56,Open Play,Right Foot,Inside Box,Missed
shot_5530,125017,777,131,134333,,67,Open Play,Right Foot,Outside Box,Missed
shot_5531,125017,777,34,53063,26151,72,Open Play,Left Foot,,Goal
shot_5532,125017,777,34,3894,,74,Open Play,Left Foot,Inside Box,Blocked
shot_5533,125017,777,34,11071,53063,76,Open Play,Right Foot,Outside Box,Missed
shot_5534,125017,777,131,8163,22542,79,Open Play,Header,Inside Box,Saved
shot_5535,125017,777,131,3452,22542,79,Open Play,Header,Inside Box,Saved
shot_5536,125017,777,131,136175,22542,84,Open Play,Left Foot,Inside Box,Blocked
shot_5537,125017,777,34,13961,,90+2',Set Piece,Left Foot,,Goal
shot_5538,125018,777,11,14569,5067,4,Open Play,Header,Inside Box,Saved
shot_5539,125018,777,11,76216,76204,6,Open Play,Right Foot,Inside Box,Goal
shot_5540,125018,777,11,25474,14569,10,Open Play,Right Foot,Inside Box,Saved
shot_5541,125018,777,11,68150,76216,17,Open Play,Left Foot,Inside Box,Missed
shot_5542,125018,777,38,145492,133679,21,Open Play,Right Foot,Outside Box,Missed
shot_5543,125018,777,38,115114,111988,32,Open Play,Right Foot,Outside Box,Blocked
shot_5544,125018,777,11,76216,137371,35,Open Play,Right Foot,Inside Box,Hit the Woodwork
shot_5545,125018,777,11,112948,68150,41,Open Play,Left Foot,Outside Box,Missed
shot_5546,125018,777,11,25474,5067,45+2',Open Play,Left Foot,Inside Box,Goal
shot_5547,125018,777,38,133679,,55,Set Piece,Right Foot,Outside Box,Missed
shot_5548,125018,777,11,26335,16286,60,Open Play,Right Foot,Outside Box,Missed
shot_5549,125018,777,11,68150,112948,61,Open Play,Right Foot,Outside Box,Missed
shot_5550,125018,777,38,115114,145492,66,Open Play,Header,Inside Box,Saved
shot_5551,125018,777,11,25474,14805,78,Open Play,Left Foot,Inside Box,Hit the Woodwork
shot_5552,125018,777,38,115114,145492,87,Set Piece,Header,Inside Box,Hit the Woodwork
shot_5553,125018,777,38,145492,35670,90+2',Open Play,Right Foot,Outside Box,Blocked
shot_5554,125018,777,38,115371,66692,90+3',Open Play,Header,Inside Box,Missed
shot_5555,125018,777,38,145492,133679,90+3',Open Play,Right Foot,Outside Box,Blocked
shot_5556,125018,777,11,14569,14805,90+4',Set Piece,Header,Inside Box,Missed
shot_5557,125018,777,38,115114,,90+5',Open Play,Right Foot,Inside Box,Blocked
shot_5558,125018,777,38,115114,,90+5',Open Play,Left Foot,Inside Box,Blocked
shot_5559,125018,777,38,145492,,90+6',Set Piece,Right Foot,Outside Box,Missed
shot_5560,125019,777,23,71623,20607,1,Open Play,Left Foot,Inside Box,Saved
shot_5561,125019,777,2,26408,,5,Open Play,Right Foot,Outside Box,Saved
shot_5562,125019,777,2,8658,,12,Open Play,Right Foot,Inside Box,Saved
shot_5563,125019,777,2,21529,5865,13,Set Piece,Header,Inside Box,Missed
shot_5564,125019,777,2,8658,23968,14,Open Play,Right Foot,Outside Box,Missed
shot_5565,125019,777,2,26408,23968,19,Open Play,Right Foot,Outside Box,Goal
shot_5566,125019,777,2,13344,8658,24,Open Play,Right Foot,Inside Box,Blocked
shot_5567,125019,777,2,26408,8658,33,Open Play,Left Foot,Inside Box,Saved
shot_5568,125019,777,2,26408,,41,Open Play,Right Foot,Outside Box,Missed
shot_5569,125019,777,23,117647,23747,42,Open Play,Header,Inside Box,Saved
shot_5570,125019,777,23,20607,117647,42,Open Play,Right Foot,Outside Box,Blocked
shot_5571,125019,777,23,117497,23747,45+5',Open Play,Header,Inside Box,Saved
shot_5572,125019,777,23,14716,117497,46,Open Play,Left Foot,Outside Box,Blocked
shot_5573,125019,777,23,14716,108922,51,Open Play,Left Foot,Outside Box,Blocked
shot_5574,125019,777,23,23747,14716,55,Open Play,Left Foot,Inside Box,Missed
shot_5575,125019,777,23,14716,3905,55,Open Play,Left Foot,Inside Box,Missed
shot_5576,125019,777,2,23968,,56,Open Play,Right Foot,Outside Box,Saved
shot_5577,125019,777,23,19888,,58,Set Piece,Right Foot,Inside Box,Missed
shot_5578,125019,777,23,71623,,59,Open Play,Left Foot,Outside Box,Blocked
shot_5579,125019,777,23,71623,,59,Open Play,Right Foot,Inside Box,Blocked
shot_5580,125019,777,2,20489,108096,61,Open Play,Left Foot,Inside Box,Blocked
shot_5581,125019,777,2,21529,5865,62,Set Piece,Header,Inside Box,Missed
shot_5582,125019,777,23,49908,108922,66,Open Play,Header,Inside Box,Saved
shot_5583,125019,777,2,23968,,82,Open Play,Right Foot,Outside Box,Saved
shot_5584,125019,777,2,8658,,87,Open Play,Right Foot,Outside Box,Saved
shot_5585,125019,777,2,8658,5758,88,Set Piece,Header,Inside Box,Goal
shot_5586,125019,777,23,14716,117647,90,Open Play,Right Foot,Outside Box,Blocked
shot_5587,125019,777,23,49259,,90+1',Open Play,Right Foot,Inside Box,Missed
shot_5588,125019,777,23,14716,117647,90+5',Open Play,Right Foot,Outside Box,Blocked
shot_5589,125020,777,29,124944,,2,Open Play,Left Foot,Outside Box,Saved
shot_5590,125020,777,25,65961,8868,14,Open Play,Header,Inside Box,Goal
shot_5591,125020,777,29,122126,66659,15,Open Play,Header,Inside Box,Missed
shot_5592,125020,777,25,304595,,17,Open Play,Left Foot,,Missed
shot_5593,125020,777,25,8868,14164,17,Open Play,Left Foot,Outside Box,Blocked
shot_5594,125020,777,29,19864,138104,21,Set Piece,Header,Inside Box,Missed
shot_5595,125020,777,25,8868,,28,Penalty,Left Foot,Inside Box,Goal
shot_5596,125020,777,25,65961,63257,31,Open Play,Left Foot,Inside Box,Blocked
shot_5597,125020,777,25,63257,25183,31,Open Play,Header,Inside Box,Saved
shot_5598,125020,777,25,119072,,43,Open Play,Right Foot,Outside Box,Goal
shot_5599,125020,777,25,63257,65961,43,Open Play,Right Foot,Inside Box,Blocked
shot_5600,125020,777,29,118633,,58,Set Piece,Right Foot,Outside Box,Missed
shot_5601,125020,777,29,126110,66659,58,Open Play,Right Foot,Outside Box,Blocked
shot_5602,125020,777,25,119072,,60,Set Piece,Left Foot,Outside Box,Missed
shot_5603,125020,777,25,63257,65961,64,Open Play,Right Foot,Outside Box,Saved
shot_5604,125020,777,29,67784,51199,66,Open Play,Header,Inside Box,Goal
shot_5605,125020,777,25,32638,8454,82,Set Piece,Left Foot,Outside Box,Missed
shot_5606,125020,777,29,52989,118633,83,Open Play,Right Foot,Inside Box,Missed
shot_5607,125020,777,25,8454,,90+2',Set Piece,Header,Inside Box,Missed
shot_5608,125020,777,25,119072,,90+2',Set Piece,Right Foot,Outside Box,Hit the Woodwork
shot_5609,125021,777,130,49726,127594,7,Open Play,Left Foot,Inside Box,Missed
shot_5610,125021,777,2,13286,23968,15,Open Play,Right Foot,Inside Box,Saved
shot_5611,125021,777,130,127594,65987,16,Open Play,Right Foot,Inside Box,Missed
shot_5612,125021,777,2,51223,24626,21,Set Piece,Left Foot,Inside Box,Missed
shot_5613,125021,777,2,26408,13286,27,Open Play,Right Foot,Outside Box,Missed
shot_5614,125021,777,2,13274,24626,33,Set Piece,Right Foot,Inside Box,Missed
shot_5615,125021,777,130,10947,,34,Open Play,Left Foot,Outside Box,Missed
shot_5616,125021,777,2,26408,51223,45,Open Play,Left Foot,Inside Box,Blocked
shot_5617,125021,777,130,133890,,45+2',Open Play,Left Foot,,Goal
shot_5618,125021,777,2,13286,14801,45+3',Open Play,Right Foot,Inside Box,Blocked
shot_5619,125021,777,2,13344,,45+4',Set Piece,Right Foot,Outside Box,Missed
shot_5620,125021,777,130,20113,,53,Open Play,Right Foot,Inside Box,Blocked
shot_5621,125021,777,2,13286,,55,Open Play,Left Foot,Inside Box,Blocked
shot_5622,125021,777,2,20489,,58,Open Play,Left Foot,Outside Box,Blocked
shot_5623,125021,777,2,26408,23968,58,Open Play,Left Foot,Inside Box,Saved
shot_5624,125021,777,2,13344,24626,62,Set Piece,Right Foot,Outside Box,Missed
shot_5625,125021,777,2,14801,24626,65,Open Play,Right Foot,Inside Box,Blocked
shot_5626,125021,777,2,23968,,66,Open Play,Right Foot,Inside Box,Missed
shot_5627,125021,777,2,13344,26408,66,Open Play,Right Foot,Inside Box,Saved
shot_5628,125021,777,2,24626,14801,66,Open Play,Right Foot,Inside Box,Blocked
shot_5629,125021,777,130,24659,133460,69,Open Play,Header,Inside Box,Blocked
shot_5630,125021,777,2,26408,24626,71,Set Piece,Right Foot,Outside Box,Missed
shot_5631,125021,777,2,24626,51223,75,Open Play,Right Foot,Outside Box,Saved
shot_5632,125021,777,2,33185,20489,81,Open Play,Left Foot,Inside Box,Blocked
shot_5633,125021,777,2,23968,51223,88,Open Play,Right Foot,Inside Box,Saved
shot_5634,125021,777,2,24626,20489,89,Open Play,Header,Inside Box,Missed
shot_5635,125021,777,2,20489,33185,90,Open Play,Left Foot,Inside Box,Missed
shot_5636,125021,777,2,23968,26408,90+3',Open Play,Right Foot,Outside Box,Blocked
shot_5637,125021,777,2,23968,,90+5',Open Play,Right Foot,Outside Box,Blocked
shot_5638,125021,777,2,33185,20489,90+8',Open Play,Left Foot,Outside Box,Blocked
shot_5639,125021,777,2,51223,13344,90+8',Open Play,Left Foot,Inside Box,Blocked
shot_5640,125021,777,2,13344,,90+9',Set Piece,Right Foot,Outside Box,Missed
shot_5641,125021,777,2,21529,13344,90+10',Open Play,Header,Inside Box,Missed
shot_5642,125022,777,131,22542,51830,2,Open Play,Right Foot,Inside Box,Blocked
shot_5643,125022,777,131,51830,50727,2,Open Play,Header,Inside Box,Missed
shot_5644,125022,777,131,3452,,3,Open Play,Right Foot,Inside Box,Saved
shot_5645,125022,777,131,3452,117732,3,Open Play,Header,Inside Box,Blocked
shot_5646,125022,777,131,51830,50727,13,Open Play,Left Foot,Inside Box,Missed
shot_5647,125022,777,131,3452,67928,16,Set Piece,Header,Inside Box,Missed
shot_5648,125022,777,131,117732,3452,19,Open Play,Left Foot,Inside Box,Missed
shot_5649,125022,777,7,14706,143922,52,Open Play,Left Foot,Inside Box,Missed
shot_5650,125022,777,7,66318,112589,56,Open Play,Header,Inside Box,Missed
shot_5651,125022,777,7,14706,143922,67,Open Play,Right Foot,Inside Box,Saved
shot_5652,125022,777,131,117732,136175,72,Open Play,Left Foot,Inside Box,Blocked
shot_5653,125022,777,7,8143,23841,72,Open Play,Header,Inside Box,Blocked
shot_5654,125022,777,131,22542,134333,73,Open Play,Right Foot,Inside Box,Goal
shot_5655,125022,777,131,136175,,78,Open Play,Left Foot,Outside Box,Blocked
shot_5656,125022,777,131,136175,117732,86,Open Play,Left Foot,Outside Box,Missed
shot_5657,125022,777,7,4333,,90,Open Play,Right Foot,Inside Box,Saved
shot_5658,125022,777,7,126789,,90+7',Open Play,Left Foot,Inside Box,Goal
shot_5659,125022,777,7,112589,,90+7',Open Play,Right Foot,Inside Box,Saved
shot_5660,125023,777,25,63257,304595,1,Open Play,Left Foot,Inside Box,Saved
shot_5661,125023,777,4,63741,68987,3,Open Play,Right Foot,Inside Box,Blocked
shot_5662,125023,777,25,8868,14164,7,Open Play,Left Foot,Outside Box,Goal
shot_5663,125023,777,25,119072,65961,13,Open Play,Right Foot,Inside Box,Blocked
shot_5664,125023,777,25,63257,8868,15,Open Play,Right Foot,Inside Box,Saved
shot_5665,125023,777,4,49293,,19,Open Play,Left Foot,Outside Box,Saved
shot_5666,125023,777,4,112203,119041,32,Open Play,Right Foot,Inside Box,Missed
shot_5667,125023,777,25,65961,14164,36,Open Play,Right Foot,Inside Box,Goal
shot_5668,125023,777,4,51813,21998,44,Open Play,Header,Inside Box,Blocked
shot_5669,125023,777,4,63741,,44,Open Play,Right Foot,Outside Box,Blocked
shot_5670,125023,777,25,65961,8868,45,Open Play,Right Foot,Outside Box,Blocked
shot_5671,125023,777,25,63257,145347,48,Open Play,Right Foot,Inside Box,Blocked
shot_5672,125023,777,25,119072,,48,Open Play,Right Foot,Outside Box,Saved
shot_5673,125023,777,25,8868,119072,51,Open Play,Left Foot,Inside Box,Saved
shot_5674,125023,777,4,51813,27277,56,Open Play,Right Foot,Inside Box,Missed
shot_5675,125023,777,4,72371,66284,57,Open Play,Header,Inside Box,Goal
shot_5676,125023,777,4,112203,68827,64,Open Play,Right Foot,Outside Box,Saved
shot_5677,125023,777,25,63257,119072,68,Open Play,Right Foot,Inside Box,Missed
shot_5678,125023,777,4,27277,,70,Open Play,Header,Inside Box,Goal
shot_5679,125023,777,4,51813,,70,Open Play,Header,Inside Box,Hit the Woodwork
shot_5680,125023,777,4,51813,21998,79,Open Play,Header,Inside Box,Saved
shot_5681,125023,777,25,63656,,86,Set Piece,Right Foot,Inside Box,Hit the Woodwork
shot_5682,125023,777,4,49293,,90,Open Play,Right Foot,Inside Box,Blocked
shot_5683,125023,777,4,63741,72371,90+2',Open Play,Right Foot,Inside Box,Goal
shot_5684,125023,777,4,49293,21998,90+5',Open Play,Left Foot,Inside Box,Missed
shot_5685,125024,777,9,19731,,11,Open Play,Left Foot,Outside Box,Missed
shot_5686,125024,777,1,64523,20810,15,Open Play,Right Foot,Outside Box,Saved
shot_5687,125024,777,1,64523,67407,27,Set Piece,Header,Inside Box,Goal
shot_5688,125024,777,1,67407,,38,Set Piece,Left Foot,Outside Box,Goal
shot_5689,125024,777,9,33124,116888,49,Open Play,Header,Inside Box,Saved
shot_5690,125024,777,1,32728,20486,51,Open Play,Right Foot,Inside Box,Blocked
shot_5691,125024,777,1,67776,67407,52,Set Piece,Header,Inside Box,Missed
shot_5692,125024,777,1,32728,66104,69,Open Play,Right Foot,Inside Box,Goal
shot_5693,125024,777,1,20486,32728,72,Open Play,Left Foot,Outside Box,Blocked
shot_5694,125024,777,1,19680,15202,77,Open Play,Right Foot,Inside Box,Missed
shot_5695,125024,777,1,19680,67776,79,Open Play,Header,Inside Box,Saved
shot_5696,125024,777,1,69914,15202,80,Set Piece,Header,Inside Box,Missed
shot_5697,125024,777,9,14897,14608,85,Open Play,Right Foot,Inside Box,Blocked
shot_5698,125024,777,1,19680,11419,86,Open Play,Right Foot,Inside Box,Goal
shot_5699,125024,777,1,66104,,88,Open Play,Left Foot,Inside Box,Saved
shot_5700,125024,777,1,50234,,89,Open Play,Header,Inside Box,Saved
shot_5701,125024,777,1,19680,15202,89,Open Play,Header,Inside Box,Blocked
shot_5702,125024,777,1,64523,11419,90+3',Set Piece,Header,Inside Box,Missed
shot_5703,125025,777,10,81542,32894,17,Open Play,Left Foot,Outside Box,Saved
shot_5704,125025,777,23,14716,108922,26,Set Piece,Right Foot,Outside Box,Hit the Woodwork
shot_5705,125025,777,23,124462,3905,27,Open Play,Header,Inside Box,Blocked
shot_5706,125025,777,23,124462,3905,28,Open Play,Header,Inside Box,Blocked
shot_5707,125025,777,23,71623,,30,Set Piece,Right Foot,Outside Box,Missed
shot_5708,125025,777,10,81542,49909,33,Open Play,Right Foot,Inside Box,Saved
shot_5709,125025,777,23,23747,,36,Open Play,Right Foot,Inside Box,Goal
shot_5710,125025,777,10,49909,,36,Open Play,Right Foot,Outside Box,Blocked
shot_5711,125025,777,23,23747,3905,39,Open Play,Right Foot,Inside Box,Saved
shot_5712,125025,777,10,81542,75382,41,Open Play,Right Foot,Inside Box,Goal
shot_5713,125025,777,10,5178,32894,41,Open Play,Left Foot,Inside Box,Blocked
shot_5714,125025,777,10,81542,116665,43,Open Play,Right Foot,Inside Box,Goal
shot_5715,125025,777,10,81542,5178,45+2',Set Piece,Header,Inside Box,Missed
shot_5716,125025,777,10,63633,33231,45+4',Set Piece,Header,Inside Box,Missed
shot_5717,125025,777,10,33231,5178,49,Open Play,Right Foot,Outside Box,Saved
shot_5718,125025,777,10,81542,33231,51,Open Play,Right Foot,Inside Box,Missed
shot_5719,125025,777,10,32894,116665,55,Open Play,Right Foot,Outside Box,Missed
shot_5720,125025,777,10,49909,63633,65,Open Play,Right Foot,Outside Box,Missed
shot_5721,125025,777,10,75382,5178,67,Open Play,Right Foot,Inside Box,Goal
shot_5722,125025,777,10,5178,75382,69,Open Play,Left Foot,Inside Box,Missed
shot_5723,125025,777,23,23747,124462,78,Open Play,Right Foot,Outside Box,Missed
shot_5724,125025,777,23,71623,108922,80,Open Play,Right Foot,Outside Box,Blocked
shot_5725,125025,777,10,5140,,90+1',Set Piece,Right Foot,Outside Box,Missed
shot_5726,125025,777,10,23593,33231,90+1',Open Play,Right Foot,Inside Box,Blocked
shot_5727,125025,777,10,23593,,90+3',Set Piece,Right Foot,Inside Box,Goal
shot_5728,125026,777,34,26151,,4,Open Play,Right Foot,Outside Box,Missed
shot_5729,125026,777,12,69176,108936,5,Open Play,Left Foot,Inside Box,Saved
shot_5730,125026,777,12,9566,66360,9,Open Play,Header,Inside Box,Saved
shot_5731,125026,777,34,26151,35752,13,Open Play,Right Foot,Inside Box,Saved
shot_5732,125026,777,34,53063,14624,15,Open Play,Left Foot,Outside Box,Blocked
shot_5733,125026,777,12,5793,23396,19,Set Piece,Header,Inside Box,Goal
shot_5734,125026,777,34,13961,53063,35,Open Play,Left Foot,Inside Box,Blocked
shot_5735,125026,777,34,4717,21614,40,Open Play,Right Foot,Outside Box,Saved
shot_5736,125026,777,34,11071,4717,41,Set Piece,Right Foot,Inside Box,Missed
shot_5737,125026,777,34,14445,4717,45+2',Open Play,Header,Inside Box,Missed
shot_5738,125026,777,12,69176,23396,45+3',Open Play,Right Foot,Inside Box,Blocked
shot_5739,125026,777,12,9566,66360,45+4',Set Piece,Header,Inside Box,Missed
shot_5740,125026,777,12,66360,24252,48,Open Play,Left Foot,Inside Box,Saved
shot_5741,125026,777,34,21614,35752,52,Open Play,Right Foot,Inside Box,Blocked
shot_5742,125026,777,34,13961,,52,Open Play,Left Foot,Outside Box,Saved
shot_5743,125026,777,12,51202,5793,56,Open Play,Right Foot,Inside Box,Goal
shot_5744,125026,777,12,24252,51202,56,Open Play,Left Foot,Inside Box,Blocked
shot_5745,125026,777,34,11071,,65,Open Play,Right Foot,Outside Box,Blocked
shot_5746,125026,777,12,108936,23396,72,Open Play,Right Foot,Outside Box,Blocked
shot_5747,125026,777,12,51202,24252,73,Open Play,Right Foot,Inside Box,Missed
shot_5748,125026,777,12,66036,,75,Open Play,Header,Inside Box,Missed
shot_5749,125026,777,12,66036,69176,75,Open Play,Header,Inside Box,Hit the Woodwork
shot_5750,125026,777,34,11071,,81,Open Play,Right Foot,Inside Box,Saved
shot_5751,125026,777,34,26151,13961,82,Open Play,Header,Inside Box,Blocked
shot_5752,125026,777,34,11071,,85,Penalty,Right Foot,Inside Box,Goal
shot_5753,125026,777,34,121610,14656,90+1',Open Play,Right Foot,Outside Box,Goal
shot_5754,125026,777,12,66036,23396,90+4',Open Play,Right Foot,Inside Box,Goal
shot_5755,125027,777,6,37776,,3,Open Play,Right Foot,Outside Box,Saved
shot_5756,125027,777,6,8589,109117,3,Open Play,Left Foot,Inside Box,Blocked
shot_5757,125027,777,15,15259,,5,Open Play,Right Foot,Inside Box,Goal
shot_5758,125027,777,6,76104,49374,10,Set Piece,Header,Inside Box,Missed
shot_5759,125027,777,6,76353,24334,13,Open Play,Right Foot,Inside Box,Blocked
shot_5760,125027,777,15,304123,15259,23,Open Play,Right Foot,Inside Box,Blocked
shot_5761,125027,777,6,49796,37776,27,Open Play,Right Foot,Outside Box,Missed
shot_5762,125027,777,6,49796,76353,37,Open Play,Right Foot,Inside Box,Missed
shot_5763,125027,777,6,37776,8589,45,Open Play,Header,Inside Box,Blocked
shot_5764,125027,777,6,49796,,45+2',Penalty,Right Foot,Inside Box,Goal
shot_5765,125027,777,6,49374,76353,45+5',Open Play,Header,Inside Box,Missed
shot_5766,125027,777,6,8589,109117,45+6',Open Play,Left Foot,Outside Box,Blocked
shot_5767,125027,777,6,8589,76353,49,Open Play,Left Foot,Inside Box,Missed
shot_5768,125027,777,15,304123,14238,56,Open Play,Left Foot,Outside Box,Missed
shot_5769,125027,777,15,14238,15259,58,Open Play,Right Foot,Outside Box,Missed
shot_5770,125027,777,6,49374,76353,62,Open Play,Header,Inside Box,Missed
shot_5771,125027,777,15,15259,51593,66,Set Piece,Header,Inside Box,Missed
shot_5772,125027,777,15,10439,,69,Open Play,Right Foot,,Missed
shot_5773,125027,777,6,146391,109117,71,Open Play,Right Foot,Outside Box,Missed
shot_5774,125027,777,15,50623,139648,82,Open Play,Right Foot,Inside Box,Missed
shot_5775,125027,777,6,8589,50842,88,Open Play,Left Foot,Outside Box,Missed
shot_5776,125027,777,15,51593,15259,90,Open Play,Left Foot,Inside Box,Blocked
shot_5777,125027,777,15,15259,51593,90,Open Play,Right Foot,Outside Box,Blocked
shot_5778,125028,777,29,126110,67784,9,Open Play,Right Foot,Inside Box,Missed
shot_5779,125028,777,29,51199,66659,13,Set Piece,Right Foot,Outside Box,Missed
shot_5780,125028,777,29,118633,51199,17,Open Play,Right Foot,Inside Box,Missed
shot_5781,125028,777,29,138104,118633,30,Open Play,Right Foot,Outside Box,Saved
shot_5782,125028,777,29,126110,51199,32,Open Play,Right Foot,Inside Box,Goal
shot_5783,125028,777,43,63851,50460,43,Open Play,Right Foot,Outside Box,Blocked
shot_5784,125028,777,29,19864,,45+1',Set Piece,Header,Inside Box,Missed
shot_5785,125028,777,43,137462,50460,45+4',Open Play,Left Foot,,Missed
shot_5786,125028,777,43,124531,3955,57,Set Piece,Header,Inside Box,Missed
shot_5787,125028,777,29,63733,118633,61,Open Play,Left Foot,Inside Box,Missed
shot_5788,125028,777,29,51199,,64,Open Play,Left Foot,Inside Box,Missed
shot_5789,125028,777,29,67784,126110,64,Open Play,Left Foot,Inside Box,Saved
shot_5790,125028,777,43,75735,8127,66,Open Play,Right Foot,Outside Box,Missed
shot_5791,125028,777,29,118633,63733,72,Open Play,Right Foot,Outside Box,Goal
shot_5792,125028,777,43,50460,,76,Open Play,Right Foot,Outside Box,Blocked
shot_5793,125028,777,29,122126,63733,83,Open Play,Right Foot,Inside Box,Blocked
shot_5794,125028,777,29,124944,,84,Set Piece,Right Foot,Outside Box,Missed
shot_5795,125028,777,29,52989,122126,90,Open Play,Right Foot,Inside Box,Saved
shot_5796,125028,777,29,52989,25408,90+4',Open Play,Right Foot,Inside Box,Blocked
shot_5797,125029,777,11,25474,65970,2,Open Play,Right Foot,Inside Box,Saved
shot_5798,125029,777,11,68150,65970,11,Open Play,Right Foot,Inside Box,Goal
shot_5799,125029,777,11,65970,16286,18,Open Play,Left Foot,Inside Box,Missed
shot_5800,125029,777,11,68150,,23,Open Play,Left Foot,Inside Box,Missed
shot_5801,125029,777,21,69274,,23,Open Play,Right Foot,Outside Box,Blocked
shot_5802,125029,777,21,69274,10443,38,Open Play,Right Foot,Inside Box,Blocked
shot_5803,125029,777,11,25474,5067,44,Open Play,Left Foot,Inside Box,Goal
shot_5804,125029,777,11,71432,76204,44,Open Play,Left Foot,Outside Box,Missed
shot_5805,125029,777,21,69274,,45+4',Open Play,Right Foot,Outside Box,Saved
shot_5806,125029,777,21,21887,,50,Open Play,Right Foot,Outside Box,Missed
shot_5807,125029,777,21,126824,69274,51,Open Play,Left Foot,Inside Box,Saved
shot_5808,125029,777,21,19858,,52,Open Play,Left Foot,Inside Box,Blocked
shot_5809,125029,777,21,10443,69274,53,Open Play,Right Foot,Inside Box,Goal
shot_5810,125029,777,11,68150,65970,57,Open Play,Left Foot,Inside Box,Blocked
shot_5811,125029,777,11,14569,68150,62,Set Piece,Header,Inside Box,Missed
shot_5812,125029,777,21,10443,21887,70,Open Play,Right Foot,Inside Box,Goal
shot_5813,125029,777,21,118579,69274,74,Open Play,Right Foot,Inside Box,Saved
shot_5814,125029,777,21,69274,76614,75,Open Play,Right Foot,Outside Box,Saved
shot_5815,125029,777,21,69274,118579,77,Open Play,Left Foot,Outside Box,Blocked
shot_5816,125029,777,11,26335,5067,78,Open Play,Header,Inside Box,Missed
shot_5817,125029,777,11,65970,,82,Open Play,Left Foot,Inside Box,Blocked
shot_5818,125029,777,11,14569,112948,82,Open Play,Left Foot,Inside Box,Blocked
shot_5819,125029,777,11,112948,5067,82,Set Piece,Header,Inside Box,Missed
shot_5820,125029,777,11,26335,65970,84,Open Play,Header,Inside Box,Missed
shot_5821,125029,777,21,118579,69274,85,Open Play,Right Foot,Inside Box,Blocked
shot_5822,125029,777,11,14569,,88,Set Piece,Header,Inside Box,Missed
shot_5823,125029,777,11,14569,26335,88,Open Play,Header,Inside Box,Blocked
shot_5824,125030,777,127,137832,118080,15,Open Play,Right Foot,Outside Box,Missed
shot_5825,125030,777,38,145492,133679,19,Open Play,Right Foot,Outside Box,Saved
shot_5826,125030,777,127,118080,33032,23,Open Play,Right Foot,Outside Box,Missed
shot_5827,125030,777,38,145492,143214,24,Open Play,Right Foot,Outside Box,Blocked
shot_5828,125030,777,38,145492,20337,29,Open Play,Right Foot,Outside Box,Saved
shot_5829,125030,777,127,137832,118080,33,Open Play,Right Foot,Inside Box,Goal
shot_5830,125030,777,127,118080,137832,43,Open Play,Right Foot,Inside Box,Saved
shot_5831,125030,777,127,119381,74976,46,Open Play,Right Foot,Inside Box,Saved
shot_5832,125030,777,127,74976,118080,47,Open Play,Header,Inside Box,Blocked
shot_5833,125030,777,38,115371,,56,Open Play,Right Foot,Outside Box,Saved
shot_5834,125030,777,38,20337,,59,Open Play,Right Foot,Outside Box,Saved
shot_5835,125030,777,38,115371,20337,63,Open Play,Right Foot,Outside Box,Missed
shot_5836,125030,777,38,115371,66692,65,Open Play,Left Foot,Inside Box,Saved
shot_5837,125030,777,38,143214,,67,Set Piece,Left Foot,Outside Box,Missed
shot_5838,125030,777,38,43010,,67,Open Play,Right Foot,Inside Box,Blocked
shot_5839,125030,777,38,35670,,72,Set Piece,Right Foot,Inside Box,Missed
shot_5840,125030,777,38,133679,110203,72,Open Play,Right Foot,Outside Box,Saved
shot_5841,125030,777,127,54989,15572,77,Set Piece,Header,Inside Box,Missed
shot_5842,125030,777,38,115371,126108,80,Open Play,Left Foot,Inside Box,Missed
shot_5843,125030,777,38,115114,66692,81,Set Piece,Header,Inside Box,Hit the Woodwork
shot_5844,125030,777,38,110203,145492,83,Set Piece,Header,Inside Box,Missed
shot_5845,125030,777,127,135304,134234,86,Open Play,Right Foot,Inside Box,Missed
shot_5846,125030,777,38,126108,,86,Open Play,Right Foot,Outside Box,Blocked
shot_5847,125030,777,38,145492,,89,Set Piece,Right Foot,Outside Box,Missed
shot_5848,125030,777,127,74976,134234,90+1',Open Play,Left Foot,Inside Box,Goal
shot_5849,125030,777,38,115371,145492,90+5',Open Play,Header,Inside Box,Saved
shot_5850,125031,777,1,20810,20486,1,Open Play,Header,Inside Box,Missed
shot_5851,125031,777,29,67784,19864,8,Open Play,Right Foot,Inside Box,Blocked
shot_5852,125031,777,1,67407,20810,13,Open Play,Left Foot,Inside Box,Blocked
shot_5853,125031,777,1,69914,,18,Open Play,Left Foot,Inside Box,Missed
shot_5854,125031,777,29,66659,,21,Open Play,Left Foot,Outside Box,Blocked
shot_5855,125031,777,1,20486,,25,Open Play,Right Foot,Outside Box,Blocked
shot_5856,125031,777,1,15202,20486,30,Open Play,Right Foot,Outside Box,Missed
shot_5857,125031,777,1,20486,,33,Open Play,Right Foot,Inside Box,Blocked
shot_5858,125031,777,1,19680,20486,34,Open Play,Right Foot,Inside Box,Saved
shot_5859,125031,777,1,64523,20486,42,Open Play,Right Foot,Outside Box,Goal
shot_5860,125031,777,1,20810,7975,45+2',Open Play,Left Foot,Outside Box,Missed
shot_5861,125031,777,29,126110,67784,45+2',Open Play,Right Foot,Inside Box,Saved
shot_5862,125031,777,29,118633,124944,49,Open Play,Right Foot,Inside Box,Saved
shot_5863,125031,777,1,20810,,53,Open Play,Left Foot,Outside Box,Missed
shot_5864,125031,777,1,20486,,55,Open Play,Right Foot,Inside Box,Blocked
shot_5865,125031,777,1,32728,20810,66,Open Play,Right Foot,Inside Box,Goal
shot_5866,125031,777,1,21584,15202,74,Set Piece,Left Foot,Inside Box,Missed
shot_5867,125031,777,1,21584,15202,74,Open Play,Right Foot,Outside Box,Blocked
shot_5868,125031,777,29,51199,115105,90+1',Set Piece,Header,Inside Box,Missed
shot_5869,125031,777,1,32728,66104,90+3',Open Play,Left Foot,Inside Box,Goal
shot_5870,125031,777,1,66104,15202,90+7',Open Play,Right Foot,Inside Box,Saved
shot_5871,125032,777,127,74976,118080,7,Open Play,Left Foot,Inside Box,Blocked
shot_5872,125032,777,127,137832,118080,9,Open Play,Right Foot,Inside Box,Blocked
shot_5873,125032,777,127,33032,,12,Open Play,Header,Inside Box,Saved
shot_5874,125032,777,127,137832,33032,12,Open Play,Right Foot,Outside Box,Saved
shot_5875,125032,777,127,137832,54989,13,Open Play,Right Foot,Inside Box,Blocked
shot_5876,125032,777,127,137832,33032,18,Set Piece,Right Foot,Outside Box,Missed
shot_5877,125032,777,2,23968,14801,22,Open Play,Right Foot,Inside Box,Goal
shot_5878,125032,777,127,33032,118080,25,Open Play,Header,Inside Box,Missed
shot_5879,125032,777,127,74976,119381,29,Open Play,Left Foot,Outside Box,Missed
shot_5880,125032,777,127,134234,,34,Set Piece,Header,Inside Box,Hit the Woodwork
shot_5881,125032,777,127,33032,,34,Open Play,Right Foot,Inside Box,Saved
shot_5882,125032,777,127,74976,134234,34,Open Play,Right Foot,Outside Box,Saved
shot_5883,125032,777,2,26408,23968,35,Open Play,Right Foot,Outside Box,Saved
shot_5884,125032,777,127,134234,74976,45+2',Open Play,Left Foot,Outside Box,Blocked
shot_5885,125032,777,127,33032,10766,45+3',Open Play,Header,Inside Box,Missed
shot_5886,125032,777,2,8658,26408,54,Open Play,Left Foot,Inside Box,Saved
shot_5887,125032,777,127,134234,51942,55,Open Play,Right Foot,Inside Box,Goal
shot_5888,125032,777,127,118080,137832,59,Open Play,Left Foot,Outside Box,Missed
shot_5889,125032,777,2,14801,23968,61,Open Play,Right Foot,Inside Box,Blocked
shot_5890,125032,777,2,8900,24626,63,Open Play,Header,Inside Box,Blocked
shot_5891,125032,777,2,13344,14801,63,Open Play,Right Foot,Inside Box,Saved
shot_5892,125032,777,127,54989,118080,66,Open Play,Left Foot,Inside Box,Saved
shot_5893,125032,777,127,15572,,79,Open Play,Left Foot,Outside Box,Saved
shot_5894,125032,777,2,13344,4115,83,Open Play,Right Foot,Outside Box,Blocked
shot_5895,125032,777,127,15572,33032,88,Open Play,Left Foot,Inside Box,Saved
shot_5896,125032,777,127,15572,,90+3',Open Play,Left Foot,Outside Box,Blocked
shot_5897,125032,777,127,54989,10766,90+4',Set Piece,Header,Inside Box,Missed
shot_5898,125033,777,131,8163,,5,Set Piece,Header,Inside Box,Missed
shot_5899,125033,777,131,8163,22542,19,Set Piece,Header,Inside Box,Missed
shot_5900,125033,777,131,67928,124396,31,Open Play,Left Foot,Outside Box,Saved
shot_5901,125033,777,131,67928,,31,Open Play,Left Foot,Inside Box,Blocked
shot_5902,125033,777,131,145043,117732,31,Open Play,Right Foot,Inside Box,Blocked
shot_5903,125033,777,6,69595,,33,Set Piece,Right Foot,Outside Box,Missed
shot_5904,125033,777,131,51830,22542,38,Open Play,Right Foot,Outside Box,Blocked
shot_5905,125033,777,6,49796,76353,43,Open Play,Right Foot,Inside Box,Missed
shot_5906,125033,777,6,49796,72265,61,Open Play,Left Foot,Inside Box,Goal
shot_5907,125033,777,131,145043,,65,Open Play,Right Foot,Inside Box,Saved
shot_5908,125033,777,6,76104,8589,67,Open Play,Header,Inside Box,Saved
shot_5909,125033,777,6,35670,,73,Open Play,Right Foot,Inside Box,Saved
shot_5910,125033,777,6,35670,8589,74,Set Piece,Header,Inside Box,Missed
shot_5911,125033,777,6,35670,76353,90+4',Open Play,Right Foot,Inside Box,Saved
shot_5912,125034,777,25,65961,119072,13,Open Play,Right Foot,Inside Box,Goal
shot_5913,125034,777,43,75735,74960,15,Open Play,Left Foot,Inside Box,Blocked
shot_5914,125034,777,25,63257,145347,26,Open Play,Header,Inside Box,Goal
shot_5915,125034,777,43,50460,68593,31,Open Play,Right Foot,Inside Box,Missed
shot_5916,125034,777,43,75735,137462,31,Open Play,Header,Inside Box,Missed
shot_5917,125034,777,43,74960,51498,33,Open Play,Right Foot,Outside Box,Saved
shot_5918,125034,777,43,68593,137462,35,Open Play,Right Foot,Outside Box,Blocked
shot_5919,125034,777,43,75735,,39,Open Play,Right Foot,Outside Box,Saved
shot_5920,125034,777,43,15139,68593,40,Open Play,Left Foot,Outside Box,Missed
shot_5921,125034,777,43,75735,51498,47,Open Play,Header,Inside Box,Blocked
shot_5922,125034,777,43,75735,137462,49,Open Play,Header,Inside Box,Blocked
shot_5923,125034,777,43,15139,137462,49,Open Play,Left Foot,Inside Box,Saved
shot_5924,125034,777,43,15139,,51,Open Play,Right Foot,Inside Box,Blocked
shot_5925,125034,777,43,75735,,51,Open Play,Right Foot,Inside Box,Missed
shot_5926,125034,777,43,8127,124531,51,Open Play,Right Foot,Outside Box,Blocked
shot_5927,125034,777,43,75735,51498,52,Open Play,Header,Inside Box,Saved
shot_5928,125034,777,43,15139,50460,55,Open Play,Left Foot,Inside Box,Blocked
shot_5929,125034,777,25,65961,145347,57,Open Play,Right Foot,Inside Box,Saved
shot_5930,125034,777,25,8868,25183,59,Open Play,Left Foot,Outside Box,Missed
shot_5931,125034,777,43,50460,,65,Open Play,Left Foot,Outside Box,Saved
shot_5932,125034,777,43,51498,137462,68,Open Play,Right Foot,Outside Box,Missed
shot_5933,125034,777,25,119072,304595,80,Open Play,Right Foot,Outside Box,Missed
shot_5934,125034,777,43,31442,,90,Open Play,Right Foot,Inside Box,Blocked
shot_5935,125034,777,25,54893,,90+6',Open Play,Right Foot,Outside Box,Saved
shot_5936,125035,777,7,112589,23841,8,Set Piece,Header,Inside Box,Hit the Woodwork
shot_5937,125035,777,7,23841,,8,Open Play,Right Foot,Outside Box,Saved
shot_5938,125035,777,34,21614,,11,Open Play,Header,Inside Box,Blocked
shot_5939,125035,777,34,11071,14656,18,Open Play,Right Foot,Inside Box,Saved
shot_5940,125035,777,34,26151,4717,20,Set Piece,Header,Inside Box,Missed
shot_5941,125035,777,34,53063,14656,20,Open Play,Left Foot,Inside Box,Saved
shot_5942,125035,777,34,21614,11071,25,Open Play,Right Foot,,Blocked
shot_5943,125035,777,34,14445,,26,Open Play,Right Foot,Inside Box,Hit the Woodwork
shot_5944,125035,777,7,143922,14706,29,Open Play,Left Foot,,Blocked
shot_5945,125035,777,7,14706,,30,Set Piece,Left Foot,Outside Box,Missed
shot_5946,125035,777,34,11071,14445,31,Open Play,Right Foot,Inside Box,Missed
shot_5947,125035,777,7,134286,,33,Open Play,Right Foot,Inside Box,Missed
shot_5948,125035,777,7,31936,112589,36,Open Play,Right Foot,Inside Box,Blocked
shot_5949,125035,777,34,13961,,41,Open Play,Left Foot,Inside Box,Missed
shot_5950,125035,777,7,12582,134286,42,Open Play,Right Foot,Outside Box,Saved
shot_5951,125035,777,7,143922,14706,42,Open Play,Right Foot,Inside Box,Missed
shot_5952,125035,777,34,14445,53063,44,Open Play,Left Foot,Inside Box,Saved
shot_5953,125035,777,34,53063,,45,Set Piece,Left Foot,Outside Box,Hit the Woodwork
shot_5954,125035,777,7,4333,14706,47,Open Play,Left Foot,Inside Box,Missed
shot_5955,125035,777,7,143922,23841,51,Set Piece,Header,Inside Box,Missed
shot_5956,125035,777,7,12582,31936,59,Open Play,Right Foot,Outside Box,Blocked
shot_5957,125035,777,7,8143,23841,63,Set Piece,Header,Inside Box,Missed
shot_5958,125035,777,7,134286,143922,67,Set Piece,Left Foot,,Missed
shot_5959,125035,777,7,143922,23841,67,Set Piece,Header,Inside Box,Missed
shot_5960,125035,777,7,14706,24983,75,Open Play,Left Foot,Inside Box,Goal
shot_5961,125035,777,34,117763,4717,80,Set Piece,Right Foot,Inside Box,Missed
shot_5962,125035,777,7,118442,12582,81,Open Play,Right Foot,Inside Box,Missed
shot_5963,125035,777,34,117763,4880,87,Open Play,Header,Inside Box,Missed
shot_5964,125035,777,34,21614,26151,90+2',Open Play,Right Foot,Outside Box,Missed
shot_5965,125036,777,9,13796,13515,3,Open Play,Header,Inside Box,Blocked
shot_5966,125036,777,9,63289,75543,3,Open Play,Left Foot,Inside Box,Blocked
shot_5967,125036,777,15,23702,15259,10,Open Play,Right Foot,Inside Box,Saved
shot_5968,125036,777,15,115172,,11,Open Play,Left Foot,Inside Box,Saved
shot_5969,125036,777,15,115172,15259,11,Open Play,Right Foot,Inside Box,Blocked
shot_5970,125036,777,15,304123,51593,13,Open Play,Header,Inside Box,Saved
shot_5971,125036,777,15,304123,51593,21,Open Play,Header,Inside Box,Missed
shot_5972,125036,777,9,33162,,24,Set Piece,Left Foot,Inside Box,Missed
shot_5973,125036,777,9,9576,13515,24,Set Piece,Header,Inside Box,Hit the Woodwork
shot_5974,125036,777,9,14608,115255,26,Open Play,Left Foot,Inside Box,Goal
shot_5975,125036,777,9,33162,13515,30,Open Play,Right Foot,Inside Box,Goal
shot_5976,125036,777,9,13515,63289,30,Open Play,Right Foot,Inside Box,Saved
shot_5977,125036,777,15,108816,15259,39,Open Play,Right Foot,Outside Box,Blocked
shot_5978,125036,777,15,108816,,40,Open Play,Right Foot,Outside Box,Missed
shot_5979,125036,777,15,15259,51593,42,Open Play,Right Foot,Outside Box,Blocked
shot_5980,125036,777,15,15259,,44,Open Play,Right Foot,Outside Box,Saved
shot_5981,125036,777,9,9576,115255,49,Open Play,,Inside Box,Goal
shot_5982,125036,777,9,115255,19731,49,Open Play,Left Foot,Inside Box,Blocked
shot_5983,125036,777,9,33162,115255,49,Open Play,Right Foot,Inside Box,Blocked
shot_5984,125036,777,9,13515,115255,63,Set Piece,Header,Inside Box,Missed
shot_5985,125036,777,9,63289,,66,Open Play,Left Foot,Outside Box,Blocked
shot_5986,125036,777,9,115255,,66,Open Play,Header,Inside Box,Saved
shot_5987,125036,777,9,33124,13515,66,Open Play,Header,Inside Box,Blocked
shot_5988,125036,777,15,14238,50623,73,Open Play,Right Foot,Outside Box,Blocked
shot_5989,125036,777,15,50623,108816,75,Set Piece,Left Foot,Inside Box,Missed
shot_5990,125036,777,15,67510,50623,78,Open Play,Header,Inside Box,Missed
shot_5991,125036,777,15,127668,98300,86,Open Play,Header,Inside Box,Goal
shot_5992,125036,777,15,10439,98300,89,Set Piece,Right Foot,Outside Box,Missed
shot_5993,125036,777,15,10439,14238,90+7',Open Play,Right Foot,Outside Box,Missed
shot_5994,125036,777,15,108816,,90+9',Open Play,Right Foot,Inside Box,Saved
shot_5995,125037,777,11,65970,5067,2,Open Play,Right Foot,Inside Box,Saved
shot_5996,125037,777,11,25474,76216,5,Open Play,Left Foot,Outside Box,Missed
shot_5997,125037,777,11,137371,5067,9,Set Piece,Header,Inside Box,Missed
shot_5998,125037,777,11,16286,76216,14,Open Play,Right Foot,Outside Box,Blocked
shot_5999,125037,777,11,14569,76204,22,Open Play,Header,Inside Box,Saved
shot_6000,125037,777,11,76216,65970,22,Open Play,Right Foot,Inside Box,Blocked
shot_6001,125037,777,11,25474,65970,24,Open Play,Right Foot,Inside Box,Blocked
shot_6002,125037,777,10,5178,63633,26,Open Play,Right Foot,Inside Box,Blocked
shot_6003,125037,777,10,5178,,28,Set Piece,Left Foot,Inside Box,Missed
shot_6004,125037,777,10,81542,75382,31,Open Play,Right Foot,Inside Box,Blocked
shot_6005,125037,777,11,65970,16286,34,Open Play,Left Foot,Inside Box,Saved
shot_6006,125037,777,11,76216,71432,41,Open Play,Right Foot,Outside Box,Missed
shot_6007,125037,777,11,16286,25474,41,Open Play,Left Foot,Outside Box,Blocked
shot_6008,125037,777,10,5178,32894,46,Open Play,Left Foot,Inside Box,Missed
shot_6009,125037,777,10,33231,5178,52,Open Play,Right Foot,Outside Box,Saved
shot_6010,125037,777,10,81542,32894,53,Open Play,Right Foot,Inside Box,Missed
shot_6011,125037,777,10,81542,5178,56,Open Play,Header,Inside Box,Missed
shot_6012,125037,777,11,25474,76216,56,Open Play,Right Foot,Outside Box,Saved
shot_6013,125037,777,11,16431,16286,64,Open Play,Left Foot,Outside Box,Missed
shot_6014,125037,777,10,75382,81542,65,Open Play,Right Foot,Inside Box,Blocked
shot_6015,125037,777,10,49909,32894,67,Set Piece,Right Foot,Outside Box,Missed
shot_6016,125037,777,10,5178,,71,Set Piece,Left Foot,Outside Box,Missed
shot_6017,125037,777,10,33231,,74,Set Piece,Right Foot,,Goal
shot_6018,125037,777,11,5067,65970,84,Open Play,Left Foot,Inside Box,Goal
shot_6019,125037,777,10,33231,63633,87,Open Play,Right Foot,Outside Box,Missed
shot_6020,125037,777,10,5178,33231,89,Open Play,Header,Inside Box,Missed
shot_6021,125037,777,11,65970,,90+3',Penalty,Left Foot,Inside Box,Goal
shot_6022,125037,777,10,15802,49909,90+5',Open Play,Left Foot,Inside Box,Saved
shot_6023,125037,777,11,71432,16286,90+7',Open Play,Left Foot,,Saved
shot_6024,125037,777,11,71432,4499,90+9',Open Play,Left Foot,,Missed
shot_6025,125037,777,10,63633,5140,90+9',Open Play,Right Foot,Outside Box,Saved
shot_6026,125037,777,11,68150,,90+15',Set Piece,Right Foot,Outside Box,Missed
shot_6027,125038,777,12,66360,23396,1,Open Play,Left Foot,Inside Box,Missed
shot_6028,125038,777,12,23396,,10,Open Play,Right Foot,Outside Box,Blocked
shot_6029,125038,777,12,5793,108936,10,Open Play,Right Foot,Outside Box,Blocked
shot_6030,125038,777,12,5793,23396,11,Open Play,Right Foot,Outside Box,Saved
shot_6031,125038,777,21,21887,69274,12,Open Play,Right Foot,Inside Box,Saved
shot_6032,125038,777,21,117318,,14,Open Play,Right Foot,Outside Box,Blocked
shot_6033,125038,777,21,19858,118579,14,Open Play,Right Foot,Outside Box,Blocked
shot_6034,125038,777,21,75582,126824,16,Open Play,Left Foot,Inside Box,Blocked
shot_6035,125038,777,21,69274,21887,16,Open Play,Right Foot,Inside Box,Blocked
shot_6036,125038,777,12,51202,24252,20,Open Play,Right Foot,Outside Box,Missed
shot_6037,125038,777,12,23396,69176,23,Open Play,Right Foot,Inside Box,Missed
shot_6038,125038,777,12,23396,,26,Open Play,Right Foot,Outside Box,Blocked
shot_6039,125038,777,12,23396,51202,37,Open Play,Right Foot,Outside Box,Blocked
shot_6040,125038,777,12,66360,108936,38,Set Piece,Left Foot,Inside Box,Goal
shot_6041,125038,777,12,5793,,41,Open Play,Header,Inside Box,Saved
shot_6042,125038,777,12,5793,108936,51,Open Play,Right Foot,Outside Box,Saved
shot_6043,125038,777,12,23396,69176,56,Open Play,Right Foot,Outside Box,Blocked
shot_6044,125038,777,21,69274,,57,Open Play,Left Foot,Outside Box,Missed
shot_6045,125038,777,12,4608,5793,60,Open Play,Left Foot,Outside Box,Saved
shot_6046,125038,777,12,24252,23396,61,Open Play,Right Foot,Outside Box,Saved
shot_6047,125038,777,12,4608,,62,Open Play,Left Foot,Inside Box,Blocked
shot_6048,125038,777,12,24252,,71,Set Piece,Left Foot,Outside Box,Missed
shot_6049,125038,777,12,69176,23396,71,Open Play,Right Foot,,Saved
shot_6050,125038,777,12,23396,5793,78,Open Play,Right Foot,Outside Box,Saved
shot_6051,125038,777,12,23396,24252,81,Open Play,Right Foot,Inside Box,Goal
shot_6052,125038,777,12,66360,69176,86,Open Play,Right Foot,Inside Box,Missed
shot_6053,125038,777,12,23396,108936,90+1',Open Play,Right Foot,Outside Box,Missed
shot_6054,125038,777,12,33245,23396,90+1',Open Play,Right Foot,Inside Box,Missed
shot_6055,125038,777,21,76614,327705,90+5',Open Play,Right Foot,Inside Box,Blocked
shot_6056,125038,777,12,66036,23396,90+6',Open Play,Header,Inside Box,Saved
shot_6057,125039,777,23,14716,108922,3,Open Play,Right Foot,Outside Box,Missed
shot_6058,125039,777,23,71623,,10,Set Piece,Right Foot,Outside Box,Missed
shot_6059,125039,777,23,9662,,14,Set Piece,Right Foot,Inside Box,Missed
shot_6060,125039,777,23,14716,9662,15,Set Piece,Right Foot,Inside Box,Missed
shot_6061,125039,777,130,49726,,16,Open Play,Right Foot,Outside Box,Saved
shot_6062,125039,777,23,49908,74761,24,Set Piece,Header,Inside Box,Goal
shot_6063,125039,777,130,49726,23194,27,Open Play,Right Foot,Outside Box,Missed
shot_6064,125039,777,23,117497,,28,Open Play,Left Foot,Inside Box,Blocked
shot_6065,125039,777,23,71623,3905,29,Open Play,Right Foot,Outside Box,Blocked
shot_6066,125039,777,23,71623,,30,Set Piece,Right Foot,Inside Box,Missed
shot_6067,125039,777,130,23194,133890,37,Open Play,Header,Inside Box,Goal
shot_6068,125039,777,130,24369,,41,Open Play,Right Foot,Outside Box,Blocked
shot_6069,125039,777,130,49726,133890,43,Open Play,Left Foot,Inside Box,Blocked
shot_6070,125039,777,130,124052,,45+2',Penalty,Right Foot,Inside Box,Goal
shot_6071,125039,777,23,14716,3905,54,Open Play,Header,Inside Box,Missed
shot_6072,125039,777,130,24369,23194,55,Open Play,Left Foot,Inside Box,Blocked
shot_6073,125039,777,130,49726,10947,62,Open Play,Right Foot,Outside Box,Blocked
shot_6074,125039,777,23,124462,74761,67,Open Play,Right Foot,Outside Box,Saved
shot_6075,125039,777,23,49908,74761,68,Set Piece,Header,Inside Box,Missed
shot_6076,125039,777,23,49259,71623,73,Open Play,Left Foot,Outside Box,Blocked
shot_6077,125039,777,23,74761,,79,Penalty,Right Foot,Inside Box,Goal
shot_6078,125039,777,23,115256,49259,81,Open Play,Right Foot,Inside Box,Blocked
shot_6079,125039,777,130,133890,49726,85,Open Play,Left Foot,Inside Box,Goal
shot_6080,125039,777,130,133097,124052,89,Open Play,Left Foot,Outside Box,Saved
shot_6081,125039,777,23,108922,49259,89,Open Play,Right Foot,Outside Box,Blocked
shot_6082,125039,777,23,124462,49259,90+2',Set Piece,Right Foot,Inside Box,Missed
shot_6083,125039,777,130,133890,49731,90+9',Open Play,Right Foot,Inside Box,Missed
shot_6084,125040,777,38,115371,145492,2,Open Play,Header,Inside Box,Blocked
shot_6085,125040,777,38,115114,66692,8,Open Play,Header,Inside Box,Blocked
shot_6086,125040,777,4,49293,,13,Penalty,Left Foot,Inside Box,Goal
shot_6087,125040,777,4,63741,,15,Open Play,Left Foot,Outside Box,Blocked
shot_6088,125040,777,4,112203,,24,Open Play,Right Foot,Outside Box,Missed
shot_6089,125040,777,4,27277,68827,24,Open Play,Left Foot,Inside Box,Blocked
shot_6090,125040,777,4,63741,112203,25,Open Play,Right Foot,Inside Box,Saved
shot_6091,125040,777,4,72371,63741,27,Open Play,Left Foot,Inside Box,Blocked
shot_6092,125040,777,4,72371,27277,30,Open Play,Right Foot,Inside Box,Blocked
shot_6093,125040,777,4,68827,133245,31,Open Play,Right Foot,Inside Box,Saved
shot_6094,125040,777,4,49293,,35,Penalty,Left Foot,Inside Box,Goal
shot_6095,125040,777,4,49293,27277,38,Open Play,Left Foot,Inside Box,Goal
shot_6096,125040,777,4,21998,,40,Open Play,Left Foot,Outside Box,Blocked
shot_6097,125040,777,4,63741,68827,49,Open Play,Right Foot,Outside Box,Blocked
shot_6098,125040,777,38,115371,9199,54,Set Piece,Right Foot,Inside Box,Goal
shot_6099,125040,777,38,145492,108947,54,Open Play,Right Foot,Inside Box,Hit the Woodwork
shot_6100,125040,777,38,145492,14830,56,Open Play,Left Foot,Outside Box,Blocked
shot_6101,125040,777,38,115371,115114,64,Open Play,Header,Inside Box,Saved
shot_6102,125040,777,38,115114,14830,71,Open Play,Header,Inside Box,Missed
shot_6103,125040,777,4,21998,63741,87,Open Play,Header,Inside Box,Missed
shot_6104,125040,777,4,51813,63741,88,Open Play,Right Foot,Inside Box,Saved
shot_6105,125040,777,4,21998,112203,88,Open Play,Right Foot,Inside Box,Missed
shot_6106,125040,777,38,108947,66692,90+2',Open Play,Header,Inside Box,Saved
shot_6107,125040,777,38,66692,126108,90+2',Open Play,Left Foot,Inside Box,Blocked
shot_6108,125040,777,38,145492,,90+5',Open Play,Right Foot,Outside Box,Missed
shot_6109,125040,777,38,115114,,90+7',Set Piece,Header,Inside Box,Missed
shot_6110,125041,777,2,14801,23968,7,Open Play,Left Foot,Inside Box,Blocked
shot_6111,125041,777,2,51223,,8,Set Piece,Left Foot,Inside Box,Missed
shot_6112,125041,777,2,8658,51223,15,Open Play,Header,Inside Box,Missed
shot_6113,125041,777,131,112739,22542,17,Open Play,Header,Inside Box,Blocked
shot_6114,125041,777,2,108096,26408,18,Open Play,Right Foot,Outside Box,Blocked
shot_6115,125041,777,2,23968,,20,Open Play,Left Foot,,Missed
shot_6116,125041,777,2,23968,14801,20,Open Play,Right Foot,Inside Box,Saved
shot_6117,125041,777,2,23968,14801,31,Open Play,Right Foot,,Blocked
shot_6118,125041,777,2,13274,14801,32,Set Piece,Header,Inside Box,Missed
shot_6119,125041,777,2,108096,24626,33,Open Play,Right Foot,Outside Box,Missed
shot_6120,125041,777,2,26408,23968,45,Open Play,Right Foot,Outside Box,Blocked
shot_6121,125041,777,131,3452,2100,45+3',Open Play,Right Foot,Outside Box,Saved
shot_6122,125041,777,131,117732,112739,48,Open Play,Right Foot,Inside Box,Missed
shot_6123,125041,777,2,108096,24626,49,Open Play,Right Foot,Outside Box,Missed
shot_6124,125041,777,131,50727,3452,55,Open Play,Right Foot,Outside Box,Saved
shot_6125,125041,777,131,22542,117732,63,Open Play,Right Foot,Inside Box,Missed
shot_6126,125041,777,2,13274,20489,65,Set Piece,Header,Inside Box,Missed
shot_6127,125041,777,131,2100,22542,68,Open Play,Header,Inside Box,Missed
shot_6128,125041,777,131,112739,,70,Open Play,Left Foot,Inside Box,Missed
shot_6129,125041,777,131,2100,,79,Open Play,Right Foot,Inside Box,Saved
shot_6130,125041,777,131,112739,22542,80,Open Play,Header,Inside Box,Missed
shot_6131,125041,777,2,23968,51223,85,Open Play,Header,Inside Box,Missed
shot_6132,125041,777,2,8900,20489,86,Set Piece,Header,Inside Box,Missed
shot_6133,125041,777,2,4115,20489,90+5',Set Piece,Left Foot,Outside Box,Missed
shot_6134,125042,777,1,50234,15202,10,Open Play,Header,Inside Box,Blocked
shot_6135,125042,777,130,124052,49726,22,Open Play,Header,Inside Box,Saved
shot_6136,125042,777,130,124052,,22,Open Play,Header,Inside Box,Blocked
shot_6137,125042,777,130,24369,,44,Open Play,Right Foot,Inside Box,Missed
shot_6138,125042,777,1,20486,32728,48,Open Play,Right Foot,Inside Box,Blocked
shot_6139,125042,777,130,124052,133890,53,Open Play,Left Foot,Inside Box,Blocked
shot_6140,125042,777,1,20486,15202,55,Open Play,Right Foot,Outside Box,Blocked
shot_6141,125042,777,1,67407,20486,56,Set Piece,Right Foot,Inside Box,Missed
shot_6142,125042,777,1,11419,15202,58,Open Play,Left Foot,Inside Box,Missed
shot_6143,125042,777,1,67407,118077,61,Open Play,Header,Inside Box,Goal
shot_6144,125042,777,130,24369,49726,64,Set Piece,Header,Inside Box,Missed
shot_6145,125042,777,130,124052,,67,Open Play,Right Foot,Inside Box,Saved
shot_6146,125042,777,130,133460,49726,69,Open Play,Left Foot,Outside Box,Blocked
shot_6147,125042,777,130,24369,65987,71,Open Play,Header,Inside Box,Goal
shot_6148,125042,777,130,65987,124052,80,Set Piece,Right Foot,Inside Box,Missed
shot_6149,125042,777,130,124052,49731,88,Open Play,Right Foot,Outside Box,Blocked
shot_6150,125042,777,130,124052,49726,90+2',Open Play,Right Foot,Inside Box,Missed
shot_6151,125042,777,1,66104,67776,90+3',Open Play,Right Foot,Inside Box,Saved
shot_6152,125042,777,130,133890,23194,90+7',Open Play,Left Foot,Outside Box,Blocked
shot_6153,125043,777,9,13515,115255,12,Open Play,Header,Outside Box,Blocked
shot_6154,125043,777,4,49293,63741,19,Open Play,Right Foot,Outside Box,Blocked
shot_6155,125043,777,4,63741,27277,19,Open Play,Right Foot,Outside Box,Blocked
shot_6156,125043,777,4,72371,63741,21,Open Play,Left Foot,Inside Box,Blocked
shot_6157,125043,777,4,63741,49293,23,Open Play,Right Foot,Outside Box,Saved
shot_6158,125043,777,4,72371,49293,24,Open Play,Left Foot,Inside Box,Goal
shot_6159,125043,777,4,49293,63741,27,Open Play,Left Foot,Outside Box,Saved
shot_6160,125043,777,4,72371,63741,34,Open Play,Right Foot,Inside Box,Missed
shot_6161,125043,777,4,304474,72371,42,Open Play,Right Foot,Inside Box,Missed
shot_6162,125043,777,4,304474,49293,51,Open Play,Left Foot,Outside Box,Missed
shot_6163,125043,777,4,49293,68827,54,Open Play,Left Foot,Inside Box,Blocked
shot_6164,125043,777,4,49293,,58,Penalty,Left Foot,Inside Box,Goal
shot_6165,125043,777,4,63741,,61,Set Piece,Right Foot,Inside Box,Missed
shot_6166,125043,777,4,68827,,61,Open Play,Left Foot,Inside Box,Blocked
shot_6167,125043,777,4,72371,304474,61,Open Play,Left Foot,Inside Box,Blocked
shot_6168,125043,777,9,14807,,67,Penalty,Right Foot,Inside Box,Goal
shot_6169,125043,777,9,33162,14807,73,Open Play,Left Foot,Inside Box,Goal
shot_6170,125043,777,4,51813,63741,81,Set Piece,Header,Inside Box,Missed
shot_6171,125043,777,9,63289,,85,Open Play,Right Foot,Outside Box,Blocked
shot_6172,125043,777,4,72371,49293,88,Open Play,Right Foot,Inside Box,Missed
shot_6173,125043,777,4,72371,21998,90+1',Open Play,Header,Inside Box,Blocked
shot_6174,125043,777,4,72371,119041,90+2',Set Piece,Header,Inside Box,Missed
shot_6175,125043,777,4,49293,112203,90+4',Open Play,Left Foot,Inside Box,Missed
shot_6176,125044,777,6,24334,76353,10,Open Play,Header,Inside Box,Missed
shot_6177,125044,777,6,35670,69595,17,Open Play,Right Foot,Inside Box,Goal
shot_6178,125044,777,43,75735,50460,23,Open Play,Left Foot,Inside Box,Missed
shot_6179,125044,777,43,8127,15139,26,Open Play,Right Foot,Outside Box,Blocked
shot_6180,125044,777,6,35670,37776,33,Open Play,Header,Inside Box,Goal
shot_6181,125044,777,43,68593,15139,40,Open Play,Right Foot,Inside Box,Goal
shot_6182,125044,777,6,72265,76353,42,Open Play,Header,Inside Box,Missed
shot_6183,125044,777,6,49759,,43,Open Play,Right Foot,Outside Box,Blocked
shot_6184,125044,777,6,35670,24334,43,Open Play,Left Foot,Inside Box,Blocked
shot_6185,125044,777,43,50460,74960,44,Open Play,Right Foot,Inside Box,Goal
shot_6186,125044,777,43,51498,50460,45+2',Open Play,Header,Inside Box,Saved
shot_6187,125044,777,6,76353,49759,47,Open Play,Right Foot,Inside Box,Missed
shot_6188,125044,777,6,76353,,49,Open Play,Right Foot,Inside Box,Blocked
shot_6189,125044,777,6,76104,49759,51,Set Piece,Header,Inside Box,Missed
shot_6190,125044,777,6,69595,,56,Open Play,Left Foot,Outside Box,Blocked
shot_6191,125044,777,6,49796,,62,Open Play,Right Foot,Inside Box,Missed
shot_6192,125044,777,43,50460,,63,Open Play,Right Foot,Outside Box,Missed
shot_6193,125044,777,6,24334,50842,64,Open Play,Left Foot,Outside Box,Blocked
shot_6194,125044,777,6,69595,76353,67,Open Play,Left Foot,Outside Box,Blocked
shot_6195,125044,777,6,49759,76353,68,Open Play,Header,Inside Box,Missed
shot_6196,125044,777,6,24334,49374,70,Open Play,Left Foot,Inside Box,Blocked
shot_6197,125044,777,6,49759,76353,70,Open Play,Right Foot,Inside Box,Blocked
shot_6198,125044,777,6,49374,109117,77,Open Play,Right Foot,Outside Box,Missed
shot_6199,125044,777,43,8127,,84,Set Piece,Right Foot,Outside Box,Missed
shot_6200,125044,777,43,19831,,89,Set Piece,Left Foot,Outside Box,Missed
shot_6201,125044,777,6,8589,,90,Open Play,Left Foot,Outside Box,Blocked
shot_6202,125044,777,6,50842,,90+1',Open Play,Left Foot,Inside Box,Blocked
shot_6203,125044,777,6,50842,8589,90+1',Open Play,Header,Inside Box,Blocked
shot_6204,125044,777,6,49796,109117,90+6',Open Play,Left Foot,Inside Box,Saved
shot_6205,125045,777,127,33032,135304,2,Open Play,Right Foot,Outside Box,Saved
shot_6206,125045,777,127,15572,134234,3,Open Play,Left Foot,Outside Box,Blocked
shot_6207,125045,777,7,143922,,30,Set Piece,Left Foot,Inside Box,Missed
shot_6208,125045,777,7,23841,,30,Open Play,Right Foot,Outside Box,Saved
shot_6209,125045,777,7,31936,,31,Open Play,Right Foot,Inside Box,Saved
shot_6210,125045,777,127,134234,,33,Open Play,Left Foot,Outside Box,Blocked
shot_6211,125045,777,127,118080,134234,34,Open Play,Header,Inside Box,Blocked
shot_6212,125045,777,127,33032,135304,38,Open Play,Right Foot,Inside Box,Saved
shot_6213,125045,777,7,31936,,42,Penalty,Right Foot,Inside Box,Goal
shot_6214,125045,777,127,134234,119381,45+1',Open Play,Left Foot,Outside Box,Blocked
shot_6215,125045,777,7,14706,,48,Open Play,Left Foot,Inside Box,Blocked
shot_6216,125045,777,7,143922,31936,54,Open Play,Right Foot,Inside Box,Blocked
shot_6217,125045,777,127,74965,15572,55,Open Play,Left Foot,Outside Box,Missed
shot_6218,125045,777,127,134234,74965,61,Open Play,Header,Inside Box,Goal
shot_6219,125045,777,127,118080,51942,64,Set Piece,Header,Inside Box,Goal
shot_6220,125045,777,127,16582,,70,Set Piece,Right Foot,Outside Box,Missed
shot_6221,125045,777,127,16582,137832,72,Open Play,Left Foot,Inside Box,Blocked
shot_6222,125045,777,7,31936,24983,73,Open Play,Header,Inside Box,Missed
shot_6223,125045,777,7,23841,,75,Set Piece,Right Foot,Outside Box,Missed
shot_6224,125045,777,7,126789,31936,79,Open Play,Header,Inside Box,Saved
shot_6225,125045,777,7,66318,23841,82,Set Piece,Header,Inside Box,Missed
shot_6226,125045,777,7,23841,,87,Set Piece,Right Foot,Inside Box,Missed
shot_6227,125045,777,7,12582,,87,Open Play,Right Foot,Inside Box,Blocked
shot_6228,125045,777,7,8143,24983,89,Open Play,Header,Inside Box,Saved
shot_6229,125045,777,7,66318,12582,90,Open Play,Right Foot,Inside Box,Blocked
shot_6230,125045,777,7,134286,,90+1',Open Play,Header,Inside Box,Saved
shot_6231,125045,777,7,134286,23841,90+1',Open Play,Header,Inside Box,Blocked
shot_6232,125046,777,11,112948,14569,7,Open Play,Left Foot,Inside Box,Blocked
shot_6233,125046,777,11,65970,14805,7,Open Play,Left Foot,Outside Box,Blocked
shot_6234,125046,777,11,14805,,8,Open Play,Left Foot,Outside Box,Blocked
shot_6235,125046,777,11,16286,,9,Set Piece,Right Foot,Outside Box,Missed
shot_6236,125046,777,11,14805,,10,Open Play,Right Foot,Inside Box,Saved
shot_6237,125046,777,11,112948,5067,14,Open Play,Left Foot,Outside Box,Missed
shot_6238,125046,777,11,112948,5067,22,Open Play,Left Foot,Outside Box,Missed
shot_6239,125046,777,34,4717,13961,23,Open Play,Left Foot,Inside Box,Blocked
shot_6240,125046,777,11,25474,,24,Open Play,Right Foot,Inside Box,Goal
shot_6241,125046,777,34,13961,,29,Open Play,Left Foot,Inside Box,Saved
shot_6242,125046,777,11,112948,25474,30,Open Play,Left Foot,Inside Box,Goal
shot_6243,125046,777,11,112948,,33,Open Play,Left Foot,Inside Box,Blocked
shot_6244,125046,777,11,65970,14805,39,Open Play,Left Foot,Outside Box,Goal
shot_6245,125046,777,34,11071,13961,42,Open Play,Right Foot,Inside Box,Missed
shot_6246,125046,777,11,14805,76204,43,Open Play,Left Foot,Outside Box,Blocked
shot_6247,125046,777,34,53063,,45,Open Play,Left Foot,Outside Box,Missed
shot_6248,125046,777,34,11071,4880,45,Open Play,Header,Inside Box,Saved
shot_6249,125046,777,34,14445,,47,Open Play,Right Foot,Inside Box,Missed
shot_6250,125046,777,34,23793,53063,48,Open Play,Right Foot,Inside Box,Blocked
shot_6251,125046,777,34,11071,53063,53,Open Play,Header,Inside Box,Missed
shot_6252,125046,777,11,14805,76216,58,Open Play,Left Foot,Outside Box,Saved
shot_6253,125046,777,34,117763,121610,69,Open Play,Right Foot,,Missed
shot_6254,125046,777,34,128976,,85,Open Play,Left Foot,Inside Box,Missed
shot_6255,125046,777,34,121610,117763,89,Open Play,Right Foot,Outside Box,Missed
shot_6256,125046,777,34,128976,121610,90+3',Open Play,Right Foot,Inside Box,Saved
shot_6257,125046,777,34,4880,66657,90+4',Open Play,Right Foot,Inside Box,Blocked
shot_6258,125046,777,34,66657,,90+4',Set Piece,Left Foot,Inside Box,Missed
shot_6259,125047,777,15,23702,10439,2,Open Play,Right Foot,Inside Box,Blocked
shot_6260,125047,777,15,23811,,3,Open Play,Right Foot,Outside Box,Blocked
shot_6261,125047,777,15,23702,108816,7,Open Play,Right Foot,Inside Box,Missed
shot_6262,125047,777,15,15259,51593,10,Open Play,Right Foot,Outside Box,Saved
shot_6263,125047,777,15,15259,23702,12,Open Play,Right Foot,Outside Box,Blocked
shot_6264,125047,777,15,51593,,13,Set Piece,Right Foot,Outside Box,Missed
shot_6265,125047,777,15,15259,51593,14,Open Play,Header,Inside Box,Missed
shot_6266,125047,777,15,23811,98300,18,Open Play,Header,Inside Box,Saved
shot_6267,125047,777,15,51593,23702,20,Open Play,Header,Inside Box,Saved
shot_6268,125047,777,15,51593,,23,Open Play,Right Foot,Outside Box,Blocked
shot_6269,125047,777,38,14830,9199,26,Open Play,Right Foot,Outside Box,Missed
shot_6270,125047,777,15,127668,10439,27,Open Play,Header,Inside Box,Missed
shot_6271,125047,777,15,127668,23702,31,Open Play,Right Foot,Inside Box,Missed
shot_6272,125047,777,15,98300,23811,33,Open Play,Left Foot,Outside Box,Missed
shot_6273,125047,777,15,23811,15259,36,Open Play,Right Foot,Outside Box,Saved
shot_6274,125047,777,15,51593,,39,Open Play,Right Foot,Outside Box,Saved
shot_6275,125047,777,38,115371,43010,44,Open Play,Header,Inside Box,Missed
shot_6276,125047,777,15,23702,15259,45,Open Play,Right Foot,Inside Box,Saved
shot_6277,125047,777,15,67510,98300,52,Set Piece,Header,Inside Box,Missed
shot_6278,125047,777,15,23702,15259,54,Open Play,Right Foot,Inside Box,Saved
shot_6279,125047,777,15,23811,23702,55,Open Play,Right Foot,Outside Box,Blocked
shot_6280,125047,777,38,145492,14830,59,Open Play,Right Foot,Inside Box,Saved
shot_6281,125047,777,15,15259,,61,Open Play,Right Foot,Inside Box,Missed
shot_6282,125047,777,15,23811,23702,61,Open Play,Right Foot,Outside Box,Blocked
shot_6283,125047,777,38,145492,,62,Open Play,Right Foot,Outside Box,Missed
shot_6284,125047,777,15,23811,15259,63,Open Play,Right Foot,Outside Box,Blocked
shot_6285,125047,777,15,51593,,68,Open Play,Right Foot,Outside Box,Blocked
shot_6286,125047,777,38,14830,9199,70,Open Play,Right Foot,Outside Box,Saved
shot_6287,125047,777,15,50623,23811,71,Open Play,Right Foot,Outside Box,Missed
shot_6288,125047,777,15,50623,98300,74,Open Play,Header,Inside Box,Saved
shot_6289,125047,777,15,10439,15259,77,Set Piece,Left Foot,Outside Box,Missed
shot_6290,125047,777,15,67510,,77,Open Play,Right Foot,Inside Box,Saved
shot_6291,125047,777,15,304123,23811,77,Open Play,Left Foot,Inside Box,Saved
shot_6292,125047,777,15,15259,98300,77,Set Piece,Header,Inside Box,Missed
shot_6293,125047,777,15,23811,50623,79,Open Play,Right Foot,Outside Box,Missed
shot_6294,125047,777,15,16035,67510,80,Open Play,Right Foot,Outside Box,Missed
shot_6295,125047,777,15,50623,,90,Open Play,Right Foot,Outside Box,Missed
shot_6296,125047,777,15,10439,23811,90+1',Open Play,Header,Inside Box,Missed
shot_6297,125047,777,38,126108,,90+2',Open Play,Left Foot,Inside Box,Missed
shot_6298,125047,777,38,145492,115371,90+2',Open Play,Left Foot,Inside Box,Saved
shot_6299,125047,777,15,51593,,90+2',Open Play,Left Foot,Outside Box,Missed
shot_6300,125047,777,15,51593,50623,90+2',Open Play,Right Foot,Outside Box,Blocked
shot_6301,125048,777,10,23593,,9,Open Play,Right Foot,Outside Box,Missed
shot_6302,125048,777,29,67784,51199,19,Open Play,Right Foot,Inside Box,Blocked
shot_6303,125048,777,10,75382,10458,21,Open Play,Right Foot,Inside Box,Blocked
shot_6304,125048,777,10,49909,10458,29,Open Play,Right Foot,Outside Box,Blocked
shot_6305,125048,777,10,75382,63633,30,Open Play,Right Foot,Outside Box,Saved
shot_6306,125048,777,10,5140,32894,31,Set Piece,Header,Inside Box,Missed
shot_6307,125048,777,10,81542,,32,Open Play,Right Foot,Outside Box,Blocked
shot_6308,125048,777,10,75382,32894,33,Open Play,Left Foot,Inside Box,Hit the Woodwork
shot_6309,125048,777,10,5178,,34,Open Play,Left Foot,Inside Box,Blocked
shot_6310,125048,777,10,32894,,34,Open Play,Right Foot,Inside Box,Blocked
shot_6311,125048,777,10,5140,,36,Open Play,Left Foot,Inside Box,Blocked
shot_6312,125048,777,29,115105,124944,38,Open Play,Right Foot,Outside Box,Saved
shot_6313,125048,777,10,75382,,38,Open Play,Header,Inside Box,Saved
shot_6314,125048,777,10,10458,32894,39,Open Play,Left Foot,Outside Box,Blocked
shot_6315,125048,777,10,32894,75382,39,Open Play,Right Foot,Inside Box,Blocked
shot_6316,125048,777,10,63633,,44,Open Play,Right Foot,Outside Box,Blocked
shot_6317,125048,777,29,122126,115105,50,Open Play,Right Foot,Outside Box,Missed
shot_6318,125048,777,10,43586,23593,55,Open Play,Left Foot,Outside Box,Blocked
shot_6319,125048,777,10,75382,49909,55,Open Play,Right Foot,Inside Box,Blocked
shot_6320,125048,777,29,51199,,58,Open Play,Left Foot,Outside Box,Missed
shot_6321,125048,777,10,5178,81542,59,Open Play,Left Foot,Inside Box,Blocked
shot_6322,125048,777,10,5140,5178,61,Set Piece,Header,Inside Box,Goal
shot_6323,125048,777,29,51199,66659,63,Open Play,Left Foot,Inside Box,Blocked
shot_6324,125048,777,29,115105,51199,63,Open Play,Header,Inside Box,Saved
shot_6325,125048,777,29,51199,19864,63,Open Play,Right Foot,Inside Box,Blocked
shot_6326,125048,777,10,81542,,71,Open Play,Right Foot,Inside Box,Missed
shot_6327,125048,777,10,5178,63633,71,Open Play,Left Foot,Inside Box,Blocked
shot_6328,125048,777,29,122126,63733,72,Open Play,Header,Inside Box,Missed
shot_6329,125048,777,29,122126,,72,Open Play,Left Foot,Inside Box,Blocked
shot_6330,125048,777,29,51199,122126,76,Open Play,Right Foot,Inside Box,Missed
shot_6331,125048,777,10,81542,10458,78,Open Play,Header,Inside Box,Missed
shot_6332,125048,777,10,23815,75382,87,Open Play,Right Foot,Inside Box,Missed
shot_6333,125048,777,29,19864,25408,90+3',Open Play,Header,Inside Box,Missed
shot_6334,125048,777,10,5178,23815,90+7',Open Play,Right Foot,Inside Box,Missed
shot_6335,125049,777,23,49908,,3,Set Piece,Header,Inside Box,Missed
shot_6336,125049,777,21,69274,21887,7,Open Play,Right Foot,,Missed
shot_6337,125049,777,23,14446,74761,9,Open Play,Right Foot,Outside Box,Missed
shot_6338,125049,777,23,14716,49259,11,Open Play,Right Foot,Inside Box,Saved
shot_6339,125049,777,23,19888,8707,17,Open Play,Left Foot,Inside Box,Missed
shot_6340,125049,777,23,14446,,24,Open Play,Right Foot,Outside Box,Saved
shot_6341,125049,777,21,10443,118579,27,Open Play,Right Foot,Inside Box,Blocked
shot_6342,125049,777,23,19888,,29,Open Play,Right Foot,Inside Box,Blocked
shot_6343,125049,777,23,23747,,30,Set Piece,Header,Inside Box,Missed
shot_6344,125049,777,23,124462,74761,30,Open Play,Header,Inside Box,Blocked
shot_6345,125049,777,21,69274,21887,36,Open Play,Right Foot,Outside Box,Blocked
shot_6346,125049,777,23,8707,49259,42,Set Piece,Header,Inside Box,Missed
shot_6347,125049,777,23,124462,,45+5',Set Piece,Left Foot,Inside Box,Goal
shot_6348,125049,777,23,124462,14446,45+5',Open Play,Header,Inside Box,Saved
shot_6349,125049,777,21,10443,69274,45+7',Open Play,Left Foot,Inside Box,Blocked
shot_6350,125049,777,23,23747,14446,48,Open Play,Right Foot,Outside Box,Blocked
shot_6351,125049,777,23,14446,,48,Open Play,Right Foot,Inside Box,Blocked
shot_6352,125049,777,23,49908,,49,Open Play,Left Foot,Inside Box,Blocked
shot_6353,125049,777,23,19888,124462,49,Open Play,Header,Inside Box,Blocked
shot_6354,125049,777,23,19888,74761,49,Open Play,Left Foot,Inside Box,Blocked
shot_6355,125049,777,21,76614,69274,51,Open Play,Right Foot,Inside Box,Missed
shot_6356,125049,777,21,76614,117596,53,Open Play,Left Foot,Inside Box,Missed
shot_6357,125049,777,21,117318,69274,54,Open Play,Right Foot,Outside Box,Saved
shot_6358,125049,777,21,69274,21887,56,Open Play,Right Foot,Outside Box,Blocked
shot_6359,125049,777,21,69070,69274,60,Open Play,Right Foot,Inside Box,Blocked
shot_6360,125049,777,21,117596,117318,64,Set Piece,Right Foot,Inside Box,Goal
shot_6361,125049,777,23,23747,,66,Open Play,Right Foot,Inside Box,Blocked
shot_6362,125049,777,23,14716,,67,Open Play,Left Foot,Inside Box,Blocked
shot_6363,125049,777,23,19888,23747,68,Open Play,Left Foot,Inside Box,Goal
shot_6364,125049,777,23,14716,,68,Set Piece,Right Foot,Inside Box,Missed
shot_6365,125049,777,23,23747,,72,Set Piece,Right Foot,Outside Box,Missed
shot_6366,125049,777,21,76614,51185,74,Set Piece,Header,Inside Box,Missed
shot_6367,125049,777,21,76614,69274,78,Open Play,Right Foot,Outside Box,Blocked
shot_6368,125049,777,21,76614,19858,80,Open Play,Left Foot,Outside Box,Blocked
shot_6369,125049,777,21,75582,76614,90+3',Open Play,Left Foot,Inside Box,Missed
shot_6370,125049,777,21,10443,76614,90+3',Open Play,Right Foot,Inside Box,Blocked
shot_6371,125049,777,21,76614,,90+3',Open Play,Left Foot,Outside Box,Missed
shot_6372,125050,777,25,8868,65961,9,Open Play,Header,Inside Box,Missed
shot_6373,125050,777,25,65961,54893,13,Open Play,Right Foot,Outside Box,Saved
shot_6374,125050,777,12,9566,66360,17,Set Piece,Header,,Missed
shot_6375,125050,777,12,4608,23396,22,Open Play,Left Foot,Inside Box,Blocked
shot_6376,125050,777,12,69176,4608,41,Open Play,Left Foot,Inside Box,Missed
shot_6377,125050,777,25,25183,8868,50,Open Play,Left Foot,Inside Box,Goal
shot_6378,125050,777,12,24252,,54,Open Play,Right Foot,Inside Box,Blocked
shot_6379,125050,777,25,8868,,65,Open Play,Left Foot,Outside Box,Blocked
shot_6380,125050,777,12,66036,23396,76,Open Play,Right Foot,Outside Box,Saved
shot_6381,125050,777,12,66360,4608,77,Open Play,Header,Inside Box,Missed
shot_6382,125050,777,12,66360,23396,88,Open Play,Left Foot,Inside Box,Blocked
shot_6383,125050,777,25,8454,,90+1',Open Play,Right Foot,Inside Box,Blocked
shot_6384,125050,777,25,4979,122005,90+2',Open Play,Left Foot,Inside Box,Blocked
shot_6385,125050,777,12,50848,23396,90+4',Open Play,Header,Inside Box,Missed
shot_6386,125050,777,25,8454,117579,90+5',Open Play,Right Foot,Outside Box,Saved
shot_6387,125050,777,12,66036,66360,90+6',Open Play,Right Foot,Inside Box,Goal
shot_6388,125051,777,9,75543,,9,Set Piece,Left Foot,Inside Box,Missed
shot_6389,125051,777,9,13796,116888,9,Set Piece,Header,Inside Box,Missed
shot_6390,125051,777,9,9576,14608,14,Open Play,Right Foot,Inside Box,Saved
shot_6391,125051,777,2,23968,20489,20,Open Play,Header,Inside Box,Blocked
shot_6392,125051,777,2,26408,,21,Open Play,Left Foot,Outside Box,Missed
shot_6393,125051,777,9,116888,19731,28,Open Play,Right Foot,Outside Box,Blocked
shot_6394,125051,777,9,75543,9576,30,Open Play,Right Foot,Inside Box,Blocked
shot_6395,125051,777,9,116888,,31,Set Piece,Right Foot,,Goal
shot_6396,125051,777,9,115255,9576,33,Open Play,Left Foot,Outside Box,Missed
shot_6397,125051,777,2,8658,13344,41,Open Play,Right Foot,Inside Box,Blocked
shot_6398,125051,777,2,20489,8658,43,Open Play,Left Foot,Outside Box,Saved
shot_6399,125051,777,2,8658,23968,44,Open Play,Right Foot,Outside Box,Saved
shot_6400,125051,777,2,108096,8900,45+1',Open Play,Left Foot,Inside Box,Saved
shot_6401,125051,777,2,26408,8658,46,Open Play,Left Foot,Outside Box,Missed
shot_6402,125051,777,9,14608,,57,Open Play,Right Foot,Outside Box,Blocked
shot_6403,125051,777,2,8658,24626,63,Open Play,Right Foot,Outside Box,Missed
shot_6404,125051,777,2,8900,,66,Open Play,Right Foot,Inside Box,Blocked
shot_6405,125051,777,2,26408,4115,68,Open Play,Left Foot,Outside Box,Hit the Woodwork
shot_6406,125051,777,2,4115,8900,69,Open Play,Right Foot,Outside Box,Blocked
shot_6407,125051,777,9,116888,9576,70,Open Play,Left Foot,Outside Box,Blocked
shot_6408,125051,777,9,14807,14608,74,Open Play,Header,Inside Box,Saved
shot_6409,125051,777,9,9576,116888,75,Open Play,Right Foot,Inside Box,Missed
shot_6410,125051,777,9,115255,,75,Open Play,Left Foot,Inside Box,Missed
shot_6411,125051,777,9,9576,,76,Open Play,Right Foot,Inside Box,Saved
shot_6412,125051,777,2,4115,14801,77,Open Play,Right Foot,Outside Box,Missed
shot_6413,125051,777,2,23968,,80,Set Piece,Left Foot,Outside Box,Missed
shot_6414,125051,777,2,13344,24626,83,Set Piece,Right Foot,Outside Box,Missed
shot_6415,125051,777,9,13796,14897,85,Set Piece,Header,Inside Box,Missed
shot_6416,125051,777,2,13286,,88,Set Piece,Right Foot,Inside Box,Goal
shot_6417,125051,777,2,13274,14801,88,Open Play,Header,Inside Box,Blocked
shot_6418,125052,777,131,8163,,6,Open Play,Right Foot,Inside Box,Saved
shot_6419,125052,777,130,49726,,7,Open Play,Right Foot,Outside Box,Saved
shot_6420,125052,777,130,24369,,13,Open Play,Right Foot,Outside Box,Saved
shot_6421,125052,777,131,112739,117732,16,Open Play,Right Foot,Outside Box,Saved
shot_6422,125052,777,131,117732,112739,20,Open Play,Left Foot,Inside Box,Saved
shot_6423,125052,777,131,2100,22542,24,Set Piece,Left Foot,Inside Box,Missed
shot_6424,125052,777,130,124052,3712,25,Open Play,Right Foot,Inside Box,Missed
shot_6425,125052,777,131,117732,22542,25,Open Play,Right Foot,Inside Box,Saved
shot_6426,125052,777,130,23194,,27,Set Piece,Left Foot,Outside Box,Missed
shot_6427,125052,777,131,143240,,30,Open Play,Left Foot,Inside Box,Goal
shot_6428,125052,777,131,50727,117732,30,Open Play,Right Foot,Outside Box,Hit the Woodwork
shot_6429,125052,777,130,65987,,33,Set Piece,Header,Inside Box,Missed
shot_6430,125052,777,131,112739,3452,36,Open Play,Right Foot,Outside Box,Blocked
shot_6431,125052,777,130,23194,3712,39,Open Play,Left Foot,Outside Box,Missed
shot_6432,125052,777,131,3452,,45+1',Open Play,Right Foot,Inside Box,Goal
shot_6433,125052,777,130,124052,128891,46,Open Play,Header,Inside Box,Missed
shot_6434,125052,777,130,24659,49726,55,Set Piece,,Inside Box,Missed
shot_6435,125052,777,131,22542,50727,58,Open Play,Right Foot,Outside Box,Saved
shot_6436,125052,777,130,49726,24659,71,Set Piece,Header,Inside Box,Missed
shot_6437,125052,777,131,112739,,74,Open Play,Right Foot,Outside Box,Missed
shot_6438,125052,777,130,133890,124052,76,Set Piece,Right Foot,Inside Box,Missed
shot_6439,125052,777,130,20113,133890,78,Open Play,Header,Inside Box,Missed
shot_6440,125052,777,130,65987,,79,Set Piece,Header,Inside Box,Missed
shot_6441,125052,777,130,49731,133890,87,Open Play,Right Foot,Inside Box,Saved
shot_6442,125053,777,4,72371,21998,4,Open Play,Left Foot,Inside Box,Goal
shot_6443,125053,777,43,68593,75735,7,Open Play,Right Foot,Inside Box,Saved
shot_6444,125053,777,43,74960,50460,8,Set Piece,Right Foot,Inside Box,Missed
shot_6445,125053,777,4,63741,72371,10,Open Play,Left Foot,Outside Box,Missed
shot_6446,125053,777,4,49293,,12,Open Play,Left Foot,Inside Box,Blocked
shot_6447,125053,777,4,49293,21998,17,Open Play,Left Foot,Outside Box,Blocked
shot_6448,125053,777,43,15139,,35,Set Piece,Left Foot,Outside Box,Missed
shot_6449,125053,777,4,49293,,37,Open Play,Left Foot,Outside Box,Saved
shot_6450,125053,777,43,50460,,40,Open Play,Left Foot,Inside Box,Missed
shot_6451,125053,777,43,68593,,41,Open Play,Right Foot,Outside Box,Saved
shot_6452,125053,777,4,49293,,46,Open Play,Left Foot,Inside Box,Missed
shot_6453,125053,777,4,72371,49293,51,Open Play,Left Foot,Inside Box,Blocked
shot_6454,125053,777,4,21998,49293,56,Open Play,Left Foot,Inside Box,Blocked
shot_6455,125053,777,4,72371,21998,66,Set Piece,Header,Inside Box,Missed
shot_6456,125053,777,4,112203,66284,70,Open Play,Right Foot,Outside Box,Blocked
shot_6457,125053,777,43,15139,8127,77,Open Play,Right Foot,Inside Box,Blocked
shot_6458,125053,777,43,8127,50460,77,Open Play,Left Foot,Inside Box,Saved
shot_6459,125053,777,43,15139,19831,79,Open Play,Left Foot,Outside Box,Missed
shot_6460,125053,777,4,119041,,83,Open Play,Right Foot,Outside Box,Missed
shot_6461,125053,777,43,124531,74964,87,Set Piece,Header,Inside Box,Missed
shot_6462,125053,777,43,75735,4617,90+3',Set Piece,Header,Inside Box,Goal
shot_6463,125053,777,43,15139,137462,90+5',Open Play,Right Foot,Inside Box,Blocked
shot_6464,125053,777,43,19831,4617,90+6',Set Piece,Header,Inside Box,Missed
shot_6465,125053,777,4,51813,125075,90+7',Open Play,Right Foot,Outside Box,Missed
shot_6466,125054,777,6,109117,,5,Open Play,Right Foot,Outside Box,Missed
shot_6467,125054,777,38,126108,145492,17,Open Play,Header,Inside Box,Saved
shot_6468,125054,777,38,115371,66692,22,Set Piece,Header,Inside Box,Missed
shot_6469,125054,777,38,115371,145492,26,Open Play,Right Foot,Inside Box,Saved
shot_6470,125054,777,6,49796,35670,30,Open Play,Right Foot,Outside Box,Blocked
shot_6471,125054,777,38,126108,,32,Open Play,Right Foot,Outside Box,Saved
shot_6472,125054,777,38,115114,66692,33,Set Piece,Header,Inside Box,Missed
shot_6473,125054,777,6,35670,8589,34,Open Play,Right Foot,Outside Box,Blocked
shot_6474,125054,777,6,49796,109117,35,Set Piece,Left Foot,Inside Box,Hit the Woodwork
shot_6475,125054,777,6,109117,69595,35,Open Play,Right Foot,Inside Box,Blocked
shot_6476,125054,777,38,126108,9199,37,Open Play,Left Foot,Outside Box,Saved
shot_6477,125054,777,38,115371,,43,Penalty,Right Foot,Inside Box,Saved
shot_6478,125054,777,6,69595,,45+1',Set Piece,Header,Inside Box,Missed
shot_6479,125054,777,38,9199,,53,Open Play,Right Foot,Outside Box,Blocked
shot_6480,125054,777,6,24334,,56,Open Play,Left Foot,Inside Box,Saved
shot_6481,125054,777,6,110549,69595,58,Set Piece,Header,Inside Box,Missed
shot_6482,125054,777,38,115371,66692,73,Open Play,Header,Inside Box,Saved
shot_6483,125054,777,6,109117,,77,Open Play,Right Foot,Outside Box,Saved
shot_6484,125054,777,6,49374,,79,Open Play,Right Foot,Outside Box,Blocked
shot_6485,125054,777,6,50842,49374,80,Set Piece,Header,Inside Box,Missed
shot_6486,125054,777,6,72265,24334,90,Open Play,Right Foot,Inside Box,Goal
shot_6487,125054,777,6,147312,49759,90+4',Set Piece,Right Foot,Inside Box,Missed
shot_6488,125054,777,6,49759,,90+4',Set Piece,Right Foot,Inside Box,Missed
shot_6489,125054,777,38,143214,,90+7',Open Play,Right Foot,Outside Box,Blocked
shot_6490,125054,777,38,115371,111988,90+7',Open Play,Right Foot,Outside Box,Blocked
shot_6491,125054,777,38,43010,66692,90+9',Open Play,Header,Inside Box,Saved
shot_6492,125055,777,7,12582,134286,4,Open Play,Right Foot,Outside Box,Blocked
shot_6493,125055,777,12,69176,,4,Open Play,Left Foot,Inside Box,Blocked
shot_6494,125055,777,12,51202,66360,4,Open Play,Left Foot,Inside Box,Blocked
shot_6495,125055,777,12,24252,5793,9,Open Play,Right Foot,Inside Box,Saved
shot_6496,125055,777,12,4608,,20,Open Play,Right Foot,Outside Box,Blocked
shot_6497,125055,777,12,24252,,31,Set Piece,Right Foot,Outside Box,Missed
shot_6498,125055,777,12,66360,24252,36,Open Play,Left Foot,Outside Box,Missed
shot_6499,125055,777,7,23841,,39,Open Play,Right Foot,Outside Box,Saved
shot_6500,125055,777,12,23396,69176,45+1',Set Piece,Right Foot,Outside Box,Missed
shot_6501,125055,777,7,134286,14706,46,Open Play,Right Foot,Inside Box,Saved
shot_6502,125055,777,7,66538,23841,48,Open Play,Left Foot,Outside Box,Blocked
shot_6503,125055,777,12,66360,,51,Open Play,Left Foot,Inside Box,Missed
shot_6504,125055,777,12,5793,69176,52,Open Play,Right Foot,Outside Box,Missed
shot_6505,125055,777,12,66360,5793,55,Open Play,Header,Inside Box,Missed
shot_6506,125055,777,7,12582,31936,63,Open Play,Right Foot,Outside Box,Blocked
shot_6507,125055,777,7,14706,66318,64,Open Play,Left Foot,Inside Box,Blocked
shot_6508,125055,777,7,12582,,66,Open Play,Right Foot,Outside Box,Blocked
shot_6509,125055,777,12,66036,66360,71,Open Play,Right Foot,Inside Box,Goal
shot_6510,125055,777,7,4333,,79,Set Piece,Right Foot,Inside Box,Missed
shot_6511,125055,777,7,8143,23841,79,Open Play,Header,Inside Box,Blocked
shot_6512,125055,777,7,12582,126789,80,Set Piece,Right Foot,Inside Box,Missed
shot_6513,125055,777,7,4333,8143,82,Open Play,Left Foot,Outside Box,Saved
shot_6514,125055,777,7,118442,,90+3',Open Play,Right Foot,Outside Box,Saved
shot_6515,125056,777,11,112948,76216,14,Open Play,Left Foot,Inside Box,Goal
shot_6516,125056,777,11,76216,25474,17,Open Play,Right Foot,Inside Box,Saved
shot_6517,125056,777,23,23747,115256,17,Open Play,Right Foot,Inside Box,Saved
shot_6518,125056,777,11,25474,,18,Open Play,Left Foot,Inside Box,Missed
shot_6519,125056,777,23,124462,3905,21,Open Play,Header,Inside Box,Saved
shot_6520,125056,777,23,108922,19888,22,Set Piece,Left Foot,Outside Box,Goal
shot_6521,125056,777,11,76216,25474,25,Open Play,Right Foot,Outside Box,Blocked
shot_6522,125056,777,11,112948,65970,27,Open Play,Header,Inside Box,Goal
shot_6523,125056,777,23,14446,19888,30,Open Play,Header,Inside Box,Blocked
shot_6524,125056,777,23,23747,19888,31,Open Play,Right Foot,Inside Box,Saved
shot_6525,125056,777,23,14446,23747,39,Open Play,Right Foot,Inside Box,Saved
shot_6526,125056,777,11,65970,76216,45,Open Play,Right Foot,Outside Box,Missed
shot_6527,125056,777,11,76216,16286,45+3',Open Play,Right Foot,Outside Box,Missed
shot_6528,125056,777,11,76216,,45+5',Open Play,Right Foot,Inside Box,Saved
shot_6529,125056,777,23,108922,,52,Set Piece,Left Foot,Outside Box,Missed
shot_6530,125056,777,11,76216,16286,53,Open Play,Left Foot,Inside Box,Missed
shot_6531,125056,777,11,25474,5067,54,Open Play,Left Foot,Outside Box,Missed
shot_6532,125056,777,11,25474,68150,64,Open Play,Left Foot,Inside Box,Saved
shot_6533,125056,777,11,65970,5067,65,Set Piece,Left Foot,Inside Box,Missed
shot_6534,125056,777,23,19888,,68,Set Piece,Right Foot,Outside Box,Missed
shot_6535,125056,777,23,49259,71623,70,Open Play,Right Foot,Inside Box,Blocked
shot_6536,125056,777,11,65970,68150,72,Open Play,Left Foot,Outside Box,Blocked
shot_6537,125056,777,23,20607,3905,75,Open Play,Header,Inside Box,Blocked
shot_6538,125056,777,23,20607,,77,Set Piece,Right Foot,Outside Box,Missed
shot_6539,125056,777,11,14805,,90+1',Open Play,Left Foot,Inside Box,Saved
shot_6540,125056,777,11,65970,14569,90+1',Open Play,Right Foot,Inside Box,Saved
shot_6541,125056,777,23,14716,20607,90+4',Open Play,Right Foot,Outside Box,Saved
shot_6542,125056,777,23,10079,71623,90+5',Open Play,Header,Inside Box,Saved
shot_6543,125057,777,15,23702,108816,3,Open Play,Left Foot,Inside Box,Saved
shot_6544,125057,777,15,51593,15259,10,Open Play,Right Foot,Outside Box,Missed
shot_6545,125057,777,10,32894,33231,14,Open Play,Right Foot,Outside Box,Blocked
shot_6546,125057,777,10,81542,,14,Set Piece,Header,Inside Box,Missed
shot_6547,125057,777,15,139648,,17,Open Play,Left Foot,Outside Box,Blocked
shot_6548,125057,777,15,139648,15259,19,Open Play,Left Foot,Outside Box,Blocked
shot_6549,125057,777,15,51593,,21,Open Play,Right Foot,Outside Box,Blocked
shot_6550,125057,777,15,98300,51593,22,Open Play,Left Foot,Inside Box,Saved
shot_6551,125057,777,15,23811,15259,24,Open Play,Left Foot,Outside Box,Missed
shot_6552,125057,777,15,304123,51593,31,Open Play,Right Foot,Outside Box,Blocked
shot_6553,125057,777,15,15259,,42,Open Play,Right Foot,Inside Box,Blocked
shot_6554,125057,777,15,51593,,43,Open Play,Right Foot,Outside Box,Blocked
shot_6555,125057,777,15,51593,23702,45,Open Play,Right Foot,Inside Box,Missed
shot_6556,125057,777,15,16035,15259,45+3',Open Play,Right Foot,Outside Box,Missed
shot_6557,125057,777,10,81542,33231,47,Open Play,Header,Inside Box,Blocked
shot_6558,125057,777,15,16035,23702,49,Set Piece,Header,Inside Box,Missed
shot_6559,125057,777,10,23815,33231,52,Open Play,Left Foot,Inside Box,Blocked
shot_6560,125057,777,10,63633,23593,52,Open Play,Right Foot,Outside Box,Blocked
shot_6561,125057,777,10,23815,5178,54,Open Play,Right Foot,Inside Box,Saved
shot_6562,125057,777,10,63633,33231,62,Set Piece,Header,Inside Box,Missed
shot_6563,125057,777,15,138137,139648,71,Open Play,Left Foot,Outside Box,Missed
shot_6564,125057,777,15,108816,,86,Open Play,Right Foot,Outside Box,Missed
shot_6565,125057,777,15,15259,,86,Open Play,Right Foot,Inside Box,Blocked
shot_6566,125057,777,15,50623,127668,88,Open Play,Right Foot,Inside Box,Blocked
shot_6567,125057,777,10,81542,134796,89,Open Play,Header,Inside Box,Saved
shot_6568,125057,777,15,108816,,90+5',Open Play,Right Foot,Outside Box,Missed
shot_6569,125057,777,10,63633,,90+7',Open Play,Right Foot,Inside Box,Goal
shot_6570,125057,777,10,5140,33231,90+7',Open Play,Header,Inside Box,Saved
shot_6571,125058,777,34,121610,4717,17,Open Play,Left Foot,Inside Box,Missed
shot_6572,125058,777,34,4880,,17,Open Play,Right Foot,Outside Box,Blocked
shot_6573,125058,777,29,25408,66659,20,Open Play,Right Foot,Inside Box,Blocked
shot_6574,125058,777,34,14656,14445,25,Open Play,Right Foot,Inside Box,Missed
shot_6575,125058,777,29,124944,19864,41,Open Play,Left Foot,Outside Box,Saved
shot_6576,125058,777,29,122126,138104,45+1',Open Play,Right Foot,Outside Box,Blocked
shot_6577,125058,777,34,4880,4717,45+2',Open Play,Right Foot,Outside Box,Missed
shot_6578,125058,777,29,126110,,45+6',Open Play,Right Foot,Outside Box,Missed
shot_6579,125058,777,29,25408,,49,Open Play,Right Foot,Outside Box,Missed
shot_6580,125058,777,29,51610,25408,52,Open Play,Right Foot,Inside Box,Missed
shot_6581,125058,777,34,4717,11071,53,Open Play,Right Foot,Inside Box,Blocked
shot_6582,125058,777,34,11071,4717,54,Set Piece,Header,Inside Box,Goal
shot_6583,125058,777,34,11071,,61,Penalty,Right Foot,Inside Box,Goal
shot_6584,125058,777,29,115105,67784,68,Open Play,Right Foot,Inside Box,Missed
shot_6585,125058,777,29,138104,,76,Penalty,Right Foot,Inside Box,Goal
shot_6586,125058,777,29,52989,126920,77,Open Play,Right Foot,Inside Box,Missed
shot_6587,125058,777,34,21614,23793,82,Set Piece,Right Foot,Inside Box,Missed
shot_6588,125058,777,34,23793,,82,Open Play,Left Foot,Inside Box,Blocked
shot_6589,125058,777,34,4717,13961,85,Open Play,Left Foot,Inside Box,Goal
shot_6590,125058,777,34,13961,14656,90+2',Open Play,Left Foot,Inside Box,Missed
shot_6591,125058,777,29,51610,,90+6',Open Play,Right Foot,Inside Box,Blocked
shot_6592,125058,777,29,122126,,90+6',Open Play,Right Foot,Inside Box,Blocked
shot_6593,125058,777,34,13961,23793,90+9',Open Play,Left Foot,Outside Box,Saved
shot_6594,125058,777,29,126920,19864,90+9',Open Play,Right Foot,Inside Box,Blocked
shot_6595,125059,777,1,32728,67776,4,Open Play,Header,Inside Box,Blocked
shot_6596,125059,777,1,20486,,5,Open Play,Right Foot,Outside Box,Blocked
shot_6597,125059,777,1,32728,118077,7,Open Play,Right Foot,Inside Box,Missed
shot_6598,125059,777,1,66204,32728,17,Set Piece,Header,Inside Box,Missed
shot_6599,125059,777,1,20486,,18,Open Play,Left Foot,Outside Box,Missed
shot_6600,125059,777,21,117318,69274,21,Open Play,Right Foot,Outside Box,Blocked
shot_6601,125059,777,1,21584,,32,Open Play,Right Foot,Inside Box,Goal
shot_6602,125059,777,1,21584,,32,Open Play,Left Foot,Outside Box,Blocked
shot_6603,125059,777,21,51185,,34,Open Play,Right Foot,Inside Box,Goal
shot_6604,125059,777,1,49481,118077,37,Open Play,Right Foot,Inside Box,Saved
shot_6605,125059,777,1,49481,,40,Open Play,Left Foot,Inside Box,Blocked
shot_6606,125059,777,1,20486,67776,41,Open Play,Right Foot,Inside Box,Blocked
shot_6607,125059,777,1,21584,,45+3',Open Play,Right Foot,Outside Box,Missed
shot_6608,125059,777,1,118077,49481,45+6',Open Play,Left Foot,Outside Box,Blocked
shot_6609,125059,777,21,69274,51185,46,Open Play,Right Foot,Outside Box,Saved
shot_6610,125059,777,1,32728,67776,47,Open Play,Right Foot,Outside Box,Goal
shot_6611,125059,777,1,21584,118077,51,Open Play,Right Foot,Inside Box,Blocked
shot_6612,125059,777,1,49481,21584,59,Open Play,Right Foot,Inside Box,Saved
shot_6613,125059,777,1,21584,,61,Open Play,Right Foot,Inside Box,Goal
shot_6614,125059,777,1,49481,119476,66,Open Play,Left Foot,Inside Box,Blocked
shot_6615,125059,777,1,20486,49481,71,Open Play,Right Foot,Outside Box,Missed
shot_6616,125059,777,1,49481,21584,72,Open Play,Left Foot,Inside Box,Missed
shot_6617,125059,777,21,24630,23764,84,Open Play,Right Foot,Inside Box,Saved
shot_6618,125059,777,21,24630,76614,90+2',Open Play,Header,Inside Box,Saved
shot_6619,125059,777,1,32728,11419,90+4',Open Play,Right Foot,Inside Box,Goal
shot_6620,125059,777,21,117318,,90+8',Open Play,Right Foot,Outside Box,Saved
shot_6621,125060,777,25,54893,,1,Set Piece,Right Foot,Inside Box,Missed
shot_6622,125060,777,25,54893,8868,1,Open Play,Header,Inside Box,Saved
shot_6623,125060,777,25,65961,63257,4,Open Play,Right Foot,Inside Box,Saved
shot_6624,125060,777,127,134234,74976,5,Open Play,Left Foot,Outside Box,Saved
shot_6625,125060,777,25,32638,119072,6,Set Piece,Header,Inside Box,Missed
shot_6626,125060,777,25,122005,25183,22,Open Play,Right Foot,Outside Box,Blocked
shot_6627,125060,777,25,63257,119072,31,Open Play,Header,Inside Box,Blocked
shot_6628,125060,777,25,63257,8868,32,Set Piece,Header,Inside Box,Missed
shot_6629,125060,777,25,8868,32638,34,Open Play,Left Foot,Inside Box,Missed
shot_6630,125060,777,25,65961,,42,Open Play,Left Foot,Outside Box,Missed
shot_6631,125060,777,127,74976,137832,42,Open Play,Right Foot,Outside Box,Saved
shot_6632,125060,777,25,122005,,53,Open Play,Right Foot,Outside Box,Blocked
shot_6633,125060,777,25,119072,,62,Open Play,Right Foot,Inside Box,Missed
shot_6634,125060,777,127,134234,118080,63,Open Play,Left Foot,Outside Box,Hit the Woodwork
shot_6635,125060,777,127,13706,137832,68,Open Play,Left Foot,Inside Box,Blocked
shot_6636,125060,777,127,54989,,69,Open Play,Left Foot,Outside Box,Saved
shot_6637,125060,777,127,13706,,69,Open Play,Right Foot,Inside Box,Blocked
shot_6638,125060,777,25,63257,8868,70,Open Play,Right Foot,Inside Box,Missed
shot_6639,125060,777,25,122005,8868,71,Open Play,Right Foot,Outside Box,Missed
shot_6640,125060,777,25,25183,8868,71,Open Play,Right Foot,Inside Box,Blocked
shot_6641,125060,777,127,134234,13706,74,Open Play,Left Foot,Inside Box,Blocked
shot_6642,125060,777,25,8454,145347,75,Open Play,Right Foot,Inside Box,Saved
shot_6643,125060,777,127,74965,,75,Open Play,Left Foot,Outside Box,Blocked
shot_6644,125060,777,25,8454,14164,76,Open Play,Right Foot,Inside Box,Missed
shot_6645,125060,777,25,65961,8454,77,Open Play,Right Foot,Inside Box,Blocked
shot_6646,125060,777,127,74976,137832,77,Open Play,Left Foot,Inside Box,Saved
shot_6647,125060,777,25,8454,65961,78,Open Play,Header,Inside Box,Blocked
shot_6648,125060,777,127,137832,134234,87,Open Play,Right Foot,Outside Box,Saved
shot_6649,125060,777,25,65961,8454,88,Open Play,Right Foot,Inside Box,Blocked
shot_6650,125060,777,25,8868,65961,90+5',Open Play,Right Foot,Inside Box,Missed
shot_6651,125061,777,4,49293,21998,6,Open Play,Left Foot,Outside Box,Missed
shot_6652,125061,777,1,64523,49481,7,Open Play,Left Foot,Outside Box,Missed
shot_6653,125061,777,1,20486,67776,8,Open Play,Right Foot,Inside Box,Blocked
shot_6654,125061,777,4,132956,,10,Set Piece,Left Foot,Inside Box,Missed
shot_6655,125061,777,1,21584,,15,Open Play,Right Foot,,Missed
shot_6656,125061,777,1,66204,50234,21,Set Piece,Header,Inside Box,Goal
shot_6657,125061,777,1,15202,49481,29,Open Play,Right Foot,Outside Box,Missed
shot_6658,125061,777,1,21584,20486,33,Open Play,Right Foot,Inside Box,Blocked
shot_6659,125061,777,1,67776,49481,37,Open Play,Right Foot,Inside Box,Saved
shot_6660,125061,777,1,32728,15202,37,Open Play,Right Foot,Inside Box,Blocked
shot_6661,125061,777,4,21998,119041,44,Open Play,Left Foot,Inside Box,Blocked
shot_6662,125061,777,1,50234,,50,Open Play,Right Foot,Outside Box,Saved
shot_6663,125061,777,1,49481,21584,50,Open Play,Left Foot,Outside Box,Blocked
shot_6664,125061,777,4,63741,72371,51,Open Play,Right Foot,Outside Box,Saved
shot_6665,125061,777,4,72371,14571,52,Open Play,Header,Inside Box,Saved
shot_6666,125061,777,4,72371,14575,53,Open Play,Header,Inside Box,Saved
shot_6667,125061,777,4,72371,14571,56,Open Play,Header,Inside Box,Missed
shot_6668,125061,777,4,72371,21998,60,Open Play,Left Foot,Outside Box,Missed
shot_6669,125061,777,1,67776,15202,66,Set Piece,Header,Inside Box,Goal
shot_6670,125061,777,1,21584,49481,80,Open Play,Left Foot,Inside Box,Saved
shot_6671,125061,777,4,112203,68827,87,Open Play,Left Foot,Outside Box,Missed
shot_6672,125062,777,29,124944,138104,3,Open Play,Right Foot,Outside Box,Saved
shot_6673,125062,777,127,137832,74976,12,Open Play,Right Foot,Inside Box,Missed
shot_6674,125062,777,29,126920,,18,Open Play,Left Foot,Inside Box,Goal
shot_6675,125062,777,29,126110,19864,18,Open Play,Right Foot,Inside Box,Saved
shot_6676,125062,777,127,119381,,24,Set Piece,Right Foot,Outside Box,Missed
shot_6677,125062,777,127,74976,,28,Open Play,Right Foot,Inside Box,Saved
shot_6678,125062,777,127,14846,137832,28,Open Play,Left Foot,Inside Box,Saved
shot_6679,125062,777,127,119381,137832,29,Open Play,Right Foot,Outside Box,Blocked
shot_6680,125062,777,127,74976,134234,31,Open Play,Left Foot,Outside Box,Missed
shot_6681,125062,777,127,14846,13706,33,Open Play,Left Foot,Inside Box,Saved
shot_6682,125062,777,127,14846,,34,Open Play,Left Foot,Outside Box,Saved
shot_6683,125062,777,29,138104,12136,41,Open Play,Right Foot,Outside Box,Blocked
shot_6684,125062,777,127,137832,134234,45+2',Open Play,Right Foot,Inside Box,Missed
shot_6685,125062,777,29,126110,,47,Open Play,Header,Inside Box,Missed
shot_6686,125062,777,29,126110,,47,Open Play,Left Foot,Inside Box,Saved
shot_6687,125062,777,127,33032,14846,64,Set Piece,Header,Inside Box,Goal
shot_6688,125062,777,127,119381,51942,70,Open Play,Right Foot,Outside Box,Missed
shot_6689,125062,777,127,14846,119381,71,Open Play,Right Foot,Inside Box,Missed
shot_6690,125062,777,127,74976,,73,Open Play,Right Foot,Outside Box,Missed
shot_6691,125062,777,29,19864,138104,78,Set Piece,Header,Inside Box,Missed
shot_6692,125062,777,29,126920,,81,Open Play,Right Foot,Inside Box,Blocked
shot_6693,125062,777,127,16582,135304,88,Open Play,Left Foot,Inside Box,Blocked
shot_6694,125062,777,127,15572,,90+3',Open Play,Left Foot,Outside Box,Blocked
shot_6695,125062,777,127,16582,134234,90+9',Open Play,Left Foot,Inside Box,Missed
shot_6696,125062,777,127,134234,,90+9',Open Play,Left Foot,Outside Box,Blocked
shot_6697,125062,777,127,54989,,90+9',Open Play,Right Foot,Outside Box,Blocked
shot_6698,125062,777,127,134234,119381,90+11',Open Play,Left Foot,Outside Box,Blocked
shot_6699,125062,777,127,16582,,90+13',Set Piece,Right Foot,Inside Box,Missed
shot_6700,125062,777,127,15572,,90+13',Open Play,Left Foot,Outside Box,Blocked
shot_6701,125063,777,15,98300,15259,2,Open Play,Left Foot,Inside Box,Saved
shot_6702,125063,777,131,117732,,3,Open Play,Right Foot,Outside Box,Saved
shot_6703,125063,777,131,143240,22542,6,Open Play,Right Foot,Inside Box,Goal
shot_6704,125063,777,15,15259,304123,13,Open Play,Right Foot,Outside Box,Goal
shot_6705,125063,777,131,3452,112739,15,Open Play,Right Foot,Inside Box,Goal
shot_6706,125063,777,131,117732,3452,18,Open Play,Left Foot,Inside Box,Saved
shot_6707,125063,777,131,72239,143240,25,Open Play,Right Foot,Outside Box,Saved
shot_6708,125063,777,131,3452,117732,26,Open Play,Right Foot,Outside Box,Missed
shot_6709,125063,777,131,112739,117732,35,Open Play,Right Foot,Inside Box,Missed
shot_6710,125063,777,131,112739,76090,37,Open Play,Header,Inside Box,Saved
shot_6711,125063,777,15,23702,10439,42,Open Play,Right Foot,Inside Box,Blocked
shot_6712,125063,777,15,304123,,45+1',Open Play,Right Foot,Outside Box,Blocked
shot_6713,125063,777,131,3452,22542,48,Open Play,Left Foot,Inside Box,Blocked
shot_6714,125063,777,131,117732,22542,49,Set Piece,Right Foot,Inside Box,Missed
shot_6715,125063,777,131,22542,2100,53,Open Play,Right Foot,Outside Box,Saved
shot_6716,125063,777,131,50727,,55,Set Piece,Right Foot,Outside Box,Missed
shot_6717,125063,777,15,108816,304123,60,Open Play,Right Foot,Outside Box,Saved
shot_6718,125063,777,15,304123,15259,60,Open Play,Right Foot,Inside Box,Blocked
shot_6719,125063,777,15,51593,23702,65,Open Play,Right Foot,Outside Box,Missed
shot_6720,125063,777,131,143240,72239,65,Open Play,Right Foot,Outside Box,Blocked
shot_6721,125063,777,15,15259,23702,73,Open Play,Header,Inside Box,Saved
shot_6722,125063,777,131,50727,143240,81,Open Play,Right Foot,Outside Box,Missed
shot_6723,125063,777,15,15340,51593,85,Set Piece,Header,Inside Box,Missed
shot_6724,125063,777,15,138137,,90+4',Open Play,Left Foot,Outside Box,Blocked
shot_6725,125063,777,15,304238,15259,90+4',Open Play,Right Foot,Inside Box,Blocked
shot_6726,125063,777,15,304238,,90+4',Open Play,Right Foot,Inside Box,Blocked
shot_6727,125063,777,15,15259,50623,90+4',Open Play,Left Foot,Outside Box,Missed
shot_6728,125064,777,43,75735,,1,Open Play,Right Foot,Outside Box,Missed
shot_6729,125064,777,130,49731,133890,9,Set Piece,Header,Inside Box,Goal
shot_6730,125064,777,130,133890,10947,9,Open Play,Left Foot,Inside Box,Blocked
shot_6731,125064,777,130,124052,49731,13,Open Play,Right Foot,Inside Box,Saved
shot_6732,125064,777,43,50460,8127,17,Open Play,Right Foot,Outside Box,Missed
shot_6733,125064,777,43,50460,8127,21,Open Play,Right Foot,Inside Box,Saved
shot_6734,125064,777,130,127594,133890,24,Open Play,Left Foot,Inside Box,Missed
shot_6735,125064,777,130,124052,49731,25,Open Play,Left Foot,Inside Box,Goal
shot_6736,125064,777,130,127594,,34,Open Play,Right Foot,Inside Box,Goal
shot_6737,125064,777,130,65987,133460,34,Open Play,Header,Inside Box,Blocked
shot_6738,125064,777,43,50460,8127,44,Set Piece,Right Foot,Inside Box,Missed
shot_6739,125064,777,130,124052,,45+2',Open Play,Right Foot,Inside Box,Blocked
shot_6740,125064,777,43,50460,8127,45+3',Open Play,Right Foot,Inside Box,Missed
shot_6741,125064,777,130,65987,133460,45+3',Open Play,Header,Inside Box,Missed
shot_6742,125064,777,43,68593,64282,46,Open Play,Right Foot,Outside Box,Missed
shot_6743,125064,777,43,50460,68593,47,Open Play,Right Foot,Inside Box,Goal
shot_6744,125064,777,43,75735,68593,60,Open Play,Header,Inside Box,Goal
shot_6745,125064,777,43,124531,4617,65,Open Play,Right Foot,Inside Box,Missed
shot_6746,125064,777,130,65987,20113,66,Open Play,Header,Inside Box,Missed
shot_6747,125064,777,43,74960,137462,68,Open Play,Left Foot,Inside Box,Blocked
shot_6748,125064,777,130,49731,124052,71,Open Play,Right Foot,Outside Box,Blocked
shot_6749,125064,777,130,49731,20113,76,Open Play,Right Foot,Inside Box,Missed
shot_6750,125064,777,43,75735,51498,77,Open Play,Header,Inside Box,Blocked
shot_6751,125064,777,130,133097,3712,85,Open Play,Left Foot,Outside Box,Blocked
shot_6752,125064,777,130,49731,10947,90+3',Open Play,Right Foot,Inside Box,Goal
shot_6753,125064,777,130,124052,24369,90+5',Open Play,Right Foot,Inside Box,Blocked
shot_6754,125064,777,43,13622,74964,90+5',Open Play,Header,Inside Box,Missed
shot_6755,125064,777,130,49726,,90+7',Open Play,Right Foot,Outside Box,Saved
shot_6756,125065,777,34,13961,,7,Open Play,Left Foot,Inside Box,Goal
shot_6757,125065,777,34,11071,4880,7,Open Play,Header,Inside Box,Missed
shot_6758,125065,777,34,23793,,10,Set Piece,Header,Inside Box,Missed
shot_6759,125065,777,21,32229,,16,Set Piece,Left Foot,Inside Box,Missed
shot_6760,125065,777,21,19858,,16,Open Play,Right Foot,Outside Box,Blocked
shot_6761,125065,777,34,4880,,19,Open Play,Left Foot,Inside Box,Missed
shot_6762,125065,777,21,10443,,21,Open Play,Left Foot,Inside Box,Blocked
shot_6763,125065,777,21,51185,32229,25,Open Play,Right Foot,Inside Box,Blocked
shot_6764,125065,777,34,4717,13961,34,Open Play,Right Foot,Outside Box,Goal
shot_6765,125065,777,21,50245,51185,37,Open Play,Right Foot,Outside Box,Blocked
shot_6766,125065,777,21,69070,69274,38,Set Piece,Left Foot,Inside Box,Missed
shot_6767,125065,777,21,32229,10443,40,Open Play,Right Foot,Outside Box,Missed
shot_6768,125065,777,21,19858,,40,Open Play,Right Foot,Inside Box,Blocked
shot_6769,125065,777,21,51185,,40,Open Play,Right Foot,Inside Box,Blocked
shot_6770,125065,777,34,23793,66657,45+1',Set Piece,Right Foot,Inside Box,Missed
shot_6771,125065,777,34,66657,,45+1',Set Piece,Right Foot,Inside Box,Missed
shot_6772,125065,777,34,14656,4717,50,Set Piece,Right Foot,Outside Box,Missed
shot_6773,125065,777,34,14445,66657,51,Open Play,Left Foot,Inside Box,Missed
shot_6774,125065,777,34,4880,4717,55,Set Piece,Header,Inside Box,Missed
shot_6775,125065,777,34,11071,66657,55,Open Play,Left Foot,Inside Box,Blocked
shot_6776,125065,777,34,13961,11071,57,Open Play,Left Foot,Inside Box,Blocked
shot_6777,125065,777,34,14445,4717,62,Open Play,Right Foot,Inside Box,Saved
shot_6778,125065,777,21,24630,117596,66,Open Play,Header,Inside Box,Goal
shot_6779,125065,777,21,69070,76614,68,Set Piece,Header,Inside Box,Missed
shot_6780,125065,777,34,3894,,75,Open Play,Left Foot,Outside Box,Missed
shot_6781,125065,777,34,4717,53063,77,Open Play,Right Foot,Inside Box,Missed
shot_6782,125065,777,34,117763,53063,80,Open Play,Right Foot,Inside Box,Saved
shot_6783,125065,777,34,14656,4717,86,Open Play,Right Foot,Inside Box,Blocked
shot_6784,125065,777,34,53063,14656,86,Open Play,Left Foot,Inside Box,Blocked
shot_6785,125065,777,21,117318,327705,88,Open Play,Left Foot,Inside Box,Missed
shot_6786,125065,777,21,19858,24630,90+7',Open Play,Right Foot,Inside Box,Blocked
shot_6787,125066,777,9,9576,63289,4,Open Play,Left Foot,Inside Box,Missed
shot_6788,125066,777,9,9576,33124,17,Open Play,Left Foot,Inside Box,Missed
shot_6789,125066,777,9,13515,19731,18,Open Play,Right Foot,Outside Box,Saved
shot_6790,125066,777,9,63289,14608,21,Open Play,Right Foot,Inside Box,Missed
shot_6791,125066,777,9,116888,19731,22,Open Play,Right Foot,Outside Box,Blocked
shot_6792,125066,777,9,9576,116888,25,Set Piece,Header,Inside Box,Missed
shot_6793,125066,777,9,75543,,27,Set Piece,Left Foot,Outside Box,Missed
shot_6794,125066,777,9,63289,116888,39,Open Play,Right Foot,Inside Box,Saved
shot_6795,125066,777,11,112948,,40,Open Play,Left Foot,Inside Box,Saved
shot_6796,125066,777,11,112948,76204,40,Open Play,Header,Inside Box,Saved
shot_6797,125066,777,11,76216,25474,40,Open Play,Left Foot,Inside Box,Saved
shot_6798,125066,777,11,25474,71432,45+2',Open Play,Right Foot,Inside Box,Goal
shot_6799,125066,777,9,63289,,48,Open Play,Left Foot,Outside Box,Blocked
shot_6800,125066,777,9,9576,116888,49,Open Play,Left Foot,Inside Box,Blocked
shot_6801,125066,777,9,75543,,50,Open Play,Left Foot,Outside Box,Missed
shot_6802,125066,777,11,76216,76204,53,Open Play,Right Foot,Inside Box,Missed
shot_6803,125066,777,11,76216,16431,62,Open Play,Left Foot,Inside Box,Missed
shot_6804,125066,777,11,16431,,62,Open Play,Right Foot,Outside Box,Missed
shot_6805,125066,777,11,76216,16431,62,Open Play,Right Foot,Inside Box,Blocked
shot_6806,125066,777,11,71432,76204,67,Open Play,Right Foot,Outside Box,Missed
shot_6807,125066,777,11,25474,68150,71,Open Play,Left Foot,Inside Box,Blocked
shot_6808,125066,777,11,16286,,72,Open Play,Right Foot,Outside Box,Blocked
shot_6809,125066,777,11,68150,76204,72,Open Play,Right Foot,Inside Box,Blocked
shot_6810,125066,777,11,14569,16286,72,Open Play,Header,Inside Box,Saved
shot_6811,125066,777,11,16286,,72,Set Piece,Header,Inside Box,Missed
shot_6812,125066,777,9,19731,9576,85,Open Play,Right Foot,Outside Box,Blocked
shot_6813,125066,777,9,19731,,86,Open Play,Right Foot,Outside Box,Blocked
shot_6814,125066,777,9,50151,116888,88,Set Piece,Header,Inside Box,Missed
shot_6815,125067,777,10,81542,49909,5,Set Piece,Right Foot,Inside Box,Goal
shot_6816,125067,777,25,32638,8868,11,Set Piece,Header,Inside Box,Missed
shot_6817,125067,777,25,32638,25183,12,Set Piece,Right Foot,Inside Box,Missed
shot_6818,125067,777,25,145347,,12,Open Play,Header,Inside Box,Blocked
shot_6819,125067,777,10,49909,32894,20,Open Play,Right Foot,Outside Box,Saved
shot_6820,125067,777,10,5140,33231,24,Set Piece,Header,Inside Box,Goal
shot_6821,125067,777,25,63257,65961,30,Open Play,Right Foot,Outside Box,Blocked
shot_6822,125067,777,10,32894,5140,30,Open Play,Right Foot,Outside Box,Blocked
shot_6823,125067,777,10,5178,49909,31,Open Play,Left Foot,Outside Box,Blocked
shot_6824,125067,777,25,65961,8868,36,Open Play,Right Foot,Inside Box,Blocked
shot_6825,125067,777,10,63633,,39,Open Play,Right Foot,Inside Box,Blocked
shot_6826,125067,777,10,63633,81542,43,Set Piece,Right Foot,Inside Box,Goal
shot_6827,125067,777,10,81542,33231,43,Open Play,Left Foot,Inside Box,Blocked
shot_6828,125067,777,10,10651,49909,45+1',Open Play,Right Foot,Inside Box,Blocked
shot_6829,125067,777,25,25183,145347,49,Open Play,Right Foot,Inside Box,Goal
shot_6830,125067,777,10,32894,10651,54,Open Play,Left Foot,Inside Box,Missed
shot_6831,125067,777,25,119072,,64,Open Play,Right Foot,Outside Box,Saved
shot_6832,125067,777,10,5178,,65,Open Play,Left Foot,Outside Box,Missed
shot_6833,125067,777,10,32894,81542,70,Open Play,Right Foot,Inside Box,Goal
shot_6834,125067,777,25,65961,145347,74,Open Play,Left Foot,Inside Box,Saved
shot_6835,125067,777,25,63257,8868,75,Set Piece,Header,Inside Box,Goal
shot_6836,125067,777,10,32894,33231,78,Open Play,Right Foot,Inside Box,Blocked
shot_6837,125067,777,25,25183,,78,Open Play,Right Foot,Outside Box,Missed
shot_6838,125067,777,25,65961,63257,81,Open Play,Right Foot,Inside Box,Missed
shot_6839,125067,777,10,49909,134796,82,Open Play,Right Foot,Outside Box,Missed
shot_6840,125067,777,10,134796,32894,87,Open Play,Right Foot,,Saved
shot_6841,125067,777,10,130665,19919,90+2',Open Play,Right Foot,Inside Box,Missed
shot_6842,125067,777,10,5178,32894,90+5',Open Play,Right Foot,,Blocked
shot_6843,125068,777,6,35670,49759,2,Open Play,Left Foot,Inside Box,Missed
shot_6844,125068,777,6,49796,76353,3,Open Play,Right Foot,Outside Box,Blocked
shot_6845,125068,777,12,23396,,3,Open Play,Right Foot,Outside Box,Saved
shot_6846,125068,777,6,76104,49374,4,Set Piece,Header,Inside Box,Goal
shot_6847,125068,777,6,49796,76353,12,Open Play,Right Foot,Inside Box,Saved
shot_6848,125068,777,12,9566,66360,31,Open Play,Header,Inside Box,Blocked
shot_6849,125068,777,12,33245,66360,37,Open Play,Right Foot,Outside Box,Blocked
shot_6850,125068,777,12,66036,23396,38,Open Play,Header,Inside Box,Saved
shot_6851,125068,777,12,23396,,42,Open Play,Right Foot,Outside Box,Saved
shot_6852,125068,777,12,5793,23396,43,Set Piece,Header,Inside Box,Missed
shot_6853,125068,777,12,66036,,47,Open Play,Right Foot,Inside Box,Blocked
shot_6854,125068,777,12,5793,24252,48,Set Piece,Header,Inside Box,Missed
shot_6855,125068,777,12,66036,108936,50,Open Play,Header,Inside Box,Saved
shot_6856,125068,777,6,35670,24334,51,Open Play,Left Foot,Inside Box,Missed
shot_6857,125068,777,12,23396,,57,Penalty,Right Foot,Inside Box,Goal
shot_6858,125068,777,12,23396,5793,64,Open Play,Right Foot,Outside Box,Missed
shot_6859,125068,777,6,49796,50842,64,Open Play,Right Foot,Outside Box,Saved
shot_6860,125068,777,12,66036,23396,65,Open Play,Header,Inside Box,Goal
shot_6861,125068,777,12,51202,23396,67,Open Play,Right Foot,Outside Box,Saved
shot_6862,125068,777,12,5793,66360,74,Open Play,Right Foot,Inside Box,Saved
shot_6863,125068,777,6,8589,24334,77,Open Play,Left Foot,Inside Box,Blocked
shot_6864,125068,777,12,69176,23396,80,Open Play,Left Foot,Outside Box,Saved
shot_6865,125068,777,12,51202,23396,82,Open Play,Right Foot,Outside Box,Saved
shot_6866,125068,777,6,24334,49759,84,Set Piece,Left Foot,Outside Box,Missed
shot_6867,125068,777,12,69176,108936,90+3',Open Play,Right Foot,Outside Box,Saved
shot_6868,125068,777,12,50848,69176,90+5',Open Play,Right Foot,Inside Box,Blocked
shot_6869,125068,777,12,108936,50848,90+7',Open Play,Right Foot,Outside Box,Missed
shot_6870,125068,777,12,50848,69176,90+7',Open Play,Left Foot,Inside Box,Blocked
shot_6871,125069,777,7,31936,12582,9,Open Play,Right Foot,Outside Box,Missed
shot_6872,125069,777,7,24797,12582,11,Open Play,Left Foot,Outside Box,Missed
shot_6873,125069,777,23,20607,23747,13,Open Play,Right Foot,Inside Box,Missed
shot_6874,125069,777,7,66318,23841,19,Set Piece,Header,Inside Box,Goal
shot_6875,125069,777,23,20607,124462,30,Open Play,Header,Inside Box,Saved
shot_6876,125069,777,23,49259,71623,31,Open Play,Left Foot,Outside Box,Saved
shot_6877,125069,777,23,19888,71623,32,Open Play,Right Foot,Outside Box,Goal
shot_6878,125069,777,7,126789,,34,Open Play,Right Foot,Inside Box,Goal
shot_6879,125069,777,7,24797,126789,34,Open Play,Left Foot,Outside Box,Saved
shot_6880,125069,777,23,108922,,45+2',Set Piece,Left Foot,Outside Box,Missed
shot_6881,125069,777,7,24797,112589,47,Open Play,Left Foot,Inside Box,Saved
shot_6882,125069,777,23,3905,,54,Set Piece,Right Foot,Outside Box,Missed
shot_6883,125069,777,7,24797,14706,58,Open Play,Left Foot,Outside Box,Blocked
shot_6884,125069,777,23,71623,20607,59,Open Play,Right Foot,Outside Box,Blocked
shot_6885,125069,777,23,23747,,60,Open Play,Left Foot,Inside Box,Saved
shot_6886,125069,777,23,124462,,61,Open Play,Left Foot,Inside Box,Blocked
shot_6887,125069,777,23,9662,3905,63,Open Play,Left Foot,Outside Box,Blocked
shot_6888,125069,777,7,126789,14706,65,Open Play,Right Foot,Inside Box,Hit the Woodwork
shot_6889,125069,777,23,14716,,69,Set Piece,Right Foot,Inside Box,Missed
shot_6890,125069,777,23,14446,14716,70,Open Play,Right Foot,Outside Box,Missed
shot_6891,125069,777,23,14716,71623,78,Open Play,Right Foot,Outside Box,Blocked
shot_6892,125069,777,23,23747,14446,78,Open Play,Left Foot,Outside Box,Blocked
shot_6893,125069,777,23,117497,,80,Open Play,Header,Inside Box,Missed
shot_6894,125069,777,23,9662,20607,82,Open Play,Right Foot,Inside Box,Goal
shot_6895,125069,777,7,143922,14706,83,Open Play,,Inside Box,Goal
shot_6896,125069,777,23,71623,,90+4',Open Play,Right Foot,Outside Box,Saved
shot_6897,125070,777,38,145492,,2,Set Piece,Right Foot,Outside Box,Missed
shot_6898,125070,777,2,8658,23968,6,Open Play,Right Foot,Inside Box,Blocked
shot_6899,125070,777,2,21529,24626,7,Set Piece,Header,Inside Box,Missed
shot_6900,125070,777,38,92635,115114,14,Set Piece,Right Foot,Inside Box,Missed
shot_6901,125070,777,2,24626,13344,17,Open Play,Right Foot,Inside Box,Saved
shot_6902,125070,777,2,23968,14801,23,Open Play,Left Foot,Outside Box,Saved
shot_6903,125070,777,38,92635,,52,Open Play,Left Foot,Outside Box,Missed
shot_6904,125070,777,2,108096,24626,59,Set Piece,Header,Inside Box,Missed
shot_6905,125070,777,38,133679,9199,61,Open Play,Right Foot,Inside Box,Goal
shot_6906,125070,777,38,115114,126108,67,Open Play,Right Foot,Inside Box,Blocked
shot_6907,125070,777,2,20489,13286,73,Open Play,Left Foot,Inside Box,Blocked
shot_6908,125070,777,2,51223,4115,77,Open Play,Left Foot,Inside Box,Saved
shot_6909,125070,777,2,23968,13286,79,Open Play,Right Foot,Outside Box,Saved
shot_6910,125070,777,38,145492,,81,Open Play,Right Foot,Inside Box,Missed
shot_6911,125070,777,2,13286,51223,84,Open Play,Right Foot,Inside Box,Blocked
shot_6912,125070,777,2,108096,13344,85,Set Piece,Header,Inside Box,Missed
shot_6913,125070,777,38,133679,115371,90,Open Play,Right Foot,Outside Box,Blocked
shot_6914,125070,777,2,23968,51223,90,Open Play,Right Foot,Outside Box,Blocked
shot_6915,125070,777,2,51223,,90+6',Open Play,Left Foot,Outside Box,Blocked
shot_6916,125070,777,2,23968,,90+7',Open Play,Right Foot,,Blocked
shot_6917,125070,777,2,108096,,90+7',Open Play,Right Foot,Inside Box,Blocked
shot_6918,125070,777,38,108947,,90+8',Open Play,Right Foot,Inside Box,Goal
shot_6919,125070,777,38,133679,145492,90+8',Open Play,Left Foot,Inside Box,Blocked
shot_6920,125071,777,2,24626,20489,2,Open Play,Right Foot,Inside Box,Goal
shot_6921,125071,777,4,72371,68987,6,Open Play,Header,Inside Box,Saved
shot_6922,125071,777,4,49293,68987,15,Open Play,Left Foot,Outside Box,Saved
shot_6923,125071,777,4,66284,,16,Open Play,Header,Inside Box,Blocked
shot_6924,125071,777,4,68987,49293,22,Open Play,Right Foot,Inside Box,Blocked
shot_6925,125071,777,2,8658,4245,24,Open Play,Right Foot,Inside Box,Saved
shot_6926,125071,777,4,63741,68987,24,Open Play,Right Foot,Inside Box,Saved
shot_6927,125071,777,4,68987,63741,29,Open Play,Right Foot,Inside Box,Blocked
shot_6928,125071,777,4,14571,68987,29,Open Play,Right Foot,Inside Box,Blocked
shot_6929,125071,777,4,66284,,30,Set Piece,Header,Inside Box,Missed
shot_6930,125071,777,2,8658,26408,31,Open Play,Right Foot,Inside Box,Saved
shot_6931,125071,777,2,23968,51223,34,Open Play,Right Foot,Inside Box,Saved
shot_6932,125071,777,4,72371,68827,35,Open Play,Right Foot,Inside Box,Goal
shot_6933,125071,777,4,119041,68987,45+3',Open Play,Right Foot,Inside Box,Missed
shot_6934,125071,777,4,72371,63741,45+6',Open Play,Left Foot,Inside Box,Goal
shot_6935,125071,777,2,23968,,49,Set Piece,Right Foot,Outside Box,Missed
shot_6936,125071,777,4,49293,72371,55,Open Play,Left Foot,Inside Box,Goal
shot_6937,125071,777,4,72371,68987,64,Open Play,Right Foot,Inside Box,Goal
shot_6938,125071,777,4,72371,49293,71,Open Play,Right Foot,Inside Box,Missed
shot_6939,125071,777,2,326089,,80,Open Play,Right Foot,Inside Box,Missed
shot_6940,125071,777,4,68987,27277,82,Open Play,Right Foot,Inside Box,Saved
shot_6941,125071,777,2,4115,14801,84,Open Play,Right Foot,Outside Box,Blocked
shot_6942,125071,777,2,23968,14801,84,Open Play,Right Foot,Outside Box,Missed
shot_6943,125071,777,2,13286,4115,90,Open Play,Header,Inside Box,Hit the Woodwork
shot_6944,125072,777,127,14846,33032,23,Open Play,Right Foot,Inside Box,Missed
shot_6945,125072,777,130,49726,124052,24,Open Play,Right Foot,Outside Box,Blocked
shot_6946,125072,777,127,74976,42894,32,Open Play,Left Foot,Outside Box,Missed
shot_6947,125072,777,127,51942,74965,34,Set Piece,Header,Inside Box,Missed
shot_6948,125072,777,130,133890,49731,44,Open Play,Left Foot,Outside Box,Blocked
shot_6949,125072,777,127,14846,74976,45+1',Open Play,Left Foot,,Saved
shot_6950,125072,777,127,14846,119381,48,Open Play,Left Foot,Inside Box,Hit the Woodwork
shot_6951,125072,777,127,119381,14846,53,Open Play,Right Foot,Inside Box,Missed
shot_6952,125072,777,127,74976,,58,Open Play,Right Foot,Inside Box,Blocked
shot_6953,125072,777,127,14846,15572,59,Open Play,Left Foot,Inside Box,Missed
shot_6954,125072,777,127,15572,119381,59,Open Play,Left Foot,Outside Box,Missed
shot_6955,125072,777,127,119381,,71,Open Play,Right Foot,Outside Box,Blocked
shot_6956,125072,777,130,133890,127594,72,Open Play,Left Foot,Inside Box,Saved
shot_6957,125072,777,130,65987,49726,75,Open Play,Header,Inside Box,Saved
shot_6958,125072,777,127,14846,33032,77,Open Play,Left Foot,Inside Box,Hit the Woodwork
shot_6959,125072,777,127,118080,74976,86,Open Play,Left Foot,Outside Box,Saved
shot_6960,125072,777,130,127594,49726,89,Set Piece,Header,Inside Box,Missed
shot_6961,125072,777,127,137832,14846,90+3',Open Play,Left Foot,Inside Box,Blocked
shot_6962,125073,777,131,124396,,3,Open Play,Left Foot,Outside Box,Blocked
shot_6963,125073,777,1,49481,67776,9,Open Play,Left Foot,Inside Box,Goal
shot_6964,125073,777,131,117732,51830,12,Open Play,Left Foot,Inside Box,Blocked
shot_6965,125073,777,131,51830,,18,Open Play,Right Foot,Inside Box,Blocked
shot_6966,125073,777,131,124396,112739,22,Open Play,Left Foot,Outside Box,Missed
shot_6967,125073,777,131,112739,76090,35,Open Play,Header,Inside Box,Missed
shot_6968,125073,777,131,117732,51830,39,Open Play,Right Foot,Outside Box,Blocked
shot_6969,125073,777,131,112739,,53,Open Play,Right Foot,Inside Box,Blocked
shot_6970,125073,777,1,66104,,56,Open Play,Header,Inside Box,Missed
shot_6971,125073,777,1,49481,32728,57,Open Play,Left Foot,Inside Box,Missed
shot_6972,125073,777,131,51830,143240,58,Open Play,Right Foot,Outside Box,Saved
shot_6973,125073,777,131,72239,,63,Open Play,Header,Inside Box,Saved
shot_6974,125073,777,1,20810,15202,66,Open Play,Left Foot,Outside Box,Blocked
shot_6975,125073,777,1,64523,15202,68,Set Piece,Header,Inside Box,Missed
shot_6976,125073,777,131,112739,76090,69,Open Play,Header,Inside Box,Missed
shot_6977,125073,777,131,124396,136175,69,Open Play,Left Foot,Outside Box,Blocked
shot_6978,125073,777,1,20486,67776,74,Set Piece,Left Foot,Inside Box,Missed
shot_6979,125073,777,1,20810,20486,88,Open Play,Left Foot,Inside Box,Saved
shot_6980,125074,777,43,64282,50460,2,Open Play,Right Foot,Inside Box,Missed
shot_6981,125074,777,7,12582,23841,7,Set Piece,Right Foot,Outside Box,Missed
shot_6982,125074,777,7,14706,,19,Set Piece,Left Foot,Inside Box,Missed
shot_6983,125074,777,7,31936,126789,25,Open Play,Right Foot,Outside Box,Blocked
shot_6984,125074,777,7,8143,23841,32,Set Piece,Header,Inside Box,Goal
shot_6985,125074,777,7,14706,23841,37,Set Piece,Left Foot,Outside Box,Missed
shot_6986,125074,777,7,14706,,45+2',Open Play,Left Foot,Inside Box,Blocked
shot_6987,125074,777,7,66318,23841,45+2',Open Play,Header,Inside Box,Saved
shot_6988,125074,777,7,126789,24797,45+3',Open Play,Right Foot,Inside Box,Blocked
shot_6989,125074,777,7,24797,,45+3',Open Play,Left Foot,Inside Box,Saved
shot_6990,125074,777,7,24797,,45+5',Open Play,Right Foot,Inside Box,Blocked
shot_6991,125074,777,7,126789,,52,Open Play,Header,Inside Box,Missed
shot_6992,125074,777,7,14706,31936,60,Open Play,Left Foot,Inside Box,Goal
shot_6993,125074,777,7,12582,,74,Open Play,Right Foot,Outside Box,Hit the Woodwork
shot_6994,125074,777,7,14706,23841,76,Open Play,Left Foot,Outside Box,Saved
shot_6995,125074,777,43,50460,137462,79,Open Play,Right Foot,Outside Box,Saved
shot_6996,125074,777,43,50460,137462,90+2',Open Play,Right Foot,Outside Box,Missed
shot_6997,125074,777,43,64282,137462,90+8',Open Play,Right Foot,Inside Box,Saved
shot_6998,125074,777,43,137462,,90+8',Open Play,Right Foot,Inside Box,Blocked
shot_6999,125075,777,25,63257,8868,1,Open Play,Right Foot,Inside Box,Saved
shot_7000,125075,777,34,53063,128976,4,Open Play,Left Foot,Outside Box,Saved
shot_7001,125075,777,34,128976,14624,9,Open Play,Left Foot,Inside Box,Missed
shot_7002,125075,777,25,8868,63257,15,Open Play,Left Foot,Outside Box,Blocked
shot_7003,125075,777,34,4880,3894,27,Open Play,Header,Inside Box,Blocked
shot_7004,125075,777,34,4717,,28,Open Play,Right Foot,Inside Box,Saved
shot_7005,125075,777,25,8868,63257,31,Open Play,Right Foot,Inside Box,Missed
shot_7006,125075,777,25,8454,14164,44,Open Play,Right Foot,Inside Box,Missed
shot_7007,125075,777,34,128976,14624,45+2',Open Play,Right Foot,Inside Box,Saved
shot_7008,125075,777,34,11071,,45+2',Open Play,Right Foot,Outside Box,Blocked
shot_7009,125075,777,25,25183,8868,46,Open Play,Header,Inside Box,Saved
shot_7010,125075,777,25,65961,63257,54,Open Play,Right Foot,Outside Box,Blocked
shot_7011,125075,777,25,8454,65961,59,Open Play,Right Foot,Inside Box,Missed
shot_7012,125075,777,34,117763,4717,64,Open Play,Header,Inside Box,Blocked
shot_7013,125075,777,25,65961,8868,65,Open Play,Left Foot,Inside Box,Goal
shot_7014,125075,777,34,14445,,65,Open Play,Left Foot,Inside Box,Saved
shot_7015,125075,777,34,4717,,69,Set Piece,Right Foot,Outside Box,Missed
shot_7016,125075,777,25,119072,,76,Open Play,Right Foot,Outside Box,Missed
shot_7017,125075,777,34,117763,4880,78,Open Play,Header,Inside Box,Missed
shot_7018,125075,777,34,6712,66657,84,Set Piece,Header,Inside Box,Missed
shot_7019,125075,777,34,6712,,88,Open Play,Right Foot,Inside Box,Saved
shot_7020,125075,777,34,14656,14624,89,Open Play,Header,Inside Box,Blocked
shot_7021,125076,777,9,75543,,8,Open Play,Left Foot,Outside Box,Missed
shot_7022,125076,777,9,63289,115255,11,Open Play,Left Foot,Inside Box,Blocked
shot_7023,125076,777,9,116888,,33,Open Play,Right Foot,Outside Box,Saved
shot_7024,125076,777,9,14608,,38,Open Play,Right Foot,Inside Box,Missed
shot_7025,125076,777,9,63289,116888,38,Open Play,Right Foot,Inside Box,Blocked
shot_7026,125076,777,29,19864,138104,40,Open Play,Header,Inside Box,Blocked
shot_7027,125076,777,9,116888,,45+3',Open Play,Right Foot,Outside Box,Blocked
shot_7028,125076,777,29,52989,12136,66,Open Play,Left Foot,Inside Box,Blocked
shot_7029,125076,777,29,126110,,70,Penalty,Right Foot,Inside Box,Goal
shot_7030,125076,777,9,14608,14807,73,Open Play,Right Foot,Outside Box,Saved
shot_7031,125076,777,9,68676,33124,82,Open Play,Right Foot,Inside Box,Missed
shot_7032,125076,777,9,14608,13797,82,Open Play,Right Foot,Inside Box,Blocked
shot_7033,125076,777,9,50151,,87,Open Play,Right Foot,Inside Box,Blocked
shot_7034,125076,777,9,33124,19731,87,Open Play,Header,Inside Box,Blocked
shot_7035,125076,777,9,50643,14807,89,Open Play,Left Foot,Inside Box,Blocked
shot_7036,125076,777,9,50151,19731,90+8',Open Play,Header,Inside Box,Saved
shot_7037,125076,777,9,50643,,90+9',Open Play,Left Foot,Outside Box,Missed
shot_7038,125076,777,9,116888,,90+11',Open Play,Right Foot,Outside Box,Blocked
shot_7039,125076,777,9,19731,116888,90+12',Open Play,Header,Inside Box,Blocked
shot_7040,125076,777,9,9576,50643,90+12',Open Play,Right Foot,Inside Box,Missed
shot_7041,125076,777,9,50151,,90+13',Open Play,Header,Inside Box,Saved
shot_7042,125077,777,15,15259,,1,Open Play,Left Foot,Inside Box,Blocked
shot_7043,125077,777,15,51593,,1,Open Play,Right Foot,Outside Box,Blocked
shot_7044,125077,777,11,25474,14805,7,Open Play,Left Foot,Inside Box,Missed
shot_7045,125077,777,11,5067,68150,19,Open Play,Left Foot,Inside Box,Saved
shot_7046,125077,777,11,14805,76204,22,Open Play,Left Foot,Outside Box,Missed
shot_7047,125077,777,11,14805,76204,23,Open Play,Left Foot,Outside Box,Saved
shot_7048,125077,777,11,5067,71432,23,Open Play,Left Foot,Outside Box,Blocked
shot_7049,125077,777,15,15259,115172,26,Open Play,Right Foot,Inside Box,Saved
shot_7050,125077,777,11,25474,68150,31,Open Play,Left Foot,Inside Box,Goal
shot_7051,125077,777,15,304123,108816,34,Open Play,Right Foot,Inside Box,Saved
shot_7052,125077,777,11,65970,14805,43,Open Play,Left Foot,,Missed
shot_7053,125077,777,11,5067,16431,49,Open Play,Left Foot,Inside Box,Saved
shot_7054,125077,777,11,16286,68150,50,Open Play,Header,Inside Box,Blocked
shot_7055,125077,777,11,68150,5067,52,Open Play,Right Foot,Inside Box,Missed
shot_7056,125077,777,15,15259,304123,56,Open Play,Right Foot,Inside Box,Goal
shot_7057,125077,777,11,68150,,58,Open Play,Right Foot,Inside Box,Blocked
shot_7058,125077,777,11,5067,16286,58,Open Play,Left Foot,Inside Box,Blocked
shot_7059,125077,777,15,304123,15259,59,Open Play,Right Foot,Outside Box,Blocked
shot_7060,125077,777,11,65970,5067,61,Open Play,Left Foot,Inside Box,Blocked
shot_7061,125077,777,11,16286,71432,62,Set Piece,Header,Inside Box,Goal
shot_7062,125077,777,15,51593,23702,76,Open Play,Right Foot,Outside Box,Goal
shot_7063,125077,777,15,51593,23811,81,Open Play,Right Foot,Inside Box,Missed
shot_7064,125077,777,11,54156,16286,82,Open Play,Left Foot,Outside Box,Missed
shot_7065,125077,777,11,14569,5067,86,Set Piece,Header,Inside Box,Missed
shot_7066,125077,777,15,14238,51593,90+1',Set Piece,Header,Inside Box,Missed
shot_7067,125077,777,11,16286,,90+3',Set Piece,Right Foot,Inside Box,Missed
shot_7068,125077,777,11,25474,,90+6',Set Piece,Right Foot,Outside Box,Hit the Woodwork
shot_7069,125077,777,11,126943,,90+9',Open Play,Left Foot,Inside Box,Blocked
shot_7070,125077,777,11,5067,54156,90+9',Open Play,Left Foot,Inside Box,Blocked
shot_7071,125078,777,23,108922,,3,Open Play,Right Foot,Inside Box,Missed
shot_7072,125078,777,12,51202,23396,7,Open Play,Right Foot,Outside Box,Missed
shot_7073,125078,777,23,14716,49259,9,Open Play,Right Foot,Inside Box,Blocked
shot_7074,125078,777,23,49259,,13,Open Play,Right Foot,Inside Box,Missed
shot_7075,125078,777,23,14716,23747,14,Open Play,Right Foot,Outside Box,Missed
shot_7076,125078,777,23,71623,,20,Open Play,Right Foot,Outside Box,Missed
shot_7077,125078,777,12,66036,,24,Open Play,Right Foot,Inside Box,Blocked
shot_7078,125078,777,23,20607,23747,34,Open Play,Right Foot,Outside Box,Missed
shot_7079,125078,777,23,14716,49259,41,Open Play,Right Foot,Inside Box,Saved
shot_7080,125078,777,12,108936,66360,42,Open Play,Right Foot,Outside Box,Saved
shot_7081,125078,777,12,66360,,45,Open Play,Right Foot,Inside Box,Missed
shot_7082,125078,777,12,51202,23396,45,Open Play,Left Foot,Inside Box,Saved
shot_7083,125078,777,12,51202,,45+3',Open Play,Right Foot,Inside Box,Blocked
shot_7084,125078,777,23,23747,,45+6',Penalty,Right Foot,Inside Box,Goal
shot_7085,125078,777,12,5793,23396,45+9',Set Piece,Header,Inside Box,Goal
shot_7086,125078,777,23,23747,71623,53,Open Play,Left Foot,Outside Box,Saved
shot_7087,125078,777,23,23747,71623,66,Set Piece,Right Foot,Inside Box,Missed
shot_7088,125078,777,12,33245,23396,70,Open Play,Right Foot,Outside Box,Blocked
shot_7089,125078,777,12,118591,23396,75,Open Play,Header,Inside Box,Saved
shot_7090,125078,777,12,118031,23396,76,Open Play,Header,Inside Box,Missed
shot_7091,125078,777,23,124462,71623,79,Open Play,Header,Inside Box,Saved
shot_7092,125078,777,12,23396,51202,82,Open Play,Right Foot,Outside Box,Missed
shot_7093,125078,777,12,118031,23396,88,Open Play,Right Foot,Outside Box,Blocked
shot_7094,125078,777,12,66036,50848,88,Open Play,Left Foot,Inside Box,Blocked
shot_7095,125078,777,12,50848,23396,89,Open Play,Right Foot,Outside Box,Saved
shot_7096,125078,777,23,114590,3905,90,Open Play,Left Foot,Inside Box,Goal
shot_7097,125079,777,6,69595,,1,Open Play,Left Foot,Inside Box,Saved
shot_7098,125079,777,21,117318,19858,6,Open Play,Right Foot,Inside Box,Missed
shot_7099,125079,777,6,76353,,12,Open Play,Left Foot,Inside Box,Blocked
shot_7100,125079,777,21,76614,32229,15,Open Play,Right Foot,Inside Box,Saved
shot_7101,125079,777,21,10443,117596,34,Set Piece,Left Foot,Inside Box,Goal
shot_7102,125079,777,21,76614,327705,34,Open Play,Right Foot,Inside Box,Blocked
shot_7103,125079,777,6,49796,,40,Penalty,Right Foot,Inside Box,Goal
shot_7104,125079,777,6,35670,69595,45+1',Open Play,Right Foot,Inside Box,Goal
shot_7105,125079,777,6,49796,69595,45+7',Open Play,Right Foot,Inside Box,Goal
shot_7106,125079,777,21,25892,76614,46,Open Play,Header,Inside Box,Saved
shot_7107,125079,777,21,117596,,48,Open Play,Left Foot,Inside Box,Blocked
shot_7108,125079,777,21,117318,10443,48,Open Play,Left Foot,Inside Box,Blocked
shot_7109,125079,777,21,25892,76614,48,Open Play,Header,Inside Box,Blocked
shot_7110,125079,777,21,19858,76614,56,Open Play,Right Foot,Outside Box,Missed
shot_7111,125079,777,6,69595,35670,60,Open Play,Right Foot,Outside Box,Blocked
shot_7112,125079,777,21,10443,76614,68,Open Play,Right Foot,Inside Box,Saved
shot_7113,125079,777,6,35670,147312,70,Open Play,Left Foot,Inside Box,Missed
shot_7114,125079,777,6,146391,,84,Open Play,Left Foot,Inside Box,Blocked
shot_7115,125079,777,21,69274,,86,Open Play,Right Foot,Outside Box,Blocked
shot_7116,125079,777,6,147312,,90,Set Piece,Header,Inside Box,Missed
shot_7117,125079,777,21,76614,69274,90+3',Set Piece,Header,Inside Box,Missed
shot_7118,125080,777,10,32894,63633,7,Open Play,Right Foot,Inside Box,Saved
shot_7119,125080,777,10,19919,81542,15,Open Play,Right Foot,Inside Box,Missed
shot_7120,125080,777,10,81542,33231,29,Open Play,Right Foot,Outside Box,Missed
shot_7121,125080,777,10,33231,5140,36,Open Play,Right Foot,Outside Box,Saved
shot_7122,125080,777,10,63633,33231,40,Set Piece,Header,Inside Box,Missed
shot_7123,125080,777,10,32894,116665,43,Open Play,Right Foot,Inside Box,Blocked
shot_7124,125080,777,10,32894,23815,49,Open Play,Right Foot,Outside Box,Blocked
shot_7125,125080,777,10,33231,,51,Open Play,Right Foot,Outside Box,Blocked
shot_7126,125080,777,10,5140,33231,51,Open Play,Right Foot,Inside Box,Blocked
shot_7127,125080,777,10,23815,32894,51,Set Piece,,Inside Box,Hit the Woodwork
shot_7128,125080,777,10,32894,81542,51,Set Piece,Right Foot,Inside Box,Missed
shot_7129,125080,777,10,23815,33231,53,Set Piece,Right Foot,Inside Box,Missed
shot_7130,125080,777,10,5178,63633,66,Set Piece,Left Foot,Inside Box,Missed
shot_7131,125080,777,10,33231,,72,Set Piece,Right Foot,Outside Box,Missed
shot_7132,125080,777,38,108947,115371,78,Open Play,Right Foot,Inside Box,Goal
shot_7133,125080,777,10,134796,,80,Open Play,Right Foot,Inside Box,Saved
shot_7134,125080,777,10,63633,10458,81,Open Play,Header,Inside Box,Missed
shot_7135,125080,777,10,15802,,81,Set Piece,Right Foot,Inside Box,Missed
shot_7136,125080,777,10,5178,,83,Open Play,Left Foot,Inside Box,Goal
shot_7137,125080,777,38,133679,126108,86,Open Play,Right Foot,Outside Box,Missed
shot_7138,125080,777,38,115114,143214,86,Open Play,Right Foot,,Saved
shot_7139,125080,777,10,5140,134796,90+2',Open Play,Header,Inside Box,Saved
shot_7140,125080,777,38,143214,111988,90+4',Open Play,Left Foot,Outside Box,Goal
shot_7141,125080,777,10,15802,134796,90+7',Open Play,Right Foot,Outside Box,Saved
shot_7142,125081,777,1,67407,15202,6,Open Play,Right Foot,Inside Box,Saved
shot_7143,125081,777,1,69914,66204,8,Open Play,Left Foot,Outside Box,Blocked
shot_7144,125081,777,1,69914,64523,9,Set Piece,Left Foot,Inside Box,Missed
shot_7145,125081,777,1,49481,,11,Open Play,Left Foot,Outside Box,Missed
shot_7146,125081,777,1,64523,,11,Open Play,Left Foot,Inside Box,Blocked
shot_7147,125081,777,1,64523,15202,13,Open Play,Header,Inside Box,Missed
shot_7148,125081,777,1,21584,20810,15,Open Play,Right Foot,Outside Box,Missed
shot_7149,125081,777,7,24797,,17,Open Play,Left Foot,Inside Box,Blocked
shot_7150,125081,777,7,31936,,18,Open Play,Left Foot,Inside Box,Missed
shot_7151,125081,777,7,24797,23841,18,Open Play,Left Foot,Outside Box,Hit the Woodwork
shot_7152,125081,777,7,14706,66538,31,Open Play,Left Foot,Outside Box,Saved
shot_7153,125081,777,1,21584,15202,31,Open Play,Right Foot,Outside Box,Blocked
shot_7154,125081,777,1,15202,,35,Open Play,Right Foot,Outside Box,Blocked
shot_7155,125081,777,1,69914,49481,38,Open Play,Header,Inside Box,Blocked
shot_7156,125081,777,1,21584,67407,45,Set Piece,Right Foot,Outside Box,Missed
shot_7157,125081,777,1,67407,,45,Open Play,Left Foot,Inside Box,Blocked
shot_7158,125081,777,1,49481,,45,Open Play,Left Foot,Inside Box,Blocked
shot_7159,125081,777,7,12582,31936,45+6',Open Play,Right Foot,Outside Box,Saved
shot_7160,125081,777,7,126789,24797,49,Open Play,Right Foot,Inside Box,Saved
shot_7161,125081,777,7,24797,,49,Open Play,Left Foot,Inside Box,Blocked
shot_7162,125081,777,1,49481,66204,52,Open Play,Left Foot,Outside Box,Blocked
shot_7163,125081,777,1,49481,69914,60,Open Play,Right Foot,Inside Box,Saved
shot_7164,125081,777,1,69914,119476,60,Open Play,Left Foot,Outside Box,Blocked
shot_7165,125081,777,1,21584,67407,60,Open Play,Right Foot,Outside Box,Blocked
shot_7166,125081,777,1,21584,,64,Open Play,Left Foot,Inside Box,Missed
shot_7167,125081,777,7,12582,,68,Open Play,Right Foot,Outside Box,Blocked
shot_7168,125081,777,1,50234,,75,Open Play,Left Foot,Outside Box,Missed
shot_7169,125081,777,1,21584,141181,77,Open Play,Right Foot,Outside Box,Saved
shot_7170,125081,777,1,21584,141181,77,Open Play,Left Foot,Outside Box,Missed
shot_7171,125081,777,1,141181,21584,83,Open Play,Left Foot,Inside Box,Missed
shot_7172,125081,777,1,32728,118077,89,Open Play,Right Foot,Inside Box,Goal
shot_7173,125081,777,1,66104,49481,90+3',Open Play,Right Foot,Outside Box,Saved
shot_7174,125081,777,7,4333,,90+6',Open Play,Right Foot,Inside Box,Blocked
shot_7175,125081,777,1,141181,66104,90+7',Open Play,Left Foot,Inside Box,Goal
shot_7176,125082,777,130,49731,133890,11,Open Play,Right Foot,Inside Box,Missed
shot_7177,125082,777,38,9199,126108,15,Open Play,Left Foot,Inside Box,Missed
shot_7178,125082,777,130,133460,24369,22,Open Play,Header,Inside Box,Goal
shot_7179,125082,777,130,124052,133890,26,Open Play,Header,Inside Box,Missed
shot_7180,125082,777,38,143214,,36,Open Play,Left Foot,Outside Box,Blocked
shot_7181,125082,777,38,108877,145492,36,Open Play,Header,Inside Box,Blocked
shot_7182,125082,777,130,124052,133890,37,Open Play,Right Foot,Inside Box,Goal
shot_7183,125082,777,38,145492,143214,39,Open Play,Left Foot,Outside Box,Missed
shot_7184,125082,777,130,124052,65987,41,Open Play,Header,Inside Box,Hit the Woodwork
shot_7185,125082,777,38,9199,126108,44,Open Play,Right Foot,Outside Box,Goal
shot_7186,125082,777,130,133890,,45,Open Play,Left Foot,Outside Box,Saved
shot_7187,125082,777,130,65987,133890,45+3',Set Piece,,Inside Box,Missed
shot_7188,125082,777,38,111988,66692,53,Open Play,Right Foot,Inside Box,Saved
shot_7189,125082,777,38,9199,111988,56,Open Play,Right Foot,Inside Box,Hit the Woodwork
shot_7190,125082,777,38,108877,111988,60,Open Play,Header,Inside Box,Missed
shot_7191,125082,777,38,43010,115114,64,Open Play,Header,Inside Box,Saved
shot_7192,125082,777,130,65987,133460,68,Open Play,Header,Inside Box,Missed
shot_7193,125082,777,38,14830,111988,76,Open Play,Right Foot,Outside Box,Missed
shot_7194,125082,777,38,115371,133679,77,Set Piece,Header,Inside Box,Goal
shot_7195,125082,777,38,115371,66692,79,Open Play,Header,Inside Box,Hit the Woodwork
shot_7196,125082,777,130,24369,128891,80,Open Play,Header,Inside Box,Missed
shot_7197,125082,777,130,14450,3712,90,Open Play,,Inside Box,Missed
shot_7198,125082,777,38,143214,,90+7',Open Play,Right Foot,Inside Box,Blocked
shot_7199,125083,777,127,33032,137832,2,Open Play,Right Foot,,Blocked
shot_7200,125083,777,43,50460,68593,2,Open Play,Right Foot,Inside Box,Missed
shot_7201,125083,777,127,137832,14846,3,Open Play,Right Foot,Inside Box,Blocked
shot_7202,125083,777,127,137832,,5,Open Play,Right Foot,Inside Box,Blocked
shot_7203,125083,777,127,51942,14846,7,Set Piece,Header,Inside Box,Missed
shot_7204,125083,777,43,75735,3955,14,Open Play,Right Foot,Outside Box,Saved
shot_7205,125083,777,127,15572,,15,Open Play,Left Foot,Outside Box,Blocked
shot_7206,125083,777,127,14846,137832,21,Open Play,Left Foot,Outside Box,Saved
shot_7207,125083,777,43,50460,51498,23,Open Play,Right Foot,Inside Box,Saved
shot_7208,125083,777,43,50460,,23,Open Play,Right Foot,Inside Box,Blocked
shot_7209,125083,777,43,51498,,24,Open Play,Header,Inside Box,Blocked
shot_7210,125083,777,43,75735,,25,Set Piece,Right Foot,Inside Box,Missed
shot_7211,125083,777,43,64282,75735,27,Open Play,Right Foot,Inside Box,Blocked
shot_7212,125083,777,43,51498,4617,28,Open Play,Left Foot,Inside Box,Blocked
shot_7213,125083,777,43,50460,4617,42,Set Piece,Right Foot,Inside Box,Hit the Woodwork
shot_7214,125083,777,127,33032,3512,44,Open Play,Header,Inside Box,Missed
shot_7215,125083,777,127,14846,,44,Open Play,Left Foot,Outside Box,Blocked
shot_7216,125083,777,127,137832,,49,Open Play,Right Foot,Inside Box,Blocked
shot_7217,125083,777,127,74976,3512,49,Open Play,Right Foot,Outside Box,Blocked
shot_7218,125083,777,127,54989,51942,50,Open Play,Header,Inside Box,Missed
shot_7219,125083,777,43,50460,,53,Open Play,Right Foot,Inside Box,Blocked
shot_7220,125083,777,43,75735,68593,53,Open Play,Header,Inside Box,Blocked
shot_7221,125083,777,127,14846,137832,54,Open Play,Left Foot,Outside Box,Hit the Woodwork
shot_7222,125083,777,43,75735,50460,57,Set Piece,Header,Inside Box,Missed
shot_7223,125083,777,43,68593,,60,Open Play,Right Foot,Outside Box,Blocked
shot_7224,125083,777,127,14846,,63,Open Play,Left Foot,Outside Box,Blocked
shot_7225,125083,777,127,33032,,63,Open Play,Left Foot,Inside Box,Blocked
shot_7226,125083,777,127,33032,74965,63,Open Play,Header,Inside Box,Missed
shot_7227,125083,777,127,134234,14846,65,Open Play,Left Foot,Outside Box,Blocked
shot_7228,125083,777,127,33032,119381,67,Open Play,Right Foot,Inside Box,Missed
shot_7229,125083,777,127,33032,118080,71,Open Play,Left Foot,Inside Box,Saved
shot_7230,125083,777,127,51942,14846,74,Set Piece,Header,Inside Box,Missed
shot_7231,125083,777,43,15139,50460,77,Open Play,Left Foot,Inside Box,Blocked
shot_7232,125083,777,127,118080,137832,79,Open Play,Left Foot,Outside Box,Missed
shot_7233,125083,777,43,68593,75735,82,Open Play,Right Foot,Outside Box,Missed
shot_7234,125083,777,127,16582,13706,90+3',Open Play,Right Foot,Inside Box,Missed
shot_7235,125083,777,127,13706,74965,90+6',Open Play,Header,Inside Box,Missed
shot_7236,125084,777,4,66284,14571,9,Set Piece,Header,Inside Box,Missed
shot_7237,125084,777,4,14571,,12,Open Play,Right Foot,Outside Box,Missed
shot_7238,125084,777,4,68987,14571,13,Open Play,Right Foot,Inside Box,Saved
shot_7239,125084,777,4,49293,68827,14,Open Play,Left Foot,Inside Box,Missed
shot_7240,125084,777,4,68987,14571,16,Open Play,Right Foot,Outside Box,Missed
shot_7241,125084,777,4,63741,68987,16,Open Play,Right Foot,Outside Box,Blocked
shot_7242,125084,777,23,23747,14446,18,Open Play,Right Foot,Inside Box,Goal
shot_7243,125084,777,23,124462,108922,24,Set Piece,Header,Inside Box,Missed
shot_7244,125084,777,4,49293,68987,30,Open Play,Left Foot,Inside Box,Blocked
shot_7245,125084,777,23,14446,19888,34,Open Play,Right Foot,,Saved
shot_7246,125084,777,4,49293,112203,37,Open Play,Left Foot,Outside Box,Saved
shot_7247,125084,777,4,14571,49293,37,Open Play,Right Foot,Outside Box,Blocked
shot_7248,125084,777,4,14571,,40,Set Piece,Right Foot,Outside Box,Missed
shot_7249,125084,777,23,19888,14716,45+3',Open Play,Right Foot,Outside Box,Saved
shot_7250,125084,777,4,51813,,49,Open Play,Right Foot,Outside Box,Saved
shot_7251,125084,777,23,9662,19888,51,Open Play,Left Foot,Outside Box,Blocked
shot_7252,125084,777,4,72371,27277,52,Open Play,Left Foot,Outside Box,Blocked
shot_7253,125084,777,4,68987,27277,54,Open Play,Right Foot,Outside Box,Blocked
shot_7254,125084,777,4,72371,27277,60,Open Play,Left Foot,Inside Box,Blocked
shot_7255,125084,777,4,72371,63741,67,Open Play,Left Foot,Outside Box,Blocked
shot_7256,125084,777,23,23747,14446,69,Open Play,Right Foot,Outside Box,Saved
shot_7257,125084,777,4,51813,63741,71,Open Play,Right Foot,,Blocked
shot_7258,125084,777,4,51813,27277,75,Open Play,Left Foot,Inside Box,Missed
shot_7259,125084,777,4,14575,14571,79,Set Piece,Header,Inside Box,Missed
shot_7260,125084,777,23,23747,19888,82,Open Play,Left Foot,Outside Box,Saved
shot_7261,125084,777,4,51813,49293,85,Open Play,Header,Inside Box,Missed
shot_7262,125084,777,4,14571,,90+3',Set Piece,Right Foot,Outside Box,Hit the Woodwork
shot_7263,125084,777,4,63741,68987,90+7',Open Play,Right Foot,Outside Box,Blocked
shot_7264,125084,777,4,72371,49293,90+8',Open Play,Header,Inside Box,Missed
shot_7265,125085,777,9,63289,,1,Open Play,Right Foot,Outside Box,Blocked
shot_7266,125085,777,6,49374,,6,Open Play,Right Foot,Outside Box,Blocked
shot_7267,125085,777,9,63289,,15,Open Play,Left Foot,Inside Box,Missed
shot_7268,125085,777,9,9576,13796,20,Open Play,Header,Inside Box,Saved
shot_7269,125085,777,6,37776,49374,22,Set Piece,Header,Inside Box,Missed
shot_7270,125085,777,9,9576,116888,25,Open Play,Header,Inside Box,Saved
shot_7271,125085,777,6,76104,50842,27,Open Play,Header,Inside Box,Missed
shot_7272,125085,777,6,50842,49374,27,Open Play,Right Foot,Inside Box,Blocked
shot_7273,125085,777,9,19731,63289,42,Open Play,Right Foot,Inside Box,Blocked
shot_7274,125085,777,9,50151,116888,43,Open Play,Header,Inside Box,Blocked
shot_7275,125085,777,9,9576,,45,Penalty,Right Foot,Inside Box,Missed
shot_7276,125085,777,6,72265,,49,Open Play,Right Foot,Inside Box,Missed
shot_7277,125085,777,9,50151,116888,55,Set Piece,Header,Inside Box,Missed
shot_7278,125085,777,9,13515,,57,Set Piece,Right Foot,Outside Box,Missed
shot_7279,125085,777,6,76104,147312,70,Open Play,Right Foot,Outside Box,Blocked
shot_7280,125085,777,6,76104,,71,Open Play,Right Foot,Inside Box,Blocked
shot_7281,125085,777,6,69595,,71,Open Play,Right Foot,Outside Box,Blocked
shot_7282,125085,777,6,69595,,77,Open Play,Left Foot,Outside Box,Blocked
shot_7283,125085,777,6,109117,,84,Open Play,Right Foot,Outside Box,Blocked
shot_7284,125085,777,6,76104,69595,87,Set Piece,Header,Inside Box,Missed
shot_7285,125085,777,9,116888,,89,Open Play,Right Foot,Outside Box,Saved
shot_7286,125085,777,6,20874,50842,90+6',Open Play,Right Foot,Inside Box,Missed
shot_7287,125086,777,10,32894,75382,10,Open Play,Left Foot,Inside Box,Missed
shot_7288,125086,777,21,327705,,12,Open Play,Left Foot,Outside Box,Saved
shot_7289,125086,777,21,23764,76614,16,Open Play,Right Foot,Outside Box,Blocked
shot_7290,125086,777,10,33231,,18,Set Piece,Right Foot,,Goal
shot_7291,125086,777,10,49909,5140,21,Open Play,Right Foot,Outside Box,Missed
shot_7292,125086,777,10,32894,63633,26,Open Play,Right Foot,Outside Box,Blocked
shot_7293,125086,777,10,134796,75382,34,Open Play,Left Foot,Inside Box,Blocked
shot_7294,125086,777,10,32894,63633,36,Open Play,Right Foot,Inside Box,Saved
shot_7295,125086,777,21,24630,76614,45,Open Play,Header,Inside Box,Missed
shot_7296,125086,777,21,24630,76614,45+3',Open Play,Header,Inside Box,Saved
shot_7297,125086,777,10,134796,,51,Open Play,Right Foot,Inside Box,Missed
shot_7298,125086,777,10,134796,75382,53,Open Play,Right Foot,Outside Box,Saved
shot_7299,125086,777,21,24630,71923,55,Open Play,Left Foot,Inside Box,Saved
shot_7300,125086,777,21,69274,,56,Open Play,Right Foot,Outside Box,Blocked
shot_7301,125086,777,10,33231,75382,57,Open Play,Right Foot,Outside Box,Blocked
shot_7302,125086,777,21,69274,24630,57,Set Piece,Header,Inside Box,Missed
shot_7303,125086,777,10,81542,5178,68,Open Play,Left Foot,Inside Box,Missed
shot_7304,125086,777,21,24630,,68,Open Play,Right Foot,Outside Box,Saved
shot_7305,125086,777,10,5178,81542,69,Open Play,Left Foot,Inside Box,Blocked
shot_7306,125086,777,10,5178,,73,Open Play,Right Foot,Inside Box,Missed
shot_7307,125086,777,21,23764,69274,74,Open Play,Right Foot,Inside Box,Saved
shot_7308,125086,777,21,76614,23764,75,Open Play,Right Foot,Outside Box,Blocked
shot_7309,125086,777,10,5178,32894,77,Open Play,Left Foot,Outside Box,Missed
shot_7310,125086,777,10,49909,,78,Open Play,Left Foot,Inside Box,Saved
shot_7311,125086,777,10,10458,5178,78,Open Play,Header,Inside Box,Blocked
shot_7312,125086,777,10,33231,,85,Open Play,Left Foot,Outside Box,Missed
shot_7313,125086,777,21,69274,117596,88,Open Play,Right Foot,Outside Box,Saved
shot_7314,125086,777,21,24630,51185,90,Open Play,Right Foot,Inside Box,Goal
shot_7315,125086,777,10,81542,15802,90+6',Open Play,Right Foot,Inside Box,Blocked
shot_7316,125086,777,21,32229,,90+6',Set Piece,Right Foot,Inside Box,Missed
shot_7317,125087,777,2,26408,23968,9,Open Play,Header,Inside Box,Missed
shot_7318,125087,777,12,23396,69176,20,Open Play,Left Foot,Outside Box,Blocked
shot_7319,125087,777,12,69176,9566,22,Open Play,Header,Inside Box,Saved
shot_7320,125087,777,2,51423,5758,24,Open Play,Left Foot,Outside Box,Missed
shot_7321,125087,777,12,66360,,35,Set Piece,Left Foot,Outside Box,Missed
shot_7322,125087,777,12,5793,23396,37,Open Play,Right Foot,Inside Box,Blocked
shot_7323,125087,777,12,24252,23396,38,Open Play,Left Foot,Inside Box,Missed
shot_7324,125087,777,12,23396,108936,43,Open Play,Right Foot,Outside Box,Missed
shot_7325,125087,777,12,69176,66360,48,Open Play,Right Foot,Inside Box,Missed
shot_7326,125087,777,12,51202,,51,Set Piece,Right Foot,Outside Box,Missed
shot_7327,125087,777,12,23396,69176,51,Open Play,Right Foot,Outside Box,Blocked
shot_7328,125087,777,12,66360,23396,52,Open Play,Left Foot,Inside Box,Saved
shot_7329,125087,777,12,5793,23396,53,Set Piece,Header,Inside Box,Goal
shot_7330,125087,777,2,23968,108096,54,Open Play,Right Foot,Inside Box,Blocked
shot_7331,125087,777,2,26408,,57,Open Play,Right Foot,Outside Box,Blocked
shot_7332,125087,777,2,8900,51423,60,Set Piece,Header,Inside Box,Missed
shot_7333,125087,777,12,24252,5793,62,Open Play,,Inside Box,Saved
shot_7334,125087,777,2,108096,,63,Open Play,Right Foot,Inside Box,Saved
shot_7335,125087,777,2,20489,5758,63,Open Play,Header,Inside Box,Missed
shot_7336,125087,777,2,4115,,64,Set Piece,Left Foot,Inside Box,Goal
shot_7337,125087,777,12,51202,23396,71,Open Play,Right Foot,Inside Box,Goal
shot_7338,125087,777,12,66036,,81,Open Play,Right Foot,Inside Box,Goal
shot_7339,125087,777,12,66036,23396,85,Open Play,Right Foot,Inside Box,Missed
shot_7340,125087,777,12,69176,51202,90+6',Open Play,Left Foot,Inside Box,Blocked
shot_7341,125087,777,2,23968,24626,90+7',Set Piece,Right Foot,Outside Box,Missed
shot_7342,125088,777,15,51593,304123,10,Open Play,Left Foot,Inside Box,Missed
shot_7343,125088,777,34,23793,4717,19,Open Play,Header,Inside Box,Saved
shot_7344,125088,777,15,304123,51593,22,Set Piece,Header,Inside Box,Missed
shot_7345,125088,777,15,15259,23811,33,Open Play,Right Foot,Outside Box,Saved
shot_7346,125088,777,15,115172,23811,37,Open Play,Left Foot,Outside Box,Saved
shot_7347,125088,777,34,13961,14624,38,Open Play,Left Foot,Inside Box,Missed
shot_7348,125088,777,15,23811,51593,44,Open Play,Right Foot,Outside Box,Blocked
shot_7349,125088,777,15,139648,,45,Open Play,Right Foot,Outside Box,Blocked
shot_7350,125088,777,34,13961,,45+3',Open Play,Left Foot,Outside Box,Blocked
shot_7351,125088,777,34,128976,13961,45+4',Set Piece,Header,Inside Box,Missed
shot_7352,125088,777,15,10439,139648,58,Open Play,Left Foot,Outside Box,Hit the Woodwork
shot_7353,125088,777,34,117763,,65,Open Play,Right Foot,Inside Box,Blocked
shot_7354,125088,777,34,16044,,66,Set Piece,Left Foot,Inside Box,Missed
shot_7355,125088,777,15,14238,,76,Open Play,Right Foot,Outside Box,Blocked
shot_7356,125088,777,15,15340,51593,88,Open Play,Right Foot,Inside Box,Missed
shot_7357,125088,777,15,23811,98300,89,Open Play,Right Foot,Inside Box,Blocked
shot_7358,125088,777,15,15340,108816,90+6',Open Play,Right Foot,Inside Box,Blocked
shot_7359,125089,777,131,112739,136175,9,Open Play,Right Foot,Inside Box,Saved
shot_7360,125089,777,131,22542,8163,10,Set Piece,Left Foot,Outside Box,Missed
shot_7361,125089,777,131,8163,,10,Open Play,Right Foot,Inside Box,Blocked
shot_7362,125089,777,29,118633,67784,12,Open Play,Left Foot,Inside Box,Blocked
shot_7363,125089,777,131,3452,112739,14,Open Play,Left Foot,Outside Box,Saved
shot_7364,125089,777,29,66659,19864,16,Open Play,Left Foot,Outside Box,Saved
shot_7365,125089,777,131,50727,112739,17,Open Play,Right Foot,Inside Box,Blocked
shot_7366,125089,777,29,124944,122126,23,Open Play,Right Foot,Inside Box,Blocked
shot_7367,125089,777,29,124944,118633,23,Open Play,Left Foot,Inside Box,Blocked
shot_7368,125089,777,131,112739,3452,25,Open Play,Right Foot,Inside Box,Saved
shot_7369,125089,777,131,76090,112739,26,Open Play,Left Foot,Inside Box,Blocked
shot_7370,125089,777,29,122126,,38,Open Play,Right Foot,Outside Box,Blocked
shot_7371,125089,777,29,119614,,40,Open Play,Left Foot,Inside Box,Missed
shot_7372,125089,777,29,25408,19864,42,Open Play,Right Foot,Inside Box,Saved
shot_7373,125089,777,29,19864,,45,Open Play,Header,Inside Box,Blocked
shot_7374,125089,777,131,3452,22542,50,Open Play,Header,,Missed
shot_7375,125089,777,29,67784,,53,Open Play,Right Foot,Outside Box,Missed
shot_7376,125089,777,131,136175,,58,Set Piece,Right Foot,,Goal
shot_7377,125089,777,131,22542,,58,Open Play,Left Foot,Outside Box,Blocked
shot_7378,125089,777,29,126110,119614,63,Open Play,Right Foot,Outside Box,Missed
shot_7379,125089,777,29,122126,,66,Open Play,Right Foot,Outside Box,Missed
shot_7380,125089,777,131,143240,72239,68,Open Play,Right Foot,Inside Box,Missed
shot_7381,125089,777,131,72239,136175,68,Open Play,Right Foot,Inside Box,Blocked
shot_7382,125089,777,29,66659,,74,Open Play,Header,Inside Box,Saved
shot_7383,125089,777,29,12136,,79,Open Play,Left Foot,Outside Box,Blocked
shot_7384,125089,777,29,51609,,90+8',Open Play,Left Foot,Inside Box,Missed
shot_7385,125090,777,11,71432,16286,5,Open Play,Right Foot,Inside Box,Blocked
shot_7386,125090,777,11,76216,,22,Set Piece,Right Foot,Outside Box,Missed
shot_7387,125090,777,11,65970,71432,27,Open Play,Header,Inside Box,Missed
shot_7388,125090,777,11,5067,76216,31,Open Play,Left Foot,,Goal
shot_7389,125090,777,25,32638,8868,35,Set Piece,Header,Inside Box,Goal
shot_7390,125090,777,11,25474,65970,45,Open Play,Left Foot,Inside Box,Missed
shot_7391,125090,777,11,76204,16286,45+2',Open Play,Right Foot,Outside Box,Missed
shot_7392,125090,777,11,76216,5067,48,Open Play,Right Foot,Inside Box,Missed
shot_7393,125090,777,11,65970,68150,61,Open Play,Left Foot,Inside Box,Saved
shot_7394,125090,777,11,137371,5067,63,Set Piece,Header,Inside Box,Missed
shot_7395,125090,777,11,68150,14569,63,Open Play,Right Foot,Outside Box,Blocked
shot_7396,125090,777,11,54156,,66,Set Piece,Right Foot,Outside Box,Missed
shot_7397,125090,777,11,76204,,67,Open Play,Right Foot,Inside Box,Saved
shot_7398,125090,777,11,14569,5067,68,Set Piece,Header,Inside Box,Missed
shot_7399,125090,777,11,65970,54156,70,Open Play,Left Foot,Inside Box,Missed
shot_7400,125090,777,11,5067,54156,71,Open Play,Left Foot,Inside Box,Blocked
shot_7401,125090,777,11,68150,,78,Open Play,Right Foot,Inside Box,Saved
shot_7402,125090,777,11,26335,,83,Open Play,Right Foot,Outside Box,Saved
shot_7403,125090,777,11,112948,137371,84,Open Play,Left Foot,Inside Box,Blocked
shot_7404,125090,777,11,112948,16286,90,Open Play,Header,Inside Box,Saved
shot_7405,125090,777,11,112948,68150,90,Open Play,Header,Inside Box,Blocked
shot_7406,125090,777,11,65970,112948,90+1',Open Play,Left Foot,Inside Box,Blocked
shot_7407,125090,777,11,14569,,90+5',Set Piece,Right Foot,Inside Box,Missed
shot_7408,125090,777,11,112948,14569,90+5',Open Play,Left Foot,Inside Box,Blocked
shot_7409,125090,777,11,14569,26335,90+5',Set Piece,Header,Inside Box,Missed
shot_7410,125091,777,2,5758,,7,Open Play,Left Foot,Outside Box,Missed
shot_7411,125091,777,2,14801,13274,7,Open Play,Right Foot,Inside Box,Blocked
shot_7412,125091,777,2,51423,14801,15,Set Piece,Left Foot,Outside Box,Goal
shot_7413,125091,777,25,63257,8868,16,Open Play,Header,Inside Box,Missed
shot_7414,125091,777,2,4115,5758,18,Open Play,Right Foot,Outside Box,Blocked
shot_7415,125091,777,2,108096,14801,20,Open Play,Header,Inside Box,Missed
shot_7416,125091,777,2,8658,23968,22,Open Play,Right Foot,Inside Box,Missed
shot_7417,125091,777,2,8658,23968,24,Open Play,Right Foot,Inside Box,Saved
shot_7418,125091,777,2,23968,8658,30,Open Play,Right Foot,Inside Box,Blocked
shot_7419,125091,777,2,13274,,31,Set Piece,Right Foot,Inside Box,Missed
shot_7420,125091,777,2,23968,4115,31,Open Play,Right Foot,Inside Box,Blocked
shot_7421,125091,777,2,108096,23968,33,Open Play,Right Foot,Inside Box,Blocked
shot_7422,125091,777,2,8658,51423,34,Open Play,Right Foot,Outside Box,Blocked
shot_7423,125091,777,25,8868,66560,36,Open Play,Left Foot,Outside Box,Blocked
shot_7424,125091,777,2,13344,14801,43,Open Play,Left Foot,Inside Box,Missed
shot_7425,125091,777,2,13274,5758,45+1',Set Piece,Header,Inside Box,Missed
shot_7426,125091,777,2,5758,,47,Open Play,Left Foot,Outside Box,Blocked
shot_7427,125091,777,2,4115,,50,Open Play,Right Foot,Outside Box,Saved
shot_7428,125091,777,2,13344,,51,Set Piece,Right Foot,Outside Box,Missed
shot_7429,125091,777,25,54893,32638,54,Open Play,Header,Inside Box,Saved
shot_7430,125091,777,25,119072,8868,54,Open Play,Left Foot,Inside Box,Blocked
shot_7431,125091,777,2,8658,23968,55,Open Play,Right Foot,Outside Box,Blocked
shot_7432,125091,777,25,8868,304595,58,Open Play,Left Foot,Inside Box,Blocked
shot_7433,125091,777,2,108096,51423,59,Open Play,Right Foot,Outside Box,Missed
shot_7434,125091,777,25,304595,,66,Open Play,Right Foot,Inside Box,Missed
shot_7435,125091,777,2,8658,,68,Open Play,Right Foot,Inside Box,Goal
shot_7436,125091,777,2,23968,108096,68,Open Play,Right Foot,Outside Box,Saved
shot_7437,125091,777,2,23968,20489,71,Open Play,Right Foot,,Saved
shot_7438,125091,777,25,54893,119072,82,Open Play,Header,Inside Box,Blocked
shot_7439,125091,777,25,304595,145347,82,Open Play,Header,Inside Box,Blocked
shot_7440,125091,777,25,140223,,90+1',Open Play,Left Foot,Inside Box,Missed
shot_7441,125091,777,2,13286,5865,90+4',Open Play,Right Foot,,Missed
shot_7442,125092,777,127,134234,14846,5,Open Play,Right Foot,Inside Box,Missed
shot_7443,125092,777,12,69176,24252,5,Open Play,Right Foot,Inside Box,Saved
shot_7444,125092,777,12,51202,23396,11,Open Play,Left Foot,Inside Box,Saved
shot_7445,125092,777,12,23396,66360,15,Open Play,Right Foot,Outside Box,Saved
shot_7446,125092,777,12,23396,24252,17,Open Play,Right Foot,Inside Box,Blocked
shot_7447,125092,777,12,9566,,20,Open Play,Right Foot,Inside Box,Blocked
shot_7448,125092,777,12,51202,23396,21,Open Play,Right Foot,Outside Box,Blocked
shot_7449,125092,777,127,134234,51942,22,Open Play,Left Foot,Outside Box,Saved
shot_7450,125092,777,127,14846,134234,23,Open Play,Left Foot,Inside Box,Missed
shot_7451,125092,777,12,69176,51202,25,Open Play,Right Foot,Inside Box,Blocked
shot_7452,125092,777,12,66360,,26,Open Play,Right Foot,Outside Box,Blocked
shot_7453,125092,777,12,24252,108936,27,Open Play,Right Foot,Outside Box,Missed
shot_7454,125092,777,12,23396,24252,35,Open Play,Right Foot,Inside Box,Saved
shot_7455,125092,777,12,23396,5793,35,Open Play,Right Foot,Outside Box,Blocked
shot_7456,125092,777,127,74965,,36,Open Play,Left Foot,Outside Box,Saved
shot_7457,125092,777,127,14846,,41,Open Play,Left Foot,Outside Box,Saved
shot_7458,125092,777,127,15572,14846,46,Open Play,Left Foot,Outside Box,Missed
shot_7459,125092,777,127,74976,,51,Open Play,Right Foot,Inside Box,Blocked
shot_7460,125092,777,12,118591,23396,52,Set Piece,Header,Inside Box,Missed
shot_7461,125092,777,127,119381,,55,Open Play,Right Foot,Outside Box,Missed
shot_7462,125092,777,12,23396,,61,Penalty,Right Foot,Inside Box,Goal
shot_7463,125092,777,127,15572,74965,67,Open Play,Right Foot,Inside Box,Goal
shot_7464,125092,777,127,54989,,74,Open Play,Left Foot,Outside Box,Missed
shot_7465,125092,777,127,74976,54989,76,Open Play,Right Foot,Outside Box,Hit the Woodwork
shot_7466,125092,777,127,134234,74976,77,Open Play,Left Foot,Outside Box,Blocked
shot_7467,125092,777,127,137832,74965,78,Open Play,Right Foot,Outside Box,Blocked
shot_7468,125092,777,127,137832,,81,Penalty,Right Foot,Inside Box,Goal
shot_7469,125092,777,127,13706,74976,86,Open Play,Left Foot,Outside Box,Blocked
shot_7470,125092,777,127,33032,74965,90+4',Open Play,Header,Inside Box,Missed
shot_7471,125092,777,12,23396,118031,90+7',Open Play,Right Foot,Outside Box,Blocked
shot_7472,125093,777,10,33231,,10,Open Play,Right Foot,,Missed
shot_7473,125093,777,10,33231,19919,10,Open Play,Right Foot,Inside Box,Missed
shot_7474,125093,777,131,3452,143240,14,Open Play,Header,Inside Box,Goal
shot_7475,125093,777,10,32894,75382,16,Open Play,Right Foot,Inside Box,Blocked
shot_7476,125093,777,131,143240,136175,21,Open Play,Header,Inside Box,Missed
shot_7477,125093,777,10,63633,33231,22,Open Play,Header,Inside Box,Saved
shot_7478,125093,777,10,33231,,24,Set Piece,Right Foot,Outside Box,Missed
shot_7479,125093,777,10,116665,,30,Open Play,Left Foot,Inside Box,Goal
shot_7480,125093,777,131,112739,3452,32,Open Play,Left Foot,Outside Box,Missed
shot_7481,125093,777,131,72239,,38,Open Play,Right Foot,Outside Box,Missed
shot_7482,125093,777,131,2100,,45+2',Set Piece,Left Foot,Outside Box,Missed
shot_7483,125093,777,10,63633,19919,45+3',Open Play,Right Foot,Inside Box,Blocked
shot_7484,125093,777,10,75382,,45+4',Open Play,Right Foot,Inside Box,Saved
shot_7485,125093,777,131,50727,136175,52,Open Play,Right Foot,Outside Box,Saved
shot_7486,125093,777,131,72239,22542,53,Set Piece,Header,Inside Box,Missed
shot_7487,125093,777,131,3452,112739,56,Open Play,Left Foot,Inside Box,Goal
shot_7488,125093,777,131,143240,,62,Open Play,Right Foot,Outside Box,Saved
shot_7489,125093,777,10,23815,75382,64,Open Play,Left Foot,Inside Box,Saved
shot_7490,125093,777,10,63633,33231,65,Set Piece,Header,Inside Box,Missed
shot_7491,125093,777,131,136175,3452,68,Open Play,Left Foot,Inside Box,Saved
shot_7492,125093,777,131,143240,,71,Set Piece,Right Foot,Inside Box,Missed
shot_7493,125093,777,131,3452,2100,71,Open Play,Right Foot,Inside Box,Blocked
shot_7494,125093,777,131,2100,,71,Set Piece,Right Foot,Inside Box,Missed
shot_7495,125093,777,10,15802,32894,78,Open Play,Left Foot,Inside Box,Blocked
shot_7496,125093,777,10,32894,63633,86,Open Play,Right Foot,Inside Box,Saved
shot_7497,125093,777,131,134333,,87,Open Play,Right Foot,Inside Box,Blocked
shot_7498,125093,777,131,76090,22542,87,Open Play,Header,Inside Box,Blocked
shot_7499,125093,777,131,117732,134333,90,Open Play,Left Foot,,Saved
shot_7500,125094,777,4,112203,27277,6,Open Play,Right Foot,Outside Box,Missed
shot_7501,125094,777,7,126789,,10,Open Play,Right Foot,Inside Box,Saved
shot_7502,125094,777,7,23841,126789,14,Open Play,Left Foot,Inside Box,Blocked
shot_7503,125094,777,7,8143,24983,18,Open Play,Header,Inside Box,Blocked
shot_7504,125094,777,4,72371,49293,27,Open Play,Left Foot,Inside Box,Blocked
shot_7505,125094,777,4,66284,119041,29,Set Piece,Header,Inside Box,Missed
shot_7506,125094,777,4,27277,66284,29,Open Play,Left Foot,Inside Box,Blocked
shot_7507,125094,777,4,112203,,29,Open Play,Right Foot,Inside Box,Blocked
shot_7508,125094,777,4,72371,63741,30,Open Play,Right Foot,Inside Box,Saved
shot_7509,125094,777,4,21998,119041,30,Open Play,Left Foot,Outside Box,Blocked
shot_7510,125094,777,7,126789,23841,33,Open Play,Right Foot,Inside Box,Goal
shot_7511,125094,777,4,63741,,36,Open Play,Right Foot,Inside Box,Saved
shot_7512,125094,777,4,99282,63741,37,Set Piece,Header,Inside Box,Missed
shot_7513,125094,777,7,8143,24797,49,Open Play,Header,Inside Box,Saved
shot_7514,125094,777,4,63741,,61,Open Play,Right Foot,Inside Box,Saved
shot_7515,125094,777,7,126789,12582,62,Open Play,Right Foot,Inside Box,Goal
shot_7516,125094,777,4,63741,72371,69,Open Play,Right Foot,Inside Box,Saved
shot_7517,125094,777,7,31936,24797,72,Open Play,Right Foot,Outside Box,Saved
shot_7518,125094,777,7,31936,126789,76,Open Play,Right Foot,Inside Box,Goal
shot_7519,125094,777,7,14706,24983,85,Open Play,Left Foot,Inside Box,Saved
shot_7520,125094,777,4,49293,,85,Set Piece,Left Foot,Outside Box,Missed
shot_7521,125094,777,7,66538,24983,90+3',Open Play,Left Foot,Inside Box,Saved
shot_7522,125095,777,43,75735,50460,7,Open Play,Right Foot,Inside Box,Blocked
shot_7523,125095,777,43,50460,127393,9,Open Play,Right Foot,Inside Box,Blocked
shot_7524,125095,777,34,117763,66657,15,Open Play,Left Foot,Outside Box,Missed
shot_7525,125095,777,34,13961,6712,19,Open Play,Left Foot,Outside Box,Missed
shot_7526,125095,777,43,75735,127393,21,Open Play,Header,Inside Box,Saved
shot_7527,125095,777,34,6712,13961,23,Set Piece,Left Foot,Inside Box,Missed
shot_7528,125095,777,43,50460,75735,26,Open Play,Right Foot,,Missed
shot_7529,125095,777,34,13961,4717,26,Open Play,Left Foot,Outside Box,Saved
shot_7530,125095,777,34,13961,6712,27,Open Play,Left Foot,Inside Box,Missed
shot_7531,125095,777,34,13961,128976,29,Open Play,Left Foot,Inside Box,Blocked
shot_7532,125095,777,34,117763,,40,Open Play,Right Foot,Inside Box,Blocked
shot_7533,125095,777,34,66657,128976,51,Open Play,Right Foot,Inside Box,Saved
shot_7534,125095,777,34,128976,,51,Open Play,Header,Inside Box,Missed
shot_7535,125095,777,34,117763,,52,Open Play,Right Foot,Inside Box,Missed
shot_7536,125095,777,34,128976,117763,52,Open Play,Right Foot,Inside Box,Saved
shot_7537,125095,777,34,117763,6712,58,Open Play,Header,Inside Box,Missed
shot_7538,125095,777,43,75735,64282,60,Open Play,Right Foot,Inside Box,Goal
shot_7539,125095,777,34,13961,4717,65,Open Play,Left Foot,Inside Box,Blocked
shot_7540,125095,777,34,128976,,67,Open Play,Right Foot,Inside Box,Goal
shot_7541,125095,777,34,13961,128976,73,Open Play,Left Foot,Inside Box,Goal
shot_7542,125095,777,43,8127,50460,75,Open Play,Left Foot,Inside Box,Blocked
shot_7543,125095,777,43,50460,127393,76,Open Play,Right Foot,Outside Box,Saved
shot_7544,125095,777,43,127393,3955,82,Open Play,Left Foot,Outside Box,Saved
shot_7545,125095,777,34,53063,14445,85,Open Play,Left Foot,Inside Box,Blocked
shot_7546,125095,777,43,74964,75735,90,Open Play,Left Foot,,Saved
shot_7547,125095,777,34,11071,4818,90+1',Open Play,Header,Inside Box,Missed
shot_7548,125095,777,34,4818,14445,90+2',Open Play,Right Foot,Outside Box,Blocked
shot_7549,125095,777,34,11071,,90+5',Penalty,Right Foot,Inside Box,Goal
shot_7550,125095,777,34,53063,,90+7',Open Play,Left Foot,Inside Box,Missed
shot_7551,125095,777,34,4717,21614,90+7',Open Play,Right Foot,Inside Box,Blocked
shot_7552,125095,777,34,53063,14445,90+8',Open Play,Left Foot,Outside Box,Missed
shot_7553,125096,777,130,24659,133460,18,Open Play,Header,Inside Box,Saved
shot_7554,125096,777,9,9576,,19,Open Play,Header,Inside Box,Saved
shot_7555,125096,777,130,124052,,20,Open Play,Right Foot,Outside Box,Missed
shot_7556,125096,777,9,13515,,20,Open Play,Left Foot,Inside Box,Blocked
shot_7557,125096,777,9,13515,14608,25,Open Play,Right Foot,Inside Box,Missed
shot_7558,125096,777,9,14608,63289,29,Open Play,Right Foot,Outside Box,Blocked
shot_7559,125096,777,9,14807,33124,35,Open Play,Right Foot,Outside Box,Saved
shot_7560,125096,777,130,22043,24369,39,Open Play,Header,Inside Box,Saved
shot_7561,125096,777,9,14608,116888,41,Open Play,Right Foot,Inside Box,Blocked
shot_7562,125096,777,130,127594,124052,45+4',Open Play,Right Foot,Inside Box,Missed
shot_7563,125096,777,130,49726,124052,46,Open Play,Left Foot,,Missed
shot_7564,125096,777,9,116888,13515,46,Open Play,Left Foot,Outside Box,Blocked
shot_7565,125096,777,9,63289,116888,51,Open Play,Right Foot,Outside Box,Missed
shot_7566,125096,777,9,19731,14807,55,Open Play,Right Foot,Outside Box,Saved
shot_7567,125096,777,9,13515,,55,Open Play,Right Foot,Outside Box,Blocked
shot_7568,125096,777,9,33124,116888,75,Set Piece,Header,Inside Box,Missed
shot_7569,125096,777,9,126426,13515,75,Open Play,Right Foot,Outside Box,Blocked
shot_7570,125096,777,9,33162,13515,89,Open Play,Right Foot,Outside Box,Saved
shot_7571,125096,777,9,116888,50151,90+3',Open Play,Right Foot,Inside Box,Blocked
shot_7572,125096,777,130,24369,,90+6',Open Play,Right Foot,Outside Box,Blocked
shot_7573,125097,777,11,14569,14805,7,Set Piece,Header,Inside Box,Missed
shot_7574,125097,777,6,109117,49374,12,Open Play,Right Foot,Inside Box,Blocked
shot_7575,125097,777,6,50842,8589,13,Set Piece,Header,Inside Box,Missed
shot_7576,125097,777,11,14569,,15,Open Play,Right Foot,Outside Box,Missed
shot_7577,125097,777,11,137371,,17,Open Play,Right Foot,Outside Box,Missed
shot_7578,125097,777,11,5067,76204,19,Open Play,Left Foot,Outside Box,Blocked
shot_7579,125097,777,11,71432,,20,Open Play,Right Foot,Inside Box,Missed
shot_7580,125097,777,11,25474,14805,32,Open Play,Right Foot,Inside Box,Goal
shot_7581,125097,777,6,24334,20874,33,Open Play,Left Foot,Inside Box,Saved
shot_7582,125097,777,11,76216,14805,40,Open Play,Right Foot,Inside Box,Goal
shot_7583,125097,777,11,5067,14805,43,Set Piece,Left Foot,Inside Box,Missed
shot_7584,125097,777,11,67178,14805,43,Open Play,Header,Inside Box,Saved
shot_7585,125097,777,11,14805,,44,Open Play,Left Foot,,Missed
shot_7586,125097,777,11,76216,54156,59,Open Play,Right Foot,Outside Box,Missed
shot_7587,125097,777,11,76216,71432,59,Open Play,Right Foot,Inside Box,Blocked
shot_7588,125097,777,6,49796,,63,Open Play,Left Foot,Inside Box,Saved
shot_7589,125097,777,6,35670,69595,83,Open Play,Right Foot,Inside Box,Missed
shot_7590,125097,777,11,126943,68150,84,Open Play,Left Foot,Inside Box,Goal
shot_7591,125097,777,11,126943,68150,86,Open Play,Left Foot,Inside Box,Missed
shot_7592,125097,777,11,54156,71432,90+4',Open Play,Left Foot,Inside Box,Blocked
shot_7593,125097,777,6,49759,69595,90+5',Open Play,Right Foot,Inside Box,Blocked
shot_7594,125098,777,23,49259,108922,3,Open Play,Header,Inside Box,Missed
shot_7595,125098,777,23,49908,3905,9,Set Piece,Header,Inside Box,Missed
shot_7596,125098,777,23,23747,115256,10,Open Play,Right Foot,Inside Box,Goal
shot_7597,125098,777,29,12136,,12,Open Play,Left Foot,Outside Box,Missed
shot_7598,125098,777,23,19888,,18,Set Piece,Right Foot,Outside Box,Missed
shot_7599,125098,777,29,119614,,24,Set Piece,Left Foot,Inside Box,Missed
shot_7600,125098,777,29,118633,12136,24,Open Play,Right Foot,Outside Box,Saved
shot_7601,125098,777,29,119614,,31,Open Play,Left Foot,Inside Box,Blocked
shot_7602,125098,777,23,49259,115256,33,Open Play,Left Foot,Inside Box,Missed
shot_7603,125098,777,29,118633,119614,40,Open Play,Left Foot,Inside Box,Missed
shot_7604,125098,777,23,115256,49908,42,Open Play,Right Foot,Inside Box,Blocked
shot_7605,125098,777,23,49908,108922,43,Open Play,Header,Inside Box,Hit the Woodwork
shot_7606,125098,777,23,108922,3905,45+2',Open Play,Left Foot,Outside Box,Saved
shot_7607,125098,777,29,119614,118633,56,Open Play,Right Foot,Inside Box,Saved
shot_7608,125098,777,29,118633,,57,Set Piece,Right Foot,Inside Box,Goal
shot_7609,125098,777,29,126110,122126,57,Open Play,,Inside Box,Blocked
shot_7610,125098,777,29,122126,,57,Set Piece,Right Foot,Inside Box,Missed
shot_7611,125098,777,29,12136,67784,62,Open Play,Left Foot,Outside Box,Blocked
shot_7612,125098,777,23,9662,,66,Open Play,Right Foot,Outside Box,Saved
shot_7613,125098,777,23,49495,14716,67,Open Play,Right Foot,Outside Box,Blocked
shot_7614,125098,777,29,124944,,69,Open Play,Right Foot,Inside Box,Saved
shot_7615,125098,777,23,14716,,70,Open Play,Right Foot,Outside Box,Missed
shot_7616,125098,777,23,8707,108922,71,Open Play,Header,Inside Box,Saved
shot_7617,125098,777,29,67784,119614,72,Open Play,Right Foot,Inside Box,Blocked
shot_7618,125098,777,23,20607,23747,79,Open Play,Right Foot,Outside Box,Blocked
shot_7619,125098,777,23,23747,14446,80,Open Play,Right Foot,Inside Box,Missed
shot_7620,125098,777,29,122126,119614,82,Open Play,Right Foot,Outside Box,Blocked
shot_7621,125098,777,29,118633,66659,84,Open Play,Right Foot,Outside Box,Missed
shot_7622,125098,777,29,126110,67784,84,Open Play,Right Foot,Outside Box,Blocked
shot_7623,125098,777,23,23747,14446,85,Open Play,Right Foot,Outside Box,Missed
shot_7624,125098,777,29,67784,,90,Open Play,Right Foot,Inside Box,Goal
shot_7625,125098,777,29,67784,138104,90,Open Play,Right Foot,Inside Box,Saved
shot_7626,125098,777,23,108922,,90+5',Open Play,Left Foot,Outside Box,Blocked
shot_7627,125099,777,21,76614,117596,13,Open Play,Right Foot,Inside Box,Blocked
shot_7628,125099,777,21,24630,76614,15,Set Piece,Header,Inside Box,Missed
shot_7629,125099,777,15,98300,51593,18,Open Play,Left Foot,Inside Box,Saved
shot_7630,125099,777,21,117318,66635,20,Open Play,Right Foot,Outside Box,Blocked
shot_7631,125099,777,15,304123,23811,45,Set Piece,Header,Inside Box,Goal
shot_7632,125099,777,15,304123,51593,45,Open Play,Right Foot,Inside Box,Saved
shot_7633,125099,777,21,76614,117318,45+2',Open Play,Right Foot,Outside Box,Saved
shot_7634,125099,777,21,117318,,45+2',Open Play,Right Foot,Outside Box,Blocked
shot_7635,125099,777,15,23811,51593,50,Open Play,Header,Inside Box,Saved
shot_7636,125099,777,21,66635,32229,54,Set Piece,Header,Inside Box,Missed
shot_7637,125099,777,21,117596,,56,Open Play,Left Foot,Outside Box,Missed
shot_7638,125099,777,21,117596,76614,56,Open Play,Right Foot,Outside Box,Blocked
shot_7639,125099,777,15,98300,23702,60,Open Play,Left Foot,Outside Box,Blocked
shot_7640,125099,777,15,15259,23702,62,Open Play,Right Foot,Inside Box,Goal
shot_7641,125099,777,21,25892,32229,68,Open Play,Header,Inside Box,Blocked
shot_7642,125099,777,21,133603,126824,75,Open Play,Right Foot,Inside Box,Missed
shot_7643,125099,777,21,117318,,77,Open Play,Right Foot,Outside Box,Blocked
shot_7644,125099,777,15,23811,,85,Open Play,Right Foot,Outside Box,Saved
shot_7645,125099,777,15,15340,23811,87,Open Play,Right Foot,Inside Box,Goal
shot_7646,125099,777,21,51185,,89,Set Piece,Header,Inside Box,Missed
shot_7647,125099,777,21,10443,32229,89,Open Play,Header,Inside Box,Saved
shot_7648,125099,777,21,10443,117318,89,Open Play,Right Foot,Outside Box,Saved
shot_7649,125100,777,1,49481,15202,5,Open Play,Header,Inside Box,Goal
shot_7650,125100,777,1,15202,66104,8,Open Play,Right Foot,Outside Box,Missed
shot_7651,125100,777,1,66104,,17,Open Play,Right Foot,Inside Box,Saved
shot_7652,125100,777,1,67407,32728,17,Open Play,Left Foot,Inside Box,Saved
shot_7653,125100,777,1,66104,49481,25,Set Piece,Header,Inside Box,Missed
shot_7654,125100,777,1,67407,118077,31,Open Play,Header,Inside Box,Blocked
shot_7655,125100,777,1,67407,66104,34,Open Play,Header,Inside Box,Missed
shot_7656,125100,777,38,143214,43010,45+2',Open Play,Right Foot,Outside Box,Missed
shot_7657,125100,777,38,115371,111988,45+3',Open Play,Header,,Missed
shot_7658,125100,777,38,9199,126108,53,Open Play,Left Foot,Outside Box,Missed
shot_7659,125100,777,1,118077,50234,56,Open Play,Left Foot,Inside Box,Goal
shot_7660,125100,777,38,66692,43010,61,Set Piece,Left Foot,Outside Box,Goal
shot_7661,125100,777,1,20486,118077,73,Open Play,Right Foot,Inside Box,Blocked
shot_7662,125100,777,38,129740,,90+4',Open Play,Right Foot,Inside Box,Goal
shot_7663,125100,777,1,21584,118077,90+5',Open Play,Right Foot,Inside Box,Missed
shot_7664,125101,777,127,137832,,17,Open Play,Right Foot,Inside Box,Goal
shot_7665,125101,777,1,20810,15202,20,Set Piece,Header,Inside Box,Missed
shot_7666,125101,777,127,137832,134234,26,Open Play,Right Foot,Inside Box,Blocked
shot_7667,125101,777,1,15202,66104,33,Open Play,Right Foot,Outside Box,Blocked
shot_7668,125101,777,1,50234,,34,Open Play,Left Foot,,Blocked
shot_7669,125101,777,1,32728,,35,Penalty,Right Foot,Inside Box,Goal
shot_7670,125101,777,127,33032,51942,40,Open Play,Left Foot,Inside Box,Saved
shot_7671,125101,777,1,15202,14548,52,Open Play,Right Foot,Outside Box,Blocked
shot_7672,125101,777,1,20810,,53,Set Piece,Header,Inside Box,Missed
shot_7673,125101,777,127,15572,14846,66,Open Play,Left Foot,Outside Box,Missed
shot_7674,125101,777,1,15202,20486,68,Open Play,Right Foot,Outside Box,Saved
shot_7675,125101,777,1,114564,,69,Open Play,Left Foot,Inside Box,Blocked
shot_7676,125101,777,1,50234,,70,Open Play,Right Foot,Inside Box,Blocked
shot_7677,125101,777,1,14548,,70,Open Play,Right Foot,Outside Box,Blocked
shot_7678,125101,777,127,74976,,72,Open Play,Right Foot,Outside Box,Missed
shot_7679,125101,777,127,42894,,72,Open Play,Right Foot,Inside Box,Blocked
shot_7680,125101,777,127,74976,33032,74,Open Play,Right Foot,Inside Box,Goal
shot_7681,125101,777,1,32728,66204,79,Open Play,Right Foot,Inside Box,Blocked
shot_7682,125101,777,1,19680,141181,86,Open Play,Header,Inside Box,Saved
shot_7683,125101,777,1,15202,21584,87,Open Play,Right Foot,Outside Box,Blocked
shot_7684,125101,777,1,32728,15202,90+2',Open Play,Header,Inside Box,Missed
shot_7685,125101,777,1,32728,19680,90+3',Open Play,Right Foot,Inside Box,Missed
shot_7686,125101,777,127,14846,74976,90+3',Open Play,Left Foot,Outside Box,Missed
shot_7687,125102,777,130,124052,,3,Penalty,Right Foot,Inside Box,Goal
shot_7688,125102,777,7,126789,31936,9,Open Play,Right Foot,Inside Box,Blocked
shot_7689,125102,777,7,66318,23841,19,Open Play,Left Foot,Outside Box,Missed
shot_7690,125102,777,7,12582,,22,Open Play,Left Foot,Inside Box,Saved
shot_7691,125102,777,7,126789,12582,26,Open Play,Header,Inside Box,Goal
shot_7692,125102,777,130,49726,124052,34,Open Play,Right Foot,Inside Box,Saved
shot_7693,125102,777,130,49731,,38,Set Piece,Right Foot,Outside Box,Missed
shot_7694,125102,777,130,124052,,38,Open Play,Right Foot,Inside Box,Blocked
shot_7695,125102,777,130,133890,,38,Open Play,Header,Inside Box,Saved
shot_7696,125102,777,130,127594,49726,38,Set Piece,Header,Inside Box,Hit the Woodwork
shot_7697,125102,777,130,133890,,40,Open Play,Left Foot,Outside Box,Blocked
shot_7698,125102,777,7,24797,,44,Open Play,Left Foot,Outside Box,Blocked
shot_7699,125102,777,130,24659,49726,48,Set Piece,Header,Inside Box,Hit the Woodwork
shot_7700,125102,777,130,127594,24369,50,Open Play,Header,Inside Box,Missed
shot_7701,125102,777,130,24659,133890,53,Open Play,Header,Inside Box,Missed
shot_7702,125102,777,130,127594,133890,55,Open Play,Right Foot,Inside Box,Blocked
shot_7703,125102,777,130,24659,14450,64,Open Play,Right Foot,Outside Box,Blocked
shot_7704,125102,777,7,31936,14706,65,Open Play,Right Foot,Inside Box,Saved
shot_7705,125102,777,130,14450,49726,69,Open Play,Right Foot,Outside Box,Missed
shot_7706,125102,777,7,12582,24983,70,Open Play,Right Foot,Outside Box,Missed
shot_7707,125102,777,7,24797,126789,70,Open Play,Left Foot,Outside Box,Blocked
shot_7708,125102,777,130,24369,127594,71,Open Play,Right Foot,Outside Box,Blocked
shot_7709,125102,777,7,24797,31936,73,Open Play,Left Foot,Inside Box,Blocked
shot_7710,125102,777,7,14706,,73,Open Play,Left Foot,Inside Box,Saved
shot_7711,125102,777,130,124052,133460,76,Open Play,Right Foot,Inside Box,Goal
shot_7712,125102,777,130,133460,65987,76,Open Play,Right Foot,Inside Box,Blocked
shot_7713,125102,777,7,118442,143922,81,Open Play,Right Foot,Outside Box,Missed
shot_7714,125102,777,7,118442,14706,88,Open Play,Right Foot,Inside Box,Saved
shot_7715,125102,777,7,14706,,90+1',Open Play,Left Foot,,Goal
shot_7716,125102,777,7,112589,31936,90+1',Open Play,Right Foot,Inside Box,Blocked
shot_7717,125102,777,130,127594,24369,90+3',Set Piece,Header,Inside Box,Missed
shot_7718,125103,777,131,3452,136175,5,Open Play,Right Foot,Inside Box,Saved
shot_7719,125103,777,43,75735,4617,10,Set Piece,Right Foot,Inside Box,Missed
shot_7720,125103,777,43,50460,4617,10,Open Play,Right Foot,Inside Box,Saved
shot_7721,125103,777,131,3452,76090,20,Open Play,Right Foot,,Saved
shot_7722,125103,777,131,136175,3452,25,Open Play,Left Foot,Inside Box,Blocked
shot_7723,125103,777,43,51498,4617,28,Open Play,Header,Inside Box,Blocked
shot_7724,125103,777,131,136175,22542,32,Open Play,Left Foot,Outside Box,Blocked
shot_7725,125103,777,131,72239,22542,43,Open Play,Left Foot,Inside Box,Goal
shot_7726,125103,777,43,63851,,45+1',Set Piece,Right Foot,Outside Box,Missed
shot_7727,125103,777,43,74960,51498,45+2',Open Play,Right Foot,Inside Box,Missed
shot_7728,125103,777,131,112739,,45+3',Open Play,Left Foot,Inside Box,Missed
shot_7729,125103,777,131,3452,112739,45+3',Open Play,Right Foot,Inside Box,Blocked
shot_7730,125103,777,131,50727,22542,53,Open Play,Right Foot,Outside Box,Missed
shot_7731,125103,777,43,15139,50460,57,Open Play,Right Foot,Inside Box,Saved
shot_7732,125103,777,43,75735,4617,59,Open Play,Header,Inside Box,Blocked
shot_7733,125103,777,43,75735,63851,59,Open Play,Right Foot,Outside Box,Blocked
shot_7734,125103,777,43,75735,51498,60,Open Play,Right Foot,Inside Box,Saved
shot_7735,125103,777,131,143240,20505,63,Open Play,Right Foot,Inside Box,Missed
shot_7736,125103,777,131,3452,136175,63,Open Play,Left Foot,Inside Box,Blocked
shot_7737,125103,777,131,112739,136175,64,Open Play,Left Foot,Inside Box,Saved
shot_7738,125103,777,43,75735,75883,80,Open Play,Right Foot,Inside Box,Saved
shot_7739,125103,777,131,51830,134333,84,Open Play,Left Foot,Outside Box,Blocked
shot_7740,125103,777,131,72239,134333,89,Open Play,Right Foot,Outside Box,Goal
shot_7741,125104,777,4,49293,21998,6,Open Play,Left Foot,,Missed
shot_7742,125104,777,4,72371,21998,9,Open Play,Left Foot,,Blocked
shot_7743,125104,777,4,49293,133245,10,Open Play,Right Foot,Outside Box,Blocked
shot_7744,125104,777,4,21998,304474,19,Open Play,Left Foot,Inside Box,Saved
shot_7745,125104,777,11,54156,76204,21,Open Play,Right Foot,Inside Box,Blocked
shot_7746,125104,777,11,5067,,22,Open Play,Right Foot,Inside Box,Blocked
shot_7747,125104,777,11,5067,112948,34,Open Play,Left Foot,Inside Box,Saved
shot_7748,125104,777,11,68150,112948,39,Open Play,Left Foot,Inside Box,Saved
shot_7749,125104,777,11,25474,76204,45,Open Play,Left Foot,Outside Box,Blocked
shot_7750,125104,777,4,133245,21998,45+2',Set Piece,Header,Inside Box,Missed
shot_7751,125104,777,11,68150,25474,47,Open Play,Right Foot,Inside Box,Blocked
shot_7752,125104,777,11,65970,54156,47,Open Play,Right Foot,Inside Box,Missed
shot_7753,125104,777,11,112948,68150,51,Open Play,Header,Inside Box,Goal
shot_7754,125104,777,11,25474,137371,54,Open Play,Left Foot,Inside Box,Blocked
shot_7755,125104,777,11,14569,68150,57,Set Piece,Right Foot,Inside Box,Goal
shot_7756,125104,777,4,49293,27277,66,Open Play,Left Foot,Inside Box,Blocked
shot_7757,125104,777,11,54156,,68,Open Play,Left Foot,Inside Box,Goal
shot_7758,125104,777,11,25474,137371,68,Open Play,Right Foot,Inside Box,Saved
shot_7759,125104,777,4,72371,49293,70,Open Play,Header,Inside Box,Missed
shot_7760,125104,777,4,27277,49293,71,Open Play,Left Foot,Outside Box,Missed
shot_7761,125104,777,4,112203,27277,71,Open Play,Right Foot,Outside Box,Blocked
shot_7762,125104,777,4,72371,,74,Open Play,Right Foot,Outside Box,Blocked
shot_7763,125104,777,11,137371,14569,75,Open Play,Right Foot,Outside Box,Missed
shot_7764,125104,777,11,25474,,79,Open Play,Right Foot,Outside Box,Missed
shot_7765,125104,777,11,25474,,80,Open Play,Right Foot,Outside Box,Saved
shot_7766,125104,777,4,27277,99282,83,Open Play,Header,Inside Box,Saved
shot_7767,125104,777,4,49293,,85,Open Play,Left Foot,Outside Box,Saved
shot_7768,125104,777,11,65970,14805,87,Set Piece,Header,Inside Box,Missed
shot_7769,125104,777,11,65970,14805,90+2',Open Play,Left Foot,Inside Box,Blocked
shot_7770,125104,777,11,65970,76204,90+5',Open Play,Header,Inside Box,Saved
shot_7771,125105,777,23,49908,108922,10,Set Piece,Header,Inside Box,Missed
shot_7772,125105,777,23,23747,9662,22,Open Play,Right Foot,Inside Box,Blocked
shot_7773,125105,777,6,109117,49374,34,Open Play,Right Foot,Outside Box,Saved
shot_7774,125105,777,6,76353,,35,Open Play,Right Foot,Inside Box,Saved
shot_7775,125105,777,6,147312,109117,37,Set Piece,Header,Inside Box,Missed
shot_7776,125105,777,6,76353,,39,Open Play,,Inside Box,Saved
shot_7777,125105,777,23,114590,117647,43,Open Play,Left Foot,Inside Box,Goal
shot_7778,125105,777,23,9662,71623,45+2',Open Play,Left Foot,Inside Box,Blocked
shot_7779,125105,777,23,108922,,45+3',Open Play,Left Foot,Outside Box,Saved
shot_7780,125105,777,6,35670,,47,Open Play,Right Foot,Outside Box,Blocked
shot_7781,125105,777,23,114590,,50,Open Play,Left Foot,Inside Box,Saved
shot_7782,125105,777,6,109117,24334,62,Open Play,Right Foot,Inside Box,Missed
shot_7783,125105,777,6,76353,,69,Open Play,Right Foot,Inside Box,Blocked
shot_7784,125105,777,6,37776,109117,69,Set Piece,Header,Inside Box,Hit the Woodwork
shot_7785,125105,777,23,49908,,73,Open Play,Left Foot,Outside Box,Blocked
shot_7786,125105,777,6,20874,24334,80,Open Play,Header,Inside Box,Goal
shot_7787,125105,777,6,20874,,90+4',Penalty,Right Foot,Inside Box,Goal
shot_7788,125105,777,6,49796,20874,90+8',Open Play,Right Foot,Inside Box,Blocked
shot_7789,125106,777,34,117763,66657,7,Open Play,Right Foot,Inside Box,Missed
shot_7790,125106,777,10,10458,19919,11,Open Play,Left Foot,Inside Box,Blocked
shot_7791,125106,777,10,32894,,12,Open Play,Right Foot,Inside Box,Missed
shot_7792,125106,777,10,5178,19919,13,Open Play,Right Foot,,Saved
shot_7793,125106,777,10,32894,10458,20,Open Play,Right Foot,Outside Box,Missed
shot_7794,125106,777,10,33231,5178,20,Open Play,Right Foot,Inside Box,Blocked
shot_7795,125106,777,10,5178,75382,22,Open Play,Left Foot,Inside Box,Blocked
shot_7796,125106,777,34,4717,14624,29,Open Play,Left Foot,Inside Box,Saved
shot_7797,125106,777,34,66657,117763,32,Open Play,Left Foot,Inside Box,Saved
shot_7798,125106,777,34,13961,21614,33,Open Play,Left Foot,Inside Box,Missed
shot_7799,125106,777,10,134796,75382,36,Open Play,Right Foot,Inside Box,Goal
shot_7800,125106,777,34,26151,6712,36,Open Play,Right Foot,Outside Box,Saved
shot_7801,125106,777,10,75382,33231,39,Open Play,Right Foot,Outside Box,Missed
shot_7802,125106,777,10,5178,32894,40,Open Play,Left Foot,Inside Box,Goal
shot_7803,125106,777,10,10458,134796,43,Open Play,Left Foot,Inside Box,Saved
shot_7804,125106,777,34,14445,117763,47,Open Play,Left Foot,Inside Box,Blocked
shot_7805,125106,777,10,75382,134796,52,Open Play,Right Foot,Inside Box,Missed
shot_7806,125106,777,10,134796,75382,54,Open Play,Right Foot,Outside Box,Saved
shot_7807,125106,777,34,21614,16044,60,Open Play,Right Foot,Outside Box,Blocked
shot_7808,125106,777,34,117763,6712,60,Open Play,Right Foot,Inside Box,Blocked
shot_7809,125106,777,34,117763,13961,63,Open Play,Header,Inside Box,Blocked
shot_7810,125106,777,34,13961,,66,Set Piece,Left Foot,Outside Box,Missed
shot_7811,125106,777,34,4717,,66,Open Play,Right Foot,Outside Box,Blocked
shot_7812,125106,777,34,6712,4717,68,Open Play,Header,Inside Box,Saved
shot_7813,125106,777,34,26151,13961,72,Set Piece,Header,Inside Box,Missed
shot_7814,125106,777,10,32894,5178,73,Open Play,Right Foot,Inside Box,Blocked
shot_7815,125106,777,10,5178,33231,76,Set Piece,Left Foot,Inside Box,Missed
shot_7816,125106,777,10,32894,63633,76,Open Play,Left Foot,,Blocked
shot_7817,125106,777,10,5140,,76,Set Piece,Header,Inside Box,Missed
shot_7818,125106,777,10,5178,,77,Open Play,Left Foot,,Blocked
shot_7819,125106,777,34,14445,,78,Open Play,Right Foot,Inside Box,Missed
shot_7820,125106,777,10,63633,,81,Open Play,Right Foot,Outside Box,Missed
shot_7821,125106,777,34,11071,6712,84,Open Play,Right Foot,Inside Box,Missed
shot_7822,125106,777,34,11071,53063,86,Open Play,Left Foot,Inside Box,Missed
shot_7823,125106,777,34,53063,11071,86,Open Play,Left Foot,Outside Box,Blocked
shot_7824,125106,777,34,11071,53063,86,Open Play,Left Foot,Outside Box,Blocked
shot_7825,125106,777,34,53063,16044,89,Open Play,Left Foot,Inside Box,Blocked
shot_7826,125107,777,9,9576,75543,3,Open Play,Right Foot,Inside Box,Saved
shot_7827,125107,777,9,33162,,5,Open Play,Right Foot,Inside Box,Goal
shot_7828,125107,777,12,69176,5793,12,Open Play,Left Foot,Outside Box,Saved
shot_7829,125107,777,12,118591,23396,16,Set Piece,Header,Inside Box,Missed
shot_7830,125107,777,12,66036,,17,Open Play,Right Foot,Inside Box,Saved
shot_7831,125107,777,12,69176,5793,19,Open Play,Left Foot,Inside Box,Missed
shot_7832,125107,777,9,50151,126426,24,Set Piece,Header,Inside Box,Missed
shot_7833,125107,777,9,9576,14608,28,Open Play,Right Foot,Inside Box,Blocked
shot_7834,125107,777,9,33162,63289,29,Open Play,Right Foot,Outside Box,Goal
shot_7835,125107,777,9,63289,19731,29,Open Play,Left Foot,Inside Box,Blocked
shot_7836,125107,777,9,33124,126426,33,Open Play,Header,Inside Box,Blocked
shot_7837,125107,777,12,51202,23396,36,Set Piece,Right Foot,Outside Box,Missed
shot_7838,125107,777,9,9576,14608,40,Open Play,Header,Inside Box,Missed
shot_7839,125107,777,12,33245,51202,44,Set Piece,Right Foot,Outside Box,Missed
shot_7840,125107,777,9,126426,,45,Open Play,Right Foot,Inside Box,Blocked
shot_7841,125107,777,9,33124,126426,45+1',Open Play,Header,Inside Box,Saved
shot_7842,125107,777,12,118031,,48,Open Play,Left Foot,Inside Box,Blocked
shot_7843,125107,777,12,66036,4608,48,Open Play,Right Foot,Inside Box,Blocked
shot_7844,125107,777,12,23396,51202,51,Open Play,Right Foot,Outside Box,Blocked
shot_7845,125107,777,9,9576,126426,59,Set Piece,Header,Inside Box,Missed
shot_7846,125107,777,9,13515,,60,Open Play,Right Foot,Outside Box,Blocked
shot_7847,125107,777,12,118591,,65,Open Play,Right Foot,Inside Box,Saved
shot_7848,125107,777,12,51202,,65,Open Play,Left Foot,Inside Box,Saved
shot_7849,125107,777,12,51202,23396,68,Open Play,Right Foot,Inside Box,Blocked
shot_7850,125107,777,12,5793,23396,69,Set Piece,Header,Inside Box,Goal
shot_7851,125107,777,9,9576,14608,78,Open Play,Header,Inside Box,Saved
shot_7852,125107,777,12,66360,5793,79,Open Play,Left Foot,Inside Box,Blocked
shot_7853,125107,777,12,51202,5793,80,Open Play,Right Foot,Inside Box,Saved
shot_7854,125107,777,9,115255,63289,82,Open Play,Left Foot,Outside Box,Missed
shot_7855,125107,777,12,118031,118591,85,Open Play,Right Foot,Inside Box,Blocked
shot_7856,125107,777,12,5793,23396,85,Open Play,Header,Inside Box,Blocked
shot_7857,125107,777,12,4608,,85,Open Play,Left Foot,Inside Box,Blocked
shot_7858,125107,777,12,66036,66360,85,Open Play,Header,Inside Box,Saved
shot_7859,125107,777,9,19731,,88,Open Play,Right Foot,Outside Box,Blocked
shot_7860,125107,777,12,24252,,90+1',Set Piece,Right Foot,Outside Box,Missed
shot_7861,125108,777,2,51423,108096,5,Open Play,Left Foot,Outside Box,Missed
shot_7862,125108,777,15,15259,,7,Open Play,Left Foot,Inside Box,Blocked
shot_7863,125108,777,15,23811,23702,8,Open Play,Right Foot,Outside Box,Saved
shot_7864,125108,777,2,5066,5758,20,Set Piece,Header,Inside Box,Missed
shot_7865,125108,777,2,23968,51423,36,Open Play,Right Foot,Inside Box,Hit the Woodwork
shot_7866,125108,777,15,23811,23702,38,Open Play,Right Foot,Outside Box,Goal
shot_7867,125108,777,15,51593,10439,40,Open Play,Right Foot,Outside Box,Blocked
shot_7868,125108,777,15,23811,23702,42,Open Play,Right Foot,Outside Box,Saved
shot_7869,125108,777,15,139648,23811,43,Set Piece,Header,Inside Box,Missed
shot_7870,125108,777,15,15259,10439,44,Open Play,Header,Inside Box,Saved
shot_7871,125108,777,15,304123,23702,49,Open Play,Header,Inside Box,Missed
shot_7872,125108,777,2,5865,,50,Open Play,Left Foot,Outside Box,Missed
shot_7873,125108,777,15,304123,108816,53,Open Play,Right Foot,Outside Box,Missed
shot_7874,125108,777,2,108096,23968,61,Open Play,Right Foot,Outside Box,Saved
shot_7875,125108,777,15,15259,304123,62,Open Play,Right Foot,Inside Box,Missed
shot_7876,125108,777,2,51423,5865,64,Open Play,Left Foot,Inside Box,Saved
shot_7877,125108,777,2,23968,8658,66,Open Play,Right Foot,Inside Box,Missed
shot_7878,125108,777,2,4115,5758,66,Open Play,Left Foot,Inside Box,Saved
shot_7879,125108,777,15,51593,23702,67,Set Piece,Right Foot,Outside Box,Missed
shot_7880,125108,777,15,23702,108816,70,Open Play,Right Foot,Inside Box,Blocked
shot_7881,125108,777,15,23811,,74,Open Play,Right Foot,Inside Box,Blocked
shot_7882,125108,777,15,3756,23811,74,Set Piece,Header,Inside Box,Missed
shot_7883,125108,777,15,23702,,77,Open Play,Left Foot,Inside Box,Blocked
shot_7884,125108,777,2,8658,26408,79,Open Play,Right Foot,Inside Box,Missed
shot_7885,125108,777,2,51223,,85,Open Play,Left Foot,Inside Box,Saved
shot_7886,125108,777,2,5066,5865,86,Set Piece,Header,Inside Box,Missed
shot_7887,125108,777,2,13344,26408,86,Open Play,Right Foot,Outside Box,Saved
shot_7888,125109,777,21,32229,51185,2,Open Play,Right Foot,Inside Box,Saved
shot_7889,125109,777,21,24630,51185,5,Open Play,Right Foot,Inside Box,Saved
shot_7890,125109,777,29,67784,138104,19,Open Play,Header,Inside Box,Missed
shot_7891,125109,777,21,24630,21887,27,Set Piece,Header,Inside Box,Missed
shot_7892,125109,777,29,51199,138104,29,Set Piece,Header,Inside Box,Missed
shot_7893,125109,777,29,12136,,32,Open Play,Right Foot,Inside Box,Missed
shot_7894,125109,777,21,10443,66635,36,Open Play,Right Foot,Inside Box,Blocked
shot_7895,125109,777,29,12136,,39,Set Piece,Left Foot,Outside Box,Missed
shot_7896,125109,777,21,10443,32229,45,Set Piece,Right Foot,Inside Box,Missed
shot_7897,125109,777,29,51199,,45+2',Open Play,Right Foot,Inside Box,Blocked
shot_7898,125109,777,29,67784,119614,45+2',Open Play,Right Foot,Inside Box,Saved
shot_7899,125109,777,29,51199,,45+3',Open Play,Left Foot,Outside Box,Blocked
shot_7900,125109,777,21,10443,,45+4',Open Play,Left Foot,Inside Box,Saved
shot_7901,125109,777,21,66635,32229,45+5',Set Piece,Header,Inside Box,Missed
shot_7902,125109,777,29,126110,124944,54,Open Play,Right Foot,Inside Box,Missed
shot_7903,125109,777,21,24630,32229,60,Open Play,Right Foot,Inside Box,Saved
shot_7904,125109,777,29,51199,126110,61,Open Play,Left Foot,Outside Box,Goal
shot_7905,125109,777,21,10443,76614,76,Open Play,Header,Inside Box,Saved
shot_7906,125109,777,29,10361,126110,80,Open Play,Header,Inside Box,Missed
shot_7907,125109,777,29,126110,,80,Open Play,Right Foot,Outside Box,Missed
shot_7908,125109,777,29,119614,124944,81,Open Play,Left Foot,Outside Box,Blocked
shot_7909,125109,777,29,124944,122126,87,Open Play,Header,Inside Box,Missed
shot_7910,125109,777,21,32229,,90+2',Open Play,Right Foot,Outside Box,Saved
shot_7911,125109,777,21,32229,126824,90+7',Open Play,Right Foot,Inside Box,Saved
shot_7912,125110,777,38,143214,,4,Open Play,Right Foot,Outside Box,Missed
shot_7913,125110,777,38,126108,14830,8,Open Play,Right Foot,Outside Box,Missed
shot_7914,125110,777,25,65961,119072,14,Open Play,Right Foot,Inside Box,Missed
shot_7915,125110,777,38,115114,111988,16,Open Play,Header,Inside Box,Missed
shot_7916,125110,777,25,8868,304595,25,Open Play,Left Foot,Inside Box,Saved
shot_7917,125110,777,38,66692,111988,26,Open Play,Right Foot,Inside Box,Blocked
shot_7918,125110,777,25,63257,,27,Open Play,Right Foot,,Saved
shot_7919,125110,777,25,63257,145347,30,Open Play,Header,Inside Box,Missed
shot_7920,125110,777,38,9199,108877,32,Open Play,Left Foot,Inside Box,Missed
shot_7921,125110,777,38,9199,115114,36,Open Play,Header,Inside Box,Saved
shot_7922,125110,777,25,8868,32638,38,Open Play,Left Foot,Inside Box,Blocked
shot_7923,125110,777,25,145347,65961,38,Open Play,Right Foot,Outside Box,Blocked
shot_7924,125110,777,25,32638,8868,42,Set Piece,Header,Inside Box,Goal
shot_7925,125110,777,25,304595,63257,45,Open Play,Right Foot,Inside Box,Saved
shot_7926,125110,777,38,133679,,52,Open Play,Right Foot,Inside Box,Blocked
shot_7927,125110,777,38,9199,143214,52,Open Play,Right Foot,Inside Box,Blocked
shot_7928,125110,777,25,65961,13815,53,Open Play,Right Foot,,Missed
shot_7929,125110,777,38,14830,,53,Open Play,Right Foot,Outside Box,Saved
shot_7930,125110,777,25,25183,145347,54,Open Play,Right Foot,Inside Box,Blocked
shot_7931,125110,777,25,8868,63257,54,Open Play,Left Foot,Inside Box,Hit the Woodwork
shot_7932,125110,777,38,14830,,60,Set Piece,Right Foot,Outside Box,Missed
shot_7933,125110,777,38,108877,66692,62,Set Piece,Header,Inside Box,Missed
shot_7934,125110,777,25,65961,119072,64,Open Play,Left Foot,Inside Box,Blocked
shot_7935,125110,777,25,145347,119072,65,Set Piece,Left Foot,Outside Box,Missed
shot_7936,125110,777,25,63257,304595,66,Open Play,Right Foot,Inside Box,Goal
shot_7937,125110,777,25,63257,8868,68,Open Play,Right Foot,Inside Box,Goal
shot_7938,125110,777,25,63257,13815,79,Open Play,Right Foot,Inside Box,Missed
shot_7939,125110,777,25,32638,,83,Set Piece,Right Foot,Inside Box,Goal
shot_7940,125110,777,25,4979,8868,85,Open Play,Left Foot,Inside Box,Missed
shot_7941,125110,777,38,20337,,89,Open Play,Right Foot,Inside Box,Missed
shot_7942,125110,777,38,129740,115371,90+3',Open Play,Right Foot,Inside Box,Missed
shot_7943,125110,777,38,66692,,90+3',Open Play,Left Foot,Outside Box,Saved
shot_7944,125111,777,2,8658,51423,2,Open Play,Header,Inside Box,Goal
shot_7945,125111,777,29,119614,51199,4,Open Play,Left Foot,Inside Box,Missed
shot_7946,125111,777,29,138104,63733,5,Open Play,Right Foot,Outside Box,Saved
shot_7947,125111,777,29,119614,124944,9,Open Play,Left Foot,Inside Box,Goal
shot_7948,125111,777,2,13344,51223,15,Set Piece,Right Foot,Outside Box,Missed
shot_7949,125111,777,2,108096,51423,15,Set Piece,Header,Inside Box,Hit the Woodwork
shot_7950,125111,777,2,108096,51423,34,Open Play,Right Foot,Outside Box,Blocked
shot_7951,125111,777,2,8658,51223,36,Open Play,Header,Inside Box,Goal
shot_7952,125111,777,29,124944,,42,Open Play,Right Foot,Inside Box,Blocked
shot_7953,125111,777,2,23968,8658,47,Open Play,Left Foot,Inside Box,Goal
shot_7954,125111,777,2,23968,8658,56,Open Play,Right Foot,Inside Box,Blocked
shot_7955,125111,777,2,4115,8658,56,Open Play,Left Foot,,Saved
shot_7956,125111,777,2,8658,51423,56,Open Play,Right Foot,Inside Box,Missed
shot_7957,125111,777,2,8658,23968,65,Open Play,Right Foot,Inside Box,Blocked
shot_7958,125111,777,29,67784,126110,68,Open Play,Right Foot,Inside Box,Saved
shot_7959,125111,777,29,138104,124944,76,Open Play,Left Foot,Inside Box,Saved
shot_7960,125111,777,2,26408,108096,82,Open Play,Right Foot,Outside Box,Saved
shot_7961,125111,777,2,8900,,82,Open Play,Left Foot,Inside Box,Saved
shot_7962,125111,777,29,122126,,86,Open Play,Right Foot,,Goal
shot_7963,125111,777,29,52989,138104,87,Open Play,Right Foot,Inside Box,Goal
shot_7964,125111,777,29,12136,138104,90,Set Piece,Left Foot,Outside Box,Missed
shot_7965,125111,777,2,13286,5758,90+3',Open Play,Right Foot,Inside Box,Goal
shot_7966,125111,777,29,126110,138104,90+3',Open Play,Right Foot,Inside Box,Saved
shot_7967,125111,777,2,26408,,90+6',Set Piece,Right Foot,Outside Box,Missed
shot_7968,125111,777,2,26408,,90+7',Open Play,Right Foot,,Missed
shot_7969,125112,777,34,13961,14445,10,Open Play,Left Foot,Inside Box,Blocked
shot_7970,125112,777,130,124052,49726,10,Set Piece,Header,Inside Box,Missed
shot_7971,125112,777,130,124052,127594,14,Open Play,Right Foot,Inside Box,Blocked
shot_7972,125112,777,130,133890,49731,18,Open Play,Right Foot,Outside Box,Saved
shot_7973,125112,777,34,26151,4717,29,Open Play,Left Foot,Inside Box,Blocked
shot_7974,125112,777,34,14656,3894,32,Open Play,Left Foot,Inside Box,Missed
shot_7975,125112,777,34,4717,14656,35,Open Play,Right Foot,Outside Box,Blocked
shot_7976,125112,777,130,127594,49726,40,Open Play,Header,Inside Box,Blocked
shot_7977,125112,777,34,23793,,43,Open Play,Left Foot,Outside Box,Blocked
shot_7978,125112,777,130,24369,127594,45+1',Set Piece,Right Foot,Inside Box,Missed
shot_7979,125112,777,34,16044,14656,50,Open Play,Left Foot,Outside Box,Missed
shot_7980,125112,777,130,133890,24369,58,Open Play,Left Foot,Inside Box,Saved
shot_7981,125112,777,34,14656,3894,64,Open Play,Right Foot,Inside Box,Blocked
shot_7982,125112,777,130,49731,127594,66,Open Play,Left Foot,Inside Box,Missed
shot_7983,125112,777,130,127594,133890,66,Open Play,Header,Inside Box,Saved
shot_7984,125112,777,130,24659,49726,76,Set Piece,Header,Inside Box,Missed
shot_7985,125112,777,34,13961,16044,78,Open Play,Right Foot,Inside Box,Missed
shot_7986,125112,777,130,49731,133890,85,Set Piece,Header,,Missed
shot_7987,125112,777,130,24369,133460,89,Open Play,Header,Inside Box,Blocked
shot_7988,125112,777,130,133890,24369,90,Open Play,Left Foot,Inside Box,Saved
shot_7989,125112,777,130,24659,49726,90+1',Set Piece,Header,Inside Box,Missed
shot_7990,125112,777,34,23793,14624,90+2',Open Play,Header,,Missed
shot_7991,125112,777,34,66657,,90+4',Set Piece,Left Foot,Inside Box,Missed
shot_7992,125112,777,34,23793,13961,90+4',Open Play,Header,Inside Box,Blocked
shot_7993,125113,777,12,66036,23396,7,Open Play,Right Foot,Outside Box,Blocked
shot_7994,125113,777,4,304474,49293,11,Open Play,Left Foot,Inside Box,Hit the Woodwork
shot_7995,125113,777,4,304474,51813,13,Open Play,Right Foot,Inside Box,Saved
shot_7996,125113,777,4,63741,,30,Open Play,Right Foot,Outside Box,Blocked
shot_7997,125113,777,4,63741,,33,Open Play,Right Foot,Inside Box,Missed
shot_7998,125113,777,4,63741,,38,Open Play,Right Foot,Outside Box,Saved
shot_7999,125113,777,4,21998,68827,38,Open Play,Left Foot,Outside Box,Blocked
shot_8000,125113,777,12,51202,23396,43,Open Play,Right Foot,Inside Box,Goal
shot_8001,125113,777,12,23396,51202,52,Open Play,Left Foot,Outside Box,Missed
shot_8002,125113,777,4,112203,63741,52,Open Play,Right Foot,Outside Box,Blocked
shot_8003,125113,777,12,51202,23396,54,Open Play,Right Foot,Outside Box,Blocked
shot_8004,125113,777,4,51813,21998,56,Open Play,Header,Inside Box,Hit the Woodwork
shot_8005,125113,777,4,51813,21998,57,Open Play,Left Foot,Inside Box,Blocked
shot_8006,125113,777,4,49293,68827,62,Open Play,Left Foot,Inside Box,Missed
shot_8007,125113,777,4,21998,68987,66,Open Play,Left Foot,Outside Box,Blocked
shot_8008,125113,777,4,66284,63741,67,Open Play,Header,Inside Box,Blocked
shot_8009,125113,777,4,49293,,71,Open Play,Left Foot,Outside Box,Blocked
shot_8010,125113,777,4,68987,27277,72,Open Play,Right Foot,Inside Box,Blocked
shot_8011,125113,777,4,21998,63741,72,Open Play,Left Foot,Inside Box,Blocked
shot_8012,125113,777,4,68987,63741,73,Open Play,Right Foot,Outside Box,Blocked
shot_8013,125113,777,4,66284,68827,73,Open Play,Header,Inside Box,Saved
shot_8014,125113,777,4,68987,27277,76,Open Play,Right Foot,Inside Box,Blocked
shot_8015,125113,777,4,112203,63741,84,Open Play,Right Foot,Outside Box,Missed
shot_8016,125113,777,4,49293,68987,86,Open Play,Left Foot,Outside Box,Blocked
shot_8017,125114,777,6,35670,24334,7,Open Play,Right Foot,Inside Box,Missed
shot_8018,125114,777,25,63257,,14,Open Play,Right Foot,Inside Box,Missed
shot_8019,125114,777,6,49374,37776,20,Open Play,Header,Inside Box,Missed
shot_8020,125114,777,6,49374,109117,26,Open Play,Right Foot,Outside Box,Missed
shot_8021,125114,777,25,65961,8868,28,Open Play,Right Foot,Inside Box,Blocked
shot_8022,125114,777,25,63257,,39,Open Play,Right Foot,Inside Box,Blocked
shot_8023,125114,777,6,35670,109117,42,Open Play,Right Foot,Outside Box,Blocked
shot_8024,125114,777,25,32638,145347,44,Open Play,Header,Inside Box,Saved
shot_8025,125114,777,6,24334,,45+1',Open Play,Left Foot,Inside Box,Missed
shot_8026,125114,777,25,8868,,51,Open Play,Left Foot,Outside Box,Missed
shot_8027,125114,777,25,304595,,57,Open Play,Right Foot,Inside Box,Blocked
shot_8028,125114,777,6,37776,49759,60,Open Play,Header,Inside Box,Saved
shot_8029,125114,777,25,32638,145347,68,Open Play,Header,Inside Box,Saved
shot_8030,125114,777,6,37776,49796,78,Open Play,Right Foot,Outside Box,Missed
shot_8031,125114,777,25,63257,118083,79,Open Play,Right Foot,Inside Box,Saved
shot_8032,125114,777,25,145347,,87,Open Play,Left Foot,Outside Box,Missed
shot_8033,125114,777,6,147312,76104,90,Open Play,Right Foot,Outside Box,Missed
shot_8034,125114,777,6,37776,49759,90+3',Set Piece,Header,Inside Box,Missed
shot_8035,125115,777,7,126789,23841,6,Open Play,Header,Inside Box,Saved
shot_8036,125115,777,7,126789,66318,16,Open Play,Right Foot,Inside Box,Missed
shot_8037,125115,777,7,24797,14706,17,Open Play,Left Foot,Outside Box,Blocked
shot_8038,125115,777,10,32894,75382,21,Open Play,Right Foot,Outside Box,Blocked
shot_8039,125115,777,7,8143,24797,25,Open Play,Header,Inside Box,Saved
shot_8040,125115,777,10,5178,32894,29,Open Play,Left Foot,Inside Box,Goal
shot_8041,125115,777,10,32894,75382,29,Open Play,Right Foot,Inside Box,Saved
shot_8042,125115,777,10,32894,10458,42,Open Play,Right Foot,Outside Box,Saved
shot_8043,125115,777,10,21737,75382,45+1',Open Play,Right Foot,Inside Box,Saved
shot_8044,125115,777,10,33231,32894,45+2',Open Play,Right Foot,Outside Box,Blocked
shot_8045,125115,777,7,24797,126789,45+3',Open Play,Right Foot,Inside Box,Missed
shot_8046,125115,777,7,126789,14706,54,Open Play,Right Foot,Inside Box,Goal
shot_8047,125115,777,10,32894,,59,Open Play,Right Foot,Outside Box,Missed
shot_8048,125115,777,7,24797,112589,60,Open Play,Left Foot,Outside Box,Missed
shot_8049,125115,777,10,32894,5178,61,Open Play,Header,Inside Box,Blocked
shot_8050,125115,777,7,31936,4640,64,Open Play,Left Foot,Inside Box,Saved
shot_8051,125115,777,10,10458,75382,66,Open Play,Left Foot,Outside Box,Missed
shot_8052,125115,777,7,126789,,69,Open Play,Header,Inside Box,Missed
shot_8053,125115,777,7,23841,31936,76,Open Play,Right Foot,Outside Box,Missed
shot_8054,125115,777,10,134796,32894,77,Open Play,Right Foot,Inside Box,Blocked
shot_8055,125115,777,10,49909,32894,83,Open Play,Right Foot,Outside Box,Missed
shot_8056,125115,777,10,134796,49909,90+8',Open Play,Right Foot,Inside Box,Missed
shot_8057,125115,777,10,33231,63633,90+9',Open Play,Right Foot,Outside Box,Blocked
shot_8058,125115,777,10,5140,33231,90+10',Set Piece,Header,Inside Box,Goal
shot_8059,125116,777,9,9576,33162,1,Open Play,Right Foot,Inside Box,Saved
shot_8060,125116,777,9,13515,,9,Set Piece,Header,Inside Box,Missed
shot_8061,125116,777,9,19731,33162,14,Open Play,Left Foot,Outside Box,Blocked
shot_8062,125116,777,9,9576,33124,14,Set Piece,Right Foot,Inside Box,Missed
shot_8063,125116,777,9,33124,126426,14,Set Piece,Header,Inside Box,Missed
shot_8064,125116,777,9,13515,33162,18,Set Piece,Right Foot,Inside Box,Goal
shot_8065,125116,777,9,19731,50151,18,Open Play,Right Foot,Inside Box,Saved
shot_8066,125116,777,9,50151,126426,18,Set Piece,Header,Inside Box,Missed
shot_8067,125116,777,9,33162,63289,20,Open Play,Right Foot,Inside Box,Goal
shot_8068,125116,777,38,9199,,25,Open Play,Left Foot,Inside Box,Blocked
shot_8069,125116,777,9,33162,14608,26,Open Play,Right Foot,Inside Box,Saved
shot_8070,125116,777,38,108877,,39,Open Play,Header,Inside Box,Blocked
shot_8071,125116,777,9,126426,33162,45,Open Play,Right Foot,Outside Box,Blocked
shot_8072,125116,777,38,145492,66692,51,Open Play,Left Foot,Inside Box,Missed
shot_8073,125116,777,9,19731,,61,Set Piece,Right Foot,Inside Box,Missed
shot_8074,125116,777,38,108877,66692,62,Open Play,Header,Inside Box,Saved
shot_8075,125116,777,38,147032,145492,62,Open Play,Right Foot,Inside Box,Blocked
shot_8076,125116,777,9,9576,126426,68,Set Piece,Header,,Missed
shot_8077,125116,777,38,108947,,70,Open Play,Right Foot,Inside Box,Missed
shot_8078,125116,777,9,50151,126426,76,Open Play,Header,Inside Box,Blocked
shot_8079,125116,777,9,33124,68676,86,Open Play,Left Foot,Inside Box,Missed
shot_8080,125116,777,9,9576,,90+5',Penalty,Right Foot,Inside Box,Goal
shot_8081,125116,777,9,14807,14897,90+11',Open Play,Left Foot,Inside Box,Blocked
shot_8082,125117,777,11,68150,,4,Open Play,Right Foot,Inside Box,Blocked
shot_8083,125117,777,11,65970,112948,4,Open Play,Left Foot,Inside Box,Blocked
shot_8084,125117,777,1,119476,15202,6,Set Piece,Header,Inside Box,Missed
shot_8085,125117,777,1,20810,11419,10,Open Play,Left Foot,Inside Box,Blocked
shot_8086,125117,777,11,68150,76204,16,Open Play,Right Foot,Inside Box,Goal
shot_8087,125117,777,11,68150,5067,16,Open Play,Right Foot,Inside Box,Blocked
shot_8088,125117,777,1,20810,,18,Open Play,Right Foot,Inside Box,Goal
shot_8089,125117,777,11,65970,54156,27,Open Play,Left Foot,Outside Box,Missed
shot_8090,125117,777,11,14569,137371,33,Open Play,Header,Inside Box,Saved
shot_8091,125117,777,11,65970,68150,33,Set Piece,Header,Inside Box,Missed
shot_8092,125117,777,11,25474,68150,42,Open Play,Right Foot,Inside Box,Blocked
shot_8093,125117,777,11,65970,,48,Set Piece,Left Foot,Inside Box,Hit the Woodwork
shot_8094,125117,777,11,137371,,48,Open Play,Right Foot,Inside Box,Blocked
shot_8095,125117,777,11,54156,137371,52,Open Play,Right Foot,Inside Box,Saved
shot_8096,125117,777,1,66104,,60,Open Play,Right Foot,Inside Box,Blocked
shot_8097,125117,777,1,20810,11419,60,Open Play,Left Foot,Inside Box,Saved
shot_8098,125117,777,1,21584,11419,61,Open Play,Left Foot,Outside Box,Hit the Woodwork
shot_8099,125117,777,11,5067,65970,64,Open Play,Left Foot,Inside Box,Missed
shot_8100,125117,777,11,65970,,65,Open Play,Left Foot,Inside Box,Goal
shot_8101,125117,777,11,16286,,68,Open Play,Left Foot,Outside Box,Blocked
shot_8102,125117,777,11,54156,,70,Set Piece,Left Foot,Inside Box,Missed
shot_8103,125117,777,1,20810,,73,Open Play,Left Foot,Inside Box,Blocked
shot_8104,125117,777,1,50234,11419,73,Open Play,Header,Inside Box,Blocked
shot_8105,125117,777,1,20810,20486,90+5',Open Play,Header,Inside Box,Missed
shot_8106,125118,777,127,51942,119381,4,Open Play,Header,Inside Box,Saved
shot_8107,125118,777,23,14716,114590,5,Open Play,Right Foot,Inside Box,Missed
shot_8108,125118,777,127,14846,54989,5,Open Play,Right Foot,Outside Box,Blocked
shot_8109,125118,777,23,71623,,8,Open Play,Left Foot,Inside Box,Blocked
shot_8110,125118,777,127,15572,,10,Open Play,Left Foot,Outside Box,Missed
shot_8111,125118,777,127,137832,14846,11,Open Play,Right Foot,Outside Box,Blocked
shot_8112,125118,777,23,14716,19888,15,Open Play,Right Foot,Inside Box,Blocked
shot_8113,125118,777,127,14846,15572,19,Open Play,Left Foot,Inside Box,Missed
shot_8114,125118,777,127,134234,33032,27,Open Play,Left Foot,Outside Box,Missed
shot_8115,125118,777,127,14846,134234,32,Open Play,Right Foot,Inside Box,Goal
shot_8116,125118,777,127,33032,74976,40,Open Play,Left Foot,Inside Box,Missed
shot_8117,125118,777,23,19888,,42,Open Play,Right Foot,Inside Box,Blocked
shot_8118,125118,777,23,124462,,43,Open Play,Right Foot,Inside Box,Blocked
shot_8119,125118,777,127,137832,14846,48,Open Play,Header,Inside Box,Blocked
shot_8120,125118,777,23,71623,19888,61,Open Play,Right Foot,Outside Box,Missed
shot_8121,125118,777,23,114590,,68,Open Play,Right Foot,Inside Box,Goal
shot_8122,125118,777,127,51942,,75,Open Play,Right Foot,Outside Box,Missed
shot_8123,125118,777,23,9662,,78,Set Piece,Left Foot,Inside Box,Missed
shot_8124,125118,777,23,114590,,78,Open Play,Left Foot,Inside Box,Blocked
shot_8125,125118,777,23,124462,49908,78,Open Play,Left Foot,Inside Box,Blocked
shot_8126,125118,777,127,74965,,85,Open Play,Left Foot,Inside Box,Goal
shot_8127,125118,777,127,33032,14846,85,Open Play,Header,Inside Box,Missed
shot_8128,125118,777,23,74761,,90+3',Open Play,Left Foot,Inside Box,Saved
shot_8129,125118,777,23,8707,74761,90+4',Set Piece,Header,Inside Box,Missed
shot_8130,125119,777,43,4617,,25,Open Play,Right Foot,Outside Box,Saved
shot_8131,125119,777,15,23811,,34,Open Play,Right Foot,Outside Box,Blocked
shot_8132,125119,777,15,3756,23811,35,Open Play,Header,Inside Box,Missed
shot_8133,125119,777,15,15259,138137,45,Open Play,Left Foot,Inside Box,Missed
shot_8134,125119,777,43,75735,127393,45+2',Open Play,Left Foot,Inside Box,Goal
shot_8135,125119,777,15,15259,,53,Open Play,Right Foot,Inside Box,Missed
shot_8136,125119,777,15,304123,3756,53,Open Play,Right Foot,Outside Box,Blocked
shot_8137,125119,777,15,15259,,63,Open Play,Right Foot,Inside Box,Goal
shot_8138,125119,777,43,64282,50460,65,Open Play,Left Foot,Inside Box,Saved
shot_8139,125119,777,15,15259,98300,69,Open Play,Right Foot,Inside Box,Goal
shot_8140,125119,777,15,15259,14238,77,Open Play,Header,Inside Box,Goal
shot_8141,125119,777,43,124531,4617,83,Open Play,Left Foot,Inside Box,Blocked
shot_8142,125119,777,15,23811,108816,87,Open Play,Right Foot,Inside Box,Missed
shot_8143,125119,777,15,304123,115172,90+8',Open Play,Right Foot,Inside Box,Goal
shot_8144,125120,777,21,22802,,10,Set Piece,Right Foot,Outside Box,Missed
shot_8145,125120,777,21,69274,,21,Open Play,Right Foot,Outside Box,Blocked
shot_8146,125120,777,21,51185,75582,22,Set Piece,Left Foot,Inside Box,Missed
shot_8147,125120,777,21,21887,,22,Set Piece,Right Foot,Inside Box,Missed
shot_8148,125120,777,131,3452,22542,35,Open Play,Header,Inside Box,Saved
shot_8149,125120,777,21,32229,69274,39,Open Play,Header,Inside Box,Goal
shot_8150,125120,777,21,32229,,41,Open Play,Right Foot,Inside Box,Saved
shot_8151,125120,777,21,69274,10443,41,Open Play,Right Foot,Inside Box,Hit the Woodwork
shot_8152,125120,777,131,117732,22542,45+3',Open Play,Left Foot,Inside Box,Goal
shot_8153,125120,777,131,112739,22542,45+6',Open Play,Header,Inside Box,Missed
shot_8154,125120,777,131,76090,22542,47,Set Piece,Header,Inside Box,Missed
shot_8155,125120,777,131,117732,,49,Open Play,Right Foot,Inside Box,Blocked
shot_8156,125120,777,131,134333,72239,49,Open Play,Right Foot,Outside Box,Blocked
shot_8157,125120,777,21,10443,32229,54,Open Play,Header,Inside Box,Saved
shot_8158,125120,777,131,3452,,67,Open Play,Right Foot,Outside Box,Blocked
shot_8159,125120,777,21,19858,,68,Open Play,Right Foot,Inside Box,Saved
shot_8160,125120,777,21,69274,21887,68,Open Play,Right Foot,,Blocked
shot_8161,125120,777,21,69274,133603,77,Open Play,Right Foot,Outside Box,Goal
shot_8162,125120,777,21,10443,76614,80,Open Play,Right Foot,Inside Box,Blocked
shot_8163,125120,777,131,50727,145043,90+3',Open Play,Right Foot,Inside Box,Missed
shot_8164,125120,777,131,145043,136175,90+3',Open Play,Header,Inside Box,Missed
shot_8165,125120,777,131,51830,76090,90+5',Open Play,Left Foot,Inside Box,Goal
shot_8166,125120,777,21,117596,69274,90+8',Open Play,Right Foot,Inside Box,Saved
shot_8167,125121,777,23,74761,71623,4,Open Play,Right Foot,Outside Box,Missed
shot_8168,125121,777,1,21584,11419,8,Set Piece,Left Foot,Outside Box,Missed
shot_8169,125121,777,1,21584,20810,9,Set Piece,Right Foot,Outside Box,Goal
shot_8170,125121,777,23,8707,114590,16,Open Play,Header,Inside Box,Blocked
shot_8171,125121,777,23,14446,19888,18,Open Play,Right Foot,Inside Box,Saved
shot_8172,125121,777,1,67407,64523,23,Open Play,Left Foot,Outside Box,Saved
shot_8173,125121,777,23,19888,,24,Set Piece,Right Foot,Inside Box,Missed
shot_8174,125121,777,23,71623,,30,Open Play,Right Foot,Outside Box,Saved
shot_8175,125121,777,23,49908,74761,30,Open Play,Header,Inside Box,Blocked
shot_8176,125121,777,23,14446,114590,31,Open Play,Right Foot,Outside Box,Missed
shot_8177,125121,777,23,8707,,38,Open Play,Left Foot,Outside Box,Missed
shot_8178,125121,777,23,71623,74761,42,Open Play,Right Foot,Outside Box,Blocked
shot_8179,125121,777,1,21584,118077,49,Open Play,Header,Inside Box,Missed
shot_8180,125121,777,1,67407,11419,58,Open Play,Left Foot,Outside Box,Blocked
shot_8181,125121,777,23,71623,,65,Open Play,Right Foot,Outside Box,Blocked
shot_8182,125121,777,1,66104,32728,70,Open Play,Left Foot,Inside Box,Blocked
shot_8183,125121,777,1,64523,67407,73,Open Play,Right Foot,Inside Box,Blocked
shot_8184,125121,777,23,117497,115256,80,Open Play,Right Foot,Inside Box,Missed
shot_8185,125121,777,1,49481,66104,81,Open Play,Left Foot,Inside Box,Blocked
shot_8186,125121,777,1,66104,50234,82,Open Play,Right Foot,Inside Box,Saved
shot_8187,125121,777,23,8707,14716,83,Open Play,Header,Inside Box,Saved
shot_8188,125121,777,1,32728,11419,84,Open Play,Right Foot,Inside Box,Blocked
shot_8189,125121,777,1,11419,49481,87,Open Play,Left Foot,Outside Box,Saved
shot_8190,125121,777,23,71623,19888,90+6',Open Play,Right Foot,Outside Box,Blocked
shot_8191,125122,777,127,33032,15572,10,Open Play,Right Foot,Inside Box,Missed
shot_8192,125122,777,127,33032,13706,16,Open Play,Header,Inside Box,Blocked
shot_8193,125122,777,127,74965,,32,Open Play,Right Foot,Outside Box,Saved
shot_8194,125122,777,127,13706,,34,Open Play,Left Foot,Outside Box,Blocked
shot_8195,125122,777,9,63289,126426,37,Open Play,Right Foot,Inside Box,Saved
shot_8196,125122,777,127,14846,137832,43,Open Play,Left Foot,Inside Box,Blocked
shot_8197,125122,777,127,15572,137832,43,Open Play,Right Foot,Inside Box,Saved
shot_8198,125122,777,9,33162,,46,Open Play,Right Foot,Inside Box,Missed
shot_8199,125122,777,127,74976,,49,Set Piece,Right Foot,Outside Box,Missed
shot_8200,125122,777,127,13706,14846,51,Open Play,Right Foot,Inside Box,Missed
shot_8201,125122,777,127,15572,33032,54,Open Play,Left Foot,Outside Box,Blocked
shot_8202,125122,777,127,15572,51942,57,Open Play,Left Foot,Inside Box,Saved
shot_8203,125122,777,127,137832,54989,60,Open Play,Right Foot,Inside Box,Goal
shot_8204,125122,777,9,33162,,62,Open Play,Right Foot,Inside Box,Hit the Woodwork
shot_8205,125122,777,9,14807,75543,66,Open Play,Right Foot,Inside Box,Missed
shot_8206,125122,777,9,14807,63289,67,Open Play,Left Foot,Inside Box,Blocked
shot_8207,125122,777,9,68676,14807,68,Open Play,Right Foot,,Missed
shot_8208,125122,777,9,14807,63289,68,Open Play,Right Foot,Inside Box,Blocked
shot_8209,125122,777,127,134234,14846,75,Open Play,Left Foot,Inside Box,Saved
shot_8210,125122,777,127,51942,74976,76,Set Piece,Header,Inside Box,Missed
shot_8211,125122,777,127,74976,118080,77,Open Play,Right Foot,Outside Box,Saved
shot_8212,125122,777,127,118080,33032,85,Open Play,Left Foot,Inside Box,Blocked
shot_8213,125122,777,9,13796,19731,85,Open Play,Header,Inside Box,Saved
shot_8214,125122,777,127,134234,42894,86,Set Piece,Right Foot,Inside Box,Goal
shot_8215,125122,777,127,54989,74976,88,Set Piece,Header,Inside Box,Hit the Woodwork
shot_8216,125122,777,9,14807,68676,90+3',Open Play,Right Foot,Inside Box,Hit the Woodwork
shot_8217,125122,777,9,14897,,90+7',Open Play,Right Foot,Inside Box,Goal
shot_8218,125123,777,131,50727,,3,Set Piece,Right Foot,Inside Box,Goal
shot_8219,125123,777,131,117732,22542,3,Open Play,Right Foot,Inside Box,Saved
shot_8220,125123,777,131,51830,117732,11,Open Play,Left Foot,Outside Box,Blocked
shot_8221,125123,777,131,76090,22542,15,Open Play,Header,Inside Box,Saved
shot_8222,125123,777,131,51830,22542,16,Open Play,Left Foot,Inside Box,Missed
shot_8223,125123,777,131,112739,124396,18,Open Play,Right Foot,Inside Box,Blocked
shot_8224,125123,777,131,136175,51830,22,Open Play,Left Foot,Inside Box,Blocked
shot_8225,125123,777,4,14575,,41,Open Play,Right Foot,Outside Box,Blocked
shot_8226,125123,777,4,99282,68987,47,Open Play,Right Foot,Outside Box,Missed
shot_8227,125123,777,131,117732,22542,54,Open Play,Left Foot,Inside Box,Missed
shot_8228,125123,777,131,112739,51830,56,Open Play,Right Foot,Inside Box,Goal
shot_8229,125123,777,131,117732,,62,Set Piece,Right Foot,Inside Box,Missed
shot_8230,125123,777,131,50727,117732,65,Open Play,Right Foot,Inside Box,Saved
shot_8231,125123,777,131,50727,117732,66,Open Play,Right Foot,Outside Box,Saved
shot_8232,125123,777,131,76090,22542,67,Set Piece,Header,Inside Box,Missed
shot_8233,125123,777,4,68987,68827,70,Open Play,Right Foot,Inside Box,Blocked
shot_8234,125123,777,131,22542,,71,Open Play,Right Foot,Inside Box,Blocked
shot_8235,125123,777,4,68987,63741,76,Open Play,Right Foot,Inside Box,Missed
shot_8236,125123,777,4,130068,,80,Open Play,Right Foot,Inside Box,Blocked
shot_8237,125123,777,4,112203,14575,89,Open Play,Right Foot,Outside Box,Blocked
shot_8238,125123,777,131,3452,67928,90+1',Open Play,Right Foot,Inside Box,Goal
shot_8239,125124,777,11,5067,68150,2,Open Play,Left Foot,Inside Box,Blocked
shot_8240,125124,777,43,50460,74964,3,Open Play,Right Foot,Inside Box,Saved
shot_8241,125124,777,11,112948,,4,Open Play,Left Foot,Inside Box,Missed
shot_8242,125124,777,11,68150,25474,4,Open Play,Left Foot,Inside Box,Saved
shot_8243,125124,777,11,65970,54156,5,Open Play,Left Foot,Inside Box,Goal
shot_8244,125124,777,43,127393,50460,7,Open Play,Right Foot,Inside Box,Blocked
shot_8245,125124,777,11,65970,68150,8,Open Play,Left Foot,Inside Box,Blocked
shot_8246,125124,777,11,68150,5067,9,Open Play,Left Foot,Inside Box,Blocked
shot_8247,125124,777,43,75735,3955,16,Open Play,Right Foot,Inside Box,Missed
shot_8248,125124,777,11,68150,5067,19,Open Play,Left Foot,Inside Box,Blocked
shot_8249,125124,777,11,5067,,20,Open Play,Left Foot,Outside Box,Blocked
shot_8250,125124,777,11,68150,71432,25,Open Play,Right Foot,Outside Box,Saved
shot_8251,125124,777,11,112948,71432,25,Open Play,Header,Inside Box,Saved
shot_8252,125124,777,11,112948,68150,28,Open Play,Left Foot,Outside Box,Saved
shot_8253,125124,777,43,75735,74964,29,Open Play,Left Foot,Inside Box,Missed
shot_8254,125124,777,11,71432,5067,35,Open Play,Right Foot,Inside Box,Missed
shot_8255,125124,777,11,71432,,43,Open Play,Left Foot,Outside Box,Saved
shot_8256,125124,777,43,128456,51498,45+1',Open Play,Left Foot,Inside Box,Blocked
shot_8257,125124,777,11,25474,68150,47,Open Play,Left Foot,Inside Box,Blocked
shot_8258,125124,777,11,25474,68150,49,Open Play,Right Foot,Inside Box,Missed
shot_8259,125124,777,43,74964,,51,Open Play,Left Foot,Outside Box,Blocked
shot_8260,125124,777,11,65970,,55,Open Play,Right Foot,Inside Box,Hit the Woodwork
shot_8261,125124,777,11,54156,5067,59,Open Play,Right Foot,Outside Box,Missed
shot_8262,125124,777,43,4617,,61,Open Play,Right Foot,Outside Box,Blocked
shot_8263,125124,777,43,127393,,61,Set Piece,Left Foot,Outside Box,Missed
shot_8264,125124,777,11,126943,14569,70,Open Play,Left Foot,Inside Box,Saved
shot_8265,125124,777,11,68150,5067,71,Set Piece,Right Foot,Outside Box,Missed
shot_8266,125124,777,43,64282,8127,76,Open Play,Left Foot,Inside Box,Missed
shot_8267,125124,777,11,65970,68150,80,Open Play,Right Foot,Inside Box,Missed
shot_8268,125124,777,11,68150,76204,84,Open Play,Left Foot,Inside Box,Blocked
shot_8269,125124,777,11,67849,5067,86,Set Piece,Right Foot,Outside Box,Missed
shot_8270,125124,777,11,65970,,89,Open Play,Left Foot,Inside Box,Saved
shot_8271,125124,777,11,5067,54156,89,Open Play,Left Foot,Outside Box,Blocked
shot_8272,125124,777,11,112948,68150,90,Open Play,Left Foot,Inside Box,Saved
shot_8273,125124,777,11,68150,5067,90,Open Play,Left Foot,Inside Box,Missed
shot_8274,125124,777,11,54156,68150,90+2',Open Play,Right Foot,Outside Box,Blocked
shot_8275,125124,777,11,68150,67849,90+2',Open Play,Left Foot,Inside Box,Blocked
shot_8276,125125,777,34,11071,53063,7,Open Play,Header,Inside Box,Saved
shot_8277,125125,777,2,26408,8658,8,Open Play,Left Foot,Outside Box,Missed
shot_8278,125125,777,34,13961,16044,10,Open Play,Left Foot,Outside Box,Blocked
shot_8279,125125,777,2,8658,51423,11,Open Play,Right Foot,Outside Box,Saved
shot_8280,125125,777,34,16044,11071,11,Open Play,Right Foot,Outside Box,Saved
shot_8281,125125,777,34,53063,,25,Open Play,Left Foot,Outside Box,Saved
shot_8282,125125,777,2,23968,51423,29,Open Play,Left Foot,Outside Box,Missed
shot_8283,125125,777,34,21614,11071,32,Open Play,Right Foot,Outside Box,Blocked
shot_8284,125125,777,2,23968,51423,34,Open Play,Right Foot,Inside Box,Missed
shot_8285,125125,777,2,8658,13344,35,Open Play,Right Foot,Inside Box,Missed
shot_8286,125125,777,34,13961,,37,Open Play,Left Foot,Outside Box,Blocked
shot_8287,125125,777,34,16044,6712,42,Open Play,Header,Inside Box,Saved
shot_8288,125125,777,34,14656,,43,Open Play,Left Foot,Inside Box,Goal
shot_8289,125125,777,34,13961,,48,Open Play,Left Foot,Outside Box,Missed
shot_8290,125125,777,34,21614,53063,50,Set Piece,Header,Inside Box,Missed
shot_8291,125125,777,2,8658,51423,60,Open Play,Right Foot,Inside Box,Missed
shot_8292,125125,777,34,14445,21614,65,Open Play,Right Foot,Outside Box,Blocked
shot_8293,125125,777,2,5865,51423,70,Set Piece,Header,Inside Box,Missed
shot_8294,125125,777,2,23968,13344,72,Open Play,Right Foot,,Blocked
shot_8295,125125,777,2,13286,24626,83,Open Play,Right Foot,Inside Box,Missed
shot_8296,125125,777,34,66657,26151,86,Open Play,Right Foot,Inside Box,Saved
shot_8297,125125,777,2,5758,,86,Open Play,Left Foot,Outside Box,Missed
shot_8298,125125,777,34,117763,128976,88,Open Play,Right Foot,Inside Box,Blocked
shot_8299,125126,777,10,33231,5178,6,Open Play,Right Foot,Outside Box,Blocked
shot_8300,125126,777,10,75382,,7,Open Play,Left Foot,Inside Box,Blocked
shot_8301,125126,777,6,50842,69595,11,Set Piece,Header,Inside Box,Missed
shot_8302,125126,777,6,49374,24334,17,Open Play,Right Foot,Outside Box,Blocked
shot_8303,125126,777,6,49374,49796,20,Open Play,Right Foot,Inside Box,Missed
shot_8304,125126,777,10,5178,,32,Open Play,Left Foot,Inside Box,Missed
shot_8305,125126,777,10,33231,10458,34,Open Play,Right Foot,Inside Box,Blocked
shot_8306,125126,777,10,21737,63633,35,Open Play,Left Foot,Inside Box,Goal
shot_8307,125126,777,10,63633,,35,Open Play,Right Foot,Outside Box,Missed
shot_8308,125126,777,6,20874,24334,39,Open Play,Left Foot,,Saved
shot_8309,125126,777,10,10458,23815,40,Open Play,Left Foot,Inside Box,Goal
shot_8310,125126,777,6,20874,49759,40,Open Play,Header,Inside Box,Saved
shot_8311,125126,777,6,76353,,45+1',Set Piece,Right Foot,Inside Box,Missed
shot_8312,125126,777,6,76104,,45+1',Open Play,Right Foot,Inside Box,Blocked
shot_8313,125126,777,6,76104,49374,45+1',Open Play,Header,Inside Box,Saved
shot_8314,125126,777,6,20118,69595,51,Open Play,Left Foot,Inside Box,Missed
shot_8315,125126,777,6,49796,109117,64,Open Play,Left Foot,Inside Box,Saved
shot_8316,125126,777,10,19919,,67,Open Play,Left Foot,Outside Box,Blocked
shot_8317,125126,777,6,76353,,71,Open Play,Right Foot,Outside Box,Goal
shot_8318,125126,777,6,49796,109117,71,Open Play,Right Foot,Inside Box,Saved
shot_8319,125126,777,6,109117,20118,77,Open Play,Right Foot,Outside Box,Missed
shot_8320,125126,777,6,35670,69595,84,Open Play,Right Foot,Inside Box,Hit the Woodwork
shot_8321,125126,777,10,75382,63633,90+6',Open Play,Right Foot,Inside Box,Goal
shot_8322,125127,777,12,69176,108936,2,Open Play,Right Foot,Inside Box,Blocked
shot_8323,125127,777,12,4608,,4,Set Piece,Left Foot,Outside Box,Missed
shot_8324,125127,777,12,9566,23396,8,Open Play,Header,Inside Box,Saved
shot_8325,125127,777,12,5793,9566,11,Set Piece,Header,Inside Box,Goal
shot_8326,125127,777,130,133460,49731,17,Open Play,Left Foot,Inside Box,Saved
shot_8327,125127,777,130,24369,49726,20,Open Play,Right Foot,Inside Box,Saved
shot_8328,125127,777,12,69176,23396,23,Open Play,Left Foot,Outside Box,Missed
shot_8329,125127,777,12,5793,66360,24,Open Play,Right Foot,Outside Box,Missed
shot_8330,125127,777,130,24369,,29,Open Play,Right Foot,Inside Box,Blocked
shot_8331,125127,777,12,69176,23396,31,Open Play,Header,Inside Box,Saved
shot_8332,125127,777,130,49731,,39,Open Play,Right Foot,Outside Box,Blocked
shot_8333,125127,777,130,49731,,40,Set Piece,Right Foot,Inside Box,Missed
shot_8334,125127,777,12,66036,23396,43,Open Play,Right Foot,Inside Box,Goal
shot_8335,125127,777,130,49726,49731,45+1',Open Play,Right Foot,Outside Box,Missed
shot_8336,125127,777,12,4608,66036,48,Open Play,Left Foot,Inside Box,Missed
shot_8337,125127,777,12,9566,66360,50,Open Play,Header,Inside Box,Saved
shot_8338,125127,777,130,133890,124052,60,Open Play,Right Foot,Inside Box,Missed
shot_8339,125127,777,130,133890,124052,69,Open Play,Left Foot,Inside Box,Blocked
shot_8340,125127,777,130,133890,,71,Open Play,Left Foot,Inside Box,Blocked
shot_8341,125127,777,130,133890,,71,Set Piece,Header,Inside Box,Hit the Woodwork
shot_8342,125127,777,12,5793,23396,77,Open Play,Right Foot,Outside Box,Missed
shot_8343,125127,777,130,49726,14450,87,Set Piece,Right Foot,Outside Box,Goal
shot_8344,125127,777,130,49731,133890,90,Open Play,Header,Inside Box,Saved
shot_8345,125128,777,15,23811,,3,Set Piece,Right Foot,Inside Box,Missed
shot_8346,125128,777,15,51593,,3,Open Play,Right Foot,Outside Box,Blocked
shot_8347,125128,777,29,119614,138104,8,Open Play,Left Foot,Inside Box,Saved
shot_8348,125128,777,15,98300,304123,13,Open Play,Left Foot,Inside Box,Saved
shot_8349,125128,777,29,124944,51199,19,Open Play,Right Foot,Inside Box,Blocked
shot_8350,125128,777,15,3756,51593,22,Open Play,Left Foot,Outside Box,Saved
shot_8351,125128,777,29,66659,,26,Set Piece,Header,Inside Box,Missed
shot_8352,125128,777,29,138104,,26,Open Play,Right Foot,Outside Box,Blocked
shot_8353,125128,777,15,15259,23811,28,Open Play,Right Foot,Outside Box,Blocked
shot_8354,125128,777,15,3756,15259,31,Open Play,Left Foot,Inside Box,Goal
shot_8355,125128,777,15,15259,304123,34,Set Piece,Right Foot,Inside Box,Goal
shot_8356,125128,777,15,304123,,37,Set Piece,Right Foot,Inside Box,Goal
shot_8357,125128,777,15,10439,,37,Set Piece,Left Foot,Outside Box,Missed
shot_8358,125128,777,29,12136,138104,40,Open Play,Right Foot,Outside Box,Blocked
shot_8359,125128,777,29,66659,12136,57,Open Play,Right Foot,Inside Box,Saved
shot_8360,125128,777,29,138104,,70,Open Play,Right Foot,Outside Box,Blocked
shot_8361,125128,777,29,19864,122126,70,Open Play,Header,Inside Box,Blocked
shot_8362,125128,777,29,12136,,75,Open Play,Left Foot,Outside Box,Missed
shot_8363,125128,777,29,66659,,76,Set Piece,Left Foot,Outside Box,Missed
shot_8364,125128,777,29,122126,124944,82,Open Play,Right Foot,Inside Box,Blocked
shot_8365,125128,777,29,52989,12136,85,Open Play,Right Foot,Outside Box,Saved
shot_8366,125128,777,29,66659,67784,87,Open Play,Left Foot,Inside Box,Blocked
shot_8367,125128,777,29,138104,,87,Open Play,Right Foot,Outside Box,Saved
shot_8368,125128,777,15,51593,15340,90+5',Open Play,Right Foot,Inside Box,Goal
shot_8369,125129,777,7,24797,112589,3,Open Play,Left Foot,Inside Box,Blocked
shot_8370,125129,777,25,8868,65961,9,Open Play,Left Foot,Inside Box,Blocked
shot_8371,125129,777,25,25183,145347,12,Set Piece,Header,Inside Box,Missed
shot_8372,125129,777,7,143922,24797,13,Open Play,Right Foot,Inside Box,Missed
shot_8373,125129,777,25,32638,145347,15,Open Play,Right Foot,Inside Box,Blocked
shot_8374,125129,777,25,119072,145347,15,Open Play,Right Foot,Outside Box,Blocked
shot_8375,125129,777,25,65961,,18,Open Play,Right Foot,Inside Box,Missed
shot_8376,125129,777,25,8868,,19,Open Play,Left Foot,Inside Box,Missed
shot_8377,125129,777,25,65961,145347,27,Open Play,Left Foot,Inside Box,Missed
shot_8378,125129,777,7,143922,23841,35,Open Play,Left Foot,Outside Box,Saved
shot_8379,125129,777,7,31936,24797,37,Open Play,Right Foot,Inside Box,Blocked
shot_8380,125129,777,25,63257,65961,50,Open Play,Right Foot,Inside Box,Saved
shot_8381,125129,777,25,25183,8868,51,Set Piece,Header,Inside Box,Goal
shot_8382,125129,777,7,66538,,69,Set Piece,Left Foot,Outside Box,Missed
shot_8383,125129,777,7,118442,66538,75,Open Play,Right Foot,Outside Box,Blocked
shot_8384,125129,777,7,66538,8143,77,Open Play,Right Foot,Inside Box,Blocked
shot_8385,125129,777,7,12582,,77,Open Play,Right Foot,Inside Box,Blocked
shot_8386,125129,777,7,143922,118442,77,Open Play,Header,Inside Box,Blocked
shot_8387,125129,777,7,14706,8143,88,Open Play,Left Foot,Inside Box,Goal
shot_8388,125129,777,25,8454,8868,90+2',Open Play,Right Foot,Inside Box,Goal
shot_8389,125129,777,7,118442,14706,90+6',Open Play,Right Foot,Inside Box,Missed
shot_8390,125130,777,21,51185,,12,Open Play,Right Foot,Outside Box,Missed
shot_8391,125130,777,21,23764,69274,13,Open Play,Right Foot,Outside Box,Blocked
shot_8392,125130,777,21,32229,69274,14,Set Piece,Right Foot,Outside Box,Missed
shot_8393,125130,777,38,108947,,28,Open Play,Right Foot,Inside Box,Blocked
shot_8394,125130,777,38,43010,145492,28,Open Play,Header,Inside Box,Blocked
shot_8395,125130,777,21,69274,,30,Open Play,Right Foot,Inside Box,Missed
shot_8396,125130,777,21,32229,21887,34,Open Play,Right Foot,Inside Box,Missed
shot_8397,125130,777,38,147032,,47,Set Piece,Right Foot,Outside Box,Missed
shot_8398,125130,777,38,9199,145492,47,Open Play,Header,Inside Box,Blocked
shot_8399,125130,777,21,69274,,52,Open Play,Right Foot,Inside Box,Missed
shot_8400,125130,777,21,24630,21887,54,Open Play,Right Foot,Outside Box,Missed
shot_8401,125130,777,38,145492,147032,61,Open Play,Header,Inside Box,Missed
shot_8402,125130,777,38,9199,,65,Open Play,Right Foot,Inside Box,Saved
shot_8403,125130,777,38,66692,,67,Set Piece,Left Foot,Outside Box,Missed
shot_8404,125130,777,21,76614,32229,68,Open Play,Right Foot,Outside Box,Blocked
shot_8405,125130,777,21,22802,32229,69,Open Play,Header,Inside Box,Saved
shot_8406,125130,777,38,9199,145492,79,Open Play,Header,Inside Box,Missed
shot_8407,125130,777,38,66692,,79,Open Play,Right Foot,Outside Box,Blocked
shot_8408,125130,777,21,19858,24630,82,Set Piece,Right Foot,Inside Box,Goal
shot_8409,125130,777,21,24630,25892,82,Set Piece,Left Foot,Inside Box,Missed
shot_8410,125130,777,38,145492,66692,90,Open Play,Right Foot,Outside Box,Missed
shot_8411,125130,777,38,133679,,90+8',Open Play,Right Foot,Outside Box,Saved
shot_8412,125131,777,1,20486,114564,2,Open Play,Left Foot,Inside Box,Missed
shot_8413,125131,777,1,32728,49481,9,Set Piece,Left Foot,Inside Box,Goal
shot_8414,125131,777,1,20486,49481,14,Open Play,Left Foot,Outside Box,Missed
shot_8415,125131,777,1,21584,,21,Open Play,Right Foot,Outside Box,Blocked
shot_8416,125131,777,1,50234,,26,Open Play,Left Foot,Inside Box,Blocked
shot_8417,125131,777,1,50234,49481,26,Open Play,Header,Inside Box,Saved
shot_8418,125131,777,1,49481,,27,Open Play,Left Foot,Inside Box,Missed
shot_8419,125131,777,1,32728,14548,27,Open Play,Right Foot,Inside Box,Saved
shot_8420,125131,777,1,21584,49481,29,Open Play,Right Foot,Inside Box,Blocked
shot_8421,125131,777,34,53063,13961,32,Open Play,Left Foot,Outside Box,Blocked
shot_8422,125131,777,34,14624,13961,33,Open Play,Left Foot,Outside Box,Blocked
shot_8423,125131,777,1,49481,32728,40,Open Play,Left Foot,Inside Box,Goal
shot_8424,125131,777,1,20486,,40,Open Play,Left Foot,Outside Box,Saved
shot_8425,125131,777,1,50234,66204,44,Set Piece,Left Foot,Inside Box,Missed
shot_8426,125131,777,1,21584,69914,45,Open Play,Right Foot,Outside Box,Missed
shot_8427,125131,777,1,32728,20486,45+4',Open Play,Header,Inside Box,Goal
shot_8428,125131,777,34,11071,4818,47,Open Play,Right Foot,Outside Box,Missed
shot_8429,125131,777,34,6712,4818,49,Open Play,Header,Inside Box,Blocked
shot_8430,125131,777,34,11071,,50,Set Piece,Header,Inside Box,Missed
shot_8431,125131,777,1,32728,20486,56,Open Play,Right Foot,Inside Box,Saved
shot_8432,125131,777,1,20486,66204,60,Open Play,Left Foot,Inside Box,Saved
shot_8433,125131,777,34,14445,53063,63,Open Play,Right Foot,Inside Box,Blocked
shot_8434,125131,777,34,3894,,71,Open Play,Left Foot,Outside Box,Blocked
shot_8435,125131,777,34,11071,,71,Open Play,Right Foot,Outside Box,Blocked
shot_8436,125131,777,34,6712,,72,Open Play,Right Foot,Inside Box,Saved
shot_8437,125131,777,34,14445,23793,76,Open Play,Left Foot,Inside Box,Missed
shot_8438,125131,777,1,69914,67407,80,Open Play,Header,Inside Box,Saved
shot_8439,125131,777,1,141181,64523,85,Open Play,Right Foot,Inside Box,Missed
shot_8440,125132,777,21,24630,,2,Open Play,Right Foot,Inside Box,Blocked
shot_8441,125132,777,21,21887,,12,Open Play,Right Foot,Outside Box,Goal
shot_8442,125132,777,21,19858,,17,Open Play,Right Foot,Outside Box,Saved
shot_8443,125132,777,21,51185,76614,24,Open Play,Right Foot,Inside Box,Saved
shot_8444,125132,777,21,24630,76614,25,Set Piece,Header,Inside Box,Goal
shot_8445,125132,777,21,25892,,25,Open Play,Right Foot,Inside Box,Blocked
shot_8446,125132,777,21,51185,,36,Open Play,Right Foot,Outside Box,Missed
shot_8447,125132,777,21,76614,126824,42,Open Play,Right Foot,Inside Box,Missed
shot_8448,125132,777,21,32229,126824,55,Open Play,Right Foot,Outside Box,Missed
shot_8449,125132,777,2,23968,51223,61,Open Play,Right Foot,Outside Box,Blocked
shot_8450,125132,777,2,23968,8658,64,Open Play,Right Foot,Outside Box,Blocked
shot_8451,125132,777,2,8658,4115,71,Open Play,Right Foot,Outside Box,Blocked
shot_8452,125132,777,21,25892,32229,84,Open Play,Header,Inside Box,Saved
shot_8453,125132,777,2,8900,20489,89,Set Piece,Header,Inside Box,Missed
shot_8454,125132,777,2,26408,13344,90+6',Open Play,Header,Inside Box,Goal
shot_8455,125133,777,127,134234,,9,Open Play,Left Foot,Inside Box,Blocked
shot_8456,125133,777,127,137832,42894,9,Open Play,Right Foot,Outside Box,Blocked
shot_8457,125133,777,127,33032,74976,10,Set Piece,Header,Inside Box,Missed
shot_8458,125133,777,127,137832,,13,Open Play,Right Foot,Outside Box,Saved
shot_8459,125133,777,127,33032,74976,14,Open Play,Left Foot,Inside Box,Missed
shot_8460,125133,777,127,134234,119381,19,Open Play,Header,Inside Box,Missed
shot_8461,125133,777,127,14846,42894,27,Open Play,Left Foot,Inside Box,Saved
shot_8462,125133,777,127,137832,,32,Penalty,Right Foot,Inside Box,Goal
shot_8463,125133,777,127,74976,,39,Open Play,Right Foot,Outside Box,Saved
shot_8464,125133,777,127,134234,51942,43,Open Play,Header,Inside Box,Missed
shot_8465,125133,777,6,35670,24334,46,Open Play,Left Foot,Inside Box,Saved
shot_8466,125133,777,127,134234,74965,47,Open Play,Header,Inside Box,Missed
shot_8467,125133,777,6,35670,49796,55,Open Play,Right Foot,Inside Box,Missed
shot_8468,125133,777,127,137832,33032,59,Open Play,Right Foot,Inside Box,Blocked
shot_8469,125133,777,6,49374,35670,64,Open Play,Left Foot,Inside Box,Missed
shot_8470,125133,777,127,134234,13706,77,Open Play,Right Foot,Inside Box,Goal
shot_8471,125133,777,127,13706,54989,79,Open Play,Left Foot,Outside Box,Blocked
shot_8472,125133,777,6,20874,37776,83,Set Piece,Right Foot,Inside Box,Missed
shot_8473,125133,777,6,49374,20874,84,Open Play,Right Foot,Outside Box,Blocked
shot_8474,125133,777,6,49796,69595,89,Open Play,Right Foot,Inside Box,Hit the Woodwork
shot_8475,125133,777,6,49796,,90+1',Open Play,Right Foot,Inside Box,Missed
shot_8476,125133,777,127,119381,,90+2',Open Play,Right Foot,Outside Box,Blocked
shot_8477,125133,777,127,16582,,90+5',Open Play,Right Foot,Outside Box,Blocked
shot_8478,125134,777,130,133890,,1,Open Play,Left Foot,Outside Box,Missed
shot_8479,125134,777,25,304595,65961,7,Open Play,Right Foot,Inside Box,Saved
shot_8480,125134,777,25,63257,145347,17,Open Play,Right Foot,Inside Box,Hit the Woodwork
shot_8481,125134,777,25,63257,8868,18,Open Play,Header,Inside Box,Missed
shot_8482,125134,777,130,49731,,23,Open Play,Right Foot,Outside Box,Missed
shot_8483,125134,777,130,124052,49731,28,Open Play,Right Foot,Inside Box,Saved
shot_8484,125134,777,25,63257,8868,29,Set Piece,Header,Inside Box,Hit the Woodwork
shot_8485,125134,777,130,133890,,35,Open Play,Left Foot,Outside Box,Saved
shot_8486,125134,777,130,24369,,35,Open Play,Right Foot,Outside Box,Blocked
shot_8487,125134,777,130,24369,49726,36,Open Play,Header,Inside Box,Saved
shot_8488,125134,777,25,8868,65961,36,Open Play,Left Foot,Outside Box,Saved
shot_8489,125134,777,130,65987,133460,40,Open Play,Header,Inside Box,Missed
shot_8490,125134,777,25,65961,304595,42,Open Play,Right Foot,Outside Box,Missed
shot_8491,125134,777,25,145347,304595,44,Open Play,Right Foot,Inside Box,Saved
shot_8492,125134,777,25,63257,25183,45,Open Play,Right Foot,Outside Box,Saved
shot_8493,125134,777,25,63257,8868,45+3',Set Piece,Header,Inside Box,Missed
shot_8494,125134,777,25,304595,63257,50,Open Play,Header,Inside Box,Missed
shot_8495,125134,777,130,124052,,54,Penalty,Right Foot,Inside Box,Goal
shot_8496,125134,777,130,133890,49731,58,Open Play,Left Foot,Outside Box,Missed
shot_8497,125134,777,130,49726,49731,61,Open Play,Right Foot,Outside Box,Blocked
shot_8498,125134,777,130,65987,128891,63,Open Play,Header,Inside Box,Saved
shot_8499,125134,777,25,25183,304595,77,Open Play,Left Foot,Inside Box,Hit the Woodwork
shot_8500,125134,777,25,65961,8868,77,Open Play,Right Foot,Outside Box,Hit the Woodwork
shot_8501,125134,777,130,49731,24369,82,Open Play,Right Foot,Inside Box,Goal
shot_8502,125134,777,130,128891,,90,Set Piece,Right Foot,Outside Box,Missed
shot_8503,125134,777,130,124052,24659,90,Open Play,Left Foot,Inside Box,Blocked
shot_8504,125134,777,25,25183,117579,90+7',Open Play,Right Foot,Outside Box,Missed
shot_8505,125135,777,15,15340,138137,2,Open Play,Header,Inside Box,Goal
shot_8506,125135,777,4,63741,,10,Open Play,Right Foot,Outside Box,Blocked
shot_8507,125135,777,4,63741,72371,11,Open Play,Right Foot,Outside Box,Hit the Woodwork
shot_8508,125135,777,15,304123,,15,Penalty,Right Foot,Inside Box,Goal
shot_8509,125135,777,4,49293,63741,18,Open Play,Left Foot,Inside Box,Missed
shot_8510,125135,777,4,135830,68827,26,Open Play,Right Foot,Inside Box,Missed
shot_8511,125135,777,4,99282,63741,30,Open Play,Right Foot,Outside Box,Blocked
shot_8512,125135,777,15,304123,49270,33,Open Play,Left Foot,Inside Box,Saved
shot_8513,125135,777,4,63741,49293,34,Open Play,Right Foot,Outside Box,Blocked
shot_8514,125135,777,4,135830,63741,35,Open Play,Right Foot,Inside Box,Saved
shot_8515,125135,777,15,49270,138137,36,Open Play,Left Foot,Inside Box,Blocked
shot_8516,125135,777,4,68827,,44,Open Play,Left Foot,Inside Box,Saved
shot_8517,125135,777,4,49293,,45+10',Penalty,Left Foot,Inside Box,Saved
shot_8518,125135,777,4,27277,,51,Set Piece,Left Foot,Outside Box,Missed
shot_8519,125135,777,15,15340,15259,52,Open Play,Left Foot,Inside Box,Goal
shot_8520,125135,777,15,49270,,59,Open Play,Left Foot,Inside Box,Missed
shot_8521,125135,777,4,133245,27277,71,Open Play,Right Foot,Inside Box,Blocked
shot_8522,125135,777,4,51813,68827,73,Open Play,Right Foot,Inside Box,Missed
shot_8523,125135,777,4,51813,63741,84,Open Play,Left Foot,Inside Box,Blocked
shot_8524,125135,777,4,49293,63741,85,Open Play,Right Foot,Outside Box,Saved
shot_8525,125135,777,4,72371,63741,86,Set Piece,Header,Inside Box,Missed
shot_8526,125135,777,4,63741,,88,Open Play,Left Foot,Inside Box,Blocked
shot_8527,125135,777,4,49293,68827,88,Open Play,Right Foot,Outside Box,Blocked
shot_8528,125135,777,4,63741,27277,90+1',Open Play,Right Foot,Outside Box,Missed
shot_8529,125135,777,4,72371,27277,90+3',Open Play,Right Foot,Inside Box,Goal
shot_8530,125135,777,4,49293,68827,90+3',Open Play,Left Foot,Outside Box,Blocked
shot_8531,125135,777,4,14575,63741,90+6',Set Piece,Header,Inside Box,Missed
shot_8532,125136,777,11,68150,5067,7,Open Play,Right Foot,Outside Box,Missed
shot_8533,125136,777,11,65970,112948,16,Open Play,Left Foot,Inside Box,Blocked
shot_8534,125136,777,11,25474,,18,Set Piece,Right Foot,Inside Box,Missed
shot_8535,125136,777,11,68150,25474,18,Open Play,Right Foot,Inside Box,Saved
shot_8536,125136,777,11,112948,,18,Open Play,Left Foot,Inside Box,Blocked
shot_8537,125136,777,11,112948,54156,18,Open Play,Left Foot,Inside Box,Blocked
shot_8538,125136,777,11,25474,54156,21,Open Play,Right Foot,Inside Box,Missed
shot_8539,125136,777,7,14706,31936,25,Open Play,Left Foot,Outside Box,Blocked
shot_8540,125136,777,7,4333,23841,26,Open Play,Header,Inside Box,Blocked
shot_8541,125136,777,11,137371,67849,28,Open Play,Right Foot,Outside Box,Missed
shot_8542,125136,777,7,126789,,32,Open Play,Right Foot,Inside Box,Blocked
shot_8543,125136,777,11,54156,14569,34,Open Play,Right Foot,Outside Box,Blocked
shot_8544,125136,777,11,68150,54156,39,Open Play,Left Foot,Inside Box,Missed
shot_8545,125136,777,11,54156,68150,43,Open Play,Left Foot,Inside Box,Goal
shot_8546,125136,777,11,14569,5067,45+3',Open Play,Header,Inside Box,Blocked
shot_8547,125136,777,11,112948,,46,Open Play,Right Foot,Inside Box,Blocked
shot_8548,125136,777,11,5067,68150,46,Open Play,Left Foot,Outside Box,Blocked
shot_8549,125136,777,7,126789,14706,47,Open Play,Left Foot,Inside Box,Blocked
shot_8550,125136,777,7,14706,126789,52,Open Play,Left Foot,Outside Box,Missed
shot_8551,125136,777,7,31936,126789,60,Open Play,Left Foot,Outside Box,Saved
shot_8552,125136,777,7,31936,4640,65,Open Play,Right Foot,Inside Box,Saved
shot_8553,125136,777,7,14706,,66,Open Play,Left Foot,,Missed
shot_8554,125136,777,7,143922,,68,Open Play,Left Foot,Inside Box,Goal
shot_8555,125136,777,7,31936,,72,Open Play,Right Foot,Inside Box,Blocked
shot_8556,125136,777,7,112589,23841,73,Set Piece,Header,Inside Box,Goal
shot_8557,125136,777,7,31936,,76,Open Play,Right Foot,Inside Box,Saved
shot_8558,125136,777,11,68150,,79,Set Piece,Right Foot,Outside Box,Missed
shot_8559,125136,777,7,143922,,81,Open Play,Right Foot,Inside Box,Goal
shot_8560,125136,777,7,128411,,81,Open Play,Right Foot,Inside Box,Blocked
shot_8561,125136,777,11,65970,12520,83,Open Play,Left Foot,Inside Box,Goal
shot_8562,125136,777,11,12520,54156,84,Open Play,Right Foot,Outside Box,Missed
shot_8563,125136,777,11,14805,12520,87,Set Piece,Left Foot,Outside Box,Missed
shot_8564,125136,777,11,76216,12520,89,Open Play,Right Foot,Inside Box,Blocked
shot_8565,125136,777,11,65970,22857,90+6',Open Play,Header,Inside Box,Blocked
shot_8566,125136,777,11,54156,14569,90+7',Set Piece,Right Foot,Outside Box,Goal
shot_8567,125137,777,9,9576,33162,1,Open Play,Header,Inside Box,Missed
shot_8568,125137,777,9,116888,50151,8,Open Play,Left Foot,Outside Box,Goal
shot_8569,125137,777,9,116888,,10,Set Piece,Right Foot,Outside Box,Missed
shot_8570,125137,777,9,126426,,16,Open Play,Right Foot,Outside Box,Missed
shot_8571,125137,777,9,19731,116888,16,Open Play,Right Foot,Outside Box,Blocked
shot_8572,125137,777,9,116888,,22,Open Play,Left Foot,Inside Box,Blocked
shot_8573,125137,777,9,19731,126426,40,Open Play,Right Foot,Inside Box,Blocked
shot_8574,125137,777,43,8127,128456,45,Open Play,Right Foot,Outside Box,Missed
shot_8575,125137,777,43,50460,74964,45,Open Play,Header,Inside Box,Blocked
shot_8576,125137,777,9,116888,,45+1',Open Play,Left Foot,Outside Box,Missed
shot_8577,125137,777,9,13515,116888,45+1',Open Play,Right Foot,Outside Box,Saved
shot_8578,125137,777,43,4617,,47,Open Play,Right Foot,Outside Box,Saved
shot_8579,125137,777,9,33162,14608,52,Open Play,Right Foot,Inside Box,Goal
shot_8580,125137,777,9,116888,19731,52,Open Play,Right Foot,Inside Box,Blocked
shot_8581,125137,777,9,33162,13796,52,Open Play,Right Foot,Inside Box,Blocked
shot_8582,125137,777,9,9576,,56,Open Play,Right Foot,Inside Box,Goal
shot_8583,125137,777,9,126426,33162,56,Open Play,Right Foot,Outside Box,Saved
shot_8584,125137,777,9,33124,116888,65,Set Piece,Header,Inside Box,Missed
shot_8585,125137,777,43,51498,75735,68,Open Play,Left Foot,Inside Box,Saved
shot_8586,125137,777,43,74964,50460,71,Open Play,Right Foot,Inside Box,Goal
shot_8587,125137,777,9,14807,14608,74,Open Play,Right Foot,Inside Box,Saved
shot_8588,125137,777,9,13796,14897,85,Open Play,Header,Inside Box,Saved
shot_8589,125137,777,43,68593,,90+5',Open Play,Right Foot,Outside Box,Blocked
shot_8590,125137,777,43,128449,3955,90+5',Open Play,Header,Inside Box,Blocked
shot_8591,125137,777,43,3955,137462,90+5',Open Play,Right Foot,Outside Box,Blocked
shot_8592,125137,777,43,50460,31442,90+6',Open Play,Left Foot,Inside Box,Missed
shot_8593,125137,777,9,13797,14897,90+10',Open Play,Left Foot,Inside Box,Saved
shot_8594,125138,777,12,51202,,6,Set Piece,Left Foot,Inside Box,Goal
shot_8595,125138,777,12,51202,,6,Open Play,Right Foot,Outside Box,Blocked
shot_8596,125138,777,12,66036,66360,6,Open Play,Left Foot,Inside Box,Blocked
shot_8597,125138,777,12,66036,,14,Open Play,,Inside Box,Goal
shot_8598,125138,777,12,66036,23396,14,Open Play,Left Foot,Inside Box,Saved
shot_8599,125138,777,10,32894,63633,24,Open Play,Right Foot,Outside Box,Missed
shot_8600,125138,777,12,23396,66360,27,Open Play,Right Foot,Inside Box,Missed
shot_8601,125138,777,10,75382,32894,28,Open Play,Right Foot,Inside Box,Missed
shot_8602,125138,777,10,49909,75382,41,Open Play,Right Foot,Outside Box,Saved
shot_8603,125138,777,12,51202,23396,44,Open Play,Right Foot,Inside Box,Blocked
shot_8604,125138,777,10,49909,75382,45,Open Play,Left Foot,Outside Box,Blocked
shot_8605,125138,777,12,66360,23396,45+3',Open Play,Left Foot,Inside Box,Blocked
shot_8606,125138,777,12,9566,66360,46,Set Piece,Header,Inside Box,Missed
shot_8607,125138,777,12,66360,,46,Open Play,Left Foot,Inside Box,Blocked
shot_8608,125138,777,10,33231,,47,Open Play,Left Foot,Inside Box,Goal
shot_8609,125138,777,12,66360,23396,53,Open Play,Right Foot,Inside Box,Hit the Woodwork
shot_8610,125138,777,10,75382,33231,55,Open Play,Right Foot,Outside Box,Missed
shot_8611,125138,777,10,32894,33231,56,Open Play,Left Foot,Inside Box,Goal
shot_8612,125138,777,12,66360,23396,58,Open Play,Left Foot,Inside Box,Missed
shot_8613,125138,777,10,32894,75382,63,Open Play,Left Foot,Inside Box,Blocked
shot_8614,125138,777,10,5140,33231,64,Open Play,Header,Inside Box,Saved
shot_8615,125138,777,10,32894,33231,70,Set Piece,,Inside Box,Missed
shot_8616,125138,777,12,5793,23396,72,Open Play,Header,Inside Box,Saved
shot_8617,125138,777,10,33231,,74,Open Play,Right Foot,Outside Box,Blocked
shot_8618,125138,777,12,108936,,77,Open Play,Right Foot,Outside Box,Goal
shot_8619,125138,777,10,134796,116665,82,Open Play,Right Foot,Inside Box,Missed
shot_8620,125138,777,10,32894,134796,84,Open Play,Right Foot,Outside Box,Saved
shot_8621,125138,777,12,108936,5793,86,Open Play,Right Foot,Outside Box,Blocked
shot_8622,125138,777,12,146567,5793,90,Open Play,Left Foot,Outside Box,Missed
shot_8623,125138,777,12,23396,,90+1',Open Play,Right Foot,Inside Box,Saved
shot_8624,125138,777,12,24252,69176,90+6',Open Play,Right Foot,Inside Box,Missed
shot_8625,125139,777,131,112739,117732,2,Open Play,Right Foot,Inside Box,Saved
shot_8626,125139,777,131,124396,50727,9,Set Piece,Left Foot,Outside Box,Hit the Woodwork
shot_8627,125139,777,23,114590,9662,10,Open Play,Left Foot,Inside Box,Missed
shot_8628,125139,777,23,114590,9662,12,Open Play,Header,Inside Box,Goal
shot_8629,125139,777,23,8707,74761,24,Set Piece,Header,Inside Box,Goal
shot_8630,125139,777,23,14446,114590,29,Open Play,Right Foot,Inside Box,Saved
shot_8631,125139,777,23,49908,,31,Set Piece,Right Foot,Inside Box,Missed
shot_8632,125139,777,23,124462,49908,31,Open Play,Right Foot,Inside Box,Saved
shot_8633,125139,777,131,3452,20505,37,Set Piece,Header,Inside Box,Missed
shot_8634,125139,777,23,114590,71623,38,Open Play,Right Foot,Inside Box,Saved
shot_8635,125139,777,131,3452,22542,43,Open Play,Right Foot,Inside Box,Missed
shot_8636,125139,777,23,114590,9662,45+1',Open Play,Right Foot,Inside Box,Missed
shot_8637,125139,777,131,124396,,45+5',Open Play,Left Foot,Outside Box,Blocked
shot_8638,125139,777,23,74761,,48,Open Play,Right Foot,Outside Box,Blocked
shot_8639,125139,777,131,117732,,54,Open Play,Left Foot,Outside Box,Blocked
shot_8640,125139,777,131,112739,136175,55,Set Piece,Header,Inside Box,Missed
shot_8641,125139,777,23,14446,,56,Open Play,Right Foot,Inside Box,Missed
shot_8642,125139,777,131,136175,124396,58,Open Play,Left Foot,Inside Box,Missed
shot_8643,125139,777,131,112739,3452,61,Open Play,Left Foot,Inside Box,Goal
shot_8644,125139,777,131,145043,,86,Open Play,Right Foot,Inside Box,Saved
shot_8645,125139,777,131,22542,50727,86,Open Play,Left Foot,Inside Box,Blocked
shot_8646,125139,777,131,112739,67928,87,Open Play,Header,Inside Box,Saved
shot_8647,125139,777,131,136175,51830,89,Open Play,Left Foot,Inside Box,Missed
shot_8648,125139,777,23,117497,108922,90,Open Play,Right Foot,Inside Box,Missed
shot_8649,125139,777,23,20607,71623,90+4',Open Play,Left Foot,Inside Box,Missed
shot_8650,125139,777,23,14716,117497,90+5',Open Play,Left Foot,Inside Box,Goal
shot_8651,125140,777,29,67784,124944,16,Open Play,Left Foot,Inside Box,Blocked
shot_8652,125140,777,29,51199,12136,17,Set Piece,Header,Inside Box,Goal
shot_8653,125140,777,29,124944,,21,Open Play,Right Foot,Inside Box,Blocked
shot_8654,125140,777,29,118633,124944,28,Open Play,Right Foot,Inside Box,Saved
shot_8655,125140,777,38,145492,,29,Set Piece,Right Foot,Outside Box,Missed
shot_8656,125140,777,38,143214,,32,Open Play,Right Foot,Outside Box,Blocked
shot_8657,125140,777,38,92635,43010,33,Open Play,Left Foot,Inside Box,Saved
shot_8658,125140,777,38,115371,145492,39,Open Play,Header,Inside Box,Saved
shot_8659,125140,777,38,115371,147032,40,Open Play,Header,Inside Box,Missed
shot_8660,125140,777,38,115371,66692,43,Open Play,Header,Inside Box,Saved
shot_8661,125140,777,38,66692,147032,44,Open Play,Header,Inside Box,Missed
shot_8662,125140,777,38,43010,145492,45+3',Set Piece,Header,Inside Box,Missed
shot_8663,125140,777,38,133679,143214,47,Open Play,Right Foot,Outside Box,Blocked
shot_8664,125140,777,38,9199,,48,Open Play,Left Foot,Inside Box,Blocked
shot_8665,125140,777,38,115114,133679,49,Open Play,,Inside Box,Missed
shot_8666,125140,777,38,9199,143214,50,Open Play,Left Foot,Outside Box,Saved
shot_8667,125140,777,38,115114,92635,52,Open Play,Right Foot,Inside Box,Missed
shot_8668,125140,777,38,43010,66692,54,Set Piece,Header,Inside Box,Goal
shot_8669,125140,777,29,122126,67784,67,Open Play,Right Foot,Inside Box,Blocked
shot_8670,125140,777,29,118633,63733,67,Open Play,Left Foot,Outside Box,Blocked
shot_8671,125140,777,38,115114,143214,71,Open Play,Right Foot,Outside Box,Missed
shot_8672,125140,777,38,145492,,71,Open Play,Left Foot,Outside Box,Saved
shot_8673,125140,777,29,12136,138104,74,Open Play,Left Foot,Outside Box,Missed
shot_8674,125140,777,29,126110,12136,76,Open Play,Right Foot,Inside Box,Missed
shot_8675,125140,777,29,126110,12136,79,Open Play,Right Foot,Inside Box,Blocked
shot_8676,125140,777,38,9199,133679,82,Open Play,Header,Inside Box,Saved
shot_8677,125140,777,38,115371,43010,83,Open Play,Header,Inside Box,Blocked
shot_8678,125140,777,38,143214,,83,Open Play,Right Foot,Outside Box,Blocked
shot_8679,125140,777,29,126110,,87,Set Piece,Right Foot,Inside Box,Missed
shot_8680,125140,777,38,115371,9199,90+2',Open Play,Right Foot,Inside Box,Missed
shot_8681,125141,777,131,112739,67928,1,Open Play,Header,Inside Box,Goal
shot_8682,125141,777,131,8163,67928,5,Set Piece,Header,Inside Box,Goal
shot_8683,125141,777,131,117732,67928,14,Open Play,Left Foot,Inside Box,Missed
shot_8684,125141,777,131,3452,136175,21,Open Play,Header,Inside Box,Saved
shot_8685,125141,777,131,117732,,33,Open Play,Right Foot,Outside Box,Blocked
shot_8686,125141,777,131,8163,,36,Set Piece,Header,Inside Box,Missed
shot_8687,125141,777,131,8163,67928,40,Set Piece,Header,Inside Box,Missed
shot_8688,125141,777,131,117732,136175,46,Open Play,Right Foot,Outside Box,Blocked
shot_8689,125141,777,131,3452,22542,48,Open Play,Header,Inside Box,Saved
shot_8690,125141,777,38,115114,145492,53,Set Piece,Header,Inside Box,Hit the Woodwork
shot_8691,125141,777,38,20337,143214,53,Set Piece,Header,Inside Box,Missed
shot_8692,125141,777,131,124396,,54,Open Play,Right Foot,Outside Box,Missed
shot_8693,125141,777,131,8163,,64,Set Piece,Right Foot,,Missed
shot_8694,125141,777,38,145492,136815,66,Open Play,Left Foot,Inside Box,Saved
shot_8695,125141,777,131,112739,67928,75,Open Play,Right Foot,Inside Box,Blocked
shot_8696,125141,777,131,22542,67928,78,Open Play,Right Foot,Inside Box,Saved
shot_8697,125141,777,131,136175,,86,Open Play,Left Foot,Inside Box,Goal
shot_8698,125141,777,38,115371,126108,90+3',Open Play,Header,Inside Box,Missed
shot_8699,125141,777,38,14830,126108,90+7',Open Play,Right Foot,Outside Box,Missed
shot_8700,125142,777,2,23968,51423,3,Open Play,Right Foot,Inside Box,Missed
shot_8701,125142,777,2,8658,,6,Open Play,Right Foot,Inside Box,Blocked
shot_8702,125142,777,43,50460,,8,Open Play,Right Foot,Inside Box,Goal
shot_8703,125142,777,43,74960,74964,8,Open Play,Right Foot,Outside Box,Saved
shot_8704,125142,777,43,74964,,11,Open Play,Left Foot,Outside Box,Blocked
shot_8705,125142,777,43,75735,68593,11,Open Play,Right Foot,Inside Box,Blocked
shot_8706,125142,777,2,23968,4115,16,Open Play,Right Foot,Outside Box,Blocked
shot_8707,125142,777,2,51223,,17,Set Piece,Right Foot,Outside Box,Missed
shot_8708,125142,777,43,75735,74964,28,Open Play,Right Foot,Inside Box,Missed
shot_8709,125142,777,2,4115,51423,33,Open Play,Right Foot,Inside Box,Missed
shot_8710,125142,777,2,5865,51223,35,Open Play,Right Foot,Outside Box,Saved
shot_8711,125142,777,2,4115,13344,36,Set Piece,Header,Inside Box,Missed
shot_8712,125142,777,2,51423,,36,Open Play,Left Foot,Outside Box,Blocked
shot_8713,125142,777,2,5865,51423,38,Open Play,Right Foot,Outside Box,Blocked
shot_8714,125142,777,2,4115,23968,41,Open Play,Right Foot,Outside Box,Saved
shot_8715,125142,777,2,4115,51423,42,Set Piece,Header,Inside Box,Goal
shot_8716,125142,777,43,68593,,45,Open Play,Right Foot,Outside Box,Blocked
shot_8717,125142,777,43,63851,,45+1',Set Piece,Right Foot,Outside Box,Missed
shot_8718,125142,777,2,51423,,45+4',Open Play,Left Foot,Inside Box,Blocked
shot_8719,125142,777,43,75735,68593,54,Open Play,Left Foot,Inside Box,Missed
shot_8720,125142,777,43,50460,137462,55,Open Play,Left Foot,Inside Box,Saved
shot_8721,125142,777,2,8658,4245,56,Open Play,Right Foot,Inside Box,Goal
shot_8722,125142,777,43,75735,68593,59,Open Play,Right Foot,Inside Box,Goal
shot_8723,125142,777,43,74964,68593,63,Open Play,Left Foot,Outside Box,Saved
shot_8724,125142,777,43,74964,63851,63,Open Play,Left Foot,Outside Box,Blocked
shot_8725,125142,777,43,75735,74960,63,Open Play,Right Foot,Outside Box,Blocked
shot_8726,125142,777,2,5865,,66,Open Play,Left Foot,Outside Box,Missed
shot_8727,125142,777,2,51423,,75,Open Play,Left Foot,Inside Box,Saved
shot_8728,125142,777,2,51423,5758,76,Open Play,Header,Inside Box,Missed
shot_8729,125142,777,43,128449,63851,84,Open Play,Right Foot,Outside Box,Saved
shot_8730,125142,777,2,26408,20489,90+3',Open Play,Right Foot,Inside Box,Saved
shot_8731,125142,777,43,128449,19831,90+5',Open Play,Right Foot,Inside Box,Missed
shot_8732,125142,777,2,24626,20489,90+6',Open Play,Right Foot,Outside Box,Saved
shot_8733,125143,777,7,126789,24983,3,Open Play,Header,Inside Box,Missed
shot_8734,125143,777,7,8143,,6,Set Piece,Right Foot,Inside Box,Goal
shot_8735,125143,777,6,69595,,7,Set Piece,Right Foot,Inside Box,Missed
shot_8736,125143,777,6,50842,69595,10,Open Play,Header,Inside Box,Blocked
shot_8737,125143,777,7,14706,31936,17,Open Play,Right Foot,Inside Box,Saved
shot_8738,125143,777,6,76104,,17,Open Play,Right Foot,Inside Box,Saved
shot_8739,125143,777,6,49796,76104,17,Open Play,Right Foot,Inside Box,Blocked
shot_8740,125143,777,7,66538,14706,28,Open Play,Right Foot,Inside Box,Missed
shot_8741,125143,777,7,8143,23841,33,Open Play,Header,Inside Box,Blocked
shot_8742,125143,777,6,49796,,34,Open Play,Left Foot,Inside Box,Goal
shot_8743,125143,777,6,49796,76353,34,Open Play,Right Foot,Inside Box,Blocked
shot_8744,125143,777,6,49796,,36,Open Play,Right Foot,Outside Box,Blocked
shot_8745,125143,777,6,50842,24334,39,Set Piece,Header,Inside Box,Missed
shot_8746,125143,777,6,24334,49374,42,Open Play,Left Foot,Outside Box,Saved
shot_8747,125143,777,7,31936,112589,44,Set Piece,Header,Inside Box,Missed
shot_8748,125143,777,7,8143,23841,44,Open Play,Header,Inside Box,Blocked
shot_8749,125143,777,6,35670,49759,46,Open Play,Header,Inside Box,Missed
shot_8750,125143,777,7,126789,8143,47,Open Play,Right Foot,Inside Box,Goal
shot_8751,125143,777,6,147312,,51,Open Play,Right Foot,Outside Box,Missed
shot_8752,125143,777,7,23841,,53,Open Play,Right Foot,Outside Box,Saved
shot_8753,125143,777,6,50842,49374,57,Open Play,Header,Inside Box,Saved
shot_8754,125143,777,6,49759,69595,60,Open Play,Left Foot,Outside Box,Missed
shot_8755,125143,777,6,49796,49759,66,Open Play,,Inside Box,Saved
shot_8756,125143,777,7,31936,128411,67,Open Play,Right Foot,Outside Box,Blocked
shot_8757,125143,777,6,147312,76353,69,Open Play,Header,Inside Box,Saved
shot_8758,125143,777,6,20874,,77,Open Play,Left Foot,Inside Box,Goal
shot_8759,125143,777,6,49796,76353,79,Open Play,Header,Inside Box,Saved
shot_8760,125143,777,6,24334,76353,86,Open Play,Header,Inside Box,Missed
shot_8761,125143,777,6,69595,147312,90,Open Play,Right Foot,Outside Box,Hit the Woodwork
shot_8762,125143,777,7,31936,118442,90+1',Open Play,Right Foot,Inside Box,Saved
shot_8763,125143,777,7,4333,23841,90+2',Open Play,Header,Inside Box,Saved
shot_8764,125143,777,6,20874,,90+3',Open Play,Left Foot,Inside Box,Missed
shot_8765,125143,777,7,133612,143922,90+6',Open Play,Right Foot,Outside Box,Blocked
shot_8766,125143,777,6,37776,49796,90+6',Open Play,Right Foot,Outside Box,Blocked
shot_8767,125144,777,34,14445,,3,Open Play,Left Foot,Inside Box,Blocked
shot_8768,125144,777,34,13961,,8,Set Piece,Left Foot,Outside Box,Missed
shot_8769,125144,777,127,33032,74965,9,Open Play,Left Foot,Inside Box,Blocked
shot_8770,125144,777,127,14846,15572,11,Open Play,Left Foot,Outside Box,Missed
shot_8771,125144,777,34,16044,13961,12,Open Play,Right Foot,Inside Box,Blocked
shot_8772,125144,777,34,117763,6712,29,Open Play,Header,Inside Box,Missed
shot_8773,125144,777,34,117763,3894,39,Set Piece,Right Foot,Inside Box,Missed
shot_8774,125144,777,34,26151,13961,43,Set Piece,Header,Inside Box,Hit the Woodwork
shot_8775,125144,777,34,16044,3894,45+2',Open Play,Right Foot,Outside Box,Saved
shot_8776,125144,777,127,134234,14846,45+8',Set Piece,Header,Inside Box,Missed
shot_8777,125144,777,127,74965,51942,48,Open Play,Left Foot,Outside Box,Saved
shot_8778,125144,777,34,14624,23793,49,Open Play,Right Foot,Inside Box,Blocked
shot_8779,125144,777,127,137832,14846,51,Open Play,Right Foot,Outside Box,Hit the Woodwork
shot_8780,125144,777,127,134234,3512,53,Open Play,Left Foot,Outside Box,Goal
shot_8781,125144,777,127,14846,134234,57,Open Play,Left Foot,Outside Box,Saved
shot_8782,125144,777,127,14846,74965,58,Open Play,Left Foot,Inside Box,Saved
shot_8783,125144,777,34,66657,16044,64,Open Play,Left Foot,Inside Box,Missed
shot_8784,125144,777,34,3894,23793,69,Open Play,Left Foot,Outside Box,Blocked
shot_8785,125144,777,34,66657,,70,Open Play,Left Foot,Inside Box,Blocked
shot_8786,125144,777,34,121610,14624,74,Open Play,Right Foot,Inside Box,Saved
shot_8787,125144,777,127,74965,42894,77,Open Play,Left Foot,Inside Box,Blocked
shot_8788,125144,777,127,16582,135304,90+4',Open Play,Right Foot,Inside Box,Blocked
shot_8789,125144,777,34,117763,,90+5',Open Play,Right Foot,Inside Box,Blocked
shot_8790,125144,777,34,128976,66657,90+5',Open Play,Right Foot,Inside Box,Hit the Woodwork
shot_8791,125145,777,4,72371,27277,2,Open Play,Right Foot,Outside Box,Missed
shot_8792,125145,777,10,33231,,5,Open Play,Right Foot,Outside Box,Blocked
shot_8793,125145,777,10,49909,134796,6,Set Piece,Right Foot,Outside Box,Goal
shot_8794,125145,777,10,5140,33231,11,Set Piece,Right Foot,Inside Box,Missed
shot_8795,125145,777,4,27277,112203,28,Open Play,Left Foot,Inside Box,Saved
shot_8796,125145,777,4,63741,,35,Set Piece,Right Foot,,Goal
shot_8797,125145,777,4,72371,112203,37,Open Play,Left Foot,Inside Box,Blocked
shot_8798,125145,777,4,63741,112203,39,Open Play,Left Foot,Inside Box,Saved
shot_8799,125145,777,10,63633,33231,48,Set Piece,Header,Inside Box,Missed
shot_8800,125145,777,10,19919,49909,53,Open Play,Right Foot,Inside Box,Saved
shot_8801,125145,777,10,33231,49909,59,Open Play,Right Foot,Inside Box,Saved
shot_8802,125145,777,10,33231,32894,71,Open Play,Right Foot,Outside Box,Hit the Woodwork
shot_8803,125145,777,4,72371,,76,Open Play,Right Foot,Inside Box,Missed
shot_8804,125145,777,10,5140,33231,79,Set Piece,Header,Inside Box,Hit the Woodwork
shot_8805,125146,777,11,54156,112948,3,Open Play,Right Foot,Inside Box,Saved
shot_8806,125146,777,130,49726,,17,Open Play,Right Foot,Outside Box,Blocked
shot_8807,125146,777,11,5067,,19,Open Play,Left Foot,Outside Box,Missed
shot_8808,125146,777,11,65970,54156,20,Open Play,Header,Inside Box,Missed
shot_8809,125146,777,11,26335,54156,23,Open Play,Left Foot,Outside Box,Blocked
shot_8810,125146,777,11,26335,68150,24,Set Piece,Right Foot,Outside Box,Missed
shot_8811,125146,777,11,65970,25474,26,Open Play,Header,Inside Box,Saved
shot_8812,125146,777,11,4499,,28,Open Play,Left Foot,Inside Box,Saved
shot_8813,125146,777,11,65970,54156,28,Open Play,Left Foot,Inside Box,Saved
shot_8814,125146,777,11,5067,68150,29,Set Piece,Left Foot,Outside Box,Missed
shot_8815,125146,777,11,26335,4499,35,Open Play,Right Foot,Outside Box,Blocked
shot_8816,125146,777,11,68150,54156,35,Open Play,Right Foot,Outside Box,Blocked
shot_8817,125146,777,11,54156,65970,39,Open Play,Right Foot,Inside Box,Blocked
shot_8818,125146,777,11,68150,,39,Open Play,Right Foot,Outside Box,Blocked
shot_8819,125146,777,11,25474,,44,Open Play,Right Foot,Inside Box,Blocked
shot_8820,125146,777,11,26335,76204,44,Open Play,Right Foot,Outside Box,Blocked
shot_8821,125146,777,11,68150,54156,47,Open Play,Right Foot,Inside Box,Missed
shot_8822,125146,777,11,25474,76204,54,Open Play,Left Foot,Outside Box,Missed
shot_8823,125146,777,130,124052,133460,55,Open Play,Right Foot,Inside Box,Saved
shot_8824,125146,777,130,115166,,58,Set Piece,Left Foot,Outside Box,Missed
shot_8825,125146,777,11,54156,,60,Set Piece,Right Foot,Inside Box,Goal
shot_8826,125146,777,11,14805,54156,67,Open Play,Left Foot,Inside Box,Saved
shot_8827,125146,777,11,54156,5067,73,Open Play,Left Foot,Outside Box,Blocked
shot_8828,125146,777,11,65970,,75,Open Play,Right Foot,Inside Box,Goal
shot_8829,125146,777,11,65970,76216,75,Open Play,Left Foot,Inside Box,Saved
shot_8830,125146,777,11,14805,,82,Open Play,Left Foot,Inside Box,Saved
shot_8831,125146,777,11,4499,,83,Set Piece,Header,Inside Box,Missed
shot_8832,125146,777,11,76216,65970,90+2',Open Play,Right Foot,Inside Box,Goal
shot_8833,125146,777,130,124052,133890,90+4',Open Play,Header,Inside Box,Saved
shot_8834,125147,777,23,114590,71623,10,Open Play,Right Foot,Inside Box,Missed
shot_8835,125147,777,15,138137,76426,17,Open Play,Left Foot,Inside Box,Blocked
shot_8836,125147,777,15,304123,23811,18,Open Play,Header,Inside Box,Saved
shot_8837,125147,777,23,71623,74761,21,Set Piece,Right Foot,Outside Box,Missed
shot_8838,125147,777,15,51593,76426,23,Open Play,Right Foot,Outside Box,Missed
shot_8839,125147,777,23,114590,115256,27,Open Play,Right Foot,Outside Box,Blocked
shot_8840,125147,777,15,23811,304123,28,Open Play,Right Foot,Outside Box,Blocked
shot_8841,125147,777,15,304238,,34,Open Play,Left Foot,Inside Box,Saved
shot_8842,125147,777,15,304123,15340,41,Open Play,Right Foot,Outside Box,Blocked
shot_8843,125147,777,23,20607,108922,43,Open Play,Header,,Missed
shot_8844,125147,777,23,114590,115256,43,Open Play,Right Foot,Inside Box,Saved
shot_8845,125147,777,15,51593,138137,45+2',Open Play,Right Foot,Outside Box,Missed
shot_8846,125147,777,15,304123,,46,Open Play,Left Foot,,Saved
shot_8847,125147,777,23,71623,20607,47,Open Play,Right Foot,Outside Box,Missed
shot_8848,125147,777,23,74761,,51,Set Piece,Right Foot,Outside Box,Missed
shot_8849,125147,777,23,71623,,55,Open Play,Right Foot,Outside Box,Blocked
shot_8850,125147,777,15,14238,,58,Open Play,Right Foot,Outside Box,Missed
shot_8851,125147,777,15,15340,67510,58,Open Play,Right Foot,Inside Box,Saved
shot_8852,125147,777,23,74761,14716,62,Open Play,Right Foot,Inside Box,Saved
shot_8853,125147,777,23,74761,,62,Open Play,Right Foot,Inside Box,Saved
shot_8854,125147,777,23,74761,114590,67,Open Play,Right Foot,Inside Box,Saved
shot_8855,125147,777,23,114590,,67,Open Play,Right Foot,Outside Box,Blocked
shot_8856,125147,777,23,20607,,72,Open Play,Left Foot,Outside Box,Saved
shot_8857,125147,777,23,19888,20607,72,Open Play,Right Foot,Outside Box,Blocked
shot_8858,125147,777,15,98300,304123,73,Open Play,Right Foot,Inside Box,Blocked
shot_8859,125147,777,23,14716,19888,74,Open Play,Right Foot,Inside Box,Goal
shot_8860,125147,777,15,304123,,80,Open Play,Right Foot,Inside Box,Saved
shot_8861,125147,777,15,14238,98300,83,Open Play,Right Foot,Inside Box,Blocked
shot_8862,125147,777,15,51593,49270,88,Open Play,Left Foot,Inside Box,Goal
shot_8863,125147,777,23,20607,74761,90+1',Open Play,Right Foot,Outside Box,Missed
shot_8864,125147,777,15,49270,14238,90+2',Open Play,Header,Inside Box,Missed
shot_8865,125147,777,15,127668,98300,90+3',Open Play,Header,Inside Box,Missed
shot_8866,125147,777,15,14238,,90+4',Open Play,Right Foot,Outside Box,Blocked
shot_8867,125148,777,29,118633,138104,5,Open Play,Right Foot,Outside Box,Missed
shot_8868,125148,777,29,124944,138104,6,Open Play,Right Foot,Inside Box,Saved
shot_8869,125148,777,29,66659,138104,8,Set Piece,Header,Inside Box,Missed
shot_8870,125148,777,12,69176,23396,10,Set Piece,Left Foot,Outside Box,Missed
shot_8871,125148,777,29,67784,12136,11,Open Play,Right Foot,Inside Box,Saved
shot_8872,125148,777,29,138104,,19,Open Play,Right Foot,Inside Box,Blocked
shot_8873,125148,777,29,138104,122126,19,Open Play,Right Foot,Inside Box,Blocked
shot_8874,125148,777,29,25408,67784,24,Open Play,Right Foot,Inside Box,Saved
shot_8875,125148,777,12,50848,51202,28,Open Play,Header,Inside Box,Missed
shot_8876,125148,777,29,67784,122126,32,Open Play,Right Foot,Inside Box,Missed
shot_8877,125148,777,29,124944,67784,34,Open Play,Right Foot,Inside Box,Blocked
shot_8878,125148,777,29,51199,,38,Open Play,Right Foot,Outside Box,Blocked
shot_8879,125148,777,12,108936,,45+1',Set Piece,Right Foot,Inside Box,Missed
shot_8880,125148,777,12,51202,,45+1',Open Play,Right Foot,Inside Box,Blocked
shot_8881,125148,777,12,51202,33245,49,Open Play,Right Foot,Outside Box,Missed
shot_8882,125148,777,12,23396,33245,51,Open Play,Right Foot,Outside Box,Blocked
shot_8883,125148,777,12,51202,23396,51,Open Play,Right Foot,Inside Box,Blocked
shot_8884,125148,777,29,12136,25408,62,Open Play,Left Foot,Outside Box,Missed
shot_8885,125148,777,29,67784,138104,63,Open Play,Left Foot,Inside Box,Saved
shot_8886,125148,777,29,25408,67784,71,Open Play,Left Foot,Outside Box,Hit the Woodwork
shot_8887,125148,777,12,51202,23396,77,Open Play,Right Foot,Outside Box,Blocked
shot_8888,125148,777,29,138104,115105,85,Open Play,Right Foot,Outside Box,Missed
shot_8889,125148,777,29,122126,,85,Open Play,Left Foot,Outside Box,Blocked
shot_8890,125148,777,12,23396,33245,90+1',Open Play,Right Foot,Outside Box,Missed
shot_8891,125148,777,12,51202,146567,90+3',Open Play,Right Foot,Inside Box,Saved
shot_8892,125148,777,12,66360,23396,90+5',Open Play,Left Foot,Inside Box,Blocked
shot_8893,125149,777,9,33124,13797,1,Open Play,Header,Inside Box,Missed
shot_8894,125149,777,9,13796,63289,21,Open Play,Header,Inside Box,Saved
shot_8895,125149,777,21,76614,22802,26,Open Play,Right Foot,Inside Box,Blocked
shot_8896,125149,777,21,21887,,28,Open Play,Right Foot,Inside Box,Blocked
shot_8897,125149,777,21,24630,32229,32,Open Play,Right Foot,Inside Box,Saved
shot_8898,125149,777,21,21887,,33,Set Piece,Right Foot,Outside Box,Missed
shot_8899,125149,777,21,32229,24630,33,Open Play,Right Foot,Inside Box,Blocked
shot_8900,125149,777,21,24630,,33,Set Piece,Left Foot,Inside Box,Missed
shot_8901,125149,777,21,22802,76614,33,Open Play,Right Foot,Inside Box,Blocked
shot_8902,125149,777,21,19858,,36,Open Play,Left Foot,Inside Box,Missed
shot_8903,125149,777,21,22802,32229,39,Set Piece,Header,Inside Box,Missed
shot_8904,125149,777,9,126426,13796,40,Open Play,Left Foot,Outside Box,Missed
shot_8905,125149,777,21,32229,,44,Set Piece,Right Foot,Outside Box,Missed
shot_8906,125149,777,21,76614,,50,Set Piece,Right Foot,Outside Box,Goal
shot_8907,125149,777,21,24630,51185,58,Open Play,Right Foot,Inside Box,Missed
shot_8908,125149,777,9,13797,9576,61,Open Play,Left Foot,Outside Box,Missed
shot_8909,125149,777,9,116888,,69,Open Play,Left Foot,Outside Box,Missed
shot_8910,125149,777,9,9576,,74,Penalty,Right Foot,Inside Box,Goal
shot_8911,125149,777,9,14807,,75,Open Play,Right Foot,Inside Box,Saved
shot_8912,125149,777,9,13515,68676,79,Open Play,Right Foot,Outside Box,Blocked
shot_8913,125149,777,9,9576,116888,84,Open Play,Right Foot,Outside Box,Missed
shot_8914,125149,777,21,25892,32229,90+1',Set Piece,Header,Inside Box,Missed
shot_8915,125149,777,21,133603,,90+3',Set Piece,Right Foot,Inside Box,Missed
shot_8916,125149,777,9,14897,13515,90+8',Open Play,Left Foot,Inside Box,Saved
shot_8917,125149,777,9,14897,50151,90+9',Set Piece,Right Foot,Inside Box,Missed
shot_8918,125149,777,21,19858,,90+13',Open Play,Right Foot,Inside Box,Blocked
shot_8919,125149,777,21,24630,25892,90+15',Open Play,Left Foot,Inside Box,Blocked
shot_8920,125150,777,1,32728,,9,Open Play,Header,Inside Box,Blocked
shot_8921,125150,777,1,20486,,9,Set Piece,Header,Inside Box,Hit the Woodwork
shot_8922,125150,777,1,20486,15202,9,Open Play,Header,Inside Box,Saved
shot_8923,125150,777,1,69914,20486,9,Open Play,Left Foot,Inside Box,Blocked
shot_8924,125150,777,1,21584,,10,Open Play,Right Foot,Outside Box,Blocked
shot_8925,125150,777,1,50234,49481,11,Set Piece,Header,Inside Box,Missed
shot_8926,125150,777,1,69914,32728,13,Open Play,Left Foot,Outside Box,Missed
shot_8927,125150,777,1,21584,49481,16,Open Play,Right Foot,Outside Box,Blocked
shot_8928,125150,777,1,69914,15202,22,Open Play,Header,Inside Box,Blocked
shot_8929,125150,777,1,21584,,35,Open Play,Right Foot,Outside Box,Blocked
shot_8930,125150,777,25,65961,145347,36,Open Play,Right Foot,Inside Box,Missed
shot_8931,125150,777,25,63257,14164,45,Open Play,Header,Inside Box,Saved
shot_8932,125150,777,25,119072,,45+1',Open Play,Right Foot,Outside Box,Blocked
shot_8933,125150,777,25,8868,,49,Open Play,Left Foot,Outside Box,Saved
shot_8934,125150,777,25,63257,8868,49,Open Play,Right Foot,Inside Box,Blocked
shot_8935,125150,777,1,49481,119476,52,Open Play,Left Foot,Outside Box,Missed
shot_8936,125150,777,1,49481,21584,58,Open Play,Left Foot,Outside Box,Missed
shot_8937,125150,777,25,8868,119072,65,Open Play,Right Foot,Outside Box,Blocked
shot_8938,125150,777,1,50234,,69,Open Play,Left Foot,Inside Box,Blocked
shot_8939,125150,777,1,32728,49481,73,Open Play,Header,Inside Box,Missed
shot_8940,125150,777,25,119072,304595,78,Open Play,Right Foot,Inside Box,Saved
shot_8941,125150,777,1,20486,11419,83,Open Play,Right Foot,Inside Box,Goal
shot_8942,125150,777,25,8454,32638,90+4',Open Play,Left Foot,Inside Box,Blocked
shot_8943,125150,777,25,32638,119072,90+12',Open Play,Header,Inside Box,Missed
shot_8944,125151,777,43,63851,75735,3,Set Piece,Left Foot,Outside Box,Missed
shot_8945,125151,777,43,74964,68593,11,Open Play,Right Foot,Inside Box,Blocked
shot_8946,125151,777,1,50234,69914,11,Set Piece,Left Foot,Outside Box,Missed
shot_8947,125151,777,1,49481,,13,Open Play,Left Foot,Inside Box,Blocked
shot_8948,125151,777,1,20810,20486,14,Set Piece,Left Foot,Inside Box,Missed
shot_8949,125151,777,1,20486,21584,15,Open Play,Right Foot,Outside Box,Hit the Woodwork
shot_8950,125151,777,43,68593,74964,27,Open Play,Left Foot,Inside Box,Missed
shot_8951,125151,777,1,21584,69914,29,Open Play,Right Foot,Outside Box,Saved
shot_8952,125151,777,1,20810,11419,31,Open Play,Right Foot,Inside Box,Blocked
shot_8953,125151,777,1,20810,49481,37,Set Piece,Header,Inside Box,Goal
shot_8954,125151,777,1,11419,69914,37,Open Play,Left Foot,Inside Box,Blocked
shot_8955,125151,777,1,49481,20810,44,Open Play,Left Foot,Outside Box,Missed
shot_8956,125151,777,43,50460,,51,Open Play,Right Foot,Outside Box,Missed
shot_8957,125151,777,1,21584,119476,54,Open Play,Right Foot,Inside Box,Hit the Woodwork
shot_8958,125151,777,1,21584,20810,55,Open Play,Header,Inside Box,Saved
shot_8959,125151,777,43,68593,74964,57,Open Play,Right Foot,Outside Box,Missed
shot_8960,125151,777,1,49481,20810,60,Open Play,Right Foot,,Missed
shot_8961,125151,777,1,20486,,88,Set Piece,Left Foot,Inside Box,Missed
shot_8962,125152,777,2,8658,23968,2,Open Play,Right Foot,Inside Box,Saved
shot_8963,125152,777,2,8658,26408,8,Open Play,Right Foot,Inside Box,Missed
shot_8964,125152,777,2,13344,5865,13,Open Play,Right Foot,Outside Box,Blocked
shot_8965,125152,777,10,10651,63633,20,Open Play,Right Foot,Outside Box,Missed
shot_8966,125152,777,10,134796,63633,25,Open Play,Right Foot,Outside Box,Missed
shot_8967,125152,777,10,49909,134796,27,Open Play,Right Foot,Outside Box,Saved
shot_8968,125152,777,10,33231,23815,31,Open Play,Right Foot,Outside Box,Saved
shot_8969,125152,777,10,63633,33231,33,Set Piece,Header,Inside Box,Missed
shot_8970,125152,777,2,23968,5758,42,Set Piece,Right Foot,Inside Box,Goal
shot_8971,125152,777,10,10651,,50,Open Play,Right Foot,Inside Box,Missed
shot_8972,125152,777,10,23815,134796,50,Open Play,Right Foot,Inside Box,Blocked
shot_8973,125152,777,10,5140,33231,52,Set Piece,Header,Inside Box,Goal
shot_8974,125152,777,10,32894,,56,Open Play,Right Foot,Inside Box,Missed
shot_8975,125152,777,10,134796,49909,56,Open Play,Right Foot,Outside Box,Hit the Woodwork
shot_8976,125152,777,2,8658,23968,57,Open Play,Right Foot,Inside Box,Goal
shot_8977,125152,777,2,8658,26408,59,Open Play,Left Foot,Inside Box,Saved
shot_8978,125152,777,2,8658,23968,65,Open Play,Right Foot,Inside Box,Saved
shot_8979,125152,777,10,32894,33231,65,Set Piece,Header,Inside Box,Missed
shot_8980,125152,777,2,26408,13344,70,Open Play,Right Foot,Inside Box,Hit the Woodwork
shot_8981,125152,777,2,8658,,73,Set Piece,Right Foot,Inside Box,Goal
shot_8982,125152,777,2,21529,,73,Open Play,Left Foot,Inside Box,Saved
shot_8983,125152,777,2,5865,,73,Open Play,Right Foot,Outside Box,Saved
shot_8984,125152,777,10,75382,33231,83,Open Play,Right Foot,Outside Box,Blocked
shot_8985,125152,777,10,15802,,83,Open Play,Left Foot,Inside Box,Saved
shot_8986,125152,777,2,51423,8658,89,Open Play,Left Foot,Outside Box,Goal
shot_8987,125152,777,10,134796,116665,90+1',Open Play,Right Foot,,Blocked
shot_8988,125152,777,10,5140,33231,90+2',Set Piece,Header,Inside Box,Goal
shot_8989,125152,777,2,4115,23968,90+3',Open Play,Left Foot,Outside Box,Blocked
shot_8990,125152,777,2,5758,,90+5',Open Play,Left Foot,Outside Box,Blocked
shot_8991,125152,777,10,23815,33231,90+7',Set Piece,Header,Inside Box,Missed
shot_8992,125153,777,11,54156,25474,5,Open Play,Left Foot,Inside Box,Saved
shot_8993,125153,777,11,137371,16286,14,Open Play,Right Foot,Outside Box,Missed
shot_8994,125153,777,127,33032,14846,15,Open Play,Right Foot,Inside Box,Missed
shot_8995,125153,777,11,65970,,28,Open Play,Left Foot,Inside Box,Blocked
shot_8996,125153,777,11,16286,5067,28,Open Play,Header,Inside Box,Blocked
shot_8997,125153,777,11,25474,16286,32,Open Play,Right Foot,Outside Box,Saved
shot_8998,125153,777,127,137832,74965,39,Open Play,Right Foot,Inside Box,Goal
shot_8999,125153,777,11,112948,65970,46,Open Play,Left Foot,Inside Box,Saved
shot_9000,125153,777,127,134234,74976,49,Open Play,Left Foot,Outside Box,Blocked
shot_9001,125153,777,127,33032,74965,52,Open Play,Right Foot,Inside Box,Blocked
shot_9002,125153,777,11,5067,,53,Open Play,Left Foot,Inside Box,Blocked
shot_9003,125153,777,127,137832,33032,60,Open Play,Right Foot,Outside Box,Missed
shot_9004,125153,777,127,134234,51942,62,Set Piece,Left Foot,Inside Box,Hit the Woodwork
shot_9005,125153,777,127,51942,14846,62,Open Play,Header,Inside Box,Blocked
shot_9006,125153,777,11,16286,54156,63,Open Play,Right Foot,Outside Box,Missed
shot_9007,125153,777,11,68150,54156,74,Open Play,Left Foot,Inside Box,Blocked
shot_9008,125153,777,11,112948,,78,Open Play,Header,Inside Box,Blocked
shot_9009,125153,777,127,33032,13706,89,Open Play,Left Foot,Outside Box,Missed
shot_9010,125153,777,127,13706,14846,89,Open Play,Left Foot,Inside Box,Saved
shot_9011,125153,777,127,13706,16582,90,Open Play,Right Foot,Outside Box,Hit the Woodwork
shot_9012,125153,777,11,76216,,90+4',Open Play,Right Foot,Outside Box,Blocked
shot_9013,125153,777,11,65970,,90+5',Open Play,Left Foot,Inside Box,Goal
shot_9014,125153,777,11,16286,,90+5',Open Play,Right Foot,Inside Box,Hit the Woodwork
shot_9015,125153,777,11,16286,126943,90+7',Open Play,Right Foot,Inside Box,Blocked
shot_9016,125154,777,130,133890,49726,2,Open Play,Right Foot,Inside Box,Missed
shot_9017,125154,777,6,49796,,6,Penalty,Right Foot,Inside Box,Goal
shot_9018,125154,777,6,69595,,14,Set Piece,Left Foot,Inside Box,Missed
shot_9019,125154,777,6,76353,69595,14,Open Play,Left Foot,Inside Box,Saved
shot_9020,125154,777,6,35670,,15,Open Play,Right Foot,Outside Box,Saved
shot_9021,125154,777,6,49796,109117,16,Open Play,Right Foot,Inside Box,Hit the Woodwork
shot_9022,125154,777,6,110549,69595,17,Set Piece,Header,Inside Box,Missed
shot_9023,125154,777,6,76104,69595,21,Open Play,Header,Inside Box,Blocked
shot_9024,125154,777,6,24334,76353,23,Open Play,Left Foot,Outside Box,Blocked
shot_9025,125154,777,130,133890,23194,28,Set Piece,Header,Inside Box,Missed
shot_9026,125154,777,6,35670,69595,33,Open Play,Left Foot,Inside Box,Blocked
shot_9027,125154,777,6,49759,,33,Open Play,Right Foot,Inside Box,Blocked
shot_9028,125154,777,6,24334,,33,Open Play,Left Foot,Inside Box,Blocked
shot_9029,125154,777,6,35670,49796,33,Open Play,Left Foot,Inside Box,Hit the Woodwork
shot_9030,125154,777,130,133890,,40,Open Play,Header,Inside Box,Goal
shot_9031,125154,777,6,69595,76353,45+3',Open Play,Left Foot,Outside Box,Saved
shot_9032,125154,777,130,24659,133460,47,Open Play,Left Foot,Inside Box,Blocked
shot_9033,125154,777,130,49731,,49,Open Play,Right Foot,Outside Box,Missed
shot_9034,125154,777,6,69595,76353,52,Open Play,Left Foot,Outside Box,Goal
shot_9035,125154,777,6,76353,,72,Open Play,Right Foot,Outside Box,Missed
shot_9036,125154,777,130,24369,3712,82,Set Piece,Right Foot,Outside Box,Missed
shot_9037,125154,777,130,133890,,84,Open Play,Left Foot,Inside Box,Saved
shot_9038,125154,777,130,133890,65987,88,Open Play,Header,Inside Box,Goal
shot_9039,125154,777,130,127594,,90+2',Open Play,Left Foot,Inside Box,Missed
shot_9040,125154,777,130,24369,133890,90+2',Open Play,Right Foot,Outside Box,Blocked
shot_9041,125154,777,130,124052,14457,90+5',Open Play,Left Foot,Inside Box,Missed
shot_9042,125154,777,130,14457,49731,90+5',Open Play,Left Foot,Inside Box,Missed
shot_9043,125154,777,130,127594,124052,90+6',Open Play,Right Foot,Inside Box,Blocked
shot_9044,125154,777,130,65987,49731,90+10',Set Piece,Header,Inside Box,Missed
shot_9045,125154,777,6,69595,49759,90+11',Open Play,Left Foot,Outside Box,Blocked
shot_9046,125155,777,21,76614,32229,11,Open Play,Header,Inside Box,Hit the Woodwork
shot_9047,125155,777,4,49293,119041,14,Open Play,Left Foot,Outside Box,Saved
shot_9048,125155,777,4,63741,21998,18,Open Play,Right Foot,Outside Box,Goal
shot_9049,125155,777,4,51813,49293,23,Open Play,Right Foot,Inside Box,Missed
shot_9050,125155,777,4,63741,,29,Set Piece,Right Foot,Outside Box,Hit the Woodwork
shot_9051,125155,777,21,76614,21887,37,Open Play,Right Foot,Inside Box,Missed
shot_9052,125155,777,4,49293,63741,45+1',Open Play,Right Foot,Outside Box,Missed
shot_9053,125155,777,21,24630,76614,51,Set Piece,Header,Inside Box,Missed
shot_9054,125155,777,4,21998,,56,Open Play,Left Foot,Inside Box,Blocked
shot_9055,125155,777,21,24630,32229,58,Open Play,Header,Inside Box,Saved
shot_9056,125155,777,4,133245,63741,67,Open Play,Left Foot,Inside Box,Goal
shot_9057,125155,777,4,21998,112203,71,Open Play,Right Foot,,Saved
shot_9058,125155,777,21,21887,117318,72,Open Play,Right Foot,Inside Box,Saved
shot_9059,125155,777,21,24630,117318,74,Open Play,Right Foot,Inside Box,Goal
shot_9060,125155,777,21,117318,32229,74,Open Play,Right Foot,Inside Box,Missed
shot_9061,125155,777,4,49293,,82,Open Play,Left Foot,Outside Box,Blocked
shot_9062,125155,777,21,8456,24630,84,Open Play,Left Foot,Inside Box,Blocked
shot_9063,125155,777,21,8456,,90+4',Set Piece,Right Foot,Outside Box,Missed
shot_9064,125156,777,7,128411,,7,Open Play,Left Foot,Outside Box,Blocked
shot_9065,125156,777,29,25408,,14,Open Play,Right Foot,Outside Box,Missed
shot_9066,125156,777,29,138104,,20,Open Play,Right Foot,,Missed
shot_9067,125156,777,29,10361,51199,25,Open Play,Header,Inside Box,Missed
shot_9068,125156,777,29,51199,,27,Set Piece,Right Foot,Inside Box,Missed
shot_9069,125156,777,7,23841,66538,35,Open Play,Right Foot,Outside Box,Saved
shot_9070,125156,777,7,8143,24983,37,Open Play,Header,Inside Box,Saved
shot_9071,125156,777,7,126789,14706,41,Open Play,Header,Inside Box,Missed
shot_9072,125156,777,7,128411,4333,43,Open Play,Left Foot,Outside Box,Goal
shot_9073,125156,777,29,67784,138104,59,Open Play,Right Foot,Inside Box,Goal
shot_9074,125156,777,7,112589,14706,64,Open Play,Header,Inside Box,Missed
shot_9075,125156,777,7,31936,14706,64,Open Play,Right Foot,Inside Box,Blocked
shot_9076,125156,777,29,138104,119614,81,Open Play,Left Foot,Inside Box,Goal
shot_9077,125156,777,7,128411,8143,84,Open Play,Right Foot,Inside Box,Missed
shot_9078,125156,777,7,112589,118442,86,Open Play,Header,Inside Box,Saved
shot_9079,125156,777,29,52989,126110,90+1',Open Play,Right Foot,Inside Box,Goal
shot_9080,125156,777,7,14706,143922,90+4',Open Play,Right Foot,Outside Box,Missed
shot_9081,125157,777,131,124396,50727,7,Open Play,Right Foot,Outside Box,Saved
shot_9082,125157,777,9,13797,13796,11,Open Play,Left Foot,Outside Box,Blocked
shot_9083,125157,777,131,4874,,13,Open Play,Left Foot,Inside Box,Blocked
shot_9084,125157,777,131,22542,124396,20,Open Play,Left Foot,Outside Box,Saved
shot_9085,125157,777,9,13797,,26,Open Play,Right Foot,Outside Box,Blocked
shot_9086,125157,777,131,8163,67928,37,Set Piece,Header,Inside Box,Missed
shot_9087,125157,777,131,22542,8163,43,Open Play,Right Foot,Outside Box,Saved
shot_9088,125157,777,131,76090,50727,44,Set Piece,Header,Inside Box,Missed
shot_9089,125157,777,131,112739,76090,49,Open Play,Right Foot,Outside Box,Missed
shot_9090,125157,777,131,112739,136175,51,Open Play,Right Foot,Inside Box,Missed
shot_9091,125157,777,131,67928,112739,51,Open Play,Left Foot,Inside Box,Blocked
shot_9092,125157,777,131,3452,112739,51,Open Play,Left Foot,Inside Box,Blocked
shot_9093,125157,777,131,50727,22542,55,Open Play,Right Foot,Inside Box,Saved
shot_9094,125157,777,131,3452,67928,55,Open Play,Header,Inside Box,Blocked
shot_9095,125157,777,9,116888,63289,56,Open Play,Right Foot,Outside Box,Missed
shot_9096,125157,777,9,68676,14807,63,Open Play,Right Foot,Inside Box,Missed
shot_9097,125157,777,131,143240,50727,67,Open Play,Right Foot,Inside Box,Missed
shot_9098,125157,777,9,13515,116888,70,Open Play,Header,Inside Box,Blocked
shot_9099,125157,777,131,51830,22542,75,Open Play,Right Foot,Inside Box,Missed
shot_9100,125157,777,9,50643,14807,77,Open Play,Left Foot,Outside Box,Missed
shot_9101,125157,777,131,51830,22542,79,Open Play,Left Foot,Inside Box,Saved
shot_9102,125157,777,131,112739,,81,Open Play,Right Foot,Inside Box,Saved
shot_9103,125157,777,131,145043,22542,86,Open Play,Header,Inside Box,Saved
shot_9104,125157,777,131,143240,51830,89,Open Play,Right Foot,Inside Box,Blocked
shot_9105,125157,777,9,9576,,90+6',Open Play,Right Foot,Inside Box,Goal
shot_9106,125157,777,131,143240,145043,90+8',Open Play,Right Foot,Inside Box,Blocked
shot_9107,125158,777,12,4608,,6,Open Play,Left Foot,Inside Box,Goal
shot_9108,125158,777,12,23396,51202,14,Open Play,Right Foot,Outside Box,Saved
shot_9109,125158,777,12,5793,108936,15,Open Play,Right Foot,Outside Box,Blocked
shot_9110,125158,777,12,51202,23396,15,Open Play,Left Foot,Outside Box,Blocked
shot_9111,125158,777,12,5793,,21,Open Play,Right Foot,Inside Box,Missed
shot_9112,125158,777,12,66360,51202,21,Open Play,Left Foot,Inside Box,Hit the Woodwork
shot_9113,125158,777,15,15259,98300,21,Open Play,Left Foot,Inside Box,Saved
shot_9114,125158,777,15,16035,115172,28,Open Play,,Inside Box,Missed
shot_9115,125158,777,12,23396,67191,31,Open Play,Right Foot,Outside Box,Missed
shot_9116,125158,777,15,115172,51593,33,Set Piece,Header,Inside Box,Missed
shot_9117,125158,777,12,67191,,38,Open Play,Left Foot,Inside Box,Blocked
shot_9118,125158,777,12,69176,24252,42,Set Piece,Header,Inside Box,Missed
shot_9119,125158,777,12,23396,5793,42,Open Play,Right Foot,,Blocked
shot_9120,125158,777,15,3756,23811,44,Set Piece,Header,Inside Box,Missed
shot_9121,125158,777,12,66360,69176,47,Open Play,Right Foot,Inside Box,Missed
shot_9122,125158,777,12,9566,51202,51,Open Play,Right Foot,,Blocked
shot_9123,125158,777,15,67510,51593,53,Set Piece,Header,Inside Box,Goal
shot_9124,125158,777,12,51202,,55,Open Play,Right Foot,Inside Box,Goal
shot_9125,125158,777,12,66360,24252,55,Open Play,Left Foot,Inside Box,Blocked
shot_9126,125158,777,15,15259,,62,Open Play,Right Foot,Inside Box,Saved
shot_9127,125158,777,12,5793,23396,63,Open Play,Header,Inside Box,Blocked
shot_9128,125158,777,12,66360,23396,64,Open Play,Right Foot,Inside Box,Missed
shot_9129,125158,777,12,69176,5793,67,Open Play,Left Foot,Inside Box,Saved
shot_9130,125158,777,12,51202,23396,68,Open Play,Right Foot,Inside Box,Blocked
shot_9131,125158,777,12,66360,51202,73,Open Play,Header,Inside Box,Blocked
shot_9132,125158,777,15,304123,15259,74,Open Play,Right Foot,Inside Box,Blocked
shot_9133,125158,777,15,15259,15340,75,Open Play,Left Foot,Inside Box,Blocked
shot_9134,125158,777,12,66360,23396,76,Open Play,Left Foot,Inside Box,Goal
shot_9135,125158,777,15,15259,51593,78,Open Play,Left Foot,Inside Box,Goal
shot_9136,125158,777,12,51202,23396,78,Open Play,Right Foot,Inside Box,Blocked
shot_9137,125158,777,12,23396,108936,82,Open Play,Right Foot,Outside Box,Blocked
shot_9138,125158,777,12,146567,23396,83,Open Play,Left Foot,Inside Box,Saved
shot_9139,125158,777,15,15259,304238,88,Open Play,Left Foot,Inside Box,Blocked
shot_9140,125158,777,12,23396,50848,89,Open Play,Right Foot,Outside Box,Missed
shot_9141,125158,777,15,15340,49270,90+1',Open Play,Right Foot,Inside Box,Missed
shot_9142,125158,777,12,14580,108936,90+4',Set Piece,Right Foot,Outside Box,Missed
shot_9143,125158,777,12,50848,,90+5',Open Play,Left Foot,Inside Box,Saved
shot_9144,125158,777,12,24252,,90+6',Open Play,Left Foot,Inside Box,Hit the Woodwork
shot_9145,125158,777,12,50848,,90+8',Open Play,Right Foot,Inside Box,Saved
shot_9146,125158,777,12,50848,23396,90+8',Open Play,Right Foot,Outside Box,Blocked
shot_9147,125159,777,23,114590,71623,11,Open Play,Left Foot,Outside Box,Blocked
shot_9148,125159,777,23,49908,3905,12,Open Play,Header,Inside Box,Blocked
shot_9149,125159,777,23,115256,14716,15,Open Play,Right Foot,Inside Box,Goal
shot_9150,125159,777,23,114590,19888,19,Open Play,Left Foot,Outside Box,Goal
shot_9151,125159,777,25,119072,,23,Open Play,Right Foot,Outside Box,Blocked
shot_9152,125159,777,25,145347,,29,Open Play,Left Foot,Inside Box,Saved
shot_9153,125159,777,25,63257,65961,29,Open Play,Right Foot,Inside Box,Saved
shot_9154,125159,777,25,63257,119072,34,Open Play,Right Foot,Inside Box,Blocked
shot_9155,125159,777,23,14716,115256,45,Open Play,Right Foot,Outside Box,Saved
shot_9156,125159,777,23,74761,14716,57,Open Play,Right Foot,Outside Box,Missed
shot_9157,125159,777,23,14716,14446,57,Open Play,Right Foot,Inside Box,Blocked
shot_9158,125159,777,23,108922,115256,57,Open Play,Left Foot,Inside Box,Saved
shot_9159,125159,777,25,119072,25183,57,Open Play,Left Foot,Inside Box,Saved
shot_9160,125159,777,25,65961,145347,62,Open Play,Right Foot,Inside Box,Blocked
shot_9161,125159,777,23,114590,14446,65,Open Play,Right Foot,Inside Box,Goal
shot_9162,125159,777,25,63257,118083,69,Open Play,Right Foot,Outside Box,Goal
shot_9163,125159,777,23,74761,115256,72,Open Play,Right Foot,,Saved
shot_9164,125159,777,25,32638,,73,Open Play,Left Foot,Outside Box,Missed
shot_9165,125159,777,25,8868,,74,Open Play,Left Foot,Outside Box,Saved
shot_9166,125159,777,25,8454,145347,76,Open Play,Right Foot,Inside Box,Saved
shot_9167,125159,777,25,63257,,78,Open Play,Right Foot,Inside Box,Hit the Woodwork
shot_9168,125159,777,23,9662,,79,Open Play,Right Foot,Outside Box,Saved
shot_9169,125159,777,23,9662,19888,79,Open Play,Right Foot,Outside Box,Blocked
shot_9170,125159,777,25,63257,145347,82,Open Play,Header,Inside Box,Missed
shot_9171,125159,777,25,63257,,84,Open Play,Left Foot,Inside Box,Saved
shot_9172,125159,777,25,63257,304595,84,Open Play,Header,Inside Box,Saved
shot_9173,125159,777,23,108922,14446,88,Open Play,Left Foot,Inside Box,Blocked
shot_9174,125159,777,23,14446,8707,90,Open Play,Right Foot,Inside Box,Blocked
shot_9175,125159,777,25,63257,,90+5',Open Play,Right Foot,Outside Box,Blocked
shot_9176,125159,777,23,49259,9662,90+6',Open Play,Right Foot,Inside Box,Missed
shot_9177,125160,777,34,4717,6712,12,Open Play,Right Foot,Inside Box,Saved
shot_9178,125160,777,38,145492,20337,17,Open Play,Left Foot,Outside Box,Saved
shot_9179,125160,777,38,108947,,20,Open Play,Left Foot,Inside Box,Missed
shot_9180,125160,777,38,145492,20337,25,Open Play,Right Foot,Outside Box,Goal
shot_9181,125160,777,38,108947,,25,Open Play,Right Foot,Inside Box,Missed
shot_9182,125160,777,34,21614,16044,29,Set Piece,Header,Inside Box,Missed
shot_9183,125160,777,38,115114,145492,31,Set Piece,Header,Inside Box,Missed
shot_9184,125160,777,34,6712,66657,33,Open Play,Right Foot,Inside Box,Missed
shot_9185,125160,777,34,21614,,33,Open Play,Right Foot,Outside Box,Missed
shot_9186,125160,777,34,117763,,34,Open Play,Right Foot,Inside Box,Blocked
shot_9187,125160,777,34,14445,14624,41,Open Play,Left Foot,Inside Box,Saved
shot_9188,125160,777,34,14624,,45+3',Penalty,Left Foot,Inside Box,Goal
shot_9189,125160,777,38,115114,145492,52,Set Piece,Header,Inside Box,Missed
shot_9190,125160,777,38,20337,,53,Set Piece,Right Foot,Outside Box,Missed
shot_9191,125160,777,34,4717,,56,Open Play,Right Foot,Outside Box,Saved
shot_9192,125160,777,38,9199,20337,68,Open Play,Left Foot,Inside Box,Hit the Woodwork
shot_9193,125160,777,34,11071,66657,70,Open Play,Right Foot,Inside Box,Missed
shot_9194,125160,777,38,115371,,81,Open Play,Right Foot,Outside Box,Saved
shot_9195,125160,777,34,13961,53063,82,Open Play,Left Foot,Outside Box,Saved
shot_9196,125160,777,38,108947,145492,83,Open Play,Right Foot,Inside Box,Missed
shot_9197,125160,777,38,147032,66692,86,Open Play,Right Foot,Inside Box,Missed
shot_9198,125160,777,34,13961,6712,88,Open Play,Left Foot,Outside Box,Missed
shot_9199,125160,777,34,121610,128976,90,Open Play,Right Foot,Inside Box,Blocked
shot_9200,125160,777,34,11071,,90+2',Open Play,Right Foot,Outside Box,Blocked
shot_9201,125161,777,131,143240,67928,9,Open Play,Right Foot,,Missed
shot_9202,125161,777,131,50727,67928,13,Open Play,Right Foot,Inside Box,Missed
shot_9203,125161,777,131,67928,112739,20,Open Play,Right Foot,Outside Box,Missed
shot_9204,125161,777,12,146567,23396,33,Set Piece,Header,Inside Box,Goal
shot_9205,125161,777,12,4608,108936,35,Open Play,Left Foot,Outside Box,Missed
shot_9206,125161,777,131,143240,67928,40,Open Play,Left Foot,Inside Box,Missed
shot_9207,125161,777,12,66360,69176,44,Open Play,Left Foot,Inside Box,Goal
shot_9208,125161,777,12,23396,146567,48,Open Play,Right Foot,Inside Box,Goal
shot_9209,125161,777,12,146567,66360,52,Open Play,Left Foot,Inside Box,Saved
shot_9210,125161,777,12,69176,146567,53,Open Play,Left Foot,Outside Box,Saved
shot_9211,125161,777,12,108936,9566,54,Open Play,Right Foot,Inside Box,Blocked
shot_9212,125161,777,12,146567,23396,56,Open Play,Left Foot,Inside Box,Saved
shot_9213,125161,777,131,143240,,58,Open Play,Right Foot,Inside Box,Missed
shot_9214,125161,777,12,69176,33245,60,Open Play,Left Foot,Inside Box,Saved
shot_9215,125161,777,131,124396,,60,Open Play,Left Foot,Outside Box,Blocked
shot_9216,125161,777,131,22542,,64,Open Play,Right Foot,Outside Box,Blocked
shot_9217,125161,777,131,145043,124396,70,Open Play,Right Foot,Outside Box,Blocked
shot_9218,125161,777,12,130151,23396,78,Open Play,Left Foot,Outside Box,Missed
shot_9219,125161,777,131,145043,,79,Open Play,Right Foot,Inside Box,Blocked
shot_9220,125161,777,131,8171,145043,87,Open Play,Left Foot,Inside Box,Saved
shot_9221,125161,777,131,22542,124396,87,Open Play,Left Foot,Inside Box,Saved
shot_9222,125161,777,12,108936,23396,90+2',Open Play,Right Foot,Outside Box,Missed
shot_9223,125161,777,131,51830,145043,90+5',Open Play,Left Foot,Inside Box,Blocked
shot_9224,125161,777,131,145043,136175,90+6',Open Play,Header,Inside Box,Missed
shot_9225,125162,777,38,108877,145492,3,Open Play,Header,Inside Box,Blocked
shot_9226,125162,777,38,9199,,5,Penalty,Right Foot,Inside Box,Goal
shot_9227,125162,777,43,137462,,10,Open Play,Left Foot,Outside Box,Blocked
shot_9228,125162,777,38,145492,14830,14,Open Play,Left Foot,Outside Box,Saved
shot_9229,125162,777,43,74960,50460,17,Open Play,Right Foot,Inside Box,Blocked
shot_9230,125162,777,38,115114,145492,28,Set Piece,Header,Inside Box,Missed
shot_9231,125162,777,38,145492,14830,31,Open Play,Right Foot,Outside Box,Blocked
shot_9232,125162,777,38,115114,145492,34,Open Play,Header,Inside Box,Blocked
shot_9233,125162,777,38,43010,108877,35,Open Play,Right Foot,Inside Box,Saved
shot_9234,125162,777,38,108877,145492,35,Set Piece,Header,Inside Box,Missed
shot_9235,125162,777,43,75735,68593,45,Open Play,Header,Inside Box,Blocked
shot_9236,125162,777,43,50460,137462,45+1',Open Play,Right Foot,Outside Box,Saved
shot_9237,125162,777,43,63851,74960,45+7',Open Play,Right Foot,Outside Box,Saved
shot_9238,125162,777,43,74964,3955,46,Open Play,Left Foot,Outside Box,Blocked
shot_9239,125162,777,43,75735,74964,47,Open Play,Left Foot,Outside Box,Goal
shot_9240,125162,777,38,145492,,51,Open Play,Right Foot,Inside Box,Missed
shot_9241,125162,777,38,20337,43010,51,Open Play,Left Foot,Outside Box,Blocked
shot_9242,125162,777,38,143214,20337,54,Open Play,Right Foot,Outside Box,Blocked
shot_9243,125162,777,43,137462,63851,60,Open Play,Left Foot,,Saved
shot_9244,125162,777,43,50460,68593,62,Open Play,Right Foot,Inside Box,Missed
shot_9245,125162,777,43,68593,122056,62,Open Play,Right Foot,Inside Box,Saved
shot_9246,125162,777,38,108947,,63,Open Play,Right Foot,Outside Box,Missed
shot_9247,125162,777,43,137462,4617,76,Open Play,Left Foot,Inside Box,Saved
shot_9248,125162,777,43,15139,,77,Set Piece,Left Foot,Inside Box,Missed
shot_9249,125162,777,43,137462,50460,79,Open Play,Right Foot,Outside Box,Saved
shot_9250,125162,777,38,115371,145492,81,Open Play,Header,Inside Box,Blocked
shot_9251,125162,777,38,66692,145492,86,Open Play,Right Foot,Inside Box,Blocked
shot_9252,125162,777,43,19831,137462,88,Open Play,Right Foot,Outside Box,Blocked
shot_9253,125162,777,43,137462,15139,89,Open Play,Left Foot,Outside Box,Blocked
shot_9254,125162,777,38,145492,,89,Open Play,Left Foot,Outside Box,Missed
shot_9255,125162,777,43,8246,15139,90+1',Open Play,Left Foot,Inside Box,Saved
shot_9256,125162,777,38,147032,20337,90+2',Open Play,Right Foot,Inside Box,Saved
shot_9257,125163,777,1,67407,,4,Open Play,Left Foot,Inside Box,Saved
shot_9258,125163,777,1,19680,,4,Open Play,Right Foot,Inside Box,Hit the Woodwork
shot_9259,125163,777,1,42331,67407,10,Open Play,Right Foot,Outside Box,Missed
shot_9260,125163,777,1,19680,67407,11,Open Play,Right Foot,Inside Box,Saved
shot_9261,125163,777,1,66104,141181,14,Open Play,Right Foot,Inside Box,Saved
shot_9262,125163,777,6,76353,127826,15,Open Play,Header,Inside Box,Saved
shot_9263,125163,777,1,19680,67407,22,Open Play,Header,Inside Box,Missed
shot_9264,125163,777,1,67407,19680,36,Open Play,Left Foot,Inside Box,Blocked
shot_9265,125163,777,1,67407,64523,41,Open Play,Left Foot,Outside Box,Blocked
shot_9266,125163,777,1,19680,66104,42,Open Play,Right Foot,Inside Box,Goal
shot_9267,125163,777,1,67407,20810,48,Set Piece,Left Foot,Inside Box,Goal
shot_9268,125163,777,6,109117,37776,50,Open Play,Header,Inside Box,Missed
shot_9269,125163,777,6,35670,109117,53,Open Play,Right Foot,Inside Box,Missed
shot_9270,125163,777,1,118077,,62,Open Play,Left Foot,Outside Box,Saved
shot_9271,125163,777,1,20810,,62,Open Play,Left Foot,Inside Box,Blocked
shot_9272,125163,777,6,127826,109117,64,Open Play,Right Foot,Inside Box,Missed
shot_9273,125163,777,1,20810,66104,74,Open Play,Left Foot,Inside Box,Blocked
shot_9274,125163,777,1,20810,,79,Open Play,Left Foot,Inside Box,Missed
shot_9275,125163,777,1,19778,20810,80,Open Play,Left Foot,Inside Box,Missed
shot_9276,125163,777,6,20874,109117,89,Open Play,Header,Inside Box,Goal
shot_9277,125163,777,6,109117,,90+1',Open Play,Right Foot,Inside Box,Blocked
shot_9278,125163,777,6,109117,8589,90+1',Open Play,Right Foot,Inside Box,Blocked
shot_9279,125163,777,1,32728,20810,90+6',Open Play,Right Foot,Inside Box,Missed
shot_9280,125163,777,6,110549,127826,90+6',Open Play,Header,Inside Box,Saved
shot_9281,125163,777,1,21584,32728,90+8',Open Play,Right Foot,Inside Box,Saved
shot_9282,125164,777,34,117763,121610,1,Open Play,Right Foot,Outside Box,Blocked
shot_9283,125164,777,34,4717,21614,10,Open Play,Right Foot,Inside Box,Blocked
shot_9284,125164,777,34,14624,4717,15,Open Play,Left Foot,Outside Box,Blocked
shot_9285,125164,777,34,121610,,19,Set Piece,Right Foot,Outside Box,Hit the Woodwork
shot_9286,125164,777,34,49884,,20,Set Piece,Header,Inside Box,Goal
shot_9287,125164,777,34,14445,21614,24,Open Play,Left Foot,Outside Box,Saved
shot_9288,125164,777,34,117763,66657,28,Open Play,Header,Inside Box,Saved
shot_9289,125164,777,23,74761,108922,32,Open Play,Right Foot,Outside Box,Saved
shot_9290,125164,777,23,14446,115256,33,Open Play,Right Foot,Inside Box,Saved
shot_9291,125164,777,34,6712,4717,42,Open Play,Right Foot,Inside Box,Blocked
shot_9292,125164,777,34,4717,66657,45+4',Open Play,Right Foot,Outside Box,Missed
shot_9293,125164,777,34,117763,4717,47,Set Piece,Header,Inside Box,Missed
shot_9294,125164,777,34,3894,6712,62,Open Play,Left Foot,Outside Box,Missed
shot_9295,125164,777,23,14446,14716,68,Open Play,Right Foot,Outside Box,Missed
shot_9296,125164,777,34,4717,23793,70,Open Play,Right Foot,Outside Box,Saved
shot_9297,125164,777,34,3894,14624,74,Open Play,Left Foot,Outside Box,Missed
shot_9298,125164,777,34,4717,3894,75,Open Play,Right Foot,Inside Box,Blocked
shot_9299,125164,777,23,14716,115256,77,Open Play,Right Foot,Inside Box,Blocked
shot_9300,125164,777,34,3894,13961,80,Set Piece,Left Foot,Outside Box,Goal
shot_9301,125164,777,34,13961,,83,Open Play,Left Foot,Inside Box,Missed
shot_9302,125164,777,34,128976,21614,83,Open Play,Right Foot,Inside Box,Saved
shot_9303,125164,777,23,108922,,88,Set Piece,Left Foot,Outside Box,Missed
shot_9304,125164,777,23,14716,108922,90,Set Piece,Header,Inside Box,Missed
shot_9305,125164,777,34,4717,,90+3',Open Play,Right Foot,Inside Box,Missed
shot_9306,125164,777,34,13961,3894,90+3',Open Play,Left Foot,Outside Box,Blocked
shot_9307,125164,777,34,4717,128976,90+4',Open Play,Right Foot,Inside Box,Missed
shot_9308,125164,777,34,11071,,90+6',Open Play,Left Foot,Outside Box,Missed
shot_9309,125164,777,23,130234,117497,90+8',Open Play,Right Foot,Inside Box,Blocked
shot_9310,125165,777,10,63633,134796,2,Open Play,Right Foot,Outside Box,Blocked
shot_9311,125165,777,10,23593,10458,4,Open Play,Header,Inside Box,Saved
shot_9312,125165,777,130,127594,24369,7,Open Play,Header,Inside Box,Missed
shot_9313,125165,777,10,134796,49909,16,Open Play,Left Foot,Inside Box,Blocked
shot_9314,125165,777,10,49909,,19,Set Piece,Left Foot,Inside Box,Missed
shot_9315,125165,777,10,5178,,19,Set Piece,Left Foot,Outside Box,Hit the Woodwork
shot_9316,125165,777,10,5178,,20,Open Play,Right Foot,,Saved
shot_9317,125165,777,10,63633,32894,21,Set Piece,Right Foot,Inside Box,Missed
shot_9318,125165,777,10,33231,32894,22,Open Play,Left Foot,Inside Box,Missed
shot_9319,125165,777,10,5178,33231,33,Open Play,Left Foot,Inside Box,Blocked
shot_9320,125165,777,10,10458,63633,34,Open Play,Left Foot,Outside Box,Blocked
shot_9321,125165,777,10,49909,33231,38,Open Play,Right Foot,Outside Box,Saved
shot_9322,125165,777,10,134796,23593,41,Open Play,Right Foot,Outside Box,Missed
shot_9323,125165,777,10,32894,33231,43,Open Play,Header,Inside Box,Blocked
shot_9324,125165,777,130,127594,24659,43,Open Play,Right Foot,Inside Box,Saved
shot_9325,125165,777,10,63633,32894,46,Open Play,Right Foot,Inside Box,Blocked
shot_9326,125165,777,10,32894,63633,48,Open Play,Right Foot,Inside Box,Blocked
shot_9327,125165,777,10,23593,10458,50,Set Piece,Header,Inside Box,Missed
shot_9328,125165,777,10,5178,63633,52,Open Play,Left Foot,Inside Box,Saved
shot_9329,125165,777,130,133890,49726,53,Open Play,Left Foot,Outside Box,Missed
shot_9330,125165,777,10,23815,5178,58,Open Play,Right Foot,Inside Box,Goal
shot_9331,125165,777,130,127594,,64,Open Play,Header,Inside Box,Goal
shot_9332,125165,777,130,24369,,64,Open Play,Right Foot,Inside Box,Blocked
shot_9333,125165,777,130,133890,49726,72,Set Piece,Header,Inside Box,Missed
shot_9334,125165,777,130,49726,,80,Set Piece,Right Foot,Outside Box,Missed
shot_9335,125165,777,130,124052,49726,81,Open Play,Left Foot,Inside Box,Missed
shot_9336,125165,777,10,75382,23815,82,Open Play,Right Foot,Inside Box,Missed
shot_9337,125165,777,10,116665,,87,Open Play,Left Foot,Outside Box,Blocked
shot_9338,125165,777,10,5140,,88,Open Play,Right Foot,Outside Box,Missed
shot_9339,125165,777,10,33231,19919,90+2',Open Play,Left Foot,Inside Box,Saved
shot_9340,125165,777,130,124052,49731,90+3',Open Play,Left Foot,Inside Box,Blocked
shot_9341,125165,777,10,75382,33231,90+6',Open Play,Right Foot,Inside Box,Saved
shot_9342,125165,777,10,63633,5140,90+8',Open Play,Header,Inside Box,Saved
shot_9343,125165,777,130,133890,23194,90+10',Open Play,Header,Inside Box,Missed
shot_9344,125165,777,130,127594,49731,90+10',Open Play,Header,Inside Box,Blocked
shot_9345,125166,777,11,126943,,5,Set Piece,Left Foot,Inside Box,Missed
shot_9346,125166,777,11,26335,126943,10,Open Play,Left Foot,Inside Box,Missed
shot_9347,125166,777,11,5067,126943,12,Open Play,Left Foot,Inside Box,Saved
shot_9348,125166,777,11,26335,,21,Set Piece,Right Foot,Outside Box,Missed
shot_9349,125166,777,11,25474,,23,Set Piece,Right Foot,Inside Box,Goal
shot_9350,125166,777,11,126943,,29,Open Play,Left Foot,Inside Box,Blocked
shot_9351,125166,777,11,99281,,30,Open Play,Right Foot,Outside Box,Blocked
shot_9352,125166,777,11,26335,25474,34,Set Piece,Right Foot,Outside Box,Missed
shot_9353,125166,777,11,126943,14805,37,Open Play,Left Foot,Inside Box,Missed
shot_9354,125166,777,11,67849,,39,Open Play,Left Foot,Inside Box,Blocked
shot_9355,125166,777,11,4499,14805,43,Open Play,Header,Inside Box,Blocked
shot_9356,125166,777,11,26335,14805,43,Open Play,Right Foot,Inside Box,Saved
shot_9357,125166,777,2,8658,,47,Set Piece,Left Foot,Inside Box,Goal
shot_9358,125166,777,2,20489,13344,50,Open Play,Left Foot,Inside Box,Missed
shot_9359,125166,777,2,26408,,53,Set Piece,Right Foot,Outside Box,Missed
shot_9360,125166,777,2,26408,,56,Open Play,Left Foot,Inside Box,Saved
shot_9361,125166,777,2,51223,26408,56,Open Play,Left Foot,Inside Box,Blocked
shot_9362,125166,777,2,8658,4115,62,Open Play,Right Foot,Inside Box,Goal
shot_9363,125166,777,11,68150,67849,68,Open Play,Right Foot,Outside Box,Missed
shot_9364,125166,777,2,8658,5865,75,Open Play,Header,Inside Box,Blocked
shot_9365,125166,777,2,20489,26408,76,Open Play,Left Foot,Inside Box,Hit the Woodwork
shot_9366,125166,777,2,21529,51223,83,Set Piece,Right Foot,Inside Box,Missed
shot_9367,125166,777,11,54156,16431,86,Open Play,Right Foot,Outside Box,Missed
shot_9368,125166,777,2,51423,51223,87,Open Play,Left Foot,Outside Box,Saved
shot_9369,125166,777,2,8658,5865,88,Set Piece,Header,Inside Box,Missed
shot_9370,125166,777,2,5865,26408,90+7',Open Play,Right Foot,Outside Box,Saved
shot_9371,125166,777,11,54156,12520,90+8',Open Play,Right Foot,Inside Box,Blocked
shot_9372,125166,777,11,12520,99281,90+10',Open Play,Right Foot,Outside Box,Blocked
shot_9373,125167,777,15,304123,,4,Open Play,Right Foot,Outside Box,Blocked
shot_9374,125167,777,127,135304,134234,6,Open Play,Left Foot,Inside Box,Missed
shot_9375,125167,777,127,42894,,10,Open Play,Right Foot,Outside Box,Missed
shot_9376,125167,777,127,14846,,12,Open Play,Left Foot,Outside Box,Blocked
shot_9377,125167,777,15,15259,3756,16,Open Play,Left Foot,Inside Box,Missed
shot_9378,125167,777,127,33032,74965,18,Open Play,Right Foot,Outside Box,Missed
shot_9379,125167,777,127,137832,14846,20,Open Play,Right Foot,Outside Box,Blocked
shot_9380,125167,777,127,137832,,21,Open Play,Right Foot,Outside Box,Blocked
shot_9381,125167,777,127,137832,74965,22,Open Play,Right Foot,Outside Box,Blocked
shot_9382,125167,777,127,137832,135304,23,Set Piece,Right Foot,Inside Box,Missed
shot_9383,125167,777,127,137832,14846,28,Open Play,Right Foot,Outside Box,Blocked
shot_9384,125167,777,15,304123,98300,29,Open Play,Left Foot,Inside Box,Saved
shot_9385,125167,777,15,23811,,32,Set Piece,Right Foot,Outside Box,Missed
shot_9386,125167,777,15,3756,51593,32,Set Piece,Header,Inside Box,Hit the Woodwork
shot_9387,125167,777,15,15259,98300,34,Set Piece,Right Foot,,Goal
shot_9388,125167,777,15,304123,15259,44,Open Play,Right Foot,Outside Box,Blocked
shot_9389,125167,777,15,3756,51593,45,Open Play,Header,Inside Box,Saved
shot_9390,125167,777,15,23811,16035,45,Open Play,Right Foot,Inside Box,Blocked
shot_9391,125167,777,15,23811,,45,Open Play,Right Foot,Inside Box,Saved
shot_9392,125167,777,127,14846,74965,54,Open Play,Left Foot,Inside Box,Goal
shot_9393,125167,777,127,14846,,58,Open Play,Left Foot,Outside Box,Missed
shot_9394,125167,777,127,134234,137832,58,Open Play,Left Foot,Outside Box,Blocked
shot_9395,125167,777,15,51593,15259,60,Open Play,Right Foot,Outside Box,Missed
shot_9396,125167,777,127,121972,14846,60,Open Play,Right Foot,Inside Box,Saved
shot_9397,125167,777,127,137832,14846,62,Open Play,Right Foot,Inside Box,Saved
shot_9398,125167,777,127,121972,14846,64,Open Play,Right Foot,Outside Box,Missed
shot_9399,125167,777,15,15340,98300,70,Set Piece,Header,Inside Box,Missed
shot_9400,125167,777,15,15259,,76,Open Play,Right Foot,Inside Box,Blocked
shot_9401,125167,777,15,14238,,79,Open Play,Left Foot,Inside Box,Blocked
shot_9402,125167,777,15,115172,16035,79,Open Play,Right Foot,Inside Box,Blocked
shot_9403,125167,777,127,21519,14846,86,Open Play,Right Foot,Inside Box,Blocked
shot_9404,125167,777,127,16582,,90+1',Open Play,Right Foot,Outside Box,Saved
shot_9405,125168,777,4,49293,21998,4,Open Play,Left Foot,Inside Box,Saved
shot_9406,125168,777,29,138104,122126,6,Open Play,Right Foot,Inside Box,Saved
shot_9407,125168,777,29,51199,,11,Open Play,Right Foot,Outside Box,Blocked
shot_9408,125168,777,4,112203,,15,Open Play,Right Foot,Inside Box,Blocked
shot_9409,125168,777,4,72371,21998,15,Set Piece,,Inside Box,Missed
shot_9410,125168,777,29,51199,10361,19,Set Piece,Right Foot,Inside Box,Missed
shot_9411,125168,777,29,10361,122126,19,Open Play,Right Foot,Inside Box,Blocked
shot_9412,125168,777,29,115105,122126,21,Open Play,Right Foot,Outside Box,Saved
shot_9413,125168,777,29,67784,,24,Open Play,Right Foot,Outside Box,Blocked
shot_9414,125168,777,29,122126,10361,25,Open Play,Right Foot,Inside Box,Goal
shot_9415,125168,777,29,67784,122126,31,Open Play,Right Foot,Inside Box,Missed
shot_9416,125168,777,29,115105,124944,35,Open Play,Left Foot,Inside Box,Blocked
shot_9417,125168,777,4,72371,68827,38,Open Play,Header,Inside Box,Missed
shot_9418,125168,777,29,122126,138104,44,Open Play,Right Foot,Outside Box,Missed
shot_9419,125168,777,29,67784,138104,46,Open Play,Right Foot,Inside Box,Saved
shot_9420,125168,777,29,67784,138104,50,Open Play,Right Foot,Inside Box,Missed
shot_9421,125168,777,29,115105,,52,Open Play,Right Foot,Inside Box,Missed
shot_9422,125168,777,29,10361,,55,Open Play,Left Foot,Inside Box,Saved
shot_9423,125168,777,4,49293,21998,56,Open Play,Left Foot,Outside Box,Goal
shot_9424,125168,777,29,115105,138104,59,Open Play,Left Foot,Inside Box,Missed
shot_9425,125168,777,29,126110,122126,68,Open Play,Right Foot,Outside Box,Missed
shot_9426,125168,777,29,51199,126110,70,Open Play,Right Foot,Inside Box,Blocked
shot_9427,125168,777,29,126110,51199,70,Open Play,Left Foot,Inside Box,Blocked
shot_9428,125168,777,29,138104,75692,73,Open Play,Right Foot,Inside Box,Saved
shot_9429,125168,777,4,49293,112203,77,Open Play,Left Foot,Outside Box,Missed
shot_9430,125168,777,29,52989,124944,79,Open Play,Right Foot,Inside Box,Missed
shot_9431,125168,777,4,14571,63741,86,Open Play,Right Foot,Outside Box,Saved
shot_9432,125168,777,29,52989,122126,88,Open Play,Right Foot,Inside Box,Blocked
shot_9433,125168,777,4,125075,63741,90+3',Open Play,Right Foot,Outside Box,Blocked
shot_9434,125169,777,21,24630,76614,4,Set Piece,Header,Inside Box,Missed
shot_9435,125169,777,21,21887,,6,Open Play,Left Foot,Inside Box,Missed
shot_9436,125169,777,21,75582,,6,Open Play,Header,Inside Box,Missed
shot_9437,125169,777,21,32229,,6,Open Play,Left Foot,Outside Box,Blocked
shot_9438,125169,777,21,126824,19858,9,Open Play,Left Foot,Inside Box,Blocked
shot_9439,125169,777,21,25892,19858,10,Set Piece,Right Foot,Inside Box,Missed
shot_9440,125169,777,21,25892,76614,10,Set Piece,Header,Inside Box,Missed
shot_9441,125169,777,21,19858,,14,Set Piece,Right Foot,Inside Box,Missed
shot_9442,125169,777,21,19858,76614,16,Open Play,Right Foot,Outside Box,Blocked
shot_9443,125169,777,7,143922,23841,22,Set Piece,Header,Inside Box,Missed
shot_9444,125169,777,7,14706,31936,32,Open Play,Left Foot,Outside Box,Blocked
shot_9445,125169,777,7,31936,23841,33,Open Play,Left Foot,Inside Box,Blocked
shot_9446,125169,777,21,25892,32229,35,Open Play,Header,Inside Box,Blocked
shot_9447,125169,777,21,19858,,35,Open Play,Right Foot,Outside Box,Blocked
shot_9448,125169,777,21,76614,32229,40,Open Play,Right Foot,Inside Box,Blocked
shot_9449,125169,777,21,19858,,43,Set Piece,Left Foot,Inside Box,Goal
shot_9450,125169,777,21,19858,76614,43,Set Piece,Header,Inside Box,Hit the Woodwork
shot_9451,125169,777,7,23841,,45,Open Play,Left Foot,Outside Box,Missed
shot_9452,125169,777,7,4333,112589,45,Open Play,Header,Inside Box,Blocked
shot_9453,125169,777,21,23764,21887,48,Open Play,Left Foot,Inside Box,Saved
shot_9454,125169,777,21,32229,,49,Open Play,Left Foot,Outside Box,Blocked
shot_9455,125169,777,21,24630,32229,49,Set Piece,Header,Inside Box,Missed
shot_9456,125169,777,21,25892,24630,50,Open Play,Header,Inside Box,Blocked
shot_9457,125169,777,21,76614,,60,Open Play,Right Foot,Inside Box,Blocked
shot_9458,125169,777,21,51185,117318,75,Set Piece,Right Foot,Outside Box,Missed
shot_9459,125169,777,7,4333,23841,90+3',Open Play,Header,Inside Box,Missed
shot_9460,125169,777,7,133612,3600,90+6',Open Play,Header,Inside Box,Missed
shot_9461,125169,777,7,118442,24983,90+9',Open Play,Right Foot,Inside Box,Saved
shot_9462,125169,777,7,8143,23841,90+10',Set Piece,Header,Inside Box,Missed
shot_9463,125169,777,7,4333,133612,90+11',Set Piece,Header,Inside Box,Missed
shot_9464,125170,777,9,14807,13515,7,Open Play,Left Foot,Inside Box,Missed
shot_9465,125170,777,9,13515,14608,7,Open Play,Left Foot,Inside Box,Missed
shot_9466,125170,777,25,25183,304595,16,Open Play,Header,Inside Box,Missed
shot_9467,125170,777,25,304595,,16,Open Play,Right Foot,Inside Box,Blocked
shot_9468,125170,777,25,119072,145347,23,Open Play,Right Foot,Outside Box,Saved
shot_9469,125170,777,9,63289,9576,24,Open Play,Right Foot,Outside Box,Blocked
shot_9470,125170,777,9,9576,14807,35,Open Play,Left Foot,Inside Box,Saved
shot_9471,125170,777,9,9576,63289,39,Open Play,Right Foot,Inside Box,Blocked
shot_9472,125170,777,9,14608,9576,40,Open Play,Right Foot,Inside Box,Missed
shot_9473,125170,777,25,63257,304595,43,Set Piece,Header,Inside Box,Missed
shot_9474,125170,777,25,25183,,45+1',Open Play,Right Foot,Inside Box,Saved
shot_9475,125170,777,25,304595,8868,45+2',Open Play,Left Foot,Inside Box,Missed
shot_9476,125170,777,25,63257,8454,47,Open Play,Right Foot,Inside Box,Saved
shot_9477,125170,777,9,63289,19731,47,Open Play,Right Foot,Outside Box,Saved
shot_9478,125170,777,9,63289,,51,Set Piece,Right Foot,Inside Box,Missed
shot_9479,125170,777,9,63289,,51,Open Play,Right Foot,Outside Box,Blocked
shot_9480,125170,777,25,63257,,53,Open Play,Right Foot,,Missed
shot_9481,125170,777,25,65961,,53,Open Play,Right Foot,Inside Box,Blocked
shot_9482,125170,777,25,8454,119072,65,Open Play,Right Foot,Outside Box,Blocked
shot_9483,125170,777,25,63257,8868,67,Set Piece,Header,Inside Box,Goal
shot_9484,125170,777,25,8868,119072,79,Open Play,Right Foot,,Goal
shot_9485,125170,777,9,133430,13796,84,Open Play,Left Foot,Outside Box,Blocked
shot_9486,125170,777,9,50643,,85,Set Piece,Right Foot,Inside Box,Missed
shot_9487,125170,777,9,50643,14807,87,Open Play,Header,Inside Box,Saved
shot_9488,125170,777,9,35718,133430,90+1',Set Piece,Header,Inside Box,Missed
shot_9489,125170,777,25,8868,65961,90+3',Open Play,Header,Inside Box,Blocked
shot_9490,125170,777,25,8454,,90+3',Open Play,Left Foot,Inside Box,Saved
shot_9491,125170,777,25,8454,65961,90+4',Set Piece,Right Foot,Outside Box,Goal
