match_event_id,fixture_id,season_id,team_id,event_type,player1_id,player2_id,minute
event_0,124791,777,127,yellow,13706,,14
event_1,124791,777,10,goal,81542,63633,37
event_2,124791,777,10,yellow,116665,,43
event_3,124791,777,10,goal,32894,81542,49
event_4,124791,777,10,substitution,10458,116665,60
event_5,124791,777,10,substitution,43586,19919,60
event_6,124791,777,127,goal,25474,13706,64
event_7,124791,777,10,substitution,10651,81542,72
event_8,124791,777,10,substitution,23815,63633,72
event_9,124791,777,127,substitution,63553,74976,74
event_10,124791,777,127,goal,25474,63553,76
event_11,124791,777,127,yellow,33032,,81
event_12,124791,777,10,substitution,15802,75382,82
event_13,124791,777,127,substitution,133123,13706,84
event_14,124791,777,10,goal,15802,,88
event_15,124791,777,127,substitution,51942,3512,90
event_16,124791,777,127,substitution,137832,42894,90+1'
event_17,124791,777,10,goal,5178,43586,90+4'
event_18,124792,777,23,yellow,20607,,45
event_19,124792,777,2,yellow,25067,,58
event_20,124792,777,2,red,13274,,66
event_21,124792,777,23,substitution,9662,49259,78
event_22,124792,777,23,substitution,117647,20607,83
event_23,124792,777,2,substitution,14456,51423,84
event_24,124792,777,23,substitution,114590,14716,90
event_25,124793,777,34,yellow,23793,,31
event_26,124793,777,131,penalty goal,14671,,55
event_27,124793,777,131,yellow,117732,,60
event_28,124793,777,34,substitution,3894,21614,66
event_29,124793,777,34,substitution,4979,4717,66
event_30,124793,777,34,substitution,117763,11071,66
event_31,124793,777,131,substitution,3452,51830,69
event_32,124793,777,131,substitution,50727,136175,69
event_33,124793,777,131,substitution,143240,124396,69
event_34,124793,777,131,yellow,50727,,73
event_35,124793,777,34,substitution,14445,128976,77
event_36,124793,777,131,yellow,143240,,78
event_37,124793,777,131,substitution,134176,117732,83
event_38,124793,777,34,substitution,6712,35752,84
event_39,124793,777,131,substitution,2100,14671,88
event_40,124793,777,34,yellow,3894,,90+3'
event_41,124793,777,34,goal,117763,,90+7'
event_42,124793,777,34,yellow,117763,,90+8'
event_43,124794,777,15,goal,3756,,6
event_44,124794,777,15,goal,50623,15259,42
event_45,124794,777,15,goal,3756,51593,45+2'
event_46,124794,777,130,substitution,127594,115336,46
event_47,124794,777,130,yellow,24659,,52
event_48,124794,777,15,yellow,23811,,53
event_49,124794,777,130,substitution,3712,49726,69
event_50,124794,777,130,substitution,108612,24369,69
event_51,124794,777,130,penalty goal,124052,,78
event_52,124794,777,15,substitution,304123,3756,79
event_53,124794,777,15,substitution,133025,50623,80
event_54,124794,777,15,substitution,14238,15259,84
event_55,124794,777,130,substitution,115166,10947,88
event_56,124794,777,130,yellow,115166,,90
event_57,124795,777,29,substitution,66659,110430,53
event_58,124795,777,29,goal,126920,66659,61
event_59,124795,777,25,yellow,13522,,70
event_60,124795,777,25,substitution,8454,40159,71
event_61,124795,777,25,substitution,25183,4617,71
event_62,124795,777,29,goal,19864,,73
event_63,124795,777,29,substitution,52989,126920,76
event_64,124795,777,29,substitution,138104,126317,76
event_65,124795,777,25,substitution,136505,63656,82
event_66,124795,777,29,goal,52989,118633,90+2'
event_67,124795,777,29,substitution,119614,118633,90+3'
event_68,124796,777,21,goal,24630,51364,10
event_69,124796,777,21,goal,24630,51364,60
event_70,124796,777,43,substitution,19831,68593,63
event_71,124796,777,43,substitution,74960,8127,63
event_72,124796,777,21,goal,49374,117318,66
event_73,124796,777,21,substitution,22802,117596,71
event_74,124796,777,21,substitution,10443,24630,72
event_75,124796,777,43,substitution,74964,128643,74
event_76,124796,777,43,substitution,75735,64282,74
event_77,124796,777,21,substitution,19858,133603,80
event_78,124796,777,21,substitution,118579,49374,80
event_79,124796,777,21,substitution,76614,51364,85
event_80,124796,777,43,substitution,15139,50460,85
event_81,124797,777,11,goal,65970,99281,34
event_82,124797,777,11,goal,26335,66657,37
event_83,124797,777,11,yellow,26335,,54
event_84,124797,777,11,goal,65970,26335,61
event_85,124797,777,11,substitution,76204,99281,66
event_86,124797,777,11,substitution,76216,54156,66
event_87,124797,777,11,substitution,112948,5067,66
event_88,124797,777,38,yellow,4229,,67
event_89,124797,777,38,substitution,66692,136815,72
event_90,124797,777,38,substitution,303861,143214,72
event_91,124797,777,11,substitution,68150,65970,73
event_92,124797,777,38,substitution,108947,52951,73
event_93,124797,777,38,substitution,143218,126108,73
event_94,124797,777,11,goal,68150,,81
event_95,124797,777,11,yellow,112948,,81
event_96,124797,777,11,substitution,137371,4505,82
event_97,124797,777,38,substitution,20337,35670,82
event_98,124798,777,6,goal,21584,,13
event_99,124798,777,4,yellow,14571,,24
event_100,124798,777,6,yellow,76353,,28
event_101,124798,777,6,yellow,20874,,33
event_102,124798,777,6,yellow,8589,,49
event_103,124798,777,4,substitution,304474,68583,54
event_104,124798,777,6,substitution,37776,8589,70
event_105,124798,777,4,substitution,51813,72371,73
event_106,124798,777,4,yellow,304474,,74
event_107,124798,777,4,substitution,68827,14571,79
event_108,124798,777,4,substitution,133245,63741,79
event_109,124798,777,6,substitution,138981,21584,84
event_110,124799,777,1,goal,69914,,13
event_111,124799,777,1,yellow,69914,,42
event_112,124799,777,12,substitution,69176,24252,55
event_113,124799,777,1,substitution,20810,32728,60
event_114,124799,777,1,substitution,67407,66104,60
event_115,124799,777,12,substitution,66036,14580,65
event_116,124799,777,12,substitution,118031,5793,65
event_117,124799,777,1,substitution,67776,14548,71
event_118,124799,777,1,substitution,114564,69914,72
event_119,124799,777,12,substitution,9566,4608,80
event_120,124799,777,1,substitution,19778,15202,83
event_121,124799,777,1,yellow,7975,,85
event_122,124799,777,12,yellow,146567,,85
event_123,124799,777,1,yellow,67776,,90+1'
event_124,124799,777,1,yellow,114564,,90+3'
event_125,124800,777,7,yellow,66538,,56
event_126,124800,777,7,yellow,133612,,63
event_127,124800,777,9,substitution,63289,68676,67
event_128,124800,777,7,substitution,4260,66538,71
event_129,124800,777,9,substitution,13797,,78
event_130,124800,777,9,substitution,14807,50643,78
event_131,124800,777,9,substitution,115255,19731,78
event_132,124800,777,9,penalty goal,14807,,84
event_133,124800,777,7,substitution,143922,133612,86
event_134,124800,777,9,substitution,14897,126426,90+4'
event_135,124801,777,9,yellow,14608,,9
event_136,124801,777,1,goal,67776,15202,34
event_137,124801,777,1,substitution,114566,11419,38
event_138,124801,777,1,goal,49481,67776,45+1'
event_139,124801,777,1,goal,32728,69914,48
event_140,124801,777,1,substitution,20486,49481,53
event_141,124801,777,1,goal,67776,69914,56
event_142,124801,777,9,substitution,14807,50643,58
event_143,124801,777,9,substitution,14897,126426,58
event_144,124801,777,1,substitution,114564,69914,64
event_145,124801,777,1,substitution,119476,67776,64
event_146,124801,777,1,substitution,141181,67407,64
event_147,124801,777,9,substitution,33162,68676,66
event_148,124801,777,9,substitution,63289,13797,66
event_149,124801,777,9,yellow,75543,,80
event_150,124801,777,9,substitution,8945,14608,83
event_151,124801,777,1,penalty goal,32728,,90+5'
event_152,124802,777,127,goal,14846,25474,4
event_153,124802,777,38,yellow,92635,,9
event_154,124802,777,38,substitution,111988,52951,35
event_155,124802,777,38,substitution,66692,136815,46
event_156,124802,777,38,substitution,143214,126108,46
event_157,124802,777,38,red,92635,,49
event_158,124802,777,38,substitution,43010,143218,56
event_159,124802,777,127,yellow,42894,,58
event_160,124802,777,38,yellow,66692,,63
event_161,124802,777,127,yellow,74976,,63
event_162,124802,777,127,substitution,15572,74976,66
event_163,124802,777,127,substitution,118080,13706,67
event_164,124802,777,38,substitution,20337,35670,78
event_165,124802,777,127,substitution,21519,14846,78
event_166,124802,777,38,yellow,4229,,84
event_167,124802,777,38,yellow,133679,,85
event_168,124802,777,127,substitution,51942,42894,88
event_169,124802,777,127,substitution,137832,33032,88
event_170,124803,777,130,goal,133890,,13
event_171,124803,777,2,substitution,26408,25067,16
event_172,124803,777,130,yellow,14723,,55
event_173,124803,777,2,yellow,108096,,57
event_174,124803,777,2,substitution,14456,108096,64
event_175,124803,777,2,substitution,51223,5758,64
event_176,124803,777,130,substitution,108612,3712,69
event_177,124803,777,2,substitution,107846,51423,74
event_178,124803,777,2,substitution,72265,26408,75
event_179,124803,777,130,substitution,49726,128891,79
event_180,124803,777,130,substitution,115166,127594,79
event_181,124803,777,130,substitution,10947,133890,84
event_182,124803,777,2,yellow,107846,,84
event_183,124803,777,130,substitution,20113,133460,85
event_184,124804,777,29,substitution,110430,19864,9
event_185,124804,777,29,yellow,126317,,19
event_186,124804,777,43,goal,10539,50460,47
event_187,124804,777,29,substitution,52989,126920,63
event_188,124804,777,29,substitution,118633,,63
event_189,124804,777,29,substitution,138104,126317,63
event_190,124804,777,43,substitution,8127,74960,69
event_191,124804,777,43,substitution,128643,19831,69
event_192,124804,777,29,substitution,130068,126110,80
event_193,124804,777,43,substitution,13622,124531,83
event_194,124804,777,43,substitution,74964,68593,83
event_195,124804,777,43,substitution,75735,64282,86
event_196,124804,777,43,goal,50460,10539,88
event_197,124805,777,6,yellow,76104,,14
event_198,124805,777,6,goal,49796,76353,37
event_199,124805,777,15,yellow,16723,,53
event_200,124805,777,6,yellow,24334,,54
event_201,124805,777,15,goal,23702,50623,57
event_202,124805,777,6,substitution,133297,138981,66
event_203,124805,777,15,yellow,10439,,68
event_204,124805,777,15,substitution,68219,50623,71
event_205,124805,777,15,substitution,49270,23702,72
event_206,124805,777,6,substitution,37776,69595,82
event_207,124805,777,15,substitution,98300,15259,82
event_208,124805,777,6,yellow,8589,,87
event_209,124805,777,6,substitution,16788,20874,88
event_210,124805,777,15,substitution,14238,108816,88
event_211,124805,777,15,substitution,304123,3756,88
event_212,124805,777,15,yellow,139648,,90+2'
event_213,124806,777,7,goal,31936,4260,23
event_214,124806,777,131,yellow,67928,,28
event_215,124806,777,7,yellow,66538,,39
event_216,124806,777,131,yellow,72239,,40
event_217,124806,777,131,substitution,112739,124396,46
event_218,124806,777,7,goal,23841,4260,52
event_219,124806,777,7,yellow,23841,,63
event_220,124806,777,7,substitution,126789,143922,64
event_221,124806,777,7,substitution,133612,31936,64
event_222,124806,777,131,substitution,50727,67928,67
event_223,124806,777,131,substitution,143240,134333,67
event_224,124806,777,7,substitution,24797,66538,71
event_225,124806,777,131,substitution,134176,72239,85
event_226,124806,777,7,yellow,14706,,89
event_227,124806,777,131,yellow,50727,,90+2'
event_228,124806,777,7,substitution,134286,4260,90+4'
event_229,124806,777,7,yellow,126789,,90+5'
event_230,124807,777,12,yellow,5793,,39
event_231,124807,777,12,substitution,24252,69176,52
event_232,124807,777,12,substitution,66036,5793,53
event_233,124807,777,34,substitution,13961,6712,62
event_234,124807,777,34,substitution,14624,14656,62
event_235,124807,777,12,substitution,118031,14580,69
event_236,124807,777,34,substitution,11071,117763,71
event_237,124807,777,34,substitution,14445,128976,71
event_238,124807,777,34,goal,14445,4717,73
event_239,124807,777,34,yellow,16044,,86
event_240,124807,777,12,substitution,9566,4608,87
event_241,124807,777,12,substitution,133114,118591,87
event_242,124808,777,11,substitution,4499,71432,23
event_243,124808,777,21,yellow,49374,,34
event_244,124808,777,21,goal,49374,24630,35
event_245,124808,777,21,goal,19858,,45+2'
event_246,124808,777,11,substitution,5067,68150,54
event_247,124808,777,11,substitution,54156,76216,54
event_248,124808,777,21,yellow,66635,,68
event_249,124808,777,11,yellow,67849,,71
event_250,124808,777,21,yellow,24630,,71
event_251,124808,777,11,substitution,14805,66657,75
event_252,124808,777,11,substitution,16286,67849,75
event_253,124808,777,21,substitution,10443,24630,78
event_254,124808,777,21,substitution,118579,49374,78
event_255,124808,777,21,yellow,32229,,81
event_256,124808,777,21,substitution,133603,51364,86
event_257,124808,777,21,substitution,25892,19858,90+1'
event_258,124809,777,10,yellow,49909,,8
event_259,124809,777,10,yellow,23593,,25
event_260,124809,777,10,goal,49909,32894,35
event_261,124809,777,23,yellow,8707,,44
event_262,124809,777,23,red,23747,,45+3'
event_263,124809,777,10,goal,81542,32894,46
event_264,124809,777,23,yellow,74761,,47
event_265,124809,777,23,goal,74761,49495,57
event_266,124809,777,23,substitution,117647,71623,66
event_267,124809,777,23,substitution,19888,20607,76
event_268,124809,777,23,substitution,108922,3905,76
event_269,124809,777,23,substitution,114590,14716,76
event_270,124809,777,10,substitution,15802,81542,80
event_271,124809,777,10,substitution,68582,75382,80
event_272,124809,777,23,substitution,124462,5220,81
event_273,124809,777,10,yellow,68582,,87
event_274,124809,777,23,goal,114590,,88
event_275,124809,777,10,substitution,33185,23815,90+6'
event_276,124809,777,10,substitution,134796,32894,90+6'
event_277,124809,777,10,goal,134796,5178,90+10'
event_278,124809,777,10,substitution,43586,5178,90+12'
event_279,124810,777,25,goal,55776,145347,6
event_280,124810,777,4,goal,72371,27277,15
event_281,124810,777,25,goal,42569,8868,17
event_282,124810,777,4,goal,21998,72371,23
event_283,124810,777,4,goal,63741,304474,34
event_284,124810,777,25,substitution,8454,42569,46
event_285,124810,777,25,substitution,66560,63656,46
event_286,124810,777,4,goal,112203,,54
event_287,124810,777,4,goal,14575,72371,58
event_288,124810,777,4,substitution,133245,51813,62
event_289,124810,777,4,substitution,14571,68827,69
event_290,124810,777,4,substitution,66284,14575,69
event_291,124810,777,4,substitution,119041,27277,69
event_292,124810,777,25,substitution,13815,25183,70
event_293,124810,777,4,substitution,68583,304474,77
event_294,124810,777,4,yellow,119041,,87
event_295,124811,777,2,yellow,13344,,13
event_296,124811,777,2,yellow,20473,,20
event_297,124811,777,6,penalty goal,20874,,21
event_298,124811,777,6,yellow,20874,,22
event_299,124811,777,2,substitution,26408,72265,46
event_300,124811,777,6,yellow,8589,,52
event_301,124811,777,6,substitution,37776,69595,56
event_302,124811,777,6,goal,14569,,68
event_303,124811,777,6,substitution,109117,8589,71
event_304,124811,777,2,substitution,21529,51423,74
event_305,124811,777,2,substitution,144213,13344,74
event_306,124811,777,6,goal,49796,76104,78
event_307,124811,777,2,substitution,5758,14456,83
event_308,124811,777,2,substitution,107846,51223,84
event_309,124811,777,6,substitution,138981,20874,85
event_310,124811,777,6,substitution,4604,49759,86
event_311,124811,777,6,yellow,49796,,87
event_312,124812,777,131,yellow,76090,,16
event_313,124812,777,11,goal,65970,76216,34
event_314,124812,777,131,substitution,2100,124396,60
event_315,124812,777,131,substitution,51830,3452,61
event_316,124812,777,131,substitution,134176,143240,61
event_317,124812,777,131,substitution,134333,112739,61
event_318,124812,777,11,yellow,137371,,63
event_319,124812,777,131,penalty goal,2100,,67
event_320,124812,777,11,yellow,71432,,69
event_321,124812,777,11,substitution,54156,76216,72
event_322,124812,777,11,substitution,112948,5067,72
event_323,124812,777,131,yellow,4874,,77
event_324,124812,777,11,substitution,16431,137371,85
event_325,124812,777,11,substitution,99281,76204,85
event_326,124812,777,131,goal,134176,117732,89
event_327,124812,777,131,substitution,303860,136175,90+5'
event_328,124813,777,4,substitution,118442,51813,14
event_329,124813,777,34,goal,128976,21614,21
event_330,124813,777,4,yellow,112203,,38
event_331,124813,777,4,goal,72371,63741,45+9'
event_332,124813,777,4,penalty goal,63741,,56
event_333,124813,777,34,substitution,11071,117763,59
event_334,124813,777,34,substitution,13961,6712,60
event_335,124813,777,34,substitution,14445,128976,67
event_336,124813,777,34,substitution,14624,14656,67
event_337,124813,777,4,substitution,68583,304474,68
event_338,124813,777,34,yellow,4717,,73
event_339,124813,777,4,substitution,14571,21998,81
event_340,124813,777,4,substitution,133245,118442,81
event_341,124813,777,34,substitution,4979,4717,84
event_342,124813,777,4,yellow,133245,,90+3'
event_343,124813,777,34,yellow,16044,,90+6'
event_344,124814,777,23,yellow,10079,,36
event_345,124814,777,9,yellow,68676,,40
event_346,124814,777,23,substitution,117647,19888,46
event_347,124814,777,9,substitution,63289,13797,60
event_348,124814,777,9,substitution,68676,,60
event_349,124814,777,23,substitution,49259,9662,62
event_350,124814,777,23,substitution,108922,3905,62
event_351,124814,777,23,substitution,14716,49908,68
event_352,124814,777,9,substitution,9576,14807,70
event_353,124814,777,9,substitution,13515,75543,80
event_354,124815,777,1,substitution,119476,66204,5
event_355,124815,777,10,yellow,49909,,29
event_356,124815,777,10,substitution,23815,63633,61
event_357,124815,777,1,yellow,32728,,66
event_358,124815,777,1,substitution,11419,19778,70
event_359,124815,777,1,substitution,21584,66104,70
event_360,124815,777,10,substitution,10651,23593,79
event_361,124815,777,10,substitution,15802,81542,79
event_362,124815,777,1,yellow,64523,,81
event_363,124815,777,10,goal,33231,,83
event_364,124815,777,1,substitution,141181,67407,89
event_365,124815,777,10,substitution,43586,75382,89
event_366,124815,777,10,yellow,43586,,90+8'
event_367,124816,777,12,substitution,50848,51202,31
event_368,124816,777,12,substitution,108936,14580,46
event_369,124816,777,43,goal,64282,19831,55
event_370,124816,777,12,goal,66360,24252,57
event_371,124816,777,43,substitution,74964,68593,65
event_372,124816,777,43,goal,50460,,66
event_373,124816,777,12,substitution,66036,5793,72
event_374,124816,777,43,substitution,8127,74960,76
event_375,124816,777,12,yellow,23396,,76
event_376,124816,777,43,substitution,128643,19831,82
event_377,124816,777,43,substitution,13622,128456,83
event_378,124816,777,12,substitution,33245,118591,85
event_379,124816,777,43,yellow,74964,,89
event_380,124816,777,43,yellow,50460,,90+4'
event_381,124816,777,43,yellow,64282,,90+6'
event_382,124816,777,12,penalty goal,23396,,90+7'
event_383,124816,777,43,yellow,3955,,90+7'
event_384,124816,777,43,yellow,8127,,90+7'
event_385,124817,777,15,substitution,49270,50623,58
event_386,124817,777,25,substitution,8454,42569,64
event_387,124817,777,15,substitution,304123,3756,73
event_388,124817,777,25,substitution,136505,4617,75
event_389,124817,777,25,substitution,65961,119072,82
event_390,124817,777,25,goal,8868,65961,84
event_391,124817,777,25,penalty goal,55776,,88
event_392,124817,777,15,substitution,68219,108816,89
event_393,124817,777,15,substitution,98300,23702,89
event_394,124817,777,25,goal,8454,145347,90+1'
event_395,124818,777,130,goal,133890,24659,21
event_396,124818,777,29,yellow,63733,,57
event_397,124818,777,29,yellow,126110,,58
event_398,124818,777,130,yellow,124052,,61
event_399,124818,777,29,substitution,52989,126920,65
event_400,124818,777,29,substitution,126317,118633,65
event_401,124818,777,130,substitution,108612,3712,71
event_402,124818,777,130,substitution,10947,24369,72
event_403,124818,777,130,goal,124052,108612,77
event_404,124818,777,130,yellow,10947,,80
event_405,124818,777,29,penalty goal,138104,,82
event_406,124818,777,29,substitution,130068,126110,87
event_407,124818,777,130,substitution,32289,127594,90
event_408,124818,777,29,yellow,12136,,90+4'
event_409,124818,777,29,goal,52989,12136,90+6'
event_410,124819,777,127,goal,33032,54989,5
event_411,124819,777,127,yellow,25474,,12
event_412,124819,777,21,yellow,75582,,14
event_413,124819,777,127,substitution,51942,3512,26
event_414,124819,777,21,substitution,118579,49374,54
event_415,124819,777,21,substitution,133603,19858,54
event_416,124819,777,127,substitution,15572,74976,63
event_417,124819,777,127,substitution,118080,13706,64
event_418,124819,777,21,yellow,23764,,65
event_419,124819,777,21,substitution,126824,32229,71
event_420,124819,777,127,yellow,134403,,72
event_421,124819,777,21,substitution,76614,117318,76
event_422,124819,777,127,substitution,21519,14846,81
event_423,124819,777,127,substitution,137832,33032,81
event_424,124819,777,127,yellow,42894,,88
event_425,124819,777,127,yellow,51942,,90+7'
event_426,124820,777,7,goal,126789,4260,7
event_427,124820,777,7,yellow,14706,,16
event_428,124820,777,38,goal,20337,76310,21
event_429,124820,777,7,goal,31936,14706,33
event_430,124820,777,7,goal,14706,4260,55
event_431,124820,777,38,substitution,108947,111988,63
event_432,124820,777,38,substitution,126108,143218,64
event_433,124820,777,38,substitution,303861,143214,64
event_434,124820,777,38,substitution,136815,66692,75
event_435,124820,777,7,substitution,66538,12582,76
event_436,124820,777,7,substitution,143922,126789,76
event_437,124820,777,38,substitution,108319,20337,76
event_438,124820,777,38,goal,108947,136815,79
event_439,124820,777,7,substitution,133612,4260,88
event_440,124820,777,7,substitution,3600,31936,90+6'
event_441,124821,777,1,substitution,114566,11419,18
event_442,124821,777,1,goal,64523,,32
event_443,124821,777,15,substitution,70249,139648,37
event_444,124821,777,1,goal,32728,21584,46
event_445,124821,777,15,substitution,68219,23702,60
event_446,124821,777,15,substitution,138137,3756,60
event_447,124821,777,1,yellow,69914,,61
event_448,124821,777,1,substitution,15202,32728,68
event_449,124821,777,1,substitution,114564,69914,68
event_450,124821,777,15,substitution,14238,108816,73
event_451,124821,777,15,substitution,49270,15259,73
event_452,124821,777,15,yellow,23811,,78
event_453,124821,777,1,goal,64523,20486,79
event_454,124821,777,1,substitution,20486,21584,79
event_455,124821,777,1,substitution,66104,67407,79
event_456,124822,777,131,substitution,134333,112739,3
event_457,124822,777,127,goal,74976,25474,18
event_458,124822,777,131,substitution,50727,67928,24
event_459,124822,777,131,yellow,8163,,30
event_460,124822,777,127,yellow,13706,,31
event_461,124822,777,127,yellow,54989,,36
event_462,124822,777,127,yellow,42894,,45+5'
event_463,124822,777,131,goal,117732,136175,48
event_464,124822,777,131,yellow,51830,,58
event_465,124822,777,127,penalty goal,25474,,61
event_466,124822,777,131,yellow,2100,,63
event_467,124822,777,131,substitution,124396,2100,66
event_468,124822,777,127,substitution,21519,74976,67
event_469,124822,777,127,substitution,118080,13706,67
event_470,124822,777,131,substitution,134176,51830,67
event_471,124822,777,131,substitution,139930,3452,67
event_472,124822,777,131,yellow,124396,,73
event_473,124822,777,127,substitution,10766,14846,86
event_474,124822,777,127,substitution,119381,51942,87
event_475,124822,777,127,substitution,302305,33032,90+2'
event_476,124822,777,127,yellow,119381,,90+6'
event_477,124823,777,130,yellow,124052,,8
event_478,124823,777,4,yellow,119041,,30
event_479,124823,777,130,goal,127594,3712,35
event_480,124823,777,4,substitution,14571,66284,46
event_481,124823,777,4,substitution,27277,119041,46
event_482,124823,777,4,substitution,118442,133430,46
event_483,124823,777,4,substitution,49293,68583,56
event_484,124823,777,4,goal,49293,72371,61
event_485,124823,777,130,yellow,128891,,64
event_486,124823,777,130,substitution,10947,124052,72
event_487,124823,777,130,substitution,133890,49726,73
event_488,124823,777,4,substitution,68987,72371,79
event_489,124823,777,130,yellow,22043,,82
event_490,124823,777,130,substitution,20113,22043,83
event_491,124823,777,130,substitution,115166,133460,83
event_492,124823,777,4,goal,112203,,85
event_493,124823,777,130,substitution,32289,24369,90
event_494,124823,777,4,yellow,118442,,90+1'
event_495,124823,777,130,goal,32289,20113,90+3'
event_496,124824,777,43,yellow,74960,,16
event_497,124824,777,10,yellow,116665,,22
event_498,124824,777,10,substitution,10458,116665,38
event_499,124824,777,10,substitution,68582,63633,46
event_500,124824,777,43,substitution,63851,10539,63
event_501,124824,777,43,substitution,68593,74964,63
event_502,124824,777,10,substitution,15802,81542,72
event_503,124824,777,10,yellow,68582,,76
event_504,124824,777,43,yellow,74960,,84
event_505,124824,777,43,substitution,13622,64282,86
event_506,124824,777,10,substitution,19919,23593,87
event_507,124824,777,10,substitution,134796,75382,87
event_508,124824,777,43,substitution,31442,50460,89
event_509,124824,777,10,penalty goal,5178,,90+5'
event_510,124825,777,6,yellow,76353,,14
event_511,124825,777,6,substitution,138981,37776,69
event_512,124825,777,29,substitution,67784,126317,69
event_513,124825,777,29,yellow,75692,,77
event_514,124825,777,6,substitution,146391,109117,84
event_515,124825,777,29,substitution,25408,124944,84
event_516,124825,777,29,substitution,119614,52989,90+4'
event_517,124826,777,2,yellow,13344,,34
event_518,124826,777,7,yellow,66538,,45+1'
event_519,124826,777,2,substitution,72265,5865,46
event_520,124826,777,2,yellow,5758,,57
event_521,124826,777,7,yellow,14706,,65
event_522,124826,777,7,substitution,128411,66538,66
event_523,124826,777,7,yellow,4260,,69
event_524,124826,777,2,yellow,26408,,70
event_525,124826,777,2,substitution,33185,26408,71
event_526,124826,777,7,substitution,143922,126789,75
event_527,124826,777,2,substitution,5066,107846,83
event_528,124826,777,2,substitution,14456,8658,83
event_529,124827,777,9,yellow,116888,,11
event_530,124827,777,34,substitution,4979,13961,60
event_531,124827,777,34,substitution,14445,128976,60
event_532,124827,777,9,yellow,33162,,64
event_533,124827,777,9,substitution,33162,,68
event_534,124827,777,9,substitution,14807,9576,69
event_535,124827,777,34,substitution,121610,4717,76
event_536,124827,777,9,substitution,13797,63289,77
event_537,124827,777,34,yellow,21614,,79
event_538,124827,777,34,substitution,3894,21614,84
event_539,124827,777,34,substitution,11071,117763,84
event_540,124827,777,9,substitution,68676,13797,89
event_541,124828,777,11,goal,14805,54156,18
event_542,124828,777,11,goal,65970,54156,53
event_543,124828,777,12,substitution,9566,118591,62
event_544,124828,777,12,substitution,108936,33245,62
event_545,124828,777,11,goal,65970,5067,68
event_546,124828,777,11,substitution,67849,16286,76
event_547,124828,777,11,substitution,126943,54156,77
event_548,124828,777,12,substitution,5793,66036,80
event_549,124828,777,12,substitution,50848,118031,80
event_550,124828,777,11,substitution,66657,65970,87
event_551,124828,777,11,substitution,4499,5067,88
event_552,124829,777,38,yellow,108877,,7
event_553,124829,777,23,goal,115256,9662,30
event_554,124829,777,38,yellow,143214,,31
event_555,124829,777,23,substitution,14446,20607,65
event_556,124829,777,23,substitution,114590,115256,65
event_557,124829,777,38,substitution,76310,143214,66
event_558,124829,777,38,substitution,126108,115114,66
event_559,124829,777,38,substitution,143218,115371,66
event_560,124829,777,38,yellow,76310,,67
event_561,124829,777,38,yellow,133679,,68
event_562,124829,777,38,substitution,111988,108947,77
event_563,124829,777,38,substitution,303861,20337,77
event_564,124829,777,23,substitution,49259,14716,80
event_565,124829,777,23,yellow,74761,,88
event_566,124829,777,23,substitution,49908,9662,90+5'
event_567,124830,777,21,goal,117318,69274,47
event_568,124830,777,21,yellow,23764,,52
event_569,124830,777,25,red,25183,,54
event_570,124830,777,21,goal,133603,66635,57
event_571,124830,777,25,substitution,122005,119072,61
event_572,124830,777,25,substitution,146354,65961,61
event_573,124830,777,21,goal,75582,133603,64
event_574,124830,777,25,substitution,8454,55776,68
event_575,124830,777,21,substitution,24630,69274,71
event_576,124830,777,21,substitution,126824,23764,71
event_577,124830,777,21,substitution,118579,76614,79
event_578,124830,777,21,substitution,25892,75582,80
event_579,124830,777,21,substitution,49374,133603,80
event_580,124830,777,25,substitution,136505,4617,90+2'
event_581,124831,777,11,goal,65970,26335,9
event_582,124831,777,11,yellow,5067,,36
event_583,124831,777,1,substitution,21584,19778,46
event_584,124831,777,1,substitution,49481,67407,46
event_585,124831,777,11,substitution,76204,137371,46
event_586,124831,777,1,yellow,67776,,46
event_587,124831,777,11,substitution,4499,14805,68
event_588,124831,777,11,substitution,67849,65970,76
event_589,124831,777,11,yellow,22857,,77
event_590,124831,777,1,substitution,66104,67776,80
event_591,124831,777,1,substitution,114566,20486,84
event_592,124831,777,11,substitution,4505,112948,87
event_593,124831,777,11,substitution,126943,54156,87
event_594,124831,777,1,goal,66104,21584,90+3'
event_595,124831,777,1,substitution,119476,64523,90+8'
event_596,124832,777,127,yellow,119381,,45+3'
event_597,124832,777,127,substitution,51942,119381,46
event_598,124832,777,23,substitution,14716,14446,62
event_599,124832,777,23,substitution,49259,9662,62
event_600,124832,777,127,substitution,15572,74976,63
event_601,124832,777,127,substitution,21519,13706,63
event_602,124832,777,127,yellow,132285,,74
event_603,124832,777,127,substitution,118080,14846,75
event_604,124832,777,23,yellow,124462,,77
event_605,124832,777,23,substitution,9257,124462,84
event_606,124832,777,23,substitution,114590,115256,84
event_607,124833,777,131,goal,136175,51830,8
event_608,124833,777,131,goal,134333,,31
event_609,124833,777,21,goal,24630,51364,43
event_610,124833,777,131,substitution,143240,124396,46
event_611,124833,777,21,yellow,51364,,46
event_612,124833,777,21,substitution,69274,22802,61
event_613,124833,777,131,substitution,2100,134176,63
event_614,124833,777,21,substitution,49374,118579,72
event_615,124833,777,131,yellow,143240,,73
event_616,124833,777,131,substitution,3452,51830,75
event_617,124833,777,131,substitution,303860,136175,76
event_618,124833,777,131,substitution,72239,50727,85
event_619,124833,777,21,yellow,66635,,88
event_620,124833,777,21,substitution,23764,32229,89
event_621,124833,777,21,substitution,117596,133603,89
event_622,124834,777,15,goal,23811,,2
event_623,124834,777,43,yellow,63851,,16
event_624,124834,777,43,goal,50460,64282,20
event_625,124834,777,15,substitution,23702,138137,59
event_626,124834,777,15,substitution,304123,3756,75
event_627,124834,777,15,substitution,68219,24626,76
event_628,124834,777,15,substitution,108816,50623,76
event_629,124834,777,43,substitution,68593,74964,81
event_630,124834,777,43,substitution,75735,64282,86
event_631,124834,777,15,yellow,67510,,90+2'
event_632,124835,777,130,goal,49731,,20
event_633,124835,777,34,goal,4717,117763,38
event_634,124835,777,34,goal,13961,4717,40
event_635,124835,777,34,yellow,128976,,43
event_636,124835,777,34,yellow,16044,,53
event_637,124835,777,34,goal,117763,13961,59
event_638,124835,777,130,substitution,133890,124052,65
event_639,124835,777,130,substitution,10947,24369,66
event_640,124835,777,34,substitution,121610,128976,67
event_641,124835,777,130,yellow,24659,,69
event_642,124835,777,130,substitution,20113,22043,74
event_643,124835,777,130,substitution,23194,3712,74
event_644,124835,777,34,substitution,11071,117763,80
event_645,124835,777,34,substitution,14445,4717,80
event_646,124835,777,34,yellow,4985,,81
event_647,124835,777,34,substitution,3894,16044,86
event_648,124835,777,34,substitution,35752,13961,86
event_649,124835,777,130,substitution,32289,49731,87
event_650,124835,777,34,yellow,121610,,90+3'
event_651,124836,777,10,goal,49909,5178,10
event_652,124836,777,7,yellow,31936,,28
event_653,124836,777,10,goal,81542,49909,29
event_654,124836,777,7,substitution,143922,126789,46
event_655,124836,777,7,goal,12582,31936,58
event_656,124836,777,10,substitution,23815,63633,61
event_657,124836,777,10,substitution,75382,32894,61
event_658,124836,777,10,substitution,21737,81542,67
event_659,124836,777,10,yellow,33231,,69
event_660,124836,777,7,yellow,14706,,78
event_661,124836,777,10,yellow,75382,,82
event_662,124836,777,7,substitution,112917,31936,86
event_663,124836,777,7,substitution,133612,24983,86
event_664,124836,777,7,yellow,4260,,90+4'
event_665,124837,777,4,red,14538,,5
event_666,124837,777,4,substitution,75989,304474,6
event_667,124837,777,4,substitution,13549,21998,7
event_668,124837,777,12,goal,23396,146567,14
event_669,124837,777,12,yellow,5793,,17
event_670,124837,777,4,substitution,133245,49293,21
event_671,124837,777,12,goal,5793,9566,37
event_672,124837,777,4,yellow,27277,,44
event_673,124837,777,12,yellow,5793,,45+5'
event_674,124837,777,12,substitution,118031,66036,46
event_675,124837,777,4,yellow,63741,,48
event_676,124837,777,4,yellow,14575,,50
event_677,124837,777,4,substitution,68827,27277,64
event_678,124837,777,4,substitution,118442,66284,64
event_679,124837,777,12,substitution,51202,33245,65
event_680,124837,777,12,substitution,14580,66360,70
event_681,124837,777,12,substitution,118591,9566,70
event_682,124837,777,4,yellow,118442,,72
event_683,124837,777,4,goal,14575,14571,80
event_684,124837,777,12,substitution,108936,23396,87
event_685,124837,777,4,yellow,13549,,90+6'
event_686,124838,777,29,red,63733,,33
event_687,124838,777,29,substitution,19864,119614,37
event_688,124838,777,2,substitution,33185,5758,58
event_689,124838,777,2,substitution,51223,26408,58
event_690,124838,777,2,yellow,51223,,63
event_691,124838,777,2,goal,13344,25067,67
event_692,124838,777,2,substitution,14456,72265,73
event_693,124838,777,29,yellow,124944,,74
event_694,124838,777,29,goal,52989,12136,75
event_695,124838,777,29,substitution,11284,118633,80
event_696,124838,777,29,substitution,126920,52989,80
event_697,124838,777,29,substitution,25408,138104,81
event_698,124838,777,2,substitution,14801,23968,82
event_699,124838,777,2,substitution,107846,25067,82
event_700,124838,777,29,yellow,12136,,88
event_701,124838,777,29,substitution,35731,124944,90+1'
event_702,124839,777,6,goal,20874,,37
event_703,124839,777,6,yellow,24334,,40
event_704,124839,777,25,yellow,13522,,45+1'
event_705,124839,777,6,substitution,138981,109117,46
event_706,124839,777,25,goal,8868,145347,49
event_707,124839,777,25,yellow,8868,,57
event_708,124839,777,25,substitution,42569,8454,59
event_709,124839,777,6,substitution,37776,8589,65
event_710,124839,777,6,goal,24334,,68
event_711,124839,777,25,yellow,55776,,74
event_712,124839,777,6,substitution,14451,69595,75
event_713,124839,777,25,substitution,122005,119072,78
event_714,124839,777,25,substitution,146354,65961,78
event_715,124839,777,25,yellow,145347,,82
event_716,124839,777,6,yellow,37776,,90+1'
event_717,124839,777,6,yellow,13988,,90+3'
event_718,124840,777,38,goal,108877,303861,8
event_719,124840,777,38,yellow,303861,,12
event_720,124840,777,9,goal,9576,,31
event_721,124840,777,9,goal,116888,,39
event_722,124840,777,9,yellow,14608,,41
event_723,124840,777,9,goal,33162,116888,45
event_724,124840,777,38,substitution,35670,303861,46
event_725,124840,777,38,substitution,66692,108947,46
event_726,124840,777,38,substitution,76310,126108,46
event_727,124840,777,9,substitution,33162,,70
event_728,124840,777,38,substitution,143214,115114,72
event_729,124840,777,38,substitution,143218,92635,72
event_730,124840,777,9,substitution,13515,14608,83
event_731,124840,777,9,substitution,126426,14897,83
event_732,124840,777,9,substitution,14807,9576,90+2'
event_733,124840,777,9,substitution,115255,63289,90+2'
event_734,124841,777,34,goal,11071,16044,3
event_735,124841,777,34,substitution,4979,11071,11
event_736,124841,777,34,yellow,128976,,22
event_737,124841,777,2,substitution,21529,8900,32
event_738,124841,777,34,yellow,16044,,34
event_739,124841,777,2,goal,8658,5758,37
event_740,124841,777,34,yellow,13961,,45+2'
event_741,124841,777,2,yellow,51423,,45+5'
event_742,124841,777,2,substitution,26408,33185,46
event_743,124841,777,2,goal,51423,26408,49
event_744,124841,777,2,goal,26408,23968,51
event_745,124841,777,34,yellow,23793,,55
event_746,124841,777,34,substitution,14445,128976,65
event_747,124841,777,34,substitution,121610,4717,65
event_748,124841,777,2,substitution,25067,51423,72
event_749,124841,777,34,substitution,14624,14656,80
event_750,124841,777,34,substitution,53063,13961,80
event_751,124841,777,2,substitution,5066,107846,82
event_752,124841,777,2,substitution,14456,72265,83
event_753,124842,777,130,goal,124052,3712,8
event_754,124842,777,130,goal,124052,,20
event_755,124842,777,12,goal,66036,,26
event_756,124842,777,12,yellow,23396,,56
event_757,124842,777,12,substitution,108936,9566,66
event_758,124842,777,12,substitution,118591,118031,66
event_759,124842,777,130,yellow,24659,,72
event_760,124842,777,130,substitution,10947,115166,75
event_761,124842,777,130,substitution,24369,133890,75
event_762,124842,777,130,yellow,127594,,80
event_763,124842,777,12,substitution,14580,4608,81
event_764,124842,777,130,substitution,23194,49731,81
event_765,124842,777,130,substitution,108612,3712,81
event_766,124842,777,12,yellow,146567,,84
event_767,124842,777,12,substitution,50848,146567,85
event_768,124842,777,130,substitution,49726,124052,90
event_769,124842,777,130,goal,49726,128891,90+5'
event_770,124843,777,131,yellow,4874,,9
event_771,124843,777,4,goal,63741,,24
event_772,124843,777,4,yellow,27277,,42
event_773,124843,777,4,red,14575,,53
event_774,124843,777,4,substitution,125075,133245,54
event_775,124843,777,131,substitution,72239,4874,55
event_776,124843,777,4,substitution,68827,304474,64
event_777,124843,777,131,yellow,72239,,64
event_778,124843,777,4,yellow,14571,,66
event_779,124843,777,131,substitution,3452,117732,67
event_780,124843,777,131,substitution,134176,124396,67
event_781,124843,777,131,goal,3452,136175,77
event_782,124843,777,4,substitution,53612,119041,79
event_783,124843,777,4,substitution,99282,21998,79
event_784,124843,777,131,substitution,67928,143240,85
event_785,124843,777,131,substitution,139930,51830,85
event_786,124843,777,4,yellow,53612,,89
event_787,124843,777,131,yellow,76090,,89
event_788,124843,777,131,yellow,8163,,90
event_789,124843,777,131,goal,67928,72239,90+2'
event_790,124843,777,131,goal,3452,134176,90+10'
event_791,124843,777,131,yellow,3452,,90+11'
event_792,124844,777,6,goal,49796,,9
event_793,124844,777,10,yellow,23593,,26
event_794,124844,777,10,substitution,32894,68582,46
event_795,124844,777,10,yellow,5140,,61
event_796,124844,777,6,substitution,8589,69595,62
event_797,124844,777,10,substitution,23815,63633,65
event_798,124844,777,6,substitution,37776,109117,74
event_799,124844,777,10,substitution,15802,75382,74
event_800,124844,777,10,substitution,19919,23593,74
event_801,124844,777,6,substitution,14451,49796,75
event_802,124844,777,10,yellow,15802,,77
event_803,124844,777,6,yellow,14451,,78
event_804,124844,777,10,substitution,134796,21737,84
event_805,124844,777,10,goal,15802,,87
event_806,124844,777,6,substitution,138981,49759,90+2'
event_807,124844,777,6,goal,14451,14569,90+7'
event_808,124845,777,7,goal,4333,23841,18
event_809,124845,777,7,yellow,8143,,24
event_810,124845,777,25,yellow,13815,,33
event_811,124845,777,25,yellow,122005,,48
event_812,124845,777,25,substitution,66560,122005,59
event_813,124845,777,25,yellow,13522,,64
event_814,124845,777,25,goal,8868,,65
event_815,124845,777,7,substitution,143922,126789,69
event_816,124845,777,25,substitution,146354,65961,77
event_817,124845,777,7,substitution,112917,31936,81
event_818,124845,777,25,yellow,32638,,82
event_819,124845,777,7,yellow,24983,,87
event_820,124845,777,7,yellow,14706,,90
event_821,124845,777,25,substitution,21912,55776,90+4'
event_822,124845,777,25,substitution,136505,42569,90+4'
event_823,124846,777,127,yellow,119381,,12
event_824,124846,777,127,goal,25474,,26
event_825,124846,777,9,goal,13796,14897,37
event_826,124846,777,9,goal,14897,,54
event_827,124846,777,127,substitution,13706,118080,60
event_828,124846,777,127,substitution,14846,21519,60
event_829,124846,777,127,substitution,74976,15572,60
event_830,124846,777,9,substitution,33162,,67
event_831,124846,777,9,yellow,63289,,70
event_832,124846,777,127,substitution,121972,119381,73
event_833,124846,777,127,substitution,137832,42894,81
event_834,124846,777,9,substitution,126426,63289,87
event_835,124846,777,9,substitution,14807,9576,90+2'
event_836,124846,777,9,yellow,19731,,90+2'
event_837,124846,777,127,goal,137832,54989,90+3'
event_838,124846,777,127,yellow,137832,,90+3'
event_839,124847,777,43,yellow,127393,,27
event_840,124847,777,43,yellow,3955,,30
event_841,124847,777,43,goal,50460,127393,38
event_842,124847,777,11,goal,76204,65970,61
event_843,124847,777,11,substitution,66657,126943,62
event_844,124847,777,43,substitution,19831,74964,62
event_845,124847,777,43,yellow,50460,,63
event_846,124847,777,11,substitution,4499,67178,70
event_847,124847,777,43,substitution,74960,10539,79
event_848,124847,777,43,substitution,31442,64282,80
event_849,124847,777,11,substitution,5067,26335,83
event_850,124847,777,11,substitution,99281,112948,83
event_851,124847,777,11,yellow,14805,,83
event_852,124847,777,43,substitution,51498,127393,88
event_853,124847,777,43,substitution,68593,50460,88
event_854,124847,777,11,goal,65970,54156,90
event_855,124847,777,11,goal,65970,,90+3'
event_856,124848,777,23,goal,115256,71623,34
event_857,124848,777,1,substitution,66204,119476,46
event_858,124848,777,1,yellow,69914,,56
event_859,124848,777,23,substitution,49259,9662,66
event_860,124848,777,23,substitution,3905,23747,67
event_861,124848,777,23,substitution,114590,115256,67
event_862,124848,777,1,substitution,19778,69914,70
event_863,124848,777,1,substitution,66104,49481,70
event_864,124848,777,23,substitution,9257,49495,77
event_865,124848,777,1,substitution,11419,64523,82
event_866,124848,777,23,yellow,20607,,83
event_867,124848,777,1,goal,19778,15202,84
event_868,124848,777,1,substitution,114564,20486,88
event_869,124848,777,23,yellow,8707,,88
event_870,124848,777,23,substitution,14716,20607,90+4'
event_871,124848,777,1,goal,50234,11419,90+6'
event_872,124849,777,29,yellow,124944,,9
event_873,124849,777,29,yellow,11284,,31
event_874,124849,777,15,yellow,115172,,36
event_875,124849,777,29,goal,66659,12136,38
event_876,124849,777,15,yellow,16035,,38
event_877,124849,777,15,substitution,15259,115172,46
event_878,124849,777,15,yellow,23811,,49
event_879,124849,777,29,substitution,10394,119614,59
event_880,124849,777,29,substitution,25408,11284,59
event_881,124849,777,15,substitution,23702,49270,60
event_882,124849,777,15,substitution,304123,50623,60
event_883,124849,777,15,substitution,98300,138137,72
event_884,124849,777,29,substitution,19864,138104,75
event_885,124849,777,15,yellow,51593,,82
event_886,124849,777,29,substitution,67784,52989,85
event_887,124849,777,29,substitution,126317,118633,85
event_888,124849,777,15,substitution,68219,3756,90
event_889,124850,777,21,yellow,69274,,32
event_890,124850,777,38,yellow,4229,,35
event_891,124850,777,38,yellow,133679,,39
event_892,124850,777,38,substitution,110203,4229,46
event_893,124850,777,38,substitution,111988,20337,46
event_894,124850,777,38,goal,43010,,54
event_895,124850,777,21,substitution,49374,22802,62
event_896,124850,777,21,substitution,32229,23764,63
event_897,124850,777,38,substitution,126108,133679,64
event_898,124850,777,21,yellow,133603,,65
event_899,124850,777,21,substitution,117318,133603,78
event_900,124850,777,21,substitution,118579,69274,78
event_901,124850,777,21,substitution,76614,126824,84
event_902,124850,777,38,substitution,115371,35670,84
event_903,124850,777,38,substitution,92635,143218,90+2'
event_904,124850,777,21,goal,19858,117318,90+4'
event_905,124850,777,21,yellow,19858,,90+4'
event_906,124851,777,1,substitution,64523,11419,30
event_907,124851,777,1,goal,15202,,38
event_908,124851,777,25,yellow,65961,,58
event_909,124851,777,25,substitution,66560,122005,61
event_910,124851,777,25,substitution,122149,42569,61
event_911,124851,777,1,penalty goal,49481,,67
event_912,124851,777,25,yellow,55776,,69
event_913,124851,777,1,substitution,114564,69914,75
event_914,124851,777,1,substitution,114566,20486,75
event_915,124851,777,1,substitution,19778,15202,79
event_916,124851,777,1,substitution,66104,21584,79
event_917,124851,777,25,substitution,13815,14164,79
event_918,124852,777,43,yellow,64282,,17
event_919,124852,777,2,goal,14456,25067,25
event_920,124852,777,2,yellow,5758,,53
event_921,124852,777,43,substitution,19831,74964,59
event_922,124852,777,43,substitution,31442,50460,59
event_923,124852,777,2,goal,14456,23968,63
event_924,124852,777,2,substitution,26408,8658,67
event_925,124852,777,2,substitution,72265,51423,67
event_926,124852,777,43,substitution,74960,64282,69
event_927,124852,777,43,goal,74960,127393,78
event_928,124852,777,43,substitution,75735,8127,82
event_929,124852,777,2,substitution,4115,14456,84
event_930,124852,777,2,substitution,5066,13344,84
event_931,124852,777,2,substitution,108096,107846,90
event_932,124852,777,2,yellow,26408,,90+1'
event_933,124852,777,2,yellow,4245,,90+3'
event_934,124852,777,2,substitution,51223,26408,90+10'
event_935,124852,777,43,substitution,13622,124531,90+10'
event_936,124853,777,34,substitution,3894,16044,14
event_937,124853,777,127,substitution,21519,14846,61
event_938,124853,777,127,substitution,119381,51942,61
event_939,124853,777,34,substitution,53063,13961,67
event_940,124853,777,34,substitution,121610,128976,67
event_941,124853,777,34,goal,14656,53063,70
event_942,124853,777,34,yellow,49884,,76
event_943,124853,777,127,goal,25474,74965,78
event_944,124853,777,127,substitution,15572,42894,78
event_945,124853,777,127,substitution,121972,54989,78
event_946,124853,777,127,goal,21519,25474,84
event_947,124853,777,127,substitution,140546,13706,85
event_948,124853,777,34,substitution,4979,4717,86
event_949,124853,777,34,substitution,14445,49884,86
event_950,124853,777,127,goal,25474,121972,90+6'
event_951,124854,777,11,goal,65970,67178,9
event_952,124854,777,11,substitution,67849,16286,22
event_953,124854,777,130,yellow,127594,,45+1'
event_954,124854,777,130,substitution,49726,49731,68
event_955,124854,777,130,substitution,133890,124052,68
event_956,124854,777,130,yellow,3712,,70
event_957,124854,777,130,substitution,108612,128891,73
event_958,124854,777,130,substitution,23194,3712,74
event_959,124854,777,11,substitution,5067,26335,76
event_960,124854,777,11,substitution,54156,66657,76
event_961,124854,777,11,yellow,76204,,77
event_962,124854,777,11,yellow,112948,,83
event_963,124854,777,130,yellow,133890,,84
event_964,124854,777,130,substitution,32289,20113,90+2'
event_965,124855,777,4,goal,112203,68827,14
event_966,124855,777,10,yellow,68582,,34
event_967,124855,777,10,substitution,75382,68582,46
event_968,124855,777,4,substitution,99282,53612,55
event_969,124855,777,10,substitution,10458,116665,55
event_970,124855,777,10,substitution,23815,23593,56
event_971,124855,777,10,goal,32894,21737,63
event_972,124855,777,4,substitution,119041,125075,68
event_973,124855,777,4,substitution,130068,72371,74
event_974,124855,777,10,substitution,81542,21737,74
event_975,124855,777,4,substitution,68583,68987,75
event_976,124855,777,4,substitution,304474,21998,75
event_977,124855,777,10,yellow,33231,,79
event_978,124855,777,10,substitution,43586,63633,86
event_979,124855,777,4,goal,304474,27277,90+6'
event_980,124856,777,6,goal,76353,49796,37
event_981,124856,777,7,substitution,126789,143922,46
event_982,124856,777,7,substitution,133612,112917,46
event_983,124856,777,7,substitution,66538,4333,65
event_984,124856,777,6,yellow,109117,,68
event_985,124856,777,7,yellow,23841,,68
event_986,124856,777,6,substitution,14451,20874,70
event_987,124856,777,7,penalty goal,31936,,76
event_988,124856,777,6,substitution,37776,49759,82
event_989,124856,777,6,yellow,69595,,82
event_990,124856,777,6,yellow,76353,,87
event_991,124856,777,6,substitution,138981,109117,88
event_992,124856,777,6,substitution,146391,49796,89
event_993,124856,777,7,goal,4260,,90+3'
event_994,124856,777,7,yellow,31936,,90+5'
event_995,124856,777,7,substitution,3600,31936,90+10'
event_996,124857,777,21,yellow,51364,,22
event_997,124857,777,21,goal,76614,51364,23
event_998,124857,777,9,goal,33162,,34
event_999,124857,777,21,yellow,19858,,41
event_1000,124857,777,9,yellow,19731,,52
event_1001,124857,777,21,goal,51364,,57
event_1002,124857,777,9,yellow,33162,,64
event_1003,124857,777,21,yellow,66635,,64
event_1004,124857,777,9,substitution,63289,,67
event_1005,124857,777,9,substitution,126426,116888,67
event_1006,124857,777,21,substitution,117318,76614,73
event_1007,124857,777,21,substitution,24630,69274,74
event_1008,124857,777,9,substitution,14807,75543,79
event_1009,124857,777,9,substitution,50643,33162,79
event_1010,124857,777,21,substitution,25892,118579,85
event_1011,124857,777,9,substitution,13515,14608,89
event_1012,124857,777,21,substitution,49374,51364,90
event_1013,124858,777,12,goal,14580,66360,8
event_1014,124858,777,29,yellow,66659,,29
event_1015,124858,777,12,goal,66036,,31
event_1016,124858,777,29,yellow,124944,,35
event_1017,124858,777,29,substitution,19864,126317,37
event_1018,124858,777,29,yellow,10394,,57
event_1019,124858,777,29,substitution,118633,11284,58
event_1020,124858,777,29,substitution,126920,10394,58
event_1021,124858,777,29,substitution,67784,52989,59
event_1022,124858,777,12,substitution,146567,24252,64
event_1023,124858,777,12,substitution,51202,14580,65
event_1024,124858,777,29,yellow,12136,,76
event_1025,124858,777,12,substitution,108936,66360,77
event_1026,124858,777,29,substitution,25408,122126,79
event_1027,124858,777,12,yellow,5793,,81
event_1028,124858,777,12,substitution,9566,118591,85
event_1029,124858,777,12,substitution,118031,5793,85
event_1030,124859,777,15,yellow,14238,,32
event_1031,124859,777,15,yellow,23811,,34
event_1032,124859,777,23,goal,74761,8707,58
event_1033,124859,777,15,substitution,23702,14238,64
event_1034,124859,777,15,substitution,304123,3756,64
event_1035,124859,777,15,substitution,98300,50623,65
event_1036,124859,777,15,yellow,67510,,68
event_1037,124859,777,23,substitution,9662,49259,70
event_1038,124859,777,23,substitution,14716,23747,70
event_1039,124859,777,15,substitution,138137,67510,77
event_1040,124859,777,15,yellow,51593,,83
event_1041,124859,777,23,penalty goal,115256,,84
event_1042,124859,777,23,substitution,114590,115256,90+2'
event_1043,124859,777,23,substitution,117647,20607,90+2'
event_1044,124860,777,131,yellow,124396,,20
event_1045,124860,777,131,yellow,8163,,36
event_1046,124860,777,131,yellow,72239,,43
event_1047,124860,777,131,yellow,3452,,45+2'
event_1048,124860,777,131,substitution,51830,124396,46
event_1049,124860,777,38,yellow,43010,,51
event_1050,124860,777,38,substitution,110203,20337,60
event_1051,124860,777,131,substitution,67928,72239,70
event_1052,124860,777,131,substitution,139930,134176,70
event_1053,124860,777,38,substitution,126108,35670,76
event_1054,124860,777,131,substitution,2100,143240,76
event_1055,124860,777,38,substitution,136815,66692,77
event_1056,124860,777,131,goal,76090,139930,86
event_1057,124860,777,38,substitution,115114,133679,90+1'
event_1058,124860,777,38,substitution,115371,76310,90+1'
event_1059,124860,777,38,yellow,143214,,90+6'
event_1060,124861,777,131,substitution,67928,143240,36
event_1061,124861,777,131,goal,3452,51830,41
event_1062,124861,777,23,substitution,9662,49259,46
event_1063,124861,777,23,substitution,117647,20607,46
event_1064,124861,777,23,substitution,14716,23747,70
event_1065,124861,777,23,substitution,19888,71623,70
event_1066,124861,777,131,substitution,2100,124396,71
event_1067,124861,777,131,substitution,139930,51830,71
event_1068,124861,777,23,goal,115256,117647,76
event_1069,124861,777,131,goal,3452,,84
event_1070,124861,777,23,substitution,114590,74761,86
event_1071,124861,777,131,substitution,145043,3452,90
event_1072,124861,777,131,substitution,303860,136175,90
event_1073,124861,777,23,yellow,8707,,90+7'
event_1074,124862,777,43,goal,74960,3955,18
event_1075,124862,777,43,yellow,50460,,52
event_1076,124862,777,43,substitution,74964,19831,58
event_1077,124862,777,9,substitution,13797,63289,66
event_1078,124862,777,9,substitution,14807,,66
event_1079,124862,777,43,goal,74964,63851,68
event_1080,124862,777,9,substitution,50643,116888,73
event_1081,124862,777,43,substitution,8127,75735,77
event_1082,124862,777,9,substitution,126426,19731,81
event_1083,124862,777,43,substitution,8246,50460,83
event_1084,124862,777,43,substitution,68593,74960,83
event_1085,124862,777,9,yellow,33124,,90+2'
event_1086,124862,777,43,yellow,68593,,90+2'
event_1087,124863,777,127,yellow,25474,,2
event_1088,124863,777,127,goal,137832,,7
event_1089,124863,777,127,goal,137832,,38
event_1090,124863,777,127,yellow,42894,,40
event_1091,124863,777,127,yellow,54989,,51
event_1092,124863,777,6,yellow,109117,,62
event_1093,124863,777,6,goal,20874,76353,64
event_1094,124863,777,6,substitution,14451,109117,64
event_1095,124863,777,127,substitution,15572,74976,67
event_1096,124863,777,6,goal,20874,,69
event_1097,124863,777,127,substitution,51942,119381,75
event_1098,124863,777,127,substitution,118080,137832,75
event_1099,124863,777,127,substitution,121972,21519,76
event_1100,124863,777,127,goal,15572,14846,89
event_1101,124863,777,127,yellow,15572,,90
event_1102,124863,777,127,substitution,10766,14846,90+1'
event_1103,124863,777,6,penalty goal,20874,,90+7'
event_1104,124864,777,34,substitution,49884,26151,42
event_1105,124864,777,1,goal,20486,50234,58
event_1106,124864,777,1,substitution,19778,21584,62
event_1107,124864,777,34,substitution,121610,128976,63
event_1108,124864,777,34,substitution,14445,3894,64
event_1109,124864,777,1,substitution,66104,20486,81
event_1110,124864,777,34,substitution,4979,13961,82
event_1111,124864,777,34,substitution,23793,35752,82
event_1112,124864,777,1,substitution,42331,32728,90+6'
event_1113,124865,777,12,goal,66360,69176,2
event_1114,124865,777,12,yellow,69176,,52
event_1115,124865,777,12,yellow,5793,,57
event_1116,124865,777,12,substitution,118031,5793,58
event_1117,124865,777,12,substitution,146567,69176,59
event_1118,124865,777,12,substitution,66036,14580,61
event_1119,124865,777,10,substitution,23815,49909,62
event_1120,124865,777,10,substitution,75382,68582,62
event_1121,124865,777,10,substitution,81542,63633,62
event_1122,124865,777,10,substitution,15802,21737,72
event_1123,124865,777,10,goal,32894,15802,78
event_1124,124865,777,12,goal,9566,23396,84
event_1125,124865,777,10,substitution,19919,5178,85
event_1126,124865,777,12,substitution,108936,23396,85
event_1127,124865,777,12,substitution,118591,4608,85
event_1128,124866,777,7,yellow,23841,,39
event_1129,124866,777,11,goal,65970,112948,58
event_1130,124866,777,11,substitution,5067,26335,59
event_1131,124866,777,11,substitution,66657,54156,59
event_1132,124866,777,11,goal,65970,126943,63
event_1133,124866,777,7,substitution,66538,12582,70
event_1134,124866,777,7,substitution,128411,133612,70
event_1135,124866,777,7,substitution,143922,126789,75
event_1136,124866,777,11,substitution,68150,126943,85
event_1137,124866,777,11,substitution,99281,112948,85
event_1138,124866,777,7,substitution,24797,14706,86
event_1139,124866,777,7,substitution,112917,31936,86
event_1140,124866,777,11,substitution,12520,67849,86
event_1141,124866,777,7,yellow,112917,,90+6'
event_1142,124867,777,15,yellow,67510,,41
event_1143,124867,777,4,substitution,68583,68987,46
event_1144,124867,777,4,substitution,112203,99282,46
event_1145,124867,777,4,substitution,130068,133245,46
event_1146,124867,777,15,substitution,304123,15340,46
event_1147,124867,777,4,goal,125075,21998,49
event_1148,124867,777,4,goal,21998,14571,52
event_1149,124867,777,15,substitution,23702,24626,53
event_1150,124867,777,4,yellow,68827,,54
event_1151,124867,777,15,substitution,3756,19620,74
event_1152,124867,777,15,substitution,70249,139648,74
event_1153,124867,777,4,substitution,304474,21998,78
event_1154,124867,777,15,yellow,108816,,80
event_1155,124867,777,4,substitution,13549,125075,81
event_1156,124867,777,4,goal,14571,,84
event_1157,124867,777,4,yellow,68827,,87
event_1158,124867,777,4,yellow,304474,,89
event_1159,124867,777,4,yellow,14538,,90+4'
event_1160,124868,777,29,goal,51199,122126,17
event_1161,124868,777,29,substitution,118633,10394,63
event_1162,124868,777,38,substitution,52951,4229,67
event_1163,124868,777,29,substitution,25408,119614,76
event_1164,124868,777,29,substitution,126920,52989,76
event_1165,124868,777,38,substitution,303861,133679,76
event_1166,124868,777,38,substitution,111988,143218,77
event_1167,124868,777,38,substitution,115371,108947,77
event_1168,124868,777,29,substitution,35731,124944,90+5'
event_1169,124869,777,21,goal,22802,19858,5
event_1170,124869,777,21,yellow,75582,,22
event_1171,124869,777,2,goal,23968,,37
event_1172,124869,777,21,substitution,24630,76614,60
event_1173,124869,777,2,substitution,8658,14456,61
event_1174,124869,777,2,substitution,26408,72265,61
event_1175,124869,777,21,yellow,25892,,67
event_1176,124869,777,2,goal,26408,5758,77
event_1177,124869,777,21,substitution,51185,118579,79
event_1178,124869,777,21,substitution,133603,69274,79
event_1179,124869,777,2,substitution,4115,108096,82
event_1180,124869,777,2,substitution,51223,5758,82
event_1181,124869,777,21,substitution,49374,23764,86
event_1182,124869,777,21,substitution,117318,22802,86
event_1183,124870,777,130,goal,124052,127594,43
event_1184,124870,777,130,goal,124052,49731,45+7'
event_1185,124870,777,25,substitution,14164,13815,46
event_1186,124870,777,25,substitution,32638,119072,46
event_1187,124870,777,25,substitution,145347,117579,46
event_1188,124870,777,25,substitution,122149,136505,61
event_1189,124870,777,25,yellow,65961,,67
event_1190,124870,777,25,substitution,40159,25183,71
event_1191,124870,777,130,substitution,23194,49731,75
event_1192,124870,777,130,substitution,24369,133890,76
event_1193,124870,777,130,substitution,49726,3712,90
event_1194,124870,777,130,yellow,3712,,90
event_1195,124870,777,130,goal,49726,24369,90+5'
event_1196,124871,777,1,goal,21584,,39
event_1197,124871,777,1,substitution,119476,66204,46
event_1198,124871,777,6,substitution,14451,109117,59
event_1199,124871,777,1,substitution,66104,49481,66
event_1200,124871,777,6,substitution,8589,49759,74
event_1201,124871,777,1,substitution,19778,15202,82
event_1202,124871,777,1,substitution,118077,69914,82
event_1203,124871,777,1,substitution,114564,21584,88
event_1204,124871,777,6,substitution,20118,24334,90+1'
event_1205,124871,777,6,substitution,37776,69595,90+1'
event_1206,124871,777,6,substitution,146391,76353,90+1'
event_1207,124872,777,2,goal,13344,26408,19
event_1208,124872,777,2,substitution,14801,26408,29
event_1209,124872,777,11,yellow,126943,,40
event_1210,124872,777,11,yellow,26335,,54
event_1211,124872,777,11,substitution,54156,66657,61
event_1212,124872,777,11,substitution,67849,5067,61
event_1213,124872,777,11,substitution,112948,4505,61
event_1214,124872,777,11,yellow,67849,,64
event_1215,124872,777,2,substitution,4115,51423,74
event_1216,124872,777,2,substitution,72265,14801,74
event_1217,124872,777,11,substitution,68150,26335,76
event_1218,124872,777,11,yellow,14805,,80
event_1219,124872,777,2,yellow,25067,,81
event_1220,124872,777,11,substitution,76216,126943,84
event_1221,124872,777,2,substitution,14456,8658,86
event_1222,124872,777,2,substitution,51223,5758,86
event_1223,124873,777,15,yellow,24626,,18
event_1224,124873,777,127,yellow,21519,,18
event_1225,124873,777,127,goal,14846,,25
event_1226,124873,777,127,goal,137832,42894,40
event_1227,124873,777,15,substitution,14238,24626,46
event_1228,124873,777,15,substitution,15340,304123,46
event_1229,124873,777,15,substitution,98300,23702,46
event_1230,124873,777,127,yellow,54989,,63
event_1231,124873,777,127,substitution,13706,21519,69
event_1232,124873,777,127,substitution,118080,137832,69
event_1233,124873,777,127,substitution,15572,74976,80
event_1234,124873,777,15,substitution,115172,50623,83
event_1235,124873,777,127,yellow,13706,,88
event_1236,124873,777,15,substitution,68219,15259,89
event_1237,124873,777,127,substitution,10766,14846,90+2'
event_1238,124873,777,127,substitution,16582,25474,90+2'
event_1239,124874,777,130,goal,133890,,5
event_1240,124874,777,130,substitution,23194,128891,29
event_1241,124874,777,10,yellow,116665,,33
event_1242,124874,777,130,goal,127594,49731,45
event_1243,124874,777,10,goal,116665,,45+5'
event_1244,124874,777,10,yellow,5178,,57
event_1245,124874,777,130,penalty goal,124052,,60
event_1246,124874,777,10,substitution,10458,116665,61
event_1247,124874,777,10,substitution,15802,32894,61
event_1248,124874,777,10,substitution,63633,68582,62
event_1249,124874,777,10,substitution,134796,23815,70
event_1250,124874,777,130,yellow,127594,,76
event_1251,124874,777,130,substitution,24369,127594,79
event_1252,124874,777,130,substitution,49726,49731,79
event_1253,124874,777,10,substitution,10651,75382,83
event_1254,124874,777,10,goal,5178,33231,89
event_1255,124874,777,130,yellow,24369,,90+4'
event_1256,124874,777,130,substitution,10947,20113,90+6'
event_1257,124874,777,130,substitution,108612,133890,90+6'
event_1258,124874,777,130,yellow,124052,,90+10'
event_1259,124875,777,4,goal,68987,21998,4
event_1260,124875,777,29,goal,52989,,22
event_1261,124875,777,4,substitution,304474,68987,58
event_1262,124875,777,29,substitution,118633,10394,65
event_1263,124875,777,29,yellow,138104,,69
event_1264,124875,777,29,substitution,67784,52989,75
event_1265,124875,777,29,substitution,119614,138104,75
event_1266,124875,777,4,substitution,13549,125075,76
event_1267,124875,777,4,substitution,68583,130068,76
event_1268,124875,777,4,substitution,118442,72371,85
event_1269,124875,777,4,substitution,133245,21998,85
event_1270,124875,777,4,yellow,133245,,88
event_1271,124875,777,29,goal,118633,67784,90+3'
event_1272,124876,777,21,goal,75582,22802,19
event_1273,124876,777,7,goal,112589,14706,24
event_1274,124876,777,21,goal,75582,32229,45+6'
event_1275,124876,777,7,yellow,23841,,58
event_1276,124876,777,21,substitution,133603,69274,61
event_1277,124876,777,21,substitution,24630,51185,62
event_1278,124876,777,7,substitution,128411,112589,66
event_1279,124876,777,7,substitution,143922,126789,66
event_1280,124876,777,7,yellow,4260,,71
event_1281,124876,777,21,substitution,117318,51364,78
event_1282,124876,777,7,substitution,133612,12582,86
event_1283,124876,777,21,goal,117318,24630,89
event_1284,124876,777,21,substitution,76614,49374,90+3'
event_1285,124877,777,9,goal,63289,,3
event_1286,124877,777,9,goal,13796,14897,15
event_1287,124877,777,25,substitution,8454,117579,25
event_1288,124877,777,25,yellow,65961,,40
event_1289,124877,777,9,substitution,13515,75543,44
event_1290,124877,777,9,substitution,33162,,46
event_1291,124877,777,25,yellow,55776,,55
event_1292,124877,777,25,substitution,66560,136505,65
event_1293,124877,777,25,substitution,119072,25183,65
event_1294,124877,777,9,substitution,115255,126426,72
event_1295,124877,777,9,yellow,115255,,76
event_1296,124877,777,25,substitution,13815,14164,79
event_1297,124877,777,25,substitution,122005,65961,79
event_1298,124877,777,9,yellow,63634,,84
event_1299,124877,777,9,substitution,13797,63289,87
event_1300,124877,777,9,substitution,14807,9576,87
event_1301,124877,777,25,goal,119072,8868,90
event_1302,124877,777,25,yellow,63656,,90+2'
event_1303,124877,777,9,yellow,13515,,90+3'
event_1304,124878,777,12,goal,51202,5793,24
event_1305,124878,777,12,goal,5793,4608,34
event_1306,124878,777,131,yellow,124396,,41
event_1307,124878,777,131,substitution,2100,124396,59
event_1308,124878,777,131,substitution,117758,67928,59
event_1309,124878,777,131,substitution,143240,134333,60
event_1310,124878,777,12,goal,66360,66036,61
event_1311,124878,777,12,substitution,133114,4608,65
event_1312,124878,777,12,substitution,108936,5793,70
event_1313,124878,777,12,substitution,146567,69176,70
event_1314,124878,777,12,yellow,146567,,72
event_1315,124878,777,131,goal,3452,,74
event_1316,124878,777,131,substitution,145043,51830,79
event_1317,124878,777,12,yellow,66036,,81
event_1318,124878,777,12,substitution,50848,66036,82
event_1319,124878,777,12,substitution,118031,51202,82
event_1320,124878,777,131,substitution,139930,72239,87
event_1321,124878,777,131,goal,145043,2100,90+2'
event_1322,124878,777,131,yellow,50727,,90+4'
event_1323,124878,777,12,goal,66360,133114,90+7'
event_1324,124879,777,34,yellow,4880,,3
event_1325,124879,777,23,goal,9662,,18
event_1326,124879,777,34,substitution,121610,14445,46
event_1327,124879,777,34,goal,16044,,56
event_1328,124879,777,23,substitution,5220,49908,61
event_1329,124879,777,23,substitution,14716,9662,61
event_1330,124879,777,23,substitution,71623,117647,61
event_1331,124879,777,34,yellow,4717,,66
event_1332,124879,777,23,substitution,49259,23747,76
event_1333,124879,777,34,substitution,128976,4979,76
event_1334,124879,777,34,substitution,3894,16044,85
event_1335,124879,777,23,substitution,114590,115256,86
event_1336,124879,777,23,goal,74761,,90
event_1337,124879,777,34,substitution,6712,4880,90+2'
event_1338,124879,777,34,substitution,144894,4717,90+2'
event_1339,124880,777,43,goal,75735,127393,14
event_1340,124880,777,43,goal,75735,127393,30
event_1341,124880,777,38,yellow,126108,,35
event_1342,124880,777,38,penalty goal,35670,,42
event_1343,124880,777,38,goal,76310,108877,45+4'
event_1344,124880,777,38,substitution,20337,143218,68
event_1345,124880,777,38,substitution,133679,143214,68
event_1346,124880,777,43,substitution,8127,19831,69
event_1347,124880,777,38,substitution,111988,52951,76
event_1348,124880,777,43,substitution,64282,50460,77
event_1349,124880,777,38,substitution,115371,76310,84
event_1350,124880,777,38,substitution,136815,66692,84
event_1351,124880,777,43,substitution,68593,63851,90+3'
event_1352,124880,777,43,substitution,128456,74960,90+3'
event_1353,124880,777,43,goal,64282,68593,90+5'
event_1354,124881,777,131,goal,3452,72239,11
event_1355,124881,777,9,substitution,116888,14897,60
event_1356,124881,777,9,substitution,13797,126426,61
event_1357,124881,777,131,goal,143240,,64
event_1358,124881,777,9,substitution,14807,9576,65
event_1359,124881,777,131,goal,143240,136175,70
event_1360,124881,777,9,yellow,19731,,73
event_1361,124881,777,9,substitution,13515,14608,77
event_1362,124881,777,9,substitution,33162,,77
event_1363,124881,777,131,substitution,117758,143240,81
event_1364,124881,777,131,substitution,139930,3452,82
event_1365,124881,777,131,substitution,145043,136175,88
event_1366,124881,777,131,substitution,120049,51830,90+4'
event_1367,124881,777,131,substitution,122944,134333,90+4'
event_1368,124882,777,1,goal,32728,50234,14
event_1369,124882,777,43,yellow,10539,,27
event_1370,124882,777,1,goal,15202,20486,35
event_1371,124882,777,1,substitution,19778,32728,46
event_1372,124882,777,43,yellow,75735,,55
event_1373,124882,777,43,substitution,19831,74960,62
event_1374,124882,777,43,substitution,74964,50460,62
event_1375,124882,777,1,substitution,114566,21584,72
event_1376,124882,777,1,substitution,118077,69914,72
event_1377,124882,777,43,substitution,31442,75735,76
event_1378,124882,777,43,substitution,68593,8127,76
event_1379,124882,777,1,substitution,42331,64523,77
event_1380,124882,777,43,substitution,15139,10539,82
event_1381,124882,777,1,substitution,114564,20486,90+1'
event_1382,124882,777,1,yellow,50234,,90+5'
event_1383,124883,777,6,goal,20874,37776,30
event_1384,124883,777,130,yellow,127594,,34
event_1385,124883,777,130,substitution,24369,133460,67
event_1386,124883,777,130,substitution,23194,128891,68
event_1387,124883,777,130,substitution,49726,49731,68
event_1388,124883,777,130,substitution,14450,133890,75
event_1389,124883,777,6,substitution,8589,109117,78
event_1390,124883,777,6,substitution,138981,49759,78
event_1391,124883,777,130,yellow,3712,,78
event_1392,124883,777,130,yellow,24659,,84
event_1393,124883,777,130,substitution,32289,3712,86
event_1394,124883,777,6,substitution,147312,20874,90
event_1395,124884,777,34,goal,14656,11071,9
event_1396,124884,777,38,red,110203,,36
event_1397,124884,777,38,yellow,92635,,41
event_1398,124884,777,38,substitution,111988,52951,46
event_1399,124884,777,38,substitution,115114,92635,46
event_1400,124884,777,38,substitution,133679,143218,46
event_1401,124884,777,34,goal,13961,,62
event_1402,124884,777,38,substitution,115371,126108,64
event_1403,124884,777,34,substitution,3894,128976,72
event_1404,124884,777,34,substitution,14445,121610,72
event_1405,124884,777,34,substitution,117763,11071,72
event_1406,124884,777,38,yellow,115114,,74
event_1407,124884,777,38,substitution,143214,35670,76
event_1408,124884,777,34,substitution,53063,13961,77
event_1409,124884,777,38,yellow,43010,,84
event_1410,124884,777,34,substitution,4979,4717,89
event_1411,124884,777,34,yellow,21614,,90+3'
event_1412,124885,777,10,goal,81542,33231,43
event_1413,124885,777,10,goal,5178,,45+1'
event_1414,124885,777,10,yellow,5140,,54
event_1415,124885,777,2,yellow,13344,,57
event_1416,124885,777,10,goal,49909,63633,58
event_1417,124885,777,2,substitution,4115,51423,59
event_1418,124885,777,2,substitution,14456,72265,59
event_1419,124885,777,2,yellow,108096,,73
event_1420,124885,777,2,substitution,8900,21529,74
event_1421,124885,777,2,substitution,14801,8658,75
event_1422,124885,777,2,substitution,51223,5758,75
event_1423,124885,777,10,substitution,75382,81542,77
event_1424,124885,777,2,yellow,23968,,80
event_1425,124885,777,10,yellow,33231,,87
event_1426,124886,777,11,goal,65970,68150,17
event_1427,124886,777,127,goal,42894,,25
event_1428,124886,777,11,yellow,22857,,26
event_1429,124886,777,11,goal,65970,68150,33
event_1430,124886,777,11,yellow,14805,,45+2'
event_1431,124886,777,11,goal,112948,14805,60
event_1432,124886,777,127,substitution,10766,119381,62
event_1433,124886,777,127,substitution,21519,13706,62
event_1434,124886,777,127,substitution,33032,137832,62
event_1435,124886,777,127,yellow,74965,,65
event_1436,124886,777,11,substitution,26335,68150,73
event_1437,124886,777,11,substitution,126943,54156,73
event_1438,124886,777,127,substitution,15572,74976,73
event_1439,124886,777,127,substitution,121972,42894,80
event_1440,124886,777,11,substitution,76216,65970,82
event_1441,124886,777,127,yellow,21519,,87
event_1442,124886,777,11,substitution,16286,5067,90
event_1443,124886,777,11,substitution,71432,14805,90
event_1444,124887,777,15,substitution,14238,24626,14
event_1445,124887,777,12,goal,5793,23396,34
event_1446,124887,777,15,goal,15259,14238,48
event_1447,124887,777,15,goal,70249,,50
event_1448,124887,777,15,yellow,50623,,62
event_1449,124887,777,12,substitution,146567,24252,68
event_1450,124887,777,12,substitution,33245,118591,77
event_1451,124887,777,15,substitution,15340,304123,78
event_1452,124887,777,12,goal,69176,,81
event_1453,124887,777,12,yellow,33245,,85
event_1454,124887,777,15,substitution,108816,23702,90+2'
event_1455,124888,777,7,goal,31936,,15
event_1456,124888,777,29,yellow,124944,,17
event_1457,124888,777,29,yellow,51199,,18
event_1458,124888,777,7,yellow,143922,,32
event_1459,124888,777,29,goal,12136,138104,46
event_1460,124888,777,29,yellow,122126,,54
event_1461,124888,777,7,substitution,126789,143922,57
event_1462,124888,777,7,substitution,24797,31936,62
event_1463,124888,777,29,substitution,118633,10394,82
event_1464,124888,777,7,substitution,66538,112589,83
event_1465,124888,777,7,substitution,133612,14706,83
event_1466,124888,777,29,substitution,67784,52989,83
event_1467,124888,777,7,yellow,133612,,90+5'
event_1468,124889,777,21,substitution,69274,133603,7
event_1469,124889,777,4,goal,72371,112203,34
event_1470,124889,777,4,yellow,14575,,45+3'
event_1471,124889,777,21,yellow,22802,,45+3'
event_1472,124889,777,21,yellow,25892,,47
event_1473,124889,777,21,yellow,69274,,59
event_1474,124889,777,21,substitution,24630,22802,60
event_1475,124889,777,21,substitution,66635,25892,60
event_1476,124889,777,4,substitution,68583,68987,66
event_1477,124889,777,4,yellow,63741,,68
event_1478,124889,777,21,substitution,49374,51185,73
event_1479,124889,777,21,substitution,118579,69274,73
event_1480,124889,777,21,substitution,126824,32229,73
event_1481,124889,777,21,yellow,51364,,74
event_1482,124889,777,4,substitution,99282,68827,76
event_1483,124889,777,4,substitution,304474,21998,85
event_1484,124889,777,4,substitution,13549,66284,89
event_1485,124890,777,23,goal,9662,74761,4
event_1486,124890,777,23,yellow,74761,,30
event_1487,124890,777,25,goal,55776,119072,35
event_1488,124890,777,23,substitution,5220,66494,46
event_1489,124890,777,23,substitution,19888,23747,46
event_1490,124890,777,23,substitution,114590,115256,46
event_1491,124890,777,25,substitution,25183,8454,61
event_1492,124890,777,23,substitution,14716,49908,65
event_1493,124890,777,23,substitution,49259,9662,77
event_1494,124890,777,25,substitution,13815,65961,79
event_1495,124890,777,25,substitution,21912,119072,85
event_1496,124890,777,23,yellow,19888,,90+6'
event_1497,124890,777,25,yellow,55776,,90+6'
event_1498,124890,777,25,goal,25183,,90+7'
event_1499,124891,777,127,substitution,119381,3512,10
event_1500,124891,777,2,yellow,23968,,13
event_1501,124891,777,2,yellow,25067,,23
event_1502,124891,777,127,yellow,119381,,27
event_1503,124891,777,2,goal,26408,,28
event_1504,124891,777,127,yellow,74965,,38
event_1505,124891,777,2,goal,108096,,40
event_1506,124891,777,127,substitution,10766,119381,46
event_1507,124891,777,127,substitution,15572,74976,63
event_1508,124891,777,127,substitution,118080,74965,63
event_1509,124891,777,127,substitution,137832,21519,63
event_1510,124891,777,2,substitution,4115,26408,71
event_1511,124891,777,2,substitution,5865,51423,71
event_1512,124891,777,2,substitution,14801,108096,71
event_1513,124891,777,2,goal,4115,5758,77
event_1514,124891,777,127,substitution,13706,33032,77
event_1515,124891,777,2,substitution,14456,25067,81
event_1516,124891,777,2,substitution,107846,8658,81
event_1517,124891,777,2,goal,14456,5865,82
event_1518,124891,777,2,substitution,72265,23968,86
event_1519,124892,777,23,substitution,19888,20607,24
event_1520,124892,777,23,goal,14716,,27
event_1521,124892,777,23,yellow,8707,,49
event_1522,124892,777,130,goal,127594,,56
event_1523,124892,777,130,yellow,133890,,61
event_1524,124892,777,130,substitution,10947,115166,70
event_1525,124892,777,23,yellow,8707,,73
event_1526,124892,777,23,substitution,13703,10079,77
event_1527,124892,777,23,substitution,14446,71623,77
event_1528,124892,777,23,substitution,49259,9662,77
event_1529,124892,777,23,substitution,108922,14716,77
event_1530,124892,777,130,penalty goal,124052,,78
event_1531,124892,777,130,substitution,23194,128891,84
event_1532,124892,777,130,substitution,49726,49731,84
event_1533,124892,777,130,yellow,133460,,87
event_1534,124892,777,130,substitution,14450,133890,90+2'
event_1535,124892,777,130,goal,124052,,90+5'
event_1536,124892,777,23,substitution,117647,74761,90+6'
event_1537,124892,777,23,yellow,3905,,90+7'
event_1538,124893,777,38,yellow,143214,,49
event_1539,124893,777,4,goal,68827,68987,51
event_1540,124893,777,4,yellow,112203,,60
event_1541,124893,777,4,substitution,304474,51813,64
event_1542,124893,777,4,goal,72371,,65
event_1543,124893,777,38,substitution,76310,126108,70
event_1544,124893,777,38,substitution,145492,20337,70
event_1545,124893,777,4,goal,21998,68987,73
event_1546,124893,777,4,substitution,14571,68827,77
event_1547,124893,777,4,substitution,130068,21998,77
event_1548,124893,777,38,yellow,76310,,79
event_1549,124893,777,4,substitution,68583,72371,83
event_1550,124893,777,4,substitution,133245,63741,83
event_1551,124894,777,131,yellow,124396,,60
event_1552,124894,777,131,yellow,51830,,65
event_1553,124894,777,6,substitution,109117,69595,66
event_1554,124894,777,131,substitution,4874,124396,75
event_1555,124894,777,131,substitution,145043,51830,75
event_1556,124894,777,6,substitution,8589,49759,83
event_1557,124894,777,131,substitution,67928,143240,85
event_1558,124894,777,131,substitution,139930,3452,85
event_1559,124894,777,6,yellow,37776,,90+1'
event_1560,124894,777,131,yellow,76090,,90+1'
event_1561,124894,777,131,yellow,4874,,90+5'
event_1562,124895,777,34,yellow,16044,,10
event_1563,124895,777,7,yellow,8143,,45+3'
event_1564,124895,777,34,yellow,23793,,45+3'
event_1565,124895,777,7,goal,12582,66538,45+4'
event_1566,124895,777,34,substitution,128976,16044,46
event_1567,124895,777,34,substitution,117763,11071,58
event_1568,124895,777,34,substitution,53063,13961,59
event_1569,124895,777,7,yellow,66538,,63
event_1570,124895,777,7,substitution,128411,66538,67
event_1571,124895,777,34,substitution,4979,117763,75
event_1572,124895,777,7,substitution,126789,143922,79
event_1573,124895,777,7,goal,4333,14706,81
event_1574,124895,777,34,substitution,14445,121610,87
event_1575,124895,777,7,substitution,112589,14706,89
event_1576,124896,777,11,yellow,67849,,27
event_1577,124896,777,11,goal,65970,76204,29
event_1578,124896,777,10,yellow,63633,,36
event_1579,124896,777,11,yellow,5067,,41
event_1580,124896,777,11,goal,67849,5067,45+3'
event_1581,124896,777,10,yellow,68582,,52
event_1582,124896,777,11,substitution,126943,68150,53
event_1583,124896,777,10,substitution,32894,81542,56
event_1584,124896,777,10,substitution,116665,10458,56
event_1585,124896,777,11,goal,54156,112948,63
event_1586,124896,777,10,substitution,23815,63633,74
event_1587,124896,777,11,substitution,76216,54156,74
event_1588,124896,777,10,substitution,10651,68582,83
event_1589,124896,777,10,substitution,15802,75382,83
event_1590,124896,777,10,yellow,23815,,89
event_1591,124896,777,10,yellow,33231,,90+1'
event_1592,124897,777,9,goal,14807,63289,13
event_1593,124897,777,15,goal,108816,,15
event_1594,124897,777,15,yellow,108816,,33
event_1595,124897,777,15,yellow,139648,,41
event_1596,124897,777,15,substitution,14238,108816,59
event_1597,124897,777,15,substitution,15340,304123,59
event_1598,124897,777,15,substitution,98300,115172,59
event_1599,124897,777,15,goal,15259,98300,68
event_1600,124897,777,9,yellow,14897,,71
event_1601,124897,777,9,substitution,9576,14807,74
event_1602,124897,777,9,substitution,13797,63289,74
event_1603,124897,777,9,substitution,50643,14897,74
event_1604,124897,777,9,substitution,33124,50151,82
event_1605,124897,777,9,substitution,75543,,82
event_1606,124897,777,15,substitution,67510,15259,88
event_1607,124897,777,15,penalty goal,51593,,90+1'
event_1608,124898,777,29,goal,19864,51199,36
event_1609,124898,777,1,yellow,64523,,36
event_1610,124898,777,29,yellow,12136,,45+1'
event_1611,124898,777,1,goal,49481,19778,54
event_1612,124898,777,29,substitution,67784,52989,63
event_1613,124898,777,29,substitution,118633,10394,64
event_1614,124898,777,29,substitution,126317,138104,64
event_1615,124898,777,29,yellow,63733,,72
event_1616,124898,777,1,goal,20486,64523,74
event_1617,124898,777,29,substitution,126920,25408,87
event_1618,124898,777,1,substitution,119476,21584,88
event_1619,124898,777,29,goal,67784,,90+4'
event_1620,124899,777,21,yellow,49374,,29
event_1621,124899,777,12,goal,66360,69176,32
event_1622,124899,777,21,yellow,66635,,34
event_1623,124899,777,21,substitution,118579,51185,46
event_1624,124899,777,12,substitution,66036,33245,58
event_1625,124899,777,21,substitution,126824,32229,67
event_1626,124899,777,12,substitution,14580,51202,72
event_1627,124899,777,12,substitution,118031,5793,72
event_1628,124899,777,12,substitution,118591,9566,72
event_1629,124899,777,21,yellow,19858,,75
event_1630,124899,777,12,yellow,146567,,78
event_1631,124899,777,21,substitution,22802,19858,79
event_1632,124899,777,21,substitution,76614,69274,79
event_1633,124899,777,12,substitution,24252,146567,80
event_1634,124899,777,21,goal,76614,126824,84
event_1635,124899,777,21,substitution,25892,66635,88
event_1636,124899,777,21,goal,24630,118579,90+1'
event_1637,124899,777,21,yellow,24630,,90+2'
event_1638,124899,777,12,goal,20226,23396,90+6'
event_1639,124899,777,21,yellow,25892,,90+7'
event_1640,124900,777,25,yellow,55776,,25
event_1641,124900,777,43,goal,75735,,35
event_1642,124900,777,25,goal,8454,,44
event_1643,124900,777,43,yellow,75735,,55
event_1644,124900,777,25,substitution,25183,66560,62
event_1645,124900,777,43,substitution,19831,74964,67
event_1646,124900,777,25,substitution,122005,8454,71
event_1647,124900,777,43,substitution,31442,75735,71
event_1648,124900,777,43,substitution,68593,74960,71
event_1649,124900,777,25,goal,25183,,77
event_1650,124900,777,43,substitution,15139,50460,81
event_1651,124900,777,43,substitution,137462,127393,81
event_1652,124900,777,25,substitution,13815,65961,83
event_1653,124900,777,25,substitution,21912,55776,83
event_1654,124900,777,43,yellow,3955,,86
event_1655,124900,777,25,goal,13815,,87
event_1656,124900,777,25,yellow,119072,,90+6'
event_1657,124900,777,43,goal,10539,,90+7'
event_1658,124901,777,21,yellow,22802,,32
event_1659,124901,777,1,goal,20486,19778,36
event_1660,124901,777,1,goal,21584,15202,41
event_1661,124901,777,1,goal,21584,67776,46
event_1662,124901,777,21,substitution,69274,25892,46
event_1663,124901,777,21,goal,24630,19858,55
event_1664,124901,777,21,substitution,51185,22802,66
event_1665,124901,777,21,substitution,117318,118579,66
event_1666,124901,777,21,yellow,66635,,70
event_1667,124901,777,1,goal,21584,20486,76
event_1668,124901,777,1,substitution,67407,20486,78
event_1669,124901,777,21,substitution,32229,23764,78
event_1670,124901,777,21,substitution,49374,51364,78
event_1671,124901,777,1,yellow,15202,,87
event_1672,124901,777,21,yellow,32229,,87
event_1673,124901,777,1,substitution,114566,19778,88
event_1674,124901,777,1,substitution,119476,118077,88
event_1675,124901,777,1,substitution,114564,69914,90+2'
event_1676,124902,777,25,goal,8454,5748,12
event_1677,124902,777,25,yellow,63656,,34
event_1678,124902,777,127,yellow,13706,,34
event_1679,124902,777,25,goal,8454,63656,35
event_1680,124902,777,25,substitution,13815,146354,46
event_1681,124902,777,127,substitution,15572,74976,46
event_1682,124902,777,127,substitution,119381,132285,46
event_1683,124902,777,25,substitution,25183,8454,52
event_1684,124902,777,127,substitution,118080,13706,61
event_1685,124902,777,127,penalty goal,14846,,69
event_1686,124902,777,25,substitution,42569,119072,74
event_1687,124902,777,127,substitution,16582,42894,80
event_1688,124902,777,127,goal,16582,54989,81
event_1689,124902,777,25,yellow,14164,,83
event_1690,124902,777,127,yellow,74965,,83
event_1691,124902,777,127,substitution,3512,137832,86
event_1692,124902,777,127,yellow,54989,,90+6'
event_1693,124903,777,131,yellow,20505,,15
event_1694,124903,777,130,penalty goal,124052,,29
event_1695,124903,777,130,yellow,133890,,36
event_1696,124903,777,131,substitution,8163,20505,46
event_1697,124903,777,131,substitution,67928,124396,46
event_1698,124903,777,131,yellow,143240,,64
event_1699,124903,777,130,substitution,24369,133890,65
event_1700,124903,777,131,substitution,112739,143240,70
event_1701,124903,777,131,goal,3452,136175,71
event_1702,124903,777,130,substitution,23194,49731,80
event_1703,124903,777,130,substitution,49726,128891,80
event_1704,124903,777,130,substitution,115166,20113,80
event_1705,124903,777,131,goal,112739,,84
event_1706,124903,777,131,substitution,4874,51830,89
event_1707,124903,777,131,substitution,134176,136175,89
event_1708,124903,777,131,yellow,134176,,90+1'
event_1709,124903,777,131,yellow,75709,,90+4'
event_1710,124903,777,130,yellow,23194,,90+5'
event_1711,124904,777,4,goal,21998,68583,37
event_1712,124904,777,4,yellow,21998,,41
event_1713,124904,777,4,substitution,53612,14571,46
event_1714,124904,777,43,yellow,3955,,49
event_1715,124904,777,4,substitution,68827,51813,67
event_1716,124904,777,4,yellow,72371,,69
event_1717,124904,777,43,substitution,31442,75735,72
event_1718,124904,777,43,substitution,64282,50460,72
event_1719,124904,777,43,substitution,68593,74960,72
event_1720,124904,777,4,substitution,130068,72371,76
event_1721,124904,777,43,substitution,19831,74964,76
event_1722,124904,777,4,yellow,53612,,81
event_1723,124904,777,43,yellow,68593,,82
event_1724,124904,777,43,substitution,8127,63851,84
event_1725,124904,777,4,goal,63741,130068,88
event_1726,124905,777,29,yellow,19864,,32
event_1727,124905,777,29,substitution,67784,52989,64
event_1728,124905,777,29,substitution,118633,10394,64
event_1729,124905,777,34,substitution,14445,128976,64
event_1730,124905,777,34,substitution,53063,121610,64
event_1731,124905,777,29,yellow,63733,,79
event_1732,124905,777,34,goal,11071,53063,84
event_1733,124905,777,29,yellow,122126,,88
event_1734,124905,777,34,substitution,4818,4717,89
event_1735,124905,777,29,substitution,126317,138104,90
event_1736,124905,777,29,substitution,126920,122126,90
event_1737,124905,777,34,yellow,4985,,90+3'
event_1738,124905,777,34,substitution,6712,13961,90+4'
event_1739,124905,777,34,yellow,13961,,90+4'
event_1740,124905,777,34,yellow,11071,,90+5'
event_1741,124906,777,9,goal,14807,,8
event_1742,124906,777,9,substitution,126426,116888,23
event_1743,124906,777,9,yellow,14608,,41
event_1744,124906,777,9,yellow,126426,,45+3'
event_1745,124906,777,2,substitution,14456,26408,46
event_1746,124906,777,2,substitution,51223,5758,46
event_1747,124906,777,2,goal,23968,14456,48
event_1748,124906,777,2,yellow,51423,,53
event_1749,124906,777,9,yellow,19731,,63
event_1750,124906,777,2,substitution,4115,51423,68
event_1751,124906,777,2,substitution,14801,8658,68
event_1752,124906,777,9,substitution,9576,126426,71
event_1753,124906,777,9,substitution,13797,14807,71
event_1754,124906,777,9,yellow,33124,,74
event_1755,124906,777,2,goal,23968,,75
event_1756,124906,777,9,substitution,50643,63289,80
event_1757,124906,777,9,substitution,68676,33162,80
event_1758,124906,777,2,substitution,107846,5865,84
event_1759,124906,777,9,yellow,68676,,89
event_1760,124907,777,15,goal,139648,,33
event_1761,124907,777,15,goal,70249,23811,46
event_1762,124907,777,10,substitution,81542,23593,55
event_1763,124907,777,15,substitution,98300,115172,61
event_1764,124907,777,10,yellow,49909,,67
event_1765,124907,777,10,substitution,10458,116665,68
event_1766,124907,777,10,substitution,15802,21737,68
event_1767,124907,777,15,goal,15259,,78
event_1768,124907,777,10,substitution,134796,23815,78
event_1769,124907,777,15,substitution,14238,304123,86
event_1770,124907,777,15,substitution,23702,50623,86
event_1771,124907,777,10,yellow,15802,,87
event_1772,124908,777,7,substitution,112589,3600,10
event_1773,124908,777,7,red,12582,,13
event_1774,124908,777,7,goal,14706,23841,29
event_1775,124908,777,12,yellow,66360,,45+2'
event_1776,124908,777,12,substitution,14580,33245,46
event_1777,124908,777,12,yellow,5793,,49
event_1778,124908,777,12,substitution,24252,146567,58
event_1779,124908,777,12,substitution,108936,5793,58
event_1780,124908,777,7,substitution,66538,143922,81
event_1781,124908,777,7,substitution,126789,31936,81
event_1782,124908,777,7,substitution,24797,4260,88
event_1783,124908,777,7,substitution,133612,14706,88
event_1784,124909,777,23,goal,14716,74761,64
event_1785,124909,777,11,goal,16431,,68
event_1786,124909,777,23,goal,14716,,70
event_1787,124909,777,11,yellow,22857,,70
event_1788,124909,777,11,substitution,126943,54156,76
event_1789,124909,777,11,substitution,26335,5067,77
event_1790,124909,777,11,substitution,66657,68150,77
event_1791,124909,777,23,substitution,49908,108922,77
event_1792,124909,777,23,substitution,14446,115256,85
event_1793,124909,777,23,substitution,49259,14716,85
event_1794,124909,777,11,substitution,76216,14805,87
event_1795,124909,777,11,yellow,66657,,90+2'
event_1796,124909,777,23,yellow,20607,,90+4'
event_1797,124909,777,11,yellow,5067,,90+9'
event_1798,124910,777,6,yellow,14569,,4
event_1799,124910,777,38,yellow,115371,,50
event_1800,124910,777,6,yellow,109117,,59
event_1801,124910,777,6,substitution,14451,20874,60
event_1802,124910,777,6,goal,76353,76104,63
event_1803,124910,777,38,substitution,20337,115371,66
event_1804,124910,777,38,substitution,126108,76310,66
event_1805,124910,777,6,yellow,76353,,66
event_1806,124910,777,6,goal,109117,69595,69
event_1807,124910,777,38,substitution,143218,108877,75
event_1808,124910,777,38,yellow,133679,,77
event_1809,124910,777,6,substitution,37776,49759,81
event_1810,124910,777,6,substitution,138981,109117,81
event_1811,124910,777,6,substitution,147312,50842,83
event_1812,124910,777,38,substitution,66692,136815,88
event_1813,124910,777,6,substitution,8589,69595,90+2'
event_1814,124911,777,38,yellow,143214,,45+2'
event_1815,124911,777,2,substitution,8658,26408,54
event_1816,124911,777,38,yellow,136815,,58
event_1817,124911,777,2,goal,25067,51423,67
event_1818,124911,777,38,substitution,69766,126108,69
event_1819,124911,777,2,substitution,4115,5865,75
event_1820,124911,777,2,substitution,108096,14456,75
event_1821,124911,777,38,yellow,115114,,76
event_1822,124911,777,38,substitution,66692,136815,77
event_1823,124911,777,38,substitution,145492,115114,77
event_1824,124911,777,38,yellow,143218,,80
event_1825,124911,777,38,substitution,115371,143218,87
event_1826,124911,777,2,substitution,14801,4115,88
event_1827,124911,777,2,substitution,107846,25067,88
event_1828,124912,777,43,yellow,68593,,16
event_1829,124912,777,43,substitution,74960,68593,60
event_1830,124912,777,130,substitution,10947,115166,74
event_1831,124912,777,43,substitution,8127,63851,75
event_1832,124912,777,43,substitution,19831,74964,75
event_1833,124912,777,43,substitution,50460,64282,75
event_1834,124912,777,130,substitution,14450,127594,75
event_1835,124912,777,43,yellow,13559,,77
event_1836,124912,777,130,penalty goal,124052,,81
event_1837,124912,777,43,substitution,31442,10539,81
event_1838,124912,777,43,penalty goal,75735,,85
event_1839,124912,777,130,substitution,128891,49726,85
event_1840,124912,777,130,goal,124052,,86
event_1841,124912,777,130,substitution,24369,124052,90+1'
event_1842,124912,777,130,goal,133890,3712,90+2'
event_1843,124913,777,1,yellow,64523,,5
event_1844,124913,777,4,yellow,27277,,11
event_1845,124913,777,1,yellow,119476,,13
event_1846,124913,777,1,yellow,69914,,27
event_1847,124913,777,4,red,112203,,38
event_1848,124913,777,1,yellow,118077,,41
event_1849,124913,777,1,substitution,114564,69914,46
event_1850,124913,777,4,substitution,68987,304474,46
event_1851,124913,777,4,goal,14575,14571,48
event_1852,124913,777,1,yellow,114564,,54
event_1853,124913,777,4,substitution,51813,72371,55
event_1854,124913,777,1,substitution,11419,64523,57
event_1855,124913,777,1,substitution,67407,66104,57
event_1856,124913,777,1,goal,19778,49481,59
event_1857,124913,777,1,substitution,32728,21584,72
event_1858,124913,777,1,yellow,32728,,88
event_1859,124914,777,12,yellow,66360,,17
event_1860,124914,777,6,penalty goal,20874,,36
event_1861,124914,777,6,substitution,14451,49796,38
event_1862,124914,777,6,yellow,14451,,53
event_1863,124914,777,12,goal,50848,23396,54
event_1864,124914,777,12,substitution,33245,118591,54
event_1865,124914,777,12,goal,14580,23396,63
event_1866,124914,777,12,yellow,4608,,72
event_1867,124914,777,6,yellow,14569,,75
event_1868,124914,777,6,substitution,8589,69595,78
event_1869,124914,777,6,substitution,146391,109117,78
event_1870,124914,777,12,substitution,67191,4608,82
event_1871,124914,777,6,substitution,37776,49759,85
event_1872,124914,777,6,substitution,138981,24334,85
event_1873,124914,777,12,substitution,108936,66360,90+1'
event_1874,124914,777,12,substitution,146567,69176,90+1'
event_1875,124914,777,6,yellow,37776,,90+3'
event_1876,124915,777,23,goal,124462,117647,1
event_1877,124915,777,23,goal,117647,8707,25
event_1878,124915,777,23,goal,115256,49259,45
event_1879,124915,777,7,substitution,133612,66538,46
event_1880,124915,777,23,goal,124462,108922,58
event_1881,124915,777,7,goal,143922,24983,64
event_1882,124915,777,7,goal,14706,8143,70
event_1883,124915,777,23,substitution,14446,49259,71
event_1884,124915,777,23,substitution,19888,14716,71
event_1885,124915,777,7,substitution,24797,4260,80
event_1886,124915,777,7,substitution,112917,31936,80
event_1887,124915,777,7,substitution,126789,143922,87
event_1888,124915,777,23,substitution,5220,108922,90
event_1889,124915,777,23,substitution,23747,115256,90
event_1890,124915,777,23,substitution,71623,74761,90
event_1891,124916,777,11,goal,14805,76204,1
event_1892,124916,777,11,goal,67178,112948,25
event_1893,124916,777,9,substitution,9576,13797,46
event_1894,124916,777,9,substitution,50151,68676,46
event_1895,124916,777,9,goal,9576,,49
event_1896,124916,777,11,yellow,76204,,55
event_1897,124916,777,11,yellow,5067,,57
event_1898,124916,777,9,yellow,13796,,58
event_1899,124916,777,11,yellow,67178,,66
event_1900,124916,777,9,goal,14807,,68
event_1901,124916,777,9,substitution,75543,13515,69
event_1902,124916,777,11,substitution,68150,26335,75
event_1903,124916,777,9,substitution,33162,14807,82
event_1904,124916,777,11,yellow,22857,,87
event_1905,124916,777,11,substitution,76216,5067,89
event_1906,124916,777,11,goal,14805,68150,90+1'
event_1907,124916,777,9,substitution,63289,126426,90+2'
event_1908,124916,777,11,substitution,4505,54156,90+6'
event_1909,124917,777,131,yellow,72239,,44
event_1910,124917,777,131,goal,67928,,45+1'
event_1911,124917,777,15,substitution,23702,115172,46
event_1912,124917,777,15,substitution,98300,50623,46
event_1913,124917,777,131,substitution,112739,51830,56
event_1914,124917,777,131,substitution,139930,3452,65
event_1915,124917,777,15,substitution,14238,108816,74
event_1916,124917,777,15,substitution,68219,304123,75
event_1917,124917,777,131,substitution,4874,143240,84
event_1918,124917,777,131,substitution,124396,67928,84
event_1919,124917,777,131,substitution,134176,136175,84
event_1920,124917,777,15,substitution,49270,15259,85
event_1921,124917,777,131,goal,139930,,88
event_1922,124918,777,127,goal,118080,,7
event_1923,124918,777,127,goal,42894,,15
event_1924,124918,777,29,yellow,66659,,21
event_1925,124918,777,127,yellow,74976,,25
event_1926,124918,777,29,penalty goal,138104,,30
event_1927,124918,777,29,goal,10394,12136,46
event_1928,124918,777,127,substitution,10766,74976,46
event_1929,124918,777,29,substitution,51610,118633,63
event_1930,124918,777,29,substitution,67784,52989,63
event_1931,124918,777,29,substitution,122126,10394,63
event_1932,124918,777,29,yellow,122126,,65
event_1933,124918,777,29,goal,67784,138104,69
event_1934,124918,777,127,substitution,13706,118080,71
event_1935,124918,777,127,substitution,21519,42894,71
event_1936,124918,777,127,substitution,16582,3512,80
event_1937,124918,777,127,substitution,137832,33032,80
event_1938,124918,777,29,substitution,25408,138104,86
event_1939,124918,777,127,yellow,25474,,86
event_1940,124918,777,29,yellow,75692,,90
event_1941,124918,777,127,yellow,54989,,90+1'
event_1942,124918,777,29,yellow,51199,,90+3'
event_1943,124918,777,127,yellow,13706,,90+3'
event_1944,124918,777,127,red,10766,,90+6'
event_1945,124918,777,29,yellow,51610,,90+8'
event_1946,124918,777,127,yellow,14846,,90+12'
event_1947,124919,777,34,goal,4880,53063,4
event_1948,124919,777,34,goal,13961,128976,6
event_1949,124919,777,21,yellow,75582,,30
event_1950,124919,777,21,yellow,126824,,49
event_1951,124919,777,21,goal,51364,133603,59
event_1952,124919,777,21,substitution,22802,19858,60
event_1953,124919,777,21,substitution,69274,24630,60
event_1954,124919,777,21,substitution,118579,117596,60
event_1955,124919,777,34,substitution,14445,128976,68
event_1956,124919,777,34,substitution,16044,13961,68
event_1957,124919,777,21,substitution,117318,133603,77
event_1958,124919,777,34,yellow,11071,,78
event_1959,124919,777,34,substitution,121610,53063,81
event_1960,124919,777,21,substitution,76614,126824,85
event_1961,124919,777,34,substitution,6712,4717,87
event_1962,124919,777,34,yellow,4985,,90+1'
event_1963,124919,777,21,yellow,51185,,90+4'
event_1964,124920,777,10,goal,21737,32894,60
event_1965,124920,777,25,yellow,122005,,66
event_1966,124920,777,10,substitution,81542,21737,68
event_1967,124920,777,25,substitution,146354,122005,68
event_1968,124920,777,10,substitution,23815,75382,75
event_1969,124920,777,25,substitution,42569,8454,78
event_1970,124920,777,25,yellow,55776,,83
event_1971,124920,777,25,yellow,55776,,84
event_1972,124920,777,10,substitution,10458,116665,85
event_1973,124920,777,25,substitution,25183,66560,88
event_1974,124920,777,10,goal,32894,10651,90+2'
event_1975,124921,777,1,goal,19778,14548,11
event_1976,124921,777,1,substitution,67776,119476,44
event_1977,124921,777,130,substitution,124052,127594,60
event_1978,124921,777,1,substitution,21584,66104,61
event_1979,124921,777,1,substitution,49481,67407,61
event_1980,124921,777,130,substitution,3712,23194,61
event_1981,124921,777,130,substitution,49731,49726,61
event_1982,124921,777,130,yellow,128891,,65
event_1983,124921,777,130,substitution,24369,10947,74
event_1984,124921,777,130,substitution,24659,22043,74
event_1985,124921,777,1,substitution,32728,15202,83
event_1986,124921,777,1,goal,49481,19778,90+1'
event_1987,124922,777,7,yellow,66538,,22
event_1988,124922,777,127,yellow,21519,,45
event_1989,124922,777,7,yellow,24983,,49
event_1990,124922,777,127,yellow,42894,,53
event_1991,124922,777,127,substitution,14846,118080,60
event_1992,124922,777,127,substitution,33032,137832,61
event_1993,124922,777,127,substitution,302305,21519,70
event_1994,124922,777,7,goal,4260,133612,78
event_1995,124922,777,7,yellow,133612,,79
event_1996,124922,777,7,substitution,24797,133612,80
event_1997,124922,777,7,substitution,126789,143922,80
event_1998,124922,777,127,substitution,16582,74976,80
event_1999,124922,777,127,yellow,16582,,88
event_2000,124923,777,131,goal,76090,72239,9
event_2001,124923,777,131,substitution,112739,139930,24
event_2002,124923,777,2,goal,8658,72265,37
event_2003,124923,777,2,goal,8658,23968,45+7'
event_2004,124923,777,131,yellow,75709,,45+8'
event_2005,124923,777,2,goal,108096,13344,60
event_2006,124923,777,131,substitution,3452,50727,67
event_2007,124923,777,2,substitution,5758,51223,70
event_2008,124923,777,2,substitution,5865,25067,70
event_2009,124923,777,2,yellow,51423,,75
event_2010,124923,777,2,substitution,14456,51423,77
event_2011,124923,777,131,substitution,145043,134176,77
event_2012,124923,777,2,goal,14456,,78
event_2013,124923,777,131,substitution,4874,124396,78
event_2014,124923,777,131,goal,76090,112739,83
event_2015,124923,777,131,yellow,143240,,85
event_2016,124923,777,2,substitution,26408,8658,86
event_2017,124923,777,2,substitution,107846,72265,86
event_2018,124923,777,2,yellow,20473,,90+5'
event_2019,124924,777,6,goal,76353,14569,44
event_2020,124924,777,43,substitution,19831,74964,46
event_2021,124924,777,43,substitution,15139,50460,58
event_2022,124924,777,43,substitution,68593,75735,59
event_2023,124924,777,6,substitution,14451,20874,64
event_2024,124924,777,6,substitution,138981,109117,64
event_2025,124924,777,43,substitution,74960,63851,71
event_2026,124924,777,6,substitution,8589,69595,76
event_2027,124924,777,43,substitution,31442,10539,81
event_2028,124924,777,6,substitution,147312,49759,89
event_2029,124925,777,11,goal,65970,54156,17
event_2030,124925,777,11,goal,26335,65970,37
event_2031,124925,777,11,goal,14805,,44
event_2032,124925,777,34,goal,14445,13961,45+2'
event_2033,124925,777,34,substitution,6712,4880,46
event_2034,124925,777,34,substitution,53063,16044,46
event_2035,124925,777,11,goal,14805,65970,48
event_2036,124925,777,34,goal,4717,,57
event_2037,124925,777,11,substitution,4505,67849,64
event_2038,124925,777,11,substitution,126943,54156,64
event_2039,124925,777,34,goal,53063,,72
event_2040,124925,777,34,substitution,128976,14445,74
event_2041,124925,777,34,substitution,144894,11071,74
event_2042,124925,777,34,goal,53063,,78
event_2043,124925,777,11,substitution,68150,26335,82
event_2044,124925,777,34,substitution,121610,13961,82
event_2045,124925,777,11,yellow,68150,,90+5'
event_2046,124925,777,11,substitution,4499,14805,90+7'
event_2047,124926,777,9,goal,50151,116888,6
event_2048,124926,777,9,yellow,116888,,35
event_2049,124926,777,4,yellow,304474,,39
event_2050,124926,777,9,goal,126426,14608,43
event_2051,124926,777,4,substitution,21998,304474,46
event_2052,124926,777,4,substitution,68827,53612,46
event_2053,124926,777,4,goal,21998,68583,50
event_2054,124926,777,4,substitution,49293,51813,61
event_2055,124926,777,4,substitution,68987,68583,61
event_2056,124926,777,9,substitution,33162,14807,67
event_2057,124926,777,9,substitution,115255,126426,67
event_2058,124926,777,9,goal,9576,,72
event_2059,124926,777,4,substitution,130068,133245,77
event_2060,124926,777,9,substitution,50643,9576,86
event_2061,124926,777,9,substitution,13515,14608,87
event_2062,124926,777,9,substitution,35718,75543,90+4'
event_2063,124927,777,10,substitution,5178,32894,46
event_2064,124927,777,29,yellow,138104,,54
event_2065,124927,777,10,yellow,10651,,55
event_2066,124927,777,29,substitution,52989,67784,62
event_2067,124927,777,10,substitution,23815,10651,65
event_2068,124927,777,29,goal,118633,138104,67
event_2069,124927,777,10,substitution,81542,63633,74
event_2070,124927,777,29,substitution,25408,138104,80
event_2071,124927,777,10,substitution,15802,21737,86
event_2072,124927,777,10,substitution,116665,10458,86
event_2073,124927,777,29,substitution,10361,118633,90+1'
event_2074,124928,777,12,yellow,133114,,8
event_2075,124928,777,25,yellow,145347,,37
event_2076,124928,777,12,substitution,118591,133114,46
event_2077,124928,777,12,goal,24252,,58
event_2078,124928,777,12,substitution,146567,24252,68
event_2079,124928,777,12,substitution,118031,51202,77
event_2080,124928,777,12,substitution,14580,50848,78
event_2081,124928,777,25,yellow,14164,,78
event_2082,124928,777,25,goal,122005,,83
event_2083,124928,777,25,substitution,136505,66560,83
event_2084,124928,777,25,substitution,140223,25183,83
event_2085,124928,777,12,yellow,4608,,85
event_2086,124928,777,25,substitution,13522,8454,87
event_2087,124928,777,12,substitution,67191,4608,88
event_2088,124929,777,21,yellow,66635,,23
event_2089,124929,777,23,substitution,74761,71623,46
event_2090,124929,777,21,yellow,22802,,56
event_2091,124929,777,23,substitution,23747,14716,66
event_2092,124929,777,23,substitution,49259,9662,66
event_2093,124929,777,23,goal,74761,115256,71
event_2094,124929,777,21,substitution,24630,51185,77
event_2095,124929,777,21,substitution,69274,133603,77
event_2096,124929,777,21,substitution,76614,49374,77
event_2097,124929,777,21,goal,66635,51364,78
event_2098,124929,777,23,penalty goal,23747,,86
event_2099,124929,777,21,yellow,24630,,86
event_2100,124929,777,21,substitution,117596,117318,87
event_2101,124929,777,21,substitution,118579,51364,87
event_2102,124929,777,23,substitution,5220,117647,90+3'
event_2103,124929,777,21,goal,66635,,90+5'
event_2104,124930,777,15,yellow,16035,,19
event_2105,124930,777,15,goal,304123,98300,38
event_2106,124930,777,38,yellow,133679,,52
event_2107,124930,777,15,yellow,51593,,61
event_2108,124930,777,15,substitution,14238,108816,67
event_2109,124930,777,15,substitution,23702,50623,67
event_2110,124930,777,38,substitution,20337,126108,67
event_2111,124930,777,38,yellow,115114,,67
event_2112,124930,777,15,goal,304123,98300,72
event_2113,124930,777,38,substitution,52951,111988,81
event_2114,124930,777,38,substitution,115371,143218,81
event_2115,124930,777,38,substitution,145492,115114,81
event_2116,124930,777,38,substitution,76310,133679,85
event_2117,124930,777,15,substitution,115172,15259,90+3'
event_2118,124931,777,2,goal,13344,,36
event_2119,124931,777,1,substitution,20486,21584,46
event_2120,124931,777,1,substitution,32728,19778,46
event_2121,124931,777,1,goal,20486,,52
event_2122,124931,777,2,substitution,14456,8658,66
event_2123,124931,777,1,yellow,69914,,72
event_2124,124931,777,1,yellow,49481,,74
event_2125,124931,777,2,substitution,14801,51423,75
event_2126,124931,777,2,substitution,107846,108096,75
event_2127,124931,777,1,substitution,67407,49481,79
event_2128,124931,777,1,substitution,66104,20486,86
event_2129,124931,777,1,substitution,114564,69914,86
event_2130,124931,777,2,substitution,5066,21529,86
event_2131,124931,777,2,substitution,26408,13344,87
event_2132,124931,777,2,goal,26408,25067,90+5'
event_2133,124932,777,127,goal,25474,33032,4
event_2134,124932,777,4,substitution,130068,51813,32
event_2135,124932,777,4,substitution,72371,49293,58
event_2136,124932,777,127,substitution,51942,54989,62
event_2137,124932,777,127,substitution,13706,21519,74
event_2138,124932,777,127,substitution,118080,119381,74
event_2139,124932,777,4,substitution,304474,68987,77
event_2140,124932,777,4,yellow,130068,,85
event_2141,124932,777,127,substitution,16582,33032,87
event_2142,124932,777,4,yellow,21998,,90+1'
event_2143,124933,777,131,yellow,50727,,10
event_2144,124933,777,131,yellow,8163,,52
event_2145,124933,777,131,substitution,112739,124396,60
event_2146,124933,777,25,yellow,40159,,60
event_2147,124933,777,25,substitution,66560,40159,64
event_2148,124933,777,25,substitution,8454,65961,72
event_2149,124933,777,131,substitution,134176,136175,72
event_2150,124933,777,131,substitution,145043,67928,72
event_2151,124933,777,25,goal,8868,8454,73
event_2152,124933,777,25,yellow,66560,,77
event_2153,124933,777,25,substitution,25183,55776,82
event_2154,124933,777,25,substitution,122005,119072,82
event_2155,124933,777,25,substitution,131312,145347,83
event_2156,124933,777,131,substitution,20505,50727,83
event_2157,124933,777,131,goal,51830,76090,90+1'
event_2158,124934,777,15,yellow,70249,,1
event_2159,124934,777,7,goal,143922,31936,45+3'
event_2160,124934,777,15,yellow,67510,,45+3'
event_2161,124934,777,15,substitution,14238,108816,46
event_2162,124934,777,15,substitution,23702,50623,46
event_2163,124934,777,15,substitution,117754,70249,46
event_2164,124934,777,15,yellow,16035,,54
event_2165,124934,777,7,yellow,143922,,57
event_2166,124934,777,7,substitution,126789,143922,62
event_2167,124934,777,15,substitution,115172,14238,62
event_2168,124934,777,7,substitution,24797,133612,73
event_2169,124934,777,7,yellow,8143,,73
event_2170,124934,777,7,goal,14706,112589,81
event_2171,124934,777,7,yellow,24983,,84
event_2172,124934,777,7,substitution,112917,4260,86
event_2173,124934,777,7,yellow,112589,,90+3'
event_2174,124935,777,6,goal,14451,69595,20
event_2175,124935,777,34,goal,13961,11071,38
event_2176,124935,777,34,goal,14445,,53
event_2177,124935,777,6,substitution,37776,14451,65
event_2178,124935,777,6,substitution,146391,20874,66
event_2179,124935,777,34,substitution,121610,14445,68
event_2180,124935,777,34,substitution,16044,21614,76
event_2181,124935,777,34,substitution,128976,53063,76
event_2182,124935,777,6,substitution,147312,4604,77
event_2183,124935,777,6,goal,14569,109117,87
event_2184,124935,777,34,substitution,3894,13961,89
event_2185,124935,777,34,substitution,4979,4717,89
event_2186,124935,777,6,substitution,138981,109117,90+2'
event_2187,124936,777,9,yellow,14608,,20
event_2188,124936,777,9,yellow,75543,,26
event_2189,124936,777,10,yellow,68582,,45+3'
event_2190,124936,777,10,goal,81542,,48
event_2191,124936,777,10,goal,81542,,50
event_2192,124936,777,9,substitution,63289,50151,65
event_2193,124936,777,9,substitution,68676,33162,65
event_2194,124936,777,9,substitution,126426,115255,65
event_2195,124936,777,10,substitution,10651,68582,68
event_2196,124936,777,10,substitution,63633,75382,68
event_2197,124936,777,9,penalty goal,9576,,73
event_2198,124936,777,9,goal,116888,63289,75
event_2199,124936,777,10,goal,33231,49909,80
event_2200,124936,777,10,yellow,5140,,80
event_2201,124936,777,10,substitution,43586,32894,83
event_2202,124936,777,10,substitution,21737,81542,84
event_2203,124936,777,9,substitution,50643,19731,87
event_2204,124936,777,9,yellow,33124,,89
event_2205,124936,777,10,yellow,10651,,90+1'
event_2206,124936,777,9,substitution,35718,14608,90+3'
event_2207,124936,777,9,goal,126426,,90+6'
event_2208,124937,777,11,goal,16431,68150,31
event_2209,124937,777,11,goal,67178,14805,35
event_2210,124937,777,11,yellow,67178,,37
event_2211,124937,777,29,substitution,67784,52989,56
event_2212,124937,777,29,substitution,118633,10394,56
event_2213,124937,777,11,goal,14805,68150,65
event_2214,124937,777,11,substitution,26335,14805,69
event_2215,124937,777,11,substitution,76216,65970,69
event_2216,124937,777,11,substitution,4499,67178,70
event_2217,124937,777,29,substitution,126317,124944,72
event_2218,124937,777,29,substitution,51610,12136,73
event_2219,124937,777,11,substitution,99281,5067,82
event_2220,124937,777,11,substitution,126943,68150,82
event_2221,124937,777,29,substitution,10361,122126,88
event_2222,124937,777,29,red,10361,,90+5'
event_2223,124938,777,23,goal,74761,,31
event_2224,124938,777,43,yellow,3955,,35
event_2225,124938,777,43,red,137462,,43
event_2226,124938,777,23,penalty goal,23747,,45+8'
event_2227,124938,777,43,substitution,13622,64282,46
event_2228,124938,777,23,yellow,49495,,52
event_2229,124938,777,23,substitution,108922,8707,63
event_2230,124938,777,23,substitution,117647,14446,63
event_2231,124938,777,43,substitution,8127,63851,65
event_2232,124938,777,23,substitution,20607,23747,74
event_2233,124938,777,23,substitution,117497,115256,74
event_2234,124938,777,43,substitution,50460,19831,86
event_2235,124938,777,43,substitution,75735,31442,86
event_2236,124938,777,43,yellow,8127,,89
event_2237,124938,777,23,yellow,19888,,90+3'
event_2238,124938,777,43,penalty goal,75735,,90+4'
event_2239,124938,777,23,substitution,71623,19888,90+5'
event_2240,124938,777,43,substitution,15139,128456,90+5'
event_2241,124939,777,21,goal,24630,69274,25
event_2242,124939,777,130,yellow,133460,,29
event_2243,124939,777,21,yellow,66635,,31
event_2244,124939,777,21,goal,69274,,43
event_2245,124939,777,130,yellow,20113,,45
event_2246,124939,777,130,substitution,10947,20113,46
event_2247,124939,777,21,yellow,32229,,47
event_2248,124939,777,130,yellow,127594,,60
event_2249,124939,777,130,substitution,49726,49731,61
event_2250,124939,777,21,substitution,19858,22802,65
event_2251,124939,777,130,yellow,128891,,72
event_2252,124939,777,21,substitution,118579,51185,74
event_2253,124939,777,130,substitution,23194,128891,76
event_2254,124939,777,130,substitution,115166,133460,76
event_2255,124939,777,21,yellow,117596,,77
event_2256,124939,777,21,substitution,117318,51364,80
event_2257,124939,777,21,substitution,25892,66635,81
event_2258,124939,777,130,substitution,24369,133890,88
event_2259,124940,777,12,goal,23396,51202,25
event_2260,124940,777,12,yellow,66360,,38
event_2261,124940,777,38,yellow,35670,,44
event_2262,124940,777,38,goal,126108,136815,45+2'
event_2263,124940,777,38,yellow,108877,,46
event_2264,124940,777,12,goal,66360,24252,51
event_2265,124940,777,38,substitution,303861,126108,54
event_2266,124940,777,12,goal,14580,23396,62
event_2267,124940,777,12,substitution,67191,33245,69
event_2268,124940,777,12,substitution,118591,133114,69
event_2269,124940,777,38,substitution,115371,35670,69
event_2270,124940,777,38,substitution,66692,92635,70
event_2271,124940,777,38,substitution,145492,143218,70
event_2272,124940,777,12,substitution,108936,5793,78
event_2273,124940,777,38,yellow,115114,,81
event_2274,124940,777,12,penalty goal,23396,,82
event_2275,124940,777,12,substitution,146567,24252,84
event_2276,124940,777,12,substitution,50848,14580,85
event_2277,124940,777,38,substitution,111988,52951,86
event_2278,124940,777,12,yellow,50848,,90+6'
event_2279,124941,777,1,substitution,114564,14548,31
event_2280,124941,777,1,substitution,11419,21584,57
event_2281,124941,777,1,substitution,20486,66104,57
event_2282,124941,777,1,substitution,19778,64523,58
event_2283,124941,777,38,yellow,20337,,60
event_2284,124941,777,38,yellow,4229,,65
event_2285,124941,777,38,substitution,111988,4229,69
event_2286,124941,777,38,substitution,115371,35670,69
event_2287,124941,777,38,substitution,143218,20337,80
event_2288,124941,777,38,substitution,303861,108877,80
event_2289,124941,777,1,substitution,19680,32728,81
event_2290,124941,777,38,substitution,145492,92635,86
event_2291,124941,777,38,goal,115371,145492,90
event_2292,124941,777,38,yellow,115114,,90+6'
event_2293,124941,777,38,yellow,110203,,90+8'
event_2294,124942,777,130,substitution,10947,115166,61
event_2295,124942,777,130,substitution,49731,24369,61
event_2296,124942,777,130,goal,3712,,70
event_2297,124942,777,9,substitution,63289,126426,73
event_2298,124942,777,9,substitution,68676,50151,73
event_2299,124942,777,130,substitution,128891,23194,80
event_2300,124942,777,130,substitution,20113,49726,81
event_2301,124942,777,9,goal,9576,68676,82
event_2302,124942,777,9,substitution,13515,75543,89
event_2303,124942,777,9,substitution,33162,,90+2'
event_2304,124943,777,34,goal,14445,13961,9
event_2305,124943,777,43,goal,74960,10539,21
event_2306,124943,777,34,goal,23793,13961,31
event_2307,124943,777,34,yellow,26151,,38
event_2308,124943,777,34,goal,13961,53063,58
event_2309,124943,777,43,substitution,15139,63851,62
event_2310,124943,777,43,substitution,75735,64282,62
event_2311,124943,777,43,yellow,10539,,66
event_2312,124943,777,43,substitution,50460,19831,77
event_2313,124943,777,43,substitution,128643,13559,77
event_2314,124943,777,34,substitution,16044,4717,79
event_2315,124943,777,34,substitution,128976,11071,79
event_2316,124943,777,34,yellow,4880,,82
event_2317,124943,777,43,substitution,75883,74960,83
event_2318,124943,777,43,goal,128643,,86
event_2319,124943,777,34,substitution,4979,13961,89
event_2320,124943,777,34,substitution,6712,14445,89
event_2321,124944,777,7,substitution,133612,14706,16
event_2322,124944,777,4,goal,49293,68827,21
event_2323,124944,777,4,goal,68827,21998,45
event_2324,124944,777,4,substitution,133245,49293,58
event_2325,124944,777,4,substitution,68583,68987,65
event_2326,124944,777,7,substitution,126789,143922,68
event_2327,124944,777,4,yellow,66284,,76
event_2328,124944,777,4,substitution,304474,72371,81
event_2329,124944,777,7,substitution,66538,23841,84
event_2330,124944,777,7,substitution,112917,4260,84
event_2331,124945,777,11,goal,65970,76204,41
event_2332,124945,777,6,yellow,49759,,62
event_2333,124945,777,6,substitution,14451,20874,63
event_2334,124945,777,6,substitution,8589,49759,67
event_2335,124945,777,11,goal,14805,68150,69
event_2336,124945,777,6,substitution,146391,4604,77
event_2337,124945,777,11,substitution,126943,26335,85
event_2338,124945,777,6,yellow,13988,,88
event_2339,124945,777,11,penalty goal,65970,,89
event_2340,124945,777,11,substitution,71432,112948,90+1'
event_2341,124945,777,11,substitution,76216,65970,90+1'
event_2342,124945,777,11,substitution,99281,5067,90+1'
event_2343,124946,777,10,goal,81542,10651,1
event_2344,124946,777,10,substitution,5178,10651,26
event_2345,124946,777,131,yellow,143240,,45+3'
event_2346,124946,777,131,yellow,8163,,59
event_2347,124946,777,10,goal,81542,5178,60
event_2348,124946,777,131,substitution,117732,134176,64
event_2349,124946,777,131,substitution,134333,124396,64
event_2350,124946,777,10,yellow,23593,,64
event_2351,124946,777,10,substitution,10458,75382,78
event_2352,124946,777,10,substitution,21737,81542,78
event_2353,124946,777,131,substitution,3452,112739,82
event_2354,124946,777,131,substitution,145043,51830,82
event_2355,124946,777,10,substitution,15802,33231,83
event_2356,124946,777,131,substitution,2100,143240,87
event_2357,124947,777,127,substitution,74976,42894,5
event_2358,124947,777,12,goal,69176,,13
event_2359,124947,777,127,goal,25474,3512,40
event_2360,124947,777,12,yellow,24252,,43
event_2361,124947,777,127,yellow,25474,,43
event_2362,124947,777,12,goal,5793,23396,45+4'
event_2363,124947,777,127,goal,33032,14846,46
event_2364,124947,777,12,yellow,5793,,50
event_2365,124947,777,127,goal,14846,,52
event_2366,124947,777,12,substitution,108936,5793,61
event_2367,124947,777,12,substitution,66036,14580,69
event_2368,124947,777,12,substitution,67191,118591,69
event_2369,124947,777,12,goal,23396,,77
event_2370,124947,777,127,yellow,54989,,77
event_2371,124947,777,127,substitution,137832,33032,78
event_2372,124947,777,127,yellow,3512,,78
event_2373,124947,777,12,goal,51202,,79
event_2374,124947,777,127,goal,137832,,84
event_2375,124947,777,127,substitution,13706,14846,90+1'
event_2376,124947,777,127,substitution,51942,21519,90+1'
event_2377,124947,777,12,substitution,50848,66360,90+3'
event_2378,124947,777,12,substitution,146567,4608,90+3'
event_2379,124948,777,15,goal,23702,108816,28
event_2380,124948,777,15,yellow,70249,,31
event_2381,124948,777,21,yellow,117596,,40
event_2382,124948,777,15,goal,23702,108816,50
event_2383,124948,777,21,substitution,4408,23764,59
event_2384,124948,777,21,substitution,19858,117596,59
event_2385,124948,777,21,substitution,133603,22802,59
event_2386,124948,777,21,yellow,133603,,70
event_2387,124948,777,15,goal,108816,23702,79
event_2388,124948,777,21,substitution,49374,51364,80
event_2389,124948,777,21,substitution,76614,51185,80
event_2390,124948,777,21,yellow,32229,,84
event_2391,124948,777,15,substitution,24626,304123,85
event_2392,124948,777,15,substitution,50623,23702,90+2'
event_2393,124949,777,29,yellow,67784,,27
event_2394,124949,777,29,yellow,51199,,34
event_2395,124949,777,23,substitution,5220,8707,42
event_2396,124949,777,23,yellow,71623,,57
event_2397,124949,777,29,yellow,63733,,58
event_2398,124949,777,23,substitution,9662,49259,59
event_2399,124949,777,23,substitution,14446,71623,59
event_2400,124949,777,23,substitution,14716,23747,59
event_2401,124949,777,29,substitution,52989,67784,70
event_2402,124949,777,29,substitution,122126,10394,70
event_2403,124949,777,23,substitution,117497,115256,75
event_2404,124949,777,29,substitution,51610,118633,83
event_2405,124949,777,29,yellow,138104,,86
event_2406,124949,777,23,yellow,14446,,90+4'
event_2407,124949,777,23,yellow,74761,,90+4'
event_2408,124949,777,29,yellow,52989,,90+4'
event_2409,124949,777,23,yellow,124462,,90+5'
event_2410,124950,777,25,goal,119072,,1
event_2411,124950,777,25,goal,8868,66560,24
event_2412,124950,777,2,yellow,25067,,38
event_2413,124950,777,2,yellow,13344,,42
event_2414,124950,777,2,goal,23968,5865,50
event_2415,124950,777,2,substitution,14456,108096,64
event_2416,124950,777,2,substitution,5758,51223,75
event_2417,124950,777,2,substitution,26408,8658,75
event_2418,124950,777,2,goal,23968,5066,79
event_2419,124950,777,25,substitution,8454,122005,81
event_2420,124950,777,25,substitution,25183,66560,88
event_2421,124950,777,25,substitution,140223,65961,88
event_2422,124950,777,25,substitution,40159,55776,89
event_2423,124950,777,25,yellow,145347,,90+2'
event_2424,124951,777,2,goal,23968,51423,45
event_2425,124951,777,12,goal,51202,146567,45+3'
event_2426,124951,777,12,substitution,67191,23396,46
event_2427,124951,777,2,goal,23968,8658,57
event_2428,124951,777,12,yellow,118031,,68
event_2429,124951,777,12,yellow,24252,,72
event_2430,124951,777,12,substitution,50848,118031,73
event_2431,124951,777,12,substitution,128366,66036,73
event_2432,124951,777,2,substitution,5758,51223,75
event_2433,124951,777,2,substitution,14456,8658,75
event_2434,124951,777,2,substitution,26408,108096,84
event_2435,124951,777,2,substitution,72265,51423,84
event_2436,124951,777,12,substitution,130151,118591,84
event_2437,124951,777,2,substitution,107846,25067,88
event_2438,124951,777,2,yellow,107846,,90+2'
event_2439,124952,777,43,yellow,75735,,38
event_2440,124952,777,127,substitution,16582,33032,63
event_2441,124952,777,127,substitution,137832,21519,64
event_2442,124952,777,43,substitution,31442,75735,65
event_2443,124952,777,43,substitution,74964,19831,66
event_2444,124952,777,127,goal,25474,,67
event_2445,124952,777,127,substitution,15572,13706,74
event_2446,124952,777,127,yellow,13706,,74
event_2447,124952,777,43,substitution,15139,50460,77
event_2448,124952,777,43,substitution,128643,3955,77
event_2449,124952,777,43,substitution,75883,74960,82
event_2450,124952,777,43,goal,31442,15139,90
event_2451,124952,777,127,substitution,74976,14846,90+2'
event_2452,124952,777,127,substitution,118080,119381,90+2'
event_2453,124953,777,131,yellow,134176,,19
event_2454,124953,777,131,yellow,303860,,34
event_2455,124953,777,131,substitution,4874,72239,46
event_2456,124953,777,29,substitution,51610,126317,63
event_2457,124953,777,29,substitution,126110,119614,64
event_2458,124953,777,131,substitution,117732,67928,64
event_2459,124953,777,131,substitution,2100,112739,71
event_2460,124953,777,131,substitution,145043,136175,71
event_2461,124953,777,29,substitution,52989,67784,72
event_2462,124953,777,29,yellow,19864,,79
event_2463,124953,777,131,substitution,117758,134176,86
event_2464,124953,777,29,yellow,138104,,86
event_2465,124954,777,7,yellow,24983,,26
event_2466,124954,777,1,penalty goal,32728,,27
event_2467,124954,777,7,yellow,8143,,39
event_2468,124954,777,1,yellow,32728,,56
event_2469,124954,777,1,substitution,19680,32728,65
event_2470,124954,777,7,substitution,126789,143922,66
event_2471,124954,777,7,substitution,112917,24797,75
event_2472,124954,777,7,substitution,128411,133612,75
event_2473,124954,777,1,substitution,66104,20486,80
event_2474,124954,777,1,substitution,19778,11419,88
event_2475,124954,777,1,yellow,66104,,89
event_2476,124955,777,34,penalty goal,11071,,45+5'
event_2477,124955,777,15,yellow,141639,,45+5'
event_2478,124955,777,34,yellow,11071,,45+7'
event_2479,124955,777,34,yellow,21614,,57
event_2480,124955,777,34,substitution,3894,21614,66
event_2481,124955,777,15,yellow,139648,,70
event_2482,124955,777,15,substitution,15340,304123,72
event_2483,124955,777,15,substitution,49270,15259,73
event_2484,124955,777,15,substitution,115172,24626,73
event_2485,124955,777,34,yellow,13961,,77
event_2486,124955,777,34,substitution,128976,121610,78
event_2487,124955,777,15,substitution,19620,70249,81
event_2488,124955,777,34,yellow,35752,,82
event_2489,124955,777,15,yellow,16035,,83
event_2490,124955,777,34,substitution,4979,13961,84
event_2491,124955,777,34,substitution,49884,14445,85
event_2492,124955,777,34,substitution,144894,11071,85
event_2493,124955,777,15,substitution,68219,23702,90+2'
event_2494,124955,777,34,yellow,26151,,90+4'
event_2495,124955,777,15,yellow,115172,,90+6'
event_2496,124956,777,9,goal,9576,,38
event_2497,124956,777,6,yellow,76104,,42
event_2498,124956,777,6,yellow,14569,,45+2'
event_2499,124956,777,9,goal,9576,50151,45+4'
event_2500,124956,777,6,substitution,37776,8589,46
event_2501,124956,777,9,goal,19731,,60
event_2502,124956,777,6,substitution,20118,4604,65
event_2503,124956,777,6,substitution,138981,14451,77
event_2504,124956,777,6,substitution,146391,20874,77
event_2505,124956,777,9,substitution,68676,33162,77
event_2506,124956,777,9,substitution,126426,63289,77
event_2507,124956,777,9,substitution,13515,14608,80
event_2508,124956,777,6,substitution,151538,109117,86
event_2509,124956,777,9,substitution,50643,9576,87
event_2510,124956,777,9,substitution,115255,19731,87
event_2511,124956,777,9,yellow,63634,,90+1'
event_2512,124956,777,6,penalty goal,138981,,90+2'
event_2513,124956,777,6,yellow,69595,,90+7'
event_2514,124956,777,9,goal,116888,,90+11'
event_2515,124957,777,11,goal,65970,,5
event_2516,124957,777,11,yellow,67849,,28
event_2517,124957,777,11,goal,26335,65970,38
event_2518,124957,777,25,yellow,8868,,41
event_2519,124957,777,25,substitution,131312,117579,64
event_2520,124957,777,11,substitution,99281,26335,67
event_2521,124957,777,11,substitution,126943,68150,67
event_2522,124957,777,11,substitution,137371,67849,67
event_2523,124957,777,11,goal,65970,,69
event_2524,124957,777,11,substitution,127852,5067,75
event_2525,124957,777,25,substitution,25183,55776,78
event_2526,124957,777,25,substitution,8454,66560,79
event_2527,124957,777,25,substitution,32638,65961,79
event_2528,124957,777,25,substitution,40159,119072,79
event_2529,124958,777,23,goal,115256,,4
event_2530,124958,777,4,yellow,14538,,7
event_2531,124958,777,23,goal,115256,23747,20
event_2532,124958,777,4,yellow,68987,,27
event_2533,124958,777,4,yellow,68827,,45
event_2534,124958,777,4,goal,14571,,49
event_2535,124958,777,4,substitution,63741,68827,54
event_2536,124958,777,23,yellow,5220,,61
event_2537,124958,777,4,goal,72371,14538,66
event_2538,124958,777,4,yellow,112203,,70
event_2539,124958,777,23,substitution,14716,23747,72
event_2540,124958,777,23,substitution,49259,9662,73
event_2541,124958,777,23,substitution,117497,115256,73
event_2542,124958,777,23,yellow,117497,,77
event_2543,124958,777,4,substitution,133245,49293,80
event_2544,124958,777,4,yellow,133245,,82
event_2545,124958,777,4,yellow,72371,,83
event_2546,124958,777,23,yellow,108922,,86
event_2547,124958,777,23,substitution,14446,19888,89
event_2548,124959,777,21,red,69274,,33
event_2549,124959,777,10,substitution,21737,68582,46
event_2550,124959,777,10,goal,21737,75382,56
event_2551,124959,777,21,substitution,49374,51364,58
event_2552,124959,777,10,substitution,19919,21737,60
event_2553,124959,777,10,goal,81542,,66
event_2554,124959,777,21,yellow,66635,,66
event_2555,124959,777,21,substitution,19858,117596,71
event_2556,124959,777,21,substitution,118579,133603,71
event_2557,124959,777,10,yellow,23593,,76
event_2558,124959,777,21,substitution,24630,51185,80
event_2559,124959,777,21,goal,24630,,83
event_2560,124959,777,10,yellow,33231,,83
event_2561,124959,777,21,yellow,75582,,85
event_2562,124959,777,10,substitution,15802,19919,90
event_2563,124959,777,21,yellow,66635,,90+3'
event_2564,124959,777,21,yellow,22802,,90+5'
event_2565,124959,777,10,yellow,63633,,90+7'
event_2566,124959,777,10,substitution,10458,81542,90+9'
event_2567,124959,777,10,substitution,130665,75382,90+10'
event_2568,124959,777,21,yellow,24630,,90+11'
event_2569,124960,777,130,yellow,65987,,19
event_2570,124960,777,38,yellow,133679,,24
event_2571,124960,777,38,yellow,20337,,44
event_2572,124960,777,130,yellow,133460,,44
event_2573,124960,777,130,goal,24369,23194,63
event_2574,124960,777,130,substitution,49731,49726,64
event_2575,124960,777,38,substitution,145492,303861,65
event_2576,124960,777,130,yellow,10947,,72
event_2577,124960,777,38,substitution,115371,52951,81
event_2578,124960,777,130,goal,24369,49731,83
event_2579,124960,777,38,substitution,111988,4229,90
event_2580,124960,777,38,substitution,143218,20337,90
event_2581,124960,777,130,yellow,23194,,90
event_2582,124961,777,1,goal,11419,49481,14
event_2583,124961,777,131,yellow,75709,,45+1'
event_2584,124961,777,131,substitution,72239,67928,46
event_2585,124961,777,131,substitution,136175,134176,46
event_2586,124961,777,131,yellow,8163,,50
event_2587,124961,777,131,yellow,303860,,56
event_2588,124961,777,131,goal,143240,,64
event_2589,124961,777,1,yellow,114564,,69
event_2590,124961,777,1,substitution,19680,32728,71
event_2591,124961,777,1,substitution,50234,114564,71
event_2592,124961,777,131,substitution,3452,112739,75
event_2593,124961,777,1,substitution,66104,20486,82
event_2594,124961,777,131,substitution,117758,303860,87
event_2595,124961,777,131,substitution,145043,143240,87
event_2596,124961,777,1,yellow,118077,,90
event_2597,124962,777,130,goal,127594,124052,7
event_2598,124962,777,127,substitution,13706,132285,46
event_2599,124962,777,127,substitution,21519,137832,46
event_2600,124962,777,127,substitution,33032,3512,46
event_2601,124962,777,130,goal,127594,128891,51
event_2602,124962,777,127,goal,25474,,75
event_2603,124962,777,130,yellow,49726,,75
event_2604,124962,777,127,substitution,302305,74965,77
event_2605,124962,777,130,substitution,49731,49726,77
event_2606,124962,777,130,substitution,115166,10947,77
event_2607,124962,777,127,yellow,21519,,82
event_2608,124962,777,130,yellow,133460,,82
event_2609,124962,777,127,substitution,118080,74976,84
event_2610,124962,777,130,substitution,3712,24369,89
event_2611,124962,777,130,substitution,14450,128891,89
event_2612,124962,777,127,yellow,14846,,90+2'
event_2613,124962,777,130,goal,127594,49731,90+6'
event_2614,124963,777,43,substitution,63851,10539,53
event_2615,124963,777,7,substitution,128411,133612,69
event_2616,124963,777,7,substitution,143922,126789,70
event_2617,124963,777,43,substitution,50460,19831,73
event_2618,124963,777,7,yellow,66538,,80
event_2619,124963,777,7,yellow,112917,,86
event_2620,124963,777,7,substitution,74585,112917,88
event_2621,124963,777,43,substitution,75735,31442,88
event_2622,124963,777,43,substitution,75883,15139,88
event_2623,124964,777,2,yellow,13344,,30
event_2624,124964,777,4,goal,72371,14571,37
event_2625,124964,777,2,yellow,23968,,57
event_2626,124964,777,4,yellow,14571,,57
event_2627,124964,777,2,substitution,8658,26408,59
event_2628,124964,777,2,substitution,14801,14456,59
event_2629,124964,777,2,substitution,108096,51423,59
event_2630,124964,777,2,goal,8658,,63
event_2631,124964,777,4,yellow,14575,,68
event_2632,124964,777,4,substitution,51813,72371,69
event_2633,124964,777,4,substitution,68583,68987,69
event_2634,124964,777,4,substitution,68827,27277,69
event_2635,124964,777,4,yellow,51813,,71
event_2636,124964,777,4,yellow,112203,,71
event_2637,124964,777,4,substitution,304474,49293,72
event_2638,124964,777,2,yellow,25067,,78
event_2639,124964,777,2,substitution,5758,51223,83
event_2640,124964,777,2,substitution,107846,25067,83
event_2641,124964,777,2,goal,8658,5865,84
event_2642,124964,777,4,yellow,63741,,90+4'
event_2643,124965,777,21,yellow,25892,,5
event_2644,124965,777,21,goal,24630,32229,17
event_2645,124965,777,21,yellow,117596,,22
event_2646,124965,777,21,goal,117596,24630,42
event_2647,124965,777,6,yellow,8589,,45+3'
event_2648,124965,777,6,yellow,76104,,46
event_2649,124965,777,6,substitution,14451,4604,58
event_2650,124965,777,21,substitution,19858,133603,63
event_2651,124965,777,21,substitution,118579,51185,63
event_2652,124965,777,21,goal,24630,51364,75
event_2653,124965,777,6,substitution,146391,109117,77
event_2654,124965,777,6,substitution,133297,138981,85
event_2655,124965,777,21,substitution,49374,51364,85
event_2656,124965,777,21,substitution,69070,117596,85
event_2657,124965,777,6,yellow,37776,,85
event_2658,124966,777,10,goal,49909,19919,41
event_2659,124966,777,10,goal,75382,81542,42
event_2660,124966,777,38,goal,43010,,52
event_2661,124966,777,38,yellow,143214,,56
event_2662,124966,777,10,substitution,68582,15802,61
event_2663,124966,777,38,substitution,35670,20337,62
event_2664,124966,777,38,substitution,111988,4229,62
event_2665,124966,777,38,substitution,136815,66692,62
event_2666,124966,777,38,substitution,143218,115114,79
event_2667,124966,777,10,substitution,32894,81542,86
event_2668,124966,777,10,substitution,130665,75382,90+3'
event_2669,124967,777,12,goal,146567,,24
event_2670,124967,777,12,substitution,128366,14580,46
event_2671,124967,777,12,substitution,50848,66036,60
event_2672,124967,777,12,substitution,118591,5793,61
event_2673,124967,777,23,substitution,14716,9662,68
event_2674,124967,777,23,substitution,20607,19888,68
event_2675,124967,777,23,substitution,117497,115256,68
event_2676,124967,777,12,yellow,4608,,69
event_2677,124967,777,23,yellow,71623,,73
event_2678,124967,777,23,substitution,14446,71623,77
event_2679,124967,777,12,substitution,23581,4608,88
event_2680,124967,777,12,substitution,117564,67191,88
event_2681,124967,777,12,yellow,51202,,90+2'
event_2682,124968,777,11,yellow,16431,,36
event_2683,124968,777,15,yellow,51593,,43
event_2684,124968,777,11,goal,26335,68150,48
event_2685,124968,777,15,goal,98300,304123,54
event_2686,124968,777,11,yellow,112948,,59
event_2687,124968,777,11,substitution,126943,26335,73
event_2688,124968,777,11,goal,68150,67178,83
event_2689,124968,777,15,substitution,15340,115172,87
event_2690,124968,777,11,substitution,4499,68150,89
event_2691,124968,777,15,substitution,138137,23702,90+2'
event_2692,124969,777,29,goal,126317,12136,28
event_2693,124969,777,9,substitution,126426,13796,31
event_2694,124969,777,9,goal,9576,63289,47
event_2695,124969,777,29,yellow,122126,,61
event_2696,124969,777,29,substitution,52989,67784,68
event_2697,124969,777,29,substitution,126920,119614,68
event_2698,124969,777,9,substitution,14807,33162,73
event_2699,124969,777,9,substitution,68676,9576,85
event_2700,124969,777,29,substitution,51610,126317,85
event_2701,124970,777,25,yellow,63656,,44
event_2702,124970,777,34,yellow,26151,,51
event_2703,124970,777,34,yellow,13961,,54
event_2704,124970,777,25,substitution,8454,65961,56
event_2705,124970,777,34,substitution,128976,121610,69
event_2706,124970,777,25,substitution,110117,55776,82
event_2707,124970,777,34,substitution,3894,14445,82
event_2708,124970,777,34,substitution,6712,4880,82
event_2709,124970,777,25,substitution,25183,122005,83
event_2710,124970,777,34,goal,11071,13961,85
event_2711,124970,777,34,substitution,49884,16044,88
event_2712,124970,777,34,yellow,128976,,90+3'
event_2713,124971,777,1,yellow,19778,,45+1'
event_2714,124971,777,2,yellow,23968,,45+2'
event_2715,124971,777,2,substitution,51423,108096,46
event_2716,124971,777,1,goal,50234,,48
event_2717,124971,777,1,goal,64523,11419,52
event_2718,124971,777,2,substitution,14456,14801,61
event_2719,124971,777,2,substitution,133169,26408,61
event_2720,124971,777,1,goal,20486,67776,69
event_2721,124971,777,1,substitution,42331,19778,73
event_2722,124971,777,1,substitution,19680,32728,77
event_2723,124971,777,1,substitution,114564,50234,77
event_2724,124971,777,1,goal,19680,20486,78
event_2725,124971,777,1,yellow,19680,,79
event_2726,124971,777,2,substitution,124181,23968,82
event_2727,124971,777,2,substitution,124907,5865,82
event_2728,124971,777,2,yellow,107846,,82
event_2729,124971,777,1,substitution,14548,67776,83
event_2730,124971,777,1,substitution,67407,49481,83
event_2731,124971,777,2,goal,8658,,90+4'
event_2732,124971,777,2,yellow,8658,,90+7'
event_2733,124972,777,130,yellow,3712,,58
event_2734,124972,777,21,yellow,19858,,60
event_2735,124972,777,21,substitution,51185,118579,67
event_2736,124972,777,21,yellow,71923,,69
event_2737,124972,777,21,substitution,76614,19858,80
event_2738,124972,777,130,substitution,14450,127594,80
event_2739,124972,777,130,substitution,49726,128891,80
event_2740,124973,777,23,goal,20607,,2
event_2741,124973,777,23,goal,117497,,7
event_2742,124973,777,43,substitution,51498,124531,15
event_2743,124973,777,43,goal,8127,31442,23
event_2744,124973,777,23,yellow,20607,,28
event_2745,124973,777,43,yellow,3955,,28
event_2746,124973,777,43,yellow,63851,,32
event_2747,124973,777,23,substitution,9662,14716,72
event_2748,124973,777,43,substitution,19831,74964,74
event_2749,124973,777,23,substitution,19888,23747,80
event_2750,124973,777,23,substitution,115256,117497,80
event_2751,124973,777,43,substitution,8246,74960,88
event_2752,124973,777,43,substitution,75883,63851,88
event_2753,124973,777,23,goal,74761,,90+3'
event_2754,124973,777,23,substitution,14446,20607,90+4'
event_2755,124974,777,4,yellow,112203,,4
event_2756,124974,777,127,goal,13706,,6
event_2757,124974,777,4,penalty goal,49293,,15
event_2758,124974,777,4,goal,63741,68987,23
event_2759,124974,777,127,goal,21519,,27
event_2760,124974,777,4,substitution,14571,125075,46
event_2761,124974,777,4,substitution,21998,68987,46
event_2762,124974,777,4,substitution,72371,49293,63
event_2763,124974,777,127,substitution,118080,13706,78
event_2764,124974,777,127,substitution,16582,33032,82
event_2765,124974,777,127,yellow,14846,,84
event_2766,124974,777,4,substitution,133245,51813,87
event_2767,124974,777,4,substitution,68583,304474,90+2'
event_2768,124974,777,127,substitution,3512,21519,90+2'
event_2769,124975,777,34,yellow,35752,,19
event_2770,124975,777,6,goal,20874,4604,39
event_2771,124975,777,34,yellow,26151,,46
event_2772,124975,777,34,substitution,6712,4880,51
event_2773,124975,777,6,substitution,147312,8589,57
event_2774,124975,777,34,yellow,14445,,60
event_2775,124975,777,34,substitution,3894,21614,67
event_2776,124975,777,34,goal,3894,16044,80
event_2777,124975,777,34,yellow,3894,,81
event_2778,124975,777,6,substitution,133297,138981,82
event_2779,124975,777,6,substitution,146391,109117,82
event_2780,124975,777,34,substitution,4818,121610,85
event_2781,124975,777,34,substitution,4979,13961,85
event_2782,124975,777,34,yellow,6712,,88
event_2783,124975,777,6,substitution,20118,4604,90+2'
event_2784,124976,777,9,yellow,19731,,61
event_2785,124976,777,9,yellow,50151,,62
event_2786,124976,777,10,substitution,32894,75382,66
event_2787,124976,777,10,substitution,63633,23815,66
event_2788,124976,777,10,substitution,116665,10458,66
event_2789,124976,777,9,substitution,9576,14807,70
event_2790,124976,777,9,substitution,33162,63289,70
event_2791,124976,777,10,substitution,15802,68582,79
event_2792,124976,777,9,substitution,14608,35718,83
event_2793,124976,777,10,substitution,134796,19919,84
event_2794,124976,777,9,substitution,126426,115255,90+2'
event_2795,124977,777,12,goal,50848,,27
event_2796,124977,777,38,goal,108877,,45
event_2797,124977,777,12,substitution,128366,50848,46
event_2798,124977,777,38,yellow,111988,,63
event_2799,124977,777,38,substitution,35670,115371,64
event_2800,124977,777,12,substitution,118591,133114,75
event_2801,124977,777,12,substitution,130150,118031,75
event_2802,124977,777,38,substitution,303861,20337,88
event_2803,124977,777,38,substitution,136815,143218,90+5'
event_2804,124977,777,38,yellow,35670,,90+5'
event_2805,124978,777,7,goal,23841,24797,19
event_2806,124978,777,15,substitution,24626,115172,46
event_2807,124978,777,15,yellow,24626,,61
event_2808,124978,777,15,substitution,15340,304123,62
event_2809,124978,777,7,substitution,4260,74585,72
event_2810,124978,777,15,substitution,138137,23702,75
event_2811,124978,777,7,goal,143922,23841,79
event_2812,124978,777,7,substitution,126789,143922,85
event_2813,124979,777,29,yellow,126317,,45+5'
event_2814,124979,777,11,substitution,16286,67849,46
event_2815,124979,777,11,substitution,54156,126943,51
event_2816,124979,777,11,substitution,67178,112948,57
event_2817,124979,777,29,substitution,52989,67784,58
event_2818,124979,777,29,substitution,51610,126317,72
event_2819,124979,777,11,yellow,4499,,77
event_2820,124979,777,11,substitution,26335,5067,85
event_2821,124980,777,25,goal,8868,55776,10
event_2822,124980,777,25,yellow,8868,,13
event_2823,124980,777,131,penalty goal,3452,,32
event_2824,124980,777,25,yellow,119072,,37
event_2825,124980,777,131,yellow,3452,,37
event_2826,124980,777,131,yellow,2100,,42
event_2827,124980,777,25,yellow,13522,,45
event_2828,124980,777,131,yellow,8163,,45+2'
event_2829,124980,777,25,substitution,32638,63656,45+3'
event_2830,124980,777,25,penalty goal,55776,,45+4'
event_2831,124980,777,131,substitution,117732,67928,58
event_2832,124980,777,131,substitution,134176,136175,58
event_2833,124980,777,131,goal,4874,,61
event_2834,124980,777,25,substitution,65961,8454,63
event_2835,124980,777,131,substitution,51830,143240,72
event_2836,124980,777,131,substitution,112739,2100,72
event_2837,124980,777,25,substitution,25183,122005,82
event_2838,124980,777,25,substitution,131312,13815,83
event_2839,124980,777,25,substitution,140223,55776,83
event_2840,124980,777,131,substitution,145043,3452,83
event_2841,124980,777,131,yellow,145043,,84
event_2842,124980,777,131,yellow,76090,,90+3'
event_2843,124981,777,2,goal,8658,23968,45+1'
event_2844,124981,777,2,goal,51423,13344,49
event_2845,124981,777,15,goal,15259,138137,61
event_2846,124981,777,15,yellow,138137,,65
event_2847,124981,777,2,substitution,5758,51223,69
event_2848,124981,777,2,substitution,14801,26408,69
event_2849,124981,777,15,substitution,49270,138137,69
event_2850,124981,777,15,substitution,70249,10439,69
event_2851,124981,777,2,goal,51423,5865,73
event_2852,124981,777,15,substitution,16723,141639,78
event_2853,124981,777,2,substitution,14456,8658,83
event_2854,124981,777,2,substitution,107846,51423,83
event_2855,124981,777,15,substitution,24626,115172,83
event_2856,124981,777,15,substitution,68219,304123,83
event_2857,124981,777,15,yellow,49270,,89
event_2858,124981,777,2,substitution,133169,13344,90
event_2859,124981,777,2,yellow,107846,,90+4'
event_2860,124982,777,127,goal,33032,,10
event_2861,124982,777,1,goal,50234,,16
event_2862,124982,777,127,yellow,25474,,26
event_2863,124982,777,1,goal,15202,11419,54
event_2864,124982,777,1,substitution,19680,32728,66
event_2865,124982,777,1,substitution,20486,66104,67
event_2866,124982,777,1,substitution,49481,67407,67
event_2867,124982,777,127,substitution,118080,13706,67
event_2868,124982,777,1,yellow,64523,,70
event_2869,124982,777,1,goal,15202,49481,71
event_2870,124982,777,127,substitution,10766,21519,74
event_2871,124982,777,127,substitution,16582,33032,74
event_2872,124982,777,127,substitution,137832,74976,74
event_2873,124982,777,127,goal,137832,10766,76
event_2874,124982,777,1,substitution,19778,11419,80
event_2875,124982,777,127,yellow,137832,,80
event_2876,124982,777,127,yellow,118080,,90+1'
event_2877,124983,777,43,yellow,8127,,23
event_2878,124983,777,131,goal,51830,145043,29
event_2879,124983,777,43,yellow,63851,,39
event_2880,124983,777,43,yellow,51498,,44
event_2881,124983,777,131,goal,134333,,47
event_2882,124983,777,43,substitution,15139,19831,55
event_2883,124983,777,43,substitution,128643,74960,55
event_2884,124983,777,43,substitution,74964,31442,64
event_2885,124983,777,131,substitution,67928,117732,70
event_2886,124983,777,131,substitution,3452,51830,71
event_2887,124983,777,131,substitution,22542,145043,71
event_2888,124983,777,131,substitution,2100,143240,80
event_2889,124983,777,43,substitution,119059,50460,81
event_2890,124983,777,131,substitution,117758,134176,87
event_2891,124983,777,43,yellow,3955,,90+3'
event_2892,124984,777,130,goal,124052,23194,11
event_2893,124984,777,130,yellow,128891,,31
event_2894,124984,777,130,yellow,133460,,39
event_2895,124984,777,7,substitution,126789,112917,46
event_2896,124984,777,7,substitution,128411,24797,46
event_2897,124984,777,130,goal,24659,23194,50
event_2898,124984,777,130,goal,124052,127594,51
event_2899,124984,777,130,substitution,3712,49726,64
event_2900,124984,777,130,substitution,24369,127594,64
event_2901,124984,777,7,goal,126789,4260,66
event_2902,124984,777,130,substitution,10947,115166,76
event_2903,124984,777,7,substitution,134286,66538,77
event_2904,124984,777,130,goal,124052,24659,88
event_2905,124984,777,7,goal,143922,4260,90+1'
event_2906,124984,777,130,substitution,49494,124052,90+2'
event_2907,124985,777,34,goal,13961,11071,17
event_2908,124985,777,10,goal,75382,68582,57
event_2909,124985,777,34,yellow,13961,,71
event_2910,124985,777,34,substitution,21614,3894,74
event_2911,124985,777,34,substitution,121610,14445,74
event_2912,124985,777,10,substitution,19919,75382,76
event_2913,124985,777,10,substitution,15802,23815,85
event_2914,124985,777,34,substitution,4979,13961,85
event_2915,124985,777,34,substitution,144894,11071,85
event_2916,124985,777,34,substitution,4818,16044,90+2'
event_2917,124985,777,10,goal,32894,,90+4'
event_2918,124985,777,10,yellow,32894,,90+5'
event_2919,124985,777,10,substitution,10651,32894,90+6'
event_2920,124985,777,34,goal,4818,121610,90+7'
event_2921,124986,777,12,yellow,146567,,34
event_2922,124986,777,9,goal,63289,33124,62
event_2923,124986,777,12,substitution,50848,118591,63
event_2924,124986,777,12,goal,51202,50848,65
event_2925,124986,777,9,substitution,14807,33162,75
event_2926,124986,777,9,substitution,68676,35718,80
event_2927,124986,777,9,substitution,126426,115255,80
event_2928,124986,777,9,substitution,50643,63289,87
event_2929,124987,777,11,goal,26335,,42
event_2930,124987,777,4,substitution,133245,304474,46
event_2931,124987,777,11,substitution,137371,67178,51
event_2932,124987,777,4,yellow,14571,,52
event_2933,124987,777,11,yellow,16431,,54
event_2934,124987,777,4,substitution,51813,72371,62
event_2935,124987,777,4,substitution,119041,125075,62
event_2936,124987,777,11,substitution,54156,26335,70
event_2937,124987,777,4,yellow,51813,,79
event_2938,124987,777,11,yellow,76204,,79
event_2939,124987,777,11,substitution,4499,16431,81
event_2940,124987,777,11,yellow,5067,,90+3'
event_2941,124987,777,4,goal,63741,,90+4'
event_2942,124987,777,4,yellow,63741,,90+5'
event_2943,124988,777,23,goal,23747,117497,19
event_2944,124988,777,6,yellow,49374,,33
event_2945,124988,777,6,substitution,147312,37776,38
event_2946,124988,777,6,yellow,24334,,49
event_2947,124988,777,6,substitution,138981,4604,52
event_2948,124988,777,6,yellow,14569,,55
event_2949,124988,777,23,yellow,23747,,62
event_2950,124988,777,23,substitution,14716,23747,63
event_2951,124988,777,23,substitution,19888,71623,63
event_2952,124988,777,23,substitution,49495,108922,63
event_2953,124988,777,23,goal,74761,117647,71
event_2954,124988,777,6,substitution,146391,49374,72
event_2955,124988,777,23,goal,124462,,78
event_2956,124988,777,23,substitution,115256,117497,78
event_2957,124988,777,6,substitution,112449,69595,87
event_2958,124988,777,6,substitution,133297,109117,87
event_2959,124988,777,6,substitution,151538,20874,87
event_2960,124988,777,23,substitution,14446,9662,88
event_2961,124989,777,21,substitution,51185,51364,19
event_2962,124989,777,21,goal,4408,75582,30
event_2963,124989,777,29,yellow,51609,,47
event_2964,124989,777,29,yellow,66659,,50
event_2965,124989,777,29,substitution,51610,51609,59
event_2966,124989,777,29,yellow,138104,,61
event_2967,124989,777,29,substitution,19864,126317,66
event_2968,124989,777,21,substitution,19858,117596,72
event_2969,124989,777,21,substitution,133603,118579,72
event_2970,124989,777,29,goal,67784,138104,80
event_2971,124989,777,29,substitution,119614,126920,82
event_2972,124989,777,21,yellow,22802,,83
event_2973,124989,777,21,substitution,23764,4408,88
event_2974,124989,777,21,substitution,66570,76614,88
event_2975,124989,777,21,yellow,19858,,90+6'
event_2976,124990,777,38,goal,143218,20337,4
event_2977,124990,777,38,penalty goal,20337,,31
event_2978,124990,777,38,goal,145492,66692,41
event_2979,124990,777,25,substitution,25183,66560,46
event_2980,124990,777,25,substitution,131312,122005,46
event_2981,124990,777,38,substitution,143214,133679,46
event_2982,124990,777,38,substitution,35670,20337,61
event_2983,124990,777,38,yellow,111988,,85
event_2984,124990,777,38,substitution,69766,145492,86
event_2985,124990,777,38,substitution,136815,115371,88
event_2986,124991,777,1,yellow,20486,,12
event_2987,124991,777,1,substitution,114564,118077,57
event_2988,124991,777,1,substitution,19680,32728,64
event_2989,124991,777,1,substitution,66104,20486,64
event_2990,124991,777,1,substitution,21584,11419,78
event_2991,124991,777,1,substitution,67407,49481,78
event_2992,124991,777,10,yellow,63633,,90
event_2993,124991,777,1,yellow,66104,,90+3'
event_2994,124991,777,10,yellow,23593,,90+3'
event_2995,124991,777,10,substitution,10651,68582,90+5'
event_2996,124992,777,21,goal,76614,69274,5
event_2997,124992,777,127,goal,33032,14846,22
event_2998,124992,777,127,goal,137832,54989,36
event_2999,124992,777,127,yellow,25474,,43
event_3000,124992,777,127,yellow,10766,,51
event_3001,124992,777,21,substitution,118579,133603,57
event_3002,124992,777,21,yellow,32229,,60
event_3003,124992,777,21,yellow,51185,,61
event_3004,124992,777,127,substitution,13706,137832,64
event_3005,124992,777,127,substitution,16582,33032,64
event_3006,124992,777,21,substitution,24630,51185,67
event_3007,124992,777,21,yellow,75582,,75
event_3008,124992,777,127,yellow,119381,,77
event_3009,124992,777,21,goal,19858,,78
event_3010,124992,777,21,substitution,117596,22802,86
event_3011,124992,777,127,substitution,118080,119381,87
event_3012,124992,777,127,substitution,132285,14846,87
event_3013,124992,777,127,goal,25474,13706,90+5'
event_3014,124992,777,127,substitution,140546,25474,90+10'
event_3015,124993,777,130,goal,124052,23194,30
event_3016,124993,777,130,yellow,124052,,43
event_3017,124993,777,29,yellow,122126,,45
event_3018,124993,777,29,substitution,51610,126317,52
event_3019,124993,777,29,substitution,126920,119614,52
event_3020,124993,777,130,substitution,49731,24369,61
event_3021,124993,777,130,yellow,23194,,63
event_3022,124993,777,130,goal,124052,127594,65
event_3023,124993,777,130,goal,128891,24659,73
event_3024,124993,777,130,substitution,3712,49726,76
event_3025,124993,777,29,substitution,35731,25408,79
event_3026,124993,777,29,substitution,51609,19864,79
event_3027,124993,777,130,substitution,14450,124052,82
event_3028,124993,777,130,substitution,115166,133460,82
event_3029,124993,777,29,substitution,10361,66659,83
event_3030,124994,777,43,yellow,68593,,41
event_3031,124994,777,12,goal,66036,23396,50
event_3032,124994,777,43,substitution,50460,68593,58
event_3033,124994,777,12,goal,66036,146567,60
event_3034,124994,777,12,substitution,14580,23396,61
event_3035,124994,777,12,substitution,118591,133114,61
event_3036,124994,777,43,goal,50460,15139,66
event_3037,124994,777,12,substitution,50848,51202,74
event_3038,124994,777,12,substitution,108936,5793,74
event_3039,124994,777,43,substitution,64282,31442,76
event_3040,124994,777,12,substitution,130151,118031,84
event_3041,124994,777,43,substitution,128643,15139,90+2'
event_3042,124994,777,43,yellow,64282,,90+5'
event_3043,124995,777,2,substitution,20473,4245,46
event_3044,124995,777,2,substitution,26408,14801,65
event_3045,124995,777,6,yellow,49374,,67
event_3046,124995,777,2,substitution,14456,51423,73
event_3047,124995,777,2,substitution,51223,5758,73
event_3048,124995,777,2,substitution,107846,25067,82
event_3049,124995,777,6,yellow,24334,,83
event_3050,124995,777,6,substitution,20118,138981,90
event_3051,124996,777,7,goal,4333,66538,17
event_3052,124996,777,38,yellow,15715,,43
event_3053,124996,777,38,substitution,143214,143218,46
event_3054,124996,777,38,yellow,115114,,57
event_3055,124996,777,38,substitution,35670,108877,68
event_3056,124996,777,38,goal,145492,35670,69
event_3057,124996,777,7,yellow,66538,,77
event_3058,124996,777,38,yellow,20337,,77
event_3059,124996,777,7,red,4333,,83
event_3060,124996,777,7,substitution,74585,134286,87
event_3061,124996,777,7,substitution,126789,143922,87
event_3062,124996,777,7,yellow,4260,,87
event_3063,124996,777,7,yellow,4260,,90
event_3064,124996,777,7,substitution,128411,24797,90+1'
event_3065,124996,777,38,substitution,147032,20337,90+5'
event_3066,124997,777,4,red,27277,,22
event_3067,124997,777,4,yellow,63741,,24
event_3068,124997,777,4,yellow,13549,,25
event_3069,124997,777,4,yellow,49293,,25
event_3070,124997,777,4,substitution,119041,133245,28
event_3071,124997,777,34,goal,13961,21614,45+4'
event_3072,124997,777,34,yellow,35752,,45+7'
event_3073,124997,777,34,substitution,121610,35752,46
event_3074,124997,777,34,goal,11071,21614,55
event_3075,124997,777,4,substitution,14571,63741,65
event_3076,124997,777,4,goal,51813,,72
event_3077,124997,777,34,substitution,14656,14624,73
event_3078,124997,777,34,substitution,16044,3894,73
event_3079,124997,777,4,substitution,72371,49293,75
event_3080,124997,777,4,substitution,125075,68827,76
event_3081,124997,777,34,yellow,6712,,78
event_3082,124997,777,34,goal,13961,,81
event_3083,124997,777,34,substitution,4818,14445,83
event_3084,124997,777,34,yellow,11071,,90
event_3085,124997,777,34,substitution,4979,13961,90+1'
event_3086,124998,777,131,yellow,8163,,29
event_3087,124998,777,11,penalty goal,65970,,41
event_3088,124998,777,131,yellow,22542,,41
event_3089,124998,777,131,yellow,76090,,53
event_3090,124998,777,131,goal,117732,134333,60
event_3091,124998,777,11,yellow,22857,,60
event_3092,124998,777,131,yellow,67928,,61
event_3093,124998,777,11,substitution,16286,67849,64
event_3094,124998,777,131,yellow,117732,,69
event_3095,124998,777,11,substitution,68150,14805,73
event_3096,124998,777,11,substitution,99281,76204,73
event_3097,124998,777,11,substitution,112948,4499,73
event_3098,124998,777,131,substitution,3452,51830,77
event_3099,124998,777,131,substitution,134176,143240,77
event_3100,124998,777,131,substitution,2100,134333,83
event_3101,124998,777,131,substitution,117758,117732,83
event_3102,124998,777,131,yellow,117758,,89
event_3103,124999,777,23,yellow,124462,,7
event_3104,124999,777,9,yellow,9576,,22
event_3105,124999,777,9,goal,63289,9576,32
event_3106,124999,777,23,goal,14716,115256,36
event_3107,124999,777,23,yellow,23747,,45+3'
event_3108,124999,777,9,penalty goal,9576,,45+5'
event_3109,124999,777,23,yellow,20607,,45+6'
event_3110,124999,777,23,substitution,49495,71623,46
event_3111,124999,777,23,substitution,49908,124462,46
event_3112,124999,777,23,goal,20607,74761,54
event_3113,124999,777,23,substitution,117497,115256,75
event_3114,124999,777,23,substitution,19888,5220,76
event_3115,124999,777,9,goal,63289,115255,79
event_3116,124999,777,9,substitution,33162,116888,80
event_3117,124999,777,23,substitution,9662,23747,81
event_3118,124999,777,9,substitution,14807,9576,87
event_3119,124999,777,23,penalty goal,74761,,90+1'
event_3120,124999,777,9,substitution,35718,13796,90+7'
event_3121,124999,777,9,substitution,68676,63289,90+7'
event_3122,124999,777,9,substitution,126426,115255,90+7'
event_3123,124999,777,9,yellow,19731,,90+11'
event_3124,124999,777,23,goal,14716,49908,90+12'
event_3125,125000,777,15,substitution,138137,98300,46
event_3126,125000,777,25,goal,65961,,51
event_3127,125000,777,15,goal,115172,51593,55
event_3128,125000,777,25,yellow,63656,,61
event_3129,125000,777,25,substitution,131312,117579,63
event_3130,125000,777,25,substitution,304595,55776,63
event_3131,125000,777,25,substitution,66560,119072,80
event_3132,125000,777,15,penalty goal,15259,,89
event_3133,125000,777,15,substitution,67510,138137,90+2'
event_3134,125000,777,25,yellow,13815,,90+4'
event_3135,125000,777,25,yellow,32638,,90+6'
event_3136,125001,777,2,substitution,72265,51423,18
event_3137,125001,777,7,yellow,24797,,23
event_3138,125001,777,7,yellow,23841,,47
event_3139,125001,777,2,yellow,107846,,56
event_3140,125001,777,7,goal,143922,,59
event_3141,125001,777,2,substitution,5758,51223,73
event_3142,125001,777,2,substitution,124907,107846,73
event_3143,125001,777,7,substitution,126789,143922,84
event_3144,125002,777,127,penalty goal,14846,,32
event_3145,125002,777,131,yellow,3452,,58
event_3146,125002,777,127,yellow,54989,,60
event_3147,125002,777,131,substitution,51830,143240,66
event_3148,125002,777,131,substitution,124396,112739,66
event_3149,125002,777,131,substitution,136175,134176,66
event_3150,125002,777,127,substitution,3512,14846,71
event_3151,125002,777,127,substitution,15572,137832,72
event_3152,125002,777,131,substitution,145043,3452,77
event_3153,125002,777,131,yellow,76090,,77
event_3154,125002,777,127,substitution,132285,118080,79
event_3155,125002,777,127,yellow,3512,,83
event_3156,125002,777,127,yellow,134403,,85
event_3157,125002,777,131,substitution,20505,50727,89
event_3158,125002,777,131,goal,145043,76090,90+1'
event_3159,125002,777,127,substitution,140546,119381,90+9'
event_3160,125003,777,4,goal,72371,63741,26
event_3161,125003,777,130,yellow,127594,,36
event_3162,125003,777,130,yellow,23194,,45+3'
event_3163,125003,777,4,substitution,133245,68987,57
event_3164,125003,777,4,substitution,66284,13549,58
event_3165,125003,777,4,yellow,27277,,67
event_3166,125003,777,4,substitution,51813,72371,74
event_3167,125003,777,4,penalty goal,49293,,76
event_3168,125003,777,130,substitution,133890,49731,77
event_3169,125003,777,130,substitution,24369,127594,82
event_3170,125003,777,130,substitution,115166,10947,82
event_3171,125003,777,4,yellow,66284,,83
event_3172,125003,777,4,substitution,119041,63741,85
event_3173,125003,777,4,substitution,125075,14571,85
event_3174,125003,777,4,yellow,49293,,90+1'
event_3175,125003,777,130,substitution,133097,128891,90+4'
event_3176,125004,777,34,yellow,6712,,27
event_3177,125004,777,34,yellow,16044,,28
event_3178,125004,777,9,yellow,19731,,41
event_3179,125004,777,34,yellow,13961,,56
event_3180,125004,777,34,substitution,121610,14656,65
event_3181,125004,777,34,substitution,3894,16044,66
event_3182,125004,777,9,substitution,68676,33162,70
event_3183,125004,777,34,substitution,128976,14445,77
event_3184,125004,777,9,substitution,14807,14608,81
event_3185,125004,777,9,substitution,126426,115255,81
event_3186,125004,777,34,yellow,35752,,87
event_3187,125004,777,34,substitution,49884,13961,88
event_3188,125004,777,34,substitution,144894,11071,88
event_3189,125004,777,9,goal,14807,19731,90+1'
event_3190,125004,777,9,substitution,35718,63289,90+4'
event_3191,125004,777,34,yellow,144894,,90+5'
event_3192,125005,777,10,yellow,116665,,40
event_3193,125005,777,10,goal,75382,23815,42
event_3194,125005,777,43,goal,15139,63851,65
event_3195,125005,777,43,substitution,64282,31442,74
event_3196,125005,777,43,substitution,128456,124531,74
event_3197,125005,777,10,substitution,10458,116665,78
event_3198,125005,777,10,substitution,63633,49909,78
event_3199,125005,777,10,substitution,134796,32894,78
event_3200,125005,777,43,substitution,8127,74960,85
event_3201,125005,777,10,substitution,15802,23815,87
event_3202,125005,777,43,substitution,68593,15139,90
event_3203,125005,777,43,substitution,74964,63851,90
event_3204,125005,777,43,yellow,8246,,90+1'
event_3205,125005,777,43,yellow,51498,,90+2'
event_3206,125006,777,12,yellow,24252,,11
event_3207,125006,777,12,yellow,4608,,17
event_3208,125006,777,11,yellow,16286,,45+2'
event_3209,125006,777,11,substitution,68150,14805,46
event_3210,125006,777,11,substitution,112948,111022,46
event_3211,125006,777,11,yellow,112948,,48
event_3212,125006,777,12,goal,66360,23396,65
event_3213,125006,777,12,substitution,51202,66360,71
event_3214,125006,777,11,yellow,99281,,75
event_3215,125006,777,12,goal,146567,51202,76
event_3216,125006,777,11,substitution,26335,5067,80
event_3217,125006,777,11,substitution,71432,54156,80
event_3218,125006,777,11,substitution,127852,65970,80
event_3219,125006,777,12,substitution,118031,5793,81
event_3220,125006,777,12,substitution,14580,23396,90+1'
event_3221,125006,777,12,substitution,133114,4608,90+1'
event_3222,125006,777,12,goal,14580,51202,90+2'
event_3223,125007,777,1,yellow,67776,,37
event_3224,125007,777,1,substitution,20486,66104,46
event_3225,125007,777,1,substitution,19680,32728,57
event_3226,125007,777,1,substitution,19778,11419,57
event_3227,125007,777,1,substitution,49481,67407,57
event_3228,125007,777,15,substitution,50623,304123,76
event_3229,125007,777,1,substitution,21584,64523,79
event_3230,125007,777,15,substitution,98300,115172,89
event_3231,125007,777,15,yellow,10439,,90
event_3232,125008,777,6,yellow,50842,,17
event_3233,125008,777,6,goal,109117,,30
event_3234,125008,777,29,goal,138104,51199,33
event_3235,125008,777,6,yellow,69595,,36
event_3236,125008,777,29,yellow,122126,,48
event_3237,125008,777,6,yellow,24334,,63
event_3238,125008,777,29,yellow,51199,,63
event_3239,125008,777,29,yellow,66659,,66
event_3240,125008,777,29,goal,67784,,71
event_3241,125008,777,29,substitution,126920,67784,84
event_3242,125008,777,29,substitution,51609,51610,88
event_3243,125009,777,25,yellow,63257,,1
event_3244,125009,777,25,goal,65961,119072,15
event_3245,125009,777,21,substitution,23764,4408,19
event_3246,125009,777,21,yellow,4408,,19
event_3247,125009,777,21,yellow,117596,,39
event_3248,125009,777,21,yellow,66635,,45+1'
event_3249,125009,777,21,substitution,50245,117596,46
event_3250,125009,777,25,yellow,8868,,52
event_3251,125009,777,21,yellow,75582,,57
event_3252,125009,777,21,substitution,10443,76614,62
event_3253,125009,777,21,goal,66635,32229,64
event_3254,125009,777,25,yellow,25183,,72
event_3255,125009,777,21,yellow,23764,,78
event_3256,125009,777,25,substitution,40159,304595,79
event_3257,125009,777,21,substitution,133603,118579,90
event_3258,125009,777,25,substitution,8454,63257,90+1'
event_3259,125009,777,25,goal,8454,,90+3'
event_3260,125009,777,25,substitution,13522,119072,90+6'
event_3261,125010,777,23,yellow,71623,,58
event_3262,125010,777,38,substitution,35670,115371,65
event_3263,125010,777,23,substitution,49259,23747,67
event_3264,125010,777,23,substitution,117497,115256,67
event_3265,125010,777,23,substitution,117647,71623,67
event_3266,125010,777,38,substitution,143218,133679,71
event_3267,125010,777,38,yellow,115114,,78
event_3268,125010,777,38,substitution,108947,20337,85
event_3269,125010,777,23,yellow,49908,,89
event_3270,125010,777,38,yellow,143214,,90+5'
event_3271,125011,777,12,goal,66360,,37
event_3272,125011,777,12,goal,146567,23396,50
event_3273,125011,777,1,substitution,14548,118077,58
event_3274,125011,777,1,substitution,19778,11419,58
event_3275,125011,777,1,substitution,21584,64523,58
event_3276,125011,777,1,substitution,32728,19680,58
event_3277,125011,777,1,yellow,15202,,64
event_3278,125011,777,12,substitution,51202,66360,69
event_3279,125011,777,1,substitution,67407,20486,75
event_3280,125011,777,12,substitution,66036,146567,81
event_3281,125011,777,1,goal,19778,,84
event_3282,125011,777,12,goal,51202,108936,87
event_3283,125011,777,12,substitution,33245,69176,88
event_3284,125011,777,1,yellow,21584,,90+1'
event_3285,125012,777,127,goal,33032,74976,26
event_3286,125012,777,127,goal,119381,51942,33
event_3287,125012,777,10,substitution,43586,10651,34
event_3288,125012,777,10,goal,5140,33231,45
event_3289,125012,777,127,yellow,137832,,45+3'
event_3290,125012,777,10,substitution,10458,116665,46
event_3291,125012,777,10,substitution,23815,19919,59
event_3292,125012,777,10,substitution,81542,63633,59
event_3293,125012,777,127,substitution,15572,137832,67
event_3294,125012,777,10,substitution,134796,32894,74
event_3295,125012,777,10,goal,33231,5178,80
event_3296,125012,777,127,substitution,135304,119381,85
event_3297,125012,777,127,substitution,16582,33032,90+3'
event_3298,125012,777,10,yellow,49909,,90+3'
event_3299,125012,777,127,goal,118080,,90+5'
event_3300,125013,777,15,goal,304123,,12
event_3301,125013,777,130,substitution,65987,20113,37
event_3302,125013,777,130,substitution,133890,49731,37
event_3303,125013,777,15,substitution,98300,115172,61
event_3304,125013,777,130,yellow,128891,,66
event_3305,125013,777,130,substitution,115166,10947,67
event_3306,125013,777,15,substitution,15340,304123,68
event_3307,125013,777,15,goal,15340,15259,80
event_3308,125013,777,130,substitution,3712,128891,81
event_3309,125013,777,130,substitution,24369,133460,81
event_3310,125013,777,15,substitution,67510,23702,87
event_3311,125014,777,21,goal,75582,,38
event_3312,125014,777,43,goal,13559,3955,45
event_3313,125014,777,21,substitution,126824,32229,46
event_3314,125014,777,43,substitution,8127,63851,69
event_3315,125014,777,43,substitution,64282,31442,69
event_3316,125014,777,43,goal,64282,,76
event_3317,125014,777,21,substitution,76614,25892,78
event_3318,125014,777,21,substitution,117596,50245,78
event_3319,125014,777,43,yellow,8127,,79
event_3320,125014,777,21,substitution,66570,21887,85
event_3321,125014,777,43,substitution,68593,15139,85
event_3322,125014,777,21,goal,66635,118579,90
event_3323,125014,777,21,substitution,69070,66635,90+5'
event_3324,125015,777,4,yellow,112203,,20
event_3325,125015,777,4,goal,304474,,34
event_3326,125015,777,4,goal,72371,304474,50
event_3327,125015,777,6,yellow,147312,,63
event_3328,125015,777,4,penalty goal,63741,,64
event_3329,125015,777,6,substitution,20118,24334,65
event_3330,125015,777,6,substitution,109117,147312,65
event_3331,125015,777,6,yellow,69595,,67
event_3332,125015,777,4,substitution,66284,112203,73
event_3333,125015,777,6,yellow,69595,,73
event_3334,125015,777,4,substitution,68583,304474,74
event_3335,125015,777,4,substitution,68827,21998,74
event_3336,125015,777,6,substitution,8589,49374,76
event_3337,125015,777,6,substitution,110549,76353,76
event_3338,125015,777,4,substitution,119041,14571,81
event_3339,125015,777,4,substitution,51813,72371,85
event_3340,125015,777,6,substitution,146391,20874,85
event_3341,125015,777,6,goal,50842,110549,88
event_3342,125015,777,4,yellow,133245,,90
event_3343,125015,777,6,yellow,37776,,90
event_3344,125016,777,9,goal,13515,116888,28
event_3345,125016,777,7,substitution,14706,24797,46
event_3346,125016,777,7,substitution,66318,134286,46
event_3347,125016,777,9,yellow,116888,,54
event_3348,125016,777,9,yellow,115255,,56
event_3349,125016,777,9,substitution,126426,115255,66
event_3350,125016,777,7,substitution,112917,74585,71
event_3351,125016,777,7,goal,143922,12582,76
event_3352,125016,777,9,substitution,14897,116888,85
event_3353,125016,777,9,substitution,33162,63289,85
event_3354,125016,777,9,substitution,133430,35718,85
event_3355,125016,777,7,substitution,126789,143922,89
event_3356,125016,777,9,yellow,133430,,90
event_3357,125017,777,131,goal,134333,20505,28
event_3358,125017,777,34,substitution,14656,14624,59
event_3359,125017,777,34,substitution,53063,121610,59
event_3360,125017,777,34,yellow,21614,,66
event_3361,125017,777,34,substitution,3894,14445,69
event_3362,125017,777,34,goal,53063,26151,72
event_3363,125017,777,131,goal,3452,117732,74
event_3364,125017,777,131,substitution,2100,124396,81
event_3365,125017,777,131,substitution,136175,143240,81
event_3366,125017,777,34,substitution,128976,4717,88
event_3367,125017,777,131,substitution,51830,22542,88
event_3368,125017,777,131,substitution,67928,20505,88
event_3369,125017,777,131,substitution,145043,3452,88
event_3370,125017,777,131,yellow,145043,,90+1'
event_3371,125017,777,34,goal,13961,,90+2'
event_3372,125018,777,11,goal,76216,76204,6
event_3373,125018,777,11,goal,25474,5067,45+2'
event_3374,125018,777,38,substitution,35670,143218,46
event_3375,125018,777,38,substitution,108947,111988,46
event_3376,125018,777,38,yellow,143214,,57
event_3377,125018,777,11,substitution,14805,26335,61
event_3378,125018,777,38,yellow,133679,,67
event_3379,125018,777,38,substitution,115371,20337,71
event_3380,125018,777,11,yellow,76204,,71
event_3381,125018,777,11,substitution,65970,68150,73
event_3382,125018,777,11,substitution,54156,76216,74
event_3383,125018,777,38,yellow,115114,,88
event_3384,125019,777,2,goal,26408,23968,19
event_3385,125019,777,23,yellow,20607,,27
event_3386,125019,777,23,substitution,19888,20607,48
event_3387,125019,777,2,substitution,20489,14801,59
event_3388,125019,777,23,substitution,115256,117497,62
event_3389,125019,777,23,substitution,49259,23747,63
event_3390,125019,777,2,substitution,107846,5865,74
event_3391,125019,777,2,substitution,5758,26408,75
event_3392,125019,777,2,substitution,8900,21529,75
event_3393,125019,777,2,yellow,5758,,79
event_3394,125019,777,23,substitution,14446,71623,84
event_3395,125019,777,2,goal,8658,5758,88
event_3396,125019,777,2,substitution,5066,108096,89
event_3397,125019,777,2,yellow,51223,,90+2'
event_3398,125020,777,25,goal,65961,8868,14
event_3399,125020,777,25,penalty goal,8868,,28
event_3400,125020,777,29,yellow,19864,,30
event_3401,125020,777,29,yellow,63733,,35
event_3402,125020,777,25,goal,119072,,43
event_3403,125020,777,29,substitution,51609,63733,46
event_3404,125020,777,29,substitution,118633,51610,46
event_3405,125020,777,29,substitution,126110,122126,46
event_3406,125020,777,29,goal,67784,51199,66
event_3407,125020,777,25,substitution,8454,304595,70
event_3408,125020,777,25,substitution,145347,117579,71
event_3409,125020,777,25,yellow,63257,,71
event_3410,125020,777,25,substitution,66560,63257,75
event_3411,125020,777,29,substitution,52989,126920,75
event_3412,125020,777,29,yellow,124944,,80
event_3413,125020,777,29,substitution,10361,51199,83
event_3414,125020,777,29,yellow,126110,,88
event_3415,125020,777,25,yellow,119072,,90+1'
event_3416,125020,777,25,substitution,13522,65961,90+3'
event_3417,125021,777,130,yellow,20113,,35
event_3418,125021,777,130,red,127594,,42
event_3419,125021,777,130,goal,133890,,45+2'
event_3420,125021,777,130,yellow,133460,,45+5'
event_3421,125021,777,2,substitution,20489,107846,46
event_3422,125021,777,2,goal,13286,,49
event_3423,125021,777,130,substitution,24659,3712,60
event_3424,125021,777,130,substitution,128891,133890,60
event_3425,125021,777,130,substitution,24369,49726,76
event_3426,125021,777,2,substitution,33185,14801,77
event_3427,125021,777,130,substitution,115166,10947,84
event_3428,125021,777,130,yellow,23194,,90+1'
event_3429,125022,777,131,yellow,22542,,53
event_3430,125022,777,7,yellow,66318,,57
event_3431,125022,777,131,substitution,136175,51830,60
event_3432,125022,777,131,substitution,4874,67928,70
event_3433,125022,777,131,substitution,145043,3452,70
event_3434,125022,777,131,goal,22542,134333,73
event_3435,125022,777,7,substitution,133612,14706,79
event_3436,125022,777,7,substitution,66538,12582,80
event_3437,125022,777,7,substitution,112917,134286,80
event_3438,125022,777,7,substitution,74585,66318,89
event_3439,125022,777,7,substitution,126789,143922,89
event_3440,125022,777,7,yellow,66538,,90+2'
event_3441,125022,777,131,substitution,2100,22542,90+6'
event_3442,125022,777,7,goal,126789,,90+7'
event_3443,125023,777,25,goal,8868,14164,7
event_3444,125023,777,4,substitution,21998,68583,26
event_3445,125023,777,25,goal,65961,14164,36
event_3446,125023,777,4,substitution,27277,119041,46
event_3447,125023,777,4,substitution,66284,53612,46
event_3448,125023,777,4,substitution,72371,68987,46
event_3449,125023,777,4,goal,72371,66284,57
event_3450,125023,777,25,substitution,13522,304595,66
event_3451,125023,777,4,goal,27277,,70
event_3452,125023,777,25,substitution,8454,63257,76
event_3453,125023,777,4,substitution,14571,68827,81
event_3454,125023,777,25,substitution,4979,8868,81
event_3455,125023,777,25,substitution,117579,145347,81
event_3456,125023,777,4,yellow,112203,,85
event_3457,125023,777,4,goal,63741,72371,90+2'
event_3458,125023,777,4,yellow,63741,,90+3'
event_3459,125023,777,25,yellow,117579,,90+4'
event_3460,125023,777,4,yellow,72371,,90+7'
event_3461,125023,777,25,yellow,4979,,90+7'
event_3462,125023,777,25,red,63656,,90+11'
event_3463,125024,777,1,goal,64523,67407,27
event_3464,125024,777,9,yellow,75543,,37
event_3465,125024,777,1,goal,67407,,38
event_3466,125024,777,9,substitution,14897,13515,46
event_3467,125024,777,9,substitution,33162,115255,46
event_3468,125024,777,1,yellow,67776,,59
event_3469,125024,777,1,substitution,11419,20810,61
event_3470,125024,777,1,substitution,66104,67407,61
event_3471,125024,777,1,goal,32728,66104,69
event_3472,125024,777,9,substitution,133430,63289,71
event_3473,125024,777,1,substitution,69914,118077,75
event_3474,125024,777,1,substitution,19680,32728,76
event_3475,125024,777,1,substitution,21584,20486,81
event_3476,125024,777,9,substitution,68676,116888,81
event_3477,125024,777,9,substitution,50643,9576,85
event_3478,125024,777,1,goal,19680,11419,86
event_3479,125025,777,23,yellow,23747,,11
event_3480,125025,777,23,goal,23747,,36
event_3481,125025,777,10,goal,81542,75382,41
event_3482,125025,777,10,goal,81542,116665,43
event_3483,125025,777,23,yellow,19888,,45+3'
event_3484,125025,777,10,yellow,63633,,59
event_3485,125025,777,10,goal,75382,5178,67
event_3486,125025,777,23,substitution,9662,49259,73
event_3487,125025,777,23,substitution,115256,14446,73
event_3488,125025,777,23,substitution,117497,14716,73
event_3489,125025,777,10,substitution,15802,5178,84
event_3490,125025,777,10,substitution,23815,81542,84
event_3491,125025,777,23,substitution,114590,3905,84
event_3492,125025,777,23,yellow,8707,,86
event_3493,125025,777,10,substitution,43586,75382,87
event_3494,125025,777,23,substitution,127659,108922,89
event_3495,125025,777,10,goal,23593,,90+3'
event_3496,125026,777,12,goal,5793,23396,19
event_3497,125026,777,34,yellow,26151,,42
event_3498,125026,777,12,goal,51202,5793,56
event_3499,125026,777,12,yellow,5793,,64
event_3500,125026,777,34,goal,35752,,65
event_3501,125026,777,34,substitution,14656,14624,71
event_3502,125026,777,34,substitution,121610,14445,71
event_3503,125026,777,12,substitution,66036,51202,74
event_3504,125026,777,12,substitution,118031,5793,75
event_3505,125026,777,34,substitution,3894,53063,79
event_3506,125026,777,12,yellow,9566,,83
event_3507,125026,777,34,penalty goal,11071,,85
event_3508,125026,777,12,substitution,33245,24252,86
event_3509,125026,777,34,substitution,23793,35752,86
event_3510,125026,777,34,goal,121610,14656,90+1'
event_3511,125026,777,12,goal,66036,23396,90+4'
event_3512,125026,777,12,substitution,118591,66360,90+6'
event_3513,125027,777,15,goal,15259,,5
event_3514,125027,777,6,yellow,50842,,31
event_3515,125027,777,6,yellow,110549,,32
event_3516,125027,777,15,red,23811,,45
event_3517,125027,777,6,penalty goal,49796,,45+2'
event_3518,125027,777,15,substitution,67510,115172,45+4'
event_3519,125027,777,15,substitution,14238,23702,46
event_3520,125027,777,15,substitution,15269,16723,46
event_3521,125027,777,6,yellow,109117,,54
event_3522,125027,777,6,substitution,146391,110549,61
event_3523,125027,777,15,substitution,50623,304123,70
event_3524,125027,777,15,yellow,16035,,75
event_3525,125028,777,29,goal,126110,51199,32
event_3526,125028,777,43,yellow,74960,,45
event_3527,125028,777,43,substitution,8127,13559,46
event_3528,125028,777,43,substitution,31442,64282,63
event_3529,125028,777,43,substitution,75735,63851,63
event_3530,125028,777,29,yellow,122126,,67
event_3531,125028,777,43,yellow,6451,,67
event_3532,125028,777,43,substitution,74964,15139,69
event_3533,125028,777,43,yellow,50460,,70
event_3534,125028,777,29,goal,118633,63733,72
event_3535,125028,777,29,substitution,25408,126110,79
event_3536,125028,777,29,substitution,51610,118633,80
event_3537,125028,777,29,substitution,52989,67784,80
event_3538,125028,777,43,substitution,19831,50460,80
event_3539,125028,777,29,substitution,10361,66659,86
event_3540,125028,777,43,yellow,3955,,90+1'
event_3541,125029,777,11,goal,68150,65970,11
event_3542,125029,777,21,yellow,50245,,11
event_3543,125029,777,11,yellow,137371,,21
event_3544,125029,777,21,yellow,69274,,38
event_3545,125029,777,11,goal,25474,5067,44
event_3546,125029,777,11,yellow,16286,,45+3'
event_3547,125029,777,21,substitution,117318,66635,46
event_3548,125029,777,21,yellow,10443,,48
event_3549,125029,777,21,goal,10443,69274,53
event_3550,125029,777,21,substitution,76614,51185,68
event_3551,125029,777,21,substitution,118579,50245,68
event_3552,125029,777,11,substitution,26335,68150,69
event_3553,125029,777,21,goal,10443,21887,70
event_3554,125029,777,11,substitution,67849,71432,70
event_3555,125029,777,11,substitution,14805,5067,88
event_3556,125029,777,21,substitution,146050,10443,90
event_3557,125029,777,11,substitution,76216,16286,90+4'
event_3558,125029,777,11,yellow,67849,,90+8'
event_3559,125030,777,127,goal,137832,118080,33
event_3560,125030,777,38,yellow,143214,,45+1'
event_3561,125030,777,127,yellow,119381,,58
event_3562,125030,777,127,yellow,118080,,60
event_3563,125030,777,127,substitution,15572,137832,68
event_3564,125030,777,127,substitution,134234,118080,68
event_3565,125030,777,38,substitution,35670,20337,70
event_3566,125030,777,38,substitution,126108,108947,71
event_3567,125030,777,38,yellow,133679,,75
event_3568,125030,777,38,substitution,143218,143214,80
event_3569,125030,777,127,substitution,16582,33032,85
event_3570,125030,777,127,substitution,135304,119381,86
event_3571,125030,777,127,yellow,51942,,88
event_3572,125030,777,38,substitution,136815,66692,89
event_3573,125030,777,38,substitution,147032,43010,89
event_3574,125030,777,127,goal,74976,134234,90+1'
event_3575,125030,777,127,substitution,132285,3512,90+4'
event_3576,125031,777,1,yellow,66204,,26
event_3577,125031,777,29,yellow,126110,,39
event_3578,125031,777,29,yellow,67784,,40
event_3579,125031,777,1,goal,64523,20486,42
event_3580,125031,777,1,substitution,32728,19680,60
event_3581,125031,777,1,substitution,66104,67407,60
event_3582,125031,777,29,substitution,51610,118633,64
event_3583,125031,777,1,goal,32728,20810,66
event_3584,125031,777,1,substitution,21584,20810,67
event_3585,125031,777,1,substitution,118077,69914,67
event_3586,125031,777,29,substitution,25408,124944,71
event_3587,125031,777,29,substitution,52989,67784,85
event_3588,125031,777,29,substitution,115105,122126,85
event_3589,125031,777,1,substitution,42331,20486,89
event_3590,125031,777,1,goal,32728,66104,90+3'
event_3591,125032,777,2,goal,23968,14801,22
event_3592,125032,777,2,yellow,26408,,35
event_3593,125032,777,127,yellow,119381,,35
event_3594,125032,777,127,goal,134234,51942,55
event_3595,125032,777,127,substitution,15572,137832,65
event_3596,125032,777,2,substitution,20489,26408,66
event_3597,125032,777,2,substitution,4115,24626,77
event_3598,125032,777,2,substitution,51223,14801,77
event_3599,125032,777,2,substitution,13286,8658,86
event_3600,125032,777,2,substitution,107846,5758,86
event_3601,125032,777,127,substitution,3512,119381,86
event_3602,125032,777,127,substitution,13706,134234,87
event_3603,125032,777,127,substitution,16582,33032,90
event_3604,125033,777,6,yellow,8589,,17
event_3605,125033,777,6,substitution,72265,109117,56
event_3606,125033,777,6,goal,49796,72265,61
event_3607,125033,777,131,substitution,3452,67928,71
event_3608,125033,777,131,substitution,136175,129952,71
event_3609,125033,777,131,substitution,143240,124396,71
event_3610,125033,777,6,substitution,49759,8589,77
event_3611,125033,777,6,yellow,76353,,80
event_3612,125033,777,131,substitution,14671,51830,82
event_3613,125033,777,131,substitution,112739,145043,82
event_3614,125033,777,6,yellow,35670,,85
event_3615,125033,777,131,yellow,143240,,85
event_3616,125033,777,6,substitution,49374,49796,88
event_3617,125034,777,25,goal,65961,119072,13
event_3618,125034,777,43,yellow,63851,,24
event_3619,125034,777,25,goal,63257,145347,26
event_3620,125034,777,25,yellow,145347,,41
event_3621,125034,777,43,substitution,8127,63851,46
event_3622,125034,777,25,substitution,66560,8454,57
event_3623,125034,777,43,substitution,19831,50460,66
event_3624,125034,777,43,substitution,64282,75735,67
event_3625,125034,777,43,substitution,74964,15139,67
event_3626,125034,777,43,yellow,51498,,76
event_3627,125034,777,25,substitution,117579,145347,79
event_3628,125034,777,25,substitution,304595,63257,79
event_3629,125034,777,43,substitution,31442,74960,79
event_3630,125034,777,43,yellow,8127,,84
event_3631,125034,777,25,substitution,4979,65961,90+2'
event_3632,125034,777,25,substitution,13815,8868,90+2'
event_3633,125035,777,7,yellow,12582,,18
event_3634,125035,777,7,yellow,23841,,56
event_3635,125035,777,7,yellow,24983,,65
event_3636,125035,777,34,yellow,35752,,66
event_3637,125035,777,7,substitution,118442,134286,69
event_3638,125035,777,7,substitution,126789,143922,69
event_3639,125035,777,7,goal,14706,24983,75
event_3640,125035,777,34,substitution,117763,11071,75
event_3641,125035,777,34,substitution,121610,53063,75
event_3642,125035,777,34,substitution,4880,6712,83
event_3643,125035,777,34,substitution,66657,14445,83
event_3644,125035,777,7,substitution,66318,24983,85
event_3645,125035,777,7,yellow,112589,,88
event_3646,125035,777,7,substitution,66538,14706,90+5'
event_3647,125035,777,7,yellow,4640,,90+7'
event_3648,125036,777,9,goal,14608,115255,26
event_3649,125036,777,9,goal,33162,13515,30
event_3650,125036,777,9,goal,9576,115255,49
event_3651,125036,777,15,substitution,98300,115172,54
event_3652,125036,777,15,substitution,127668,304123,54
event_3653,125036,777,9,yellow,33162,,61
event_3654,125036,777,15,yellow,108816,,62
event_3655,125036,777,15,substitution,14238,15259,67
event_3656,125036,777,15,substitution,50623,23702,67
event_3657,125036,777,15,substitution,76426,117754,76
event_3658,125036,777,9,substitution,13797,63289,78
event_3659,125036,777,9,substitution,14897,33162,82
event_3660,125036,777,15,goal,127668,98300,86
event_3661,125036,777,9,substitution,35718,14608,90+6'
event_3662,125037,777,11,yellow,76216,,42
event_3663,125037,777,10,yellow,5140,,47
event_3664,125037,777,11,substitution,16431,137371,61
event_3665,125037,777,11,substitution,68150,76216,61
event_3666,125037,777,11,yellow,14569,,69
event_3667,125037,777,10,goal,33231,,74
event_3668,125037,777,11,goal,5067,65970,84
event_3669,125037,777,10,substitution,23815,32894,85
event_3670,125037,777,10,yellow,20559,,90+2'
event_3671,125037,777,11,penalty goal,65970,,90+3'
event_3672,125037,777,10,substitution,15802,116665,90+4'
event_3673,125037,777,11,yellow,65970,,90+4'
event_3674,125037,777,11,substitution,4499,25474,90+6'
event_3675,125037,777,11,yellow,5067,,90+7'
event_3676,125037,777,11,goal,68150,5067,90+10'
event_3677,125037,777,10,red,33231,,90+13'
event_3678,125038,777,21,yellow,126824,,27
event_3679,125038,777,21,red,66635,,29
event_3680,125038,777,21,substitution,69070,118579,32
event_3681,125038,777,12,goal,66360,108936,38
event_3682,125038,777,12,yellow,69176,,45
event_3683,125038,777,21,substitution,327705,126824,55
event_3684,125038,777,21,yellow,19858,,70
event_3685,125038,777,12,substitution,66036,51202,75
event_3686,125038,777,21,substitution,50245,21887,80
event_3687,125038,777,21,substitution,51185,10443,80
event_3688,125038,777,21,substitution,76614,19858,80
event_3689,125038,777,12,goal,23396,24252,81
event_3690,125038,777,12,substitution,33245,4608,87
event_3691,125038,777,12,substitution,50848,66360,87
event_3692,125038,777,12,substitution,118031,5793,87
event_3693,125038,777,12,substitution,133650,108936,90+2'
event_3694,125039,777,23,goal,49908,74761,24
event_3695,125039,777,130,goal,23194,133890,37
event_3696,125039,777,23,yellow,9662,,44
event_3697,125039,777,130,penalty goal,124052,,45+2'
event_3698,125039,777,23,substitution,49259,14446,46
event_3699,125039,777,23,substitution,115256,9662,46
event_3700,125039,777,130,substitution,128891,3712,56
event_3701,125039,777,23,substitution,114590,117497,65
event_3702,125039,777,130,yellow,124052,,69
event_3703,125039,777,23,penalty goal,74761,,79
event_3704,125039,777,130,substitution,133097,24369,80
event_3705,125039,777,130,goal,133890,49726,85
event_3706,125039,777,23,substitution,8707,3905,87
event_3707,125039,777,23,substitution,19888,71623,87
event_3708,125039,777,130,substitution,49731,49726,87
event_3709,125039,777,130,yellow,23194,,90+1'
event_3710,125039,777,23,yellow,108922,,90+6'
event_3711,125040,777,4,penalty goal,49293,,13
event_3712,125040,777,4,penalty goal,49293,,35
event_3713,125040,777,4,goal,49293,27277,38
event_3714,125040,777,38,substitution,108877,20337,43
event_3715,125040,777,38,yellow,9199,,45+4'
event_3716,125040,777,38,substitution,108947,4229,46
event_3717,125040,777,38,goal,115371,9199,54
event_3718,125040,777,4,substitution,68987,49293,61
event_3719,125040,777,4,yellow,27277,,73
event_3720,125040,777,4,substitution,51813,72371,75
event_3721,125040,777,4,substitution,125075,68827,75
event_3722,125040,777,38,substitution,126108,14830,79
event_3723,125040,777,4,substitution,119041,133245,84
event_3724,125040,777,38,substitution,147032,133679,90+1'
event_3725,125041,777,131,yellow,124396,,2
event_3726,125041,777,131,substitution,2100,124396,22
event_3727,125041,777,131,yellow,4874,,23
event_3728,125041,777,2,yellow,4245,,41
event_3729,125041,777,131,yellow,76090,,41
event_3730,125041,777,2,yellow,23968,,50
event_3731,125041,777,2,substitution,4115,26408,60
event_3732,125041,777,2,substitution,20489,14801,60
event_3733,125041,777,131,substitution,20505,76090,61
event_3734,125041,777,2,substitution,326089,8658,74
event_3735,125041,777,2,substitution,13286,108096,75
event_3736,125041,777,131,substitution,129952,143240,81
event_3737,125041,777,131,substitution,136175,117732,81
event_3738,125041,777,131,substitution,145043,3452,81
event_3739,125041,777,2,substitution,5066,24626,84
event_3740,125042,777,130,yellow,23194,,4
event_3741,125042,777,1,yellow,50234,,20
event_3742,125042,777,1,yellow,32728,,30
event_3743,125042,777,1,substitution,11419,21584,46
event_3744,125042,777,130,yellow,49726,,53
event_3745,125042,777,1,goal,67407,118077,61
event_3746,125042,777,1,substitution,49481,67407,70
event_3747,125042,777,130,goal,24369,65987,71
event_3748,125042,777,130,substitution,3712,128891,73
event_3749,125042,777,130,substitution,49731,24369,73
event_3750,125042,777,1,substitution,66104,20486,81
event_3751,125042,777,1,substitution,69914,118077,81
event_3752,125042,777,130,yellow,133890,,86
event_3753,125042,777,130,substitution,115166,10947,90+5'
event_3754,125043,777,4,yellow,68827,,8
event_3755,125043,777,4,yellow,125075,,15
event_3756,125043,777,9,yellow,75543,,19
event_3757,125043,777,9,yellow,35718,,22
event_3758,125043,777,4,goal,72371,49293,24
event_3759,125043,777,9,yellow,13515,,45
event_3760,125043,777,4,substitution,119041,27277,46
event_3761,125043,777,9,substitution,33162,35718,55
event_3762,125043,777,4,penalty goal,49293,,58
event_3763,125043,777,4,substitution,21998,304474,64
event_3764,125043,777,9,penalty goal,14807,,67
event_3765,125043,777,4,yellow,49293,,67
event_3766,125043,777,9,goal,33162,14807,73
event_3767,125043,777,4,substitution,51813,133245,79
event_3768,125043,777,4,substitution,66284,125075,79
event_3769,125043,777,9,substitution,13797,14807,82
event_3770,125043,777,9,substitution,14897,63289,90+5'
event_3771,125043,777,9,yellow,14897,,90+6'
event_3772,125043,777,4,yellow,112203,,90+8'
event_3773,125044,777,6,goal,35670,69595,17
event_3774,125044,777,6,goal,35670,37776,33
event_3775,125044,777,6,yellow,50842,,35
event_3776,125044,777,6,yellow,37776,,36
event_3777,125044,777,43,goal,68593,15139,40
event_3778,125044,777,43,goal,50460,74960,44
event_3779,125044,777,6,substitution,110549,37776,46
event_3780,125044,777,6,substitution,49374,72265,58
event_3781,125044,777,6,substitution,8589,76353,72
event_3782,125044,777,6,substitution,109117,49759,72
event_3783,125044,777,43,substitution,19831,15139,73
event_3784,125044,777,43,substitution,64282,75735,73
event_3785,125044,777,43,yellow,68593,,74
event_3786,125044,777,6,substitution,146391,69595,83
event_3787,125044,777,43,substitution,4617,68593,83
event_3788,125044,777,43,substitution,63851,74960,87
event_3789,125045,777,7,penalty goal,31936,,42
event_3790,125045,777,127,yellow,134234,,57
event_3791,125045,777,127,substitution,16582,135304,58
event_3792,125045,777,127,substitution,137832,33032,58
event_3793,125045,777,127,goal,134234,74965,61
event_3794,125045,777,7,substitution,126789,143922,62
event_3795,125045,777,7,substitution,134286,118442,62
event_3796,125045,777,127,goal,118080,51942,64
event_3797,125045,777,7,yellow,126789,,66
event_3798,125045,777,7,red,112589,,69
event_3799,125045,777,127,substitution,10766,15572,80
event_3800,125045,777,127,substitution,13706,118080,80
event_3801,125045,777,127,yellow,13706,,81
event_3802,125045,777,7,substitution,4333,24983,90+3'
event_3803,125045,777,127,substitution,3512,134234,90+3'
event_3804,125045,777,127,yellow,119381,,90+6'
event_3805,125046,777,11,goal,25474,,24
event_3806,125046,777,11,goal,112948,25474,30
event_3807,125046,777,34,yellow,26151,,31
event_3808,125046,777,11,goal,65970,14805,39
event_3809,125046,777,11,yellow,5067,,41
event_3810,125046,777,11,substitution,76216,65970,46
event_3811,125046,777,11,substitution,26335,5067,60
event_3812,125046,777,11,substitution,137371,76204,60
event_3813,125046,777,34,substitution,117763,11071,60
event_3814,125046,777,34,substitution,121610,53063,60
event_3815,125046,777,34,substitution,128976,14445,60
event_3816,125046,777,11,yellow,14805,,66
event_3817,125046,777,11,substitution,67849,16286,71
event_3818,125046,777,11,substitution,68150,14805,71
event_3819,125046,777,34,substitution,66657,13961,72
event_3820,125046,777,34,substitution,4818,21614,81
event_3821,125046,777,11,yellow,67849,,83
event_3822,125047,777,38,substitution,111988,108947,60
event_3823,125047,777,38,substitution,136815,66692,60
event_3824,125047,777,15,substitution,50623,23702,65
event_3825,125047,777,15,substitution,304123,127668,71
event_3826,125047,777,38,yellow,111988,,75
event_3827,125047,777,38,substitution,126108,14830,78
event_3828,125047,777,38,yellow,126108,,86
event_3829,125048,777,29,yellow,63733,,24
event_3830,125048,777,10,goal,5140,5178,61
event_3831,125048,777,10,substitution,10651,43586,69
event_3832,125048,777,10,substitution,23815,32894,75
event_3833,125048,777,29,substitution,25408,66659,80
event_3834,125048,777,29,substitution,51610,115105,80
event_3835,125048,777,29,substitution,118633,122126,80
event_3836,125048,777,10,substitution,15802,81542,88
event_3837,125048,777,29,substitution,52989,126110,90+2'
event_3838,125049,777,21,substitution,76614,118579,35
event_3839,125049,777,21,yellow,117318,,41
event_3840,125049,777,23,goal,14446,19888,44
event_3841,125049,777,23,goal,124462,,45+5'
event_3842,125049,777,21,substitution,19858,50245,46
event_3843,125049,777,23,yellow,8707,,59
event_3844,125049,777,21,yellow,23764,,62
event_3845,125049,777,21,goal,117596,117318,64
event_3846,125049,777,21,yellow,69274,,67
event_3847,125049,777,23,goal,19888,23747,68
event_3848,125049,777,21,substitution,51185,21887,70
event_3849,125049,777,23,substitution,9662,49259,75
event_3850,125049,777,23,substitution,71623,19888,75
event_3851,125049,777,23,substitution,114590,23747,88
event_3852,125049,777,23,substitution,115256,14446,88
event_3853,125049,777,23,yellow,74761,,89
event_3854,125049,777,23,substitution,108922,74761,90+1'
event_3855,125050,777,25,goal,25183,8868,50
event_3856,125050,777,12,yellow,24252,,57
event_3857,125050,777,12,goal,5793,108936,63
event_3858,125050,777,12,substitution,118591,9566,68
event_3859,125050,777,12,substitution,66036,51202,69
event_3860,125050,777,25,substitution,8454,63257,69
event_3861,125050,777,25,yellow,119072,,70
event_3862,125050,777,25,substitution,117579,145347,80
event_3863,125050,777,25,substitution,122005,66560,80
event_3864,125050,777,12,substitution,50848,24252,82
event_3865,125050,777,25,substitution,4979,65961,90
event_3866,125050,777,25,substitution,13815,8868,90
event_3867,125050,777,12,goal,66036,66360,90+6'
event_3868,125051,777,9,goal,116888,,31
event_3869,125051,777,9,substitution,50151,75543,46
event_3870,125051,777,2,substitution,4115,108096,61
event_3871,125051,777,2,substitution,14801,20489,61
event_3872,125051,777,9,yellow,50151,,62
event_3873,125051,777,9,yellow,9251,,69
event_3874,125051,777,9,substitution,14807,63289,73
event_3875,125051,777,2,yellow,26408,,73
event_3876,125051,777,2,substitution,13286,26408,75
event_3877,125051,777,9,yellow,14608,,79
event_3878,125051,777,9,substitution,14897,116888,83
event_3879,125051,777,2,substitution,107846,24626,87
event_3880,125051,777,2,substitution,133169,13344,87
event_3881,125051,777,2,goal,13286,,88
event_3882,125051,777,9,yellow,115255,,90+2'
event_3883,125052,777,131,yellow,72239,,12
event_3884,125052,777,131,goal,143240,,30
event_3885,125052,777,130,substitution,24659,115166,45
event_3886,125052,777,131,goal,3452,,45+1'
event_3887,125052,777,130,substitution,127594,24369,46
event_3888,125052,777,130,substitution,128891,23194,46
event_3889,125052,777,131,yellow,50727,,54
event_3890,125052,777,131,substitution,4874,72239,65
event_3891,125052,777,130,substitution,49731,3712,67
event_3892,125052,777,131,substitution,67928,143240,76
event_3893,125052,777,130,substitution,133097,20113,81
event_3894,125052,777,131,substitution,124396,2100,90
event_3895,125052,777,130,yellow,128891,,90+3'
event_3896,125053,777,4,goal,72371,21998,4
event_3897,125053,777,43,yellow,68593,,30
event_3898,125053,777,4,yellow,66284,,34
event_3899,125053,777,43,substitution,137462,3955,46
event_3900,125053,777,43,substitution,4617,74960,57
event_3901,125053,777,4,yellow,66284,,72
event_3902,125053,777,4,substitution,13549,49293,75
event_3903,125053,777,43,substitution,19831,8127,78
event_3904,125053,777,4,substitution,51813,72371,80
event_3905,125053,777,4,substitution,119041,68827,80
event_3906,125053,777,43,substitution,74964,51498,83
event_3907,125053,777,43,substitution,8246,50460,84
event_3908,125053,777,4,substitution,132956,21998,88
event_3909,125053,777,4,substitution,125075,14571,89
event_3910,125053,777,4,yellow,14538,,90
event_3911,125053,777,43,goal,75735,4617,90+3'
event_3912,125053,777,43,yellow,8127,,90+3'
event_3913,125053,777,4,yellow,119041,,90+4'
event_3914,125054,777,6,yellow,8589,,15
event_3915,125054,777,6,yellow,147312,,31
event_3916,125054,777,6,yellow,69595,,41
event_3917,125054,777,6,substitution,49759,8589,46
event_3918,125054,777,38,yellow,108877,,58
event_3919,125054,777,38,yellow,108877,,61
event_3920,125054,777,38,substitution,136815,9199,63
event_3921,125054,777,6,yellow,110549,,67
event_3922,125054,777,6,substitution,72265,110549,72
event_3923,125054,777,6,substitution,49374,109117,77
event_3924,125054,777,38,substitution,133679,126108,87
event_3925,125054,777,6,goal,72265,24334,90
event_3926,125054,777,38,substitution,14830,115114,90+2'
event_3927,125054,777,38,yellow,143214,,90+3'
event_3928,125054,777,6,yellow,49796,,90+7'
event_3929,125055,777,12,substitution,66036,69176,58
event_3930,125055,777,12,goal,66036,66360,71
event_3931,125055,777,7,substitution,118442,134286,73
event_3932,125055,777,12,substitution,33245,66360,77
event_3933,125055,777,7,yellow,4640,,77
event_3934,125055,777,7,substitution,126789,66538,79
event_3935,125055,777,7,yellow,8143,,84
event_3936,125055,777,12,yellow,9566,,84
event_3937,125055,777,12,yellow,33245,,90+2'
event_3938,125055,777,12,substitution,133114,51202,90+5'
event_3939,125055,777,12,yellow,23396,,90+5'
event_3940,125056,777,23,yellow,8707,,9
event_3941,125056,777,11,goal,112948,76216,14
event_3942,125056,777,23,goal,108922,19888,22
event_3943,125056,777,11,goal,112948,65970,27
event_3944,125056,777,11,yellow,16431,,41
event_3945,125056,777,11,substitution,137371,16431,46
event_3946,125056,777,23,yellow,14446,,48
event_3947,125056,777,11,yellow,5067,,50
event_3948,125056,777,11,substitution,68150,76216,58
event_3949,125056,777,23,substitution,14716,14446,60
event_3950,125056,777,23,substitution,20607,115256,60
event_3951,125056,777,23,yellow,14716,,62
event_3952,125056,777,23,yellow,3905,,65
event_3953,125056,777,23,substitution,9662,49259,78
event_3954,125056,777,23,substitution,114590,23747,78
event_3955,125056,777,11,substitution,14805,25474,87
event_3956,125056,777,23,yellow,20607,,89
event_3957,125057,777,15,yellow,15259,,20
event_3958,125057,777,15,yellow,10439,,61
event_3959,125057,777,15,substitution,50623,23702,66
event_3960,125057,777,15,substitution,138137,98300,66
event_3961,125057,777,10,substitution,15802,32894,77
event_3962,125057,777,10,substitution,134796,5178,77
event_3963,125057,777,15,substitution,115172,51593,77
event_3964,125057,777,15,substitution,127668,304123,77
event_3965,125057,777,10,substitution,10458,116665,83
event_3966,125057,777,10,substitution,10651,23815,83
event_3967,125057,777,10,goal,63633,,89
event_3968,125057,777,15,substitution,49270,15259,90+3'
event_3969,125057,777,10,goal,63633,,90+7'
event_3970,125058,777,29,substitution,25408,51199,12
event_3971,125058,777,29,substitution,51610,327129,39
event_3972,125058,777,34,yellow,11071,,41
event_3973,125058,777,34,substitution,66657,121610,45+1'
event_3974,125058,777,34,goal,11071,4717,54
event_3975,125058,777,29,yellow,67784,,60
event_3976,125058,777,34,penalty goal,11071,,61
event_3977,125058,777,34,substitution,117763,11071,65
event_3978,125058,777,29,substitution,52989,67784,70
event_3979,125058,777,29,substitution,126920,115105,70
event_3980,125058,777,29,substitution,12136,126110,71
event_3981,125058,777,29,penalty goal,138104,,76
event_3982,125058,777,34,goal,4717,13961,85
event_3983,125058,777,34,substitution,3894,14445,88
event_3984,125058,777,34,substitution,6712,4880,88
event_3985,125058,777,34,substitution,35752,4717,88
event_3986,125059,777,1,yellow,67776,,27
event_3987,125059,777,1,goal,21584,,32
event_3988,125059,777,21,goal,51185,,34
event_3989,125059,777,21,yellow,117596,,35
event_3990,125059,777,1,goal,32728,67776,47
event_3991,125059,777,1,substitution,119476,67776,57
event_3992,125059,777,1,goal,21584,,61
event_3993,125059,777,21,substitution,10443,21887,62
event_3994,125059,777,21,substitution,24630,51185,68
event_3995,125059,777,1,substitution,66104,20486,76
event_3996,125059,777,1,substitution,11419,21584,77
event_3997,125059,777,21,substitution,76614,19858,82
event_3998,125059,777,21,yellow,50245,,86
event_3999,125059,777,1,substitution,67407,49481,90+1'
event_4000,125059,777,1,goal,32728,11419,90+4'
event_4001,125060,777,25,yellow,25183,,33
event_4002,125060,777,127,yellow,54989,,44
event_4003,125060,777,127,substitution,13706,118080,66
event_4004,125060,777,127,substitution,15572,42894,66
event_4005,125060,777,25,substitution,8454,25183,72
event_4006,125060,777,127,substitution,14846,33032,80
event_4007,125060,777,25,substitution,140223,122005,84
event_4008,125060,777,127,substitution,3512,119381,89
event_4009,125060,777,127,substitution,16582,137832,89
event_4010,125061,777,1,goal,66204,50234,21
event_4011,125061,777,1,substitution,66104,20486,56
event_4012,125061,777,4,yellow,49293,,59
event_4013,125061,777,4,yellow,119041,,65
event_4014,125061,777,1,goal,67776,15202,66
event_4015,125061,777,4,yellow,21998,,67
event_4016,125061,777,4,yellow,21998,,70
event_4017,125061,777,4,substitution,68827,119041,75
event_4018,125061,777,4,substitution,99282,133245,75
event_4019,125061,777,1,yellow,50234,,75
event_4020,125061,777,1,substitution,20810,32728,76
event_4021,125061,777,1,substitution,42331,15202,76
event_4022,125061,777,4,yellow,63741,,79
event_4023,125061,777,4,substitution,51813,63741,86
event_4024,125061,777,4,substitution,68987,49293,86
event_4025,125061,777,4,substitution,13549,132956,90
event_4026,125062,777,29,goal,126920,,18
event_4027,125062,777,29,yellow,124944,,33
event_4028,125062,777,127,substitution,33032,13706,46
event_4029,125062,777,127,yellow,42894,,58
event_4030,125062,777,127,substitution,15572,42894,62
event_4031,125062,777,127,goal,33032,14846,64
event_4032,125062,777,29,substitution,10394,118633,69
event_4033,125062,777,29,yellow,75692,,74
event_4034,125062,777,29,substitution,115105,12136,76
event_4035,125062,777,127,substitution,16582,137832,81
event_4036,125062,777,127,substitution,118080,14846,81
event_4037,125062,777,127,substitution,135304,33032,85
event_4038,125062,777,127,yellow,135304,,86
event_4039,125062,777,127,yellow,15572,,90
event_4040,125062,777,127,yellow,74976,,90+5'
event_4041,125062,777,29,substitution,52989,126920,90+6'
event_4042,125063,777,131,goal,143240,22542,6
event_4043,125063,777,15,goal,15259,304123,13
event_4044,125063,777,131,goal,3452,112739,15
event_4045,125063,777,15,yellow,51593,,30
event_4046,125063,777,131,yellow,72239,,55
event_4047,125063,777,15,substitution,76426,23811,56
event_4048,125063,777,15,substitution,304238,98300,56
event_4049,125063,777,131,substitution,4874,72239,71
event_4050,125063,777,15,substitution,138137,23702,74
event_4051,125063,777,15,substitution,50623,10439,82
event_4052,125063,777,15,substitution,15340,304123,83
event_4053,125063,777,131,yellow,117732,,84
event_4054,125063,777,131,substitution,8171,143240,86
event_4055,125063,777,131,substitution,124396,2100,86
event_4056,125063,777,131,substitution,67928,117732,90+1'
event_4057,125063,777,131,yellow,8163,,90+3'
event_4058,125064,777,130,goal,49731,133890,9
event_4059,125064,777,130,goal,124052,49731,25
event_4060,125064,777,130,goal,127594,,34
event_4061,125064,777,43,substitution,64282,19831,46
event_4062,125064,777,43,substitution,74960,8127,46
event_4063,125064,777,43,goal,50460,68593,47
event_4064,125064,777,43,goal,75735,68593,60
event_4065,125064,777,130,substitution,3712,128891,72
event_4066,125064,777,130,substitution,24369,127594,72
event_4067,125064,777,130,substitution,133097,133890,72
event_4068,125064,777,43,substitution,63851,4617,75
event_4069,125064,777,130,yellow,124052,,77
event_4070,125064,777,43,goal,75735,,78
event_4071,125064,777,43,substitution,74964,68593,84
event_4072,125064,777,43,yellow,51498,,86
event_4073,125064,777,43,substitution,8246,75735,90+1'
event_4074,125064,777,130,goal,49731,10947,90+3'
event_4075,125064,777,43,goal,8246,13622,90+8'
event_4076,125064,777,130,yellow,128891,,90+10'
event_4077,125064,777,43,yellow,64282,,90+11'
event_4078,125065,777,34,goal,13961,,7
event_4079,125065,777,34,goal,4717,13961,34
event_4080,125065,777,21,substitution,24630,69274,58
event_4081,125065,777,21,substitution,76614,51185,58
event_4082,125065,777,21,substitution,117318,21887,58
event_4083,125065,777,34,yellow,49884,,61
event_4084,125065,777,21,yellow,75582,,64
event_4085,125065,777,21,goal,24630,117596,66
event_4086,125065,777,21,yellow,24630,,66
event_4087,125065,777,34,yellow,23793,,66
event_4088,125065,777,34,substitution,3894,14445,72
event_4089,125065,777,34,substitution,53063,13961,72
event_4090,125065,777,34,substitution,117763,11071,73
event_4091,125065,777,34,substitution,128976,66657,75
event_4092,125065,777,21,substitution,327705,50245,80
event_4093,125065,777,21,substitution,25892,69070,90
event_4094,125065,777,34,substitution,35752,4717,90
event_4095,125065,777,34,yellow,3894,,90+2'
event_4096,125065,777,21,yellow,32229,,90+5'
event_4097,125066,777,11,goal,25474,71432,45+2'
event_4098,125066,777,9,substitution,14807,63289,65
event_4099,125066,777,11,substitution,126943,76216,68
event_4100,125066,777,11,substitution,26335,112948,70
event_4101,125066,777,9,substitution,68676,115255,75
event_4102,125066,777,9,substitution,13797,14608,76
event_4103,125066,777,11,yellow,22857,,85
event_4104,125066,777,9,substitution,50151,13796,87
event_4105,125066,777,9,substitution,50643,13515,87
event_4106,125066,777,11,substitution,4499,68150,88
event_4107,125066,777,11,yellow,71432,,90+2'
event_4108,125066,777,11,yellow,126943,,90+2'
event_4109,125067,777,10,goal,81542,49909,5
event_4110,125067,777,10,goal,5140,33231,24
event_4111,125067,777,10,goal,63633,81542,43
event_4112,125067,777,25,yellow,122005,,45
event_4113,125067,777,25,goal,25183,145347,49
event_4114,125067,777,10,yellow,32894,,55
event_4115,125067,777,10,goal,32894,81542,70
event_4116,125067,777,25,goal,63257,8868,75
event_4117,125067,777,10,substitution,134796,81542,76
event_4118,125067,777,25,substitution,4979,122005,76
event_4119,125067,777,10,substitution,19919,10651,77
event_4120,125067,777,25,yellow,65961,,79
event_4121,125067,777,10,yellow,33231,,85
event_4122,125067,777,10,substitution,130665,49909,86
event_4123,125067,777,25,substitution,131312,145347,90
event_4124,125067,777,25,substitution,140223,25183,90
event_4125,125068,777,6,goal,76104,49374,4
event_4126,125068,777,6,yellow,49759,,6
event_4127,125068,777,12,substitution,33245,4608,24
event_4128,125068,777,12,yellow,24252,,36
event_4129,125068,777,6,yellow,13988,,49
event_4130,125068,777,6,red,76104,,56
event_4131,125068,777,12,penalty goal,23396,,57
event_4132,125068,777,6,substitution,72265,49374,58
event_4133,125068,777,6,substitution,110549,35670,58
event_4134,125068,777,12,goal,66036,23396,65
event_4135,125068,777,6,substitution,8589,69595,68
event_4136,125068,777,12,substitution,69176,66036,75
event_4137,125068,777,6,substitution,109117,49759,85
event_4138,125068,777,12,substitution,133114,9566,85
event_4139,125068,777,12,substitution,50848,66360,86
event_4140,125068,777,12,yellow,133114,,89
event_4141,125069,777,7,goal,66318,23841,19
event_4142,125069,777,23,goal,19888,71623,32
event_4143,125069,777,7,goal,126789,,34
event_4144,125069,777,23,substitution,14446,19888,46
event_4145,125069,777,7,yellow,14706,,53
event_4146,125069,777,23,substitution,9662,49259,56
event_4147,125069,777,23,substitution,14716,115256,56
event_4148,125069,777,23,yellow,14446,,61
event_4149,125069,777,7,yellow,23841,,67
event_4150,125069,777,7,substitution,143922,126789,74
event_4151,125069,777,23,substitution,117497,3905,75
event_4152,125069,777,7,substitution,134286,24797,81
event_4153,125069,777,23,goal,9662,20607,82
event_4154,125069,777,7,goal,143922,14706,83
event_4155,125069,777,23,substitution,114590,23747,86
event_4156,125069,777,23,yellow,8707,,88
event_4157,125069,777,7,substitution,4333,14706,89
event_4158,125069,777,7,yellow,143922,,90+5'
event_4159,125070,777,38,yellow,115114,,45+1'
event_4160,125070,777,38,yellow,9199,,52
event_4161,125070,777,2,yellow,26408,,54
event_4162,125070,777,38,yellow,126108,,58
event_4163,125070,777,2,substitution,4115,24626,60
event_4164,125070,777,2,substitution,20489,14801,60
event_4165,125070,777,38,goal,133679,9199,61
event_4166,125070,777,2,substitution,13286,26408,70
event_4167,125070,777,2,substitution,51223,5758,70
event_4168,125070,777,2,yellow,20489,,75
event_4169,125070,777,38,substitution,115371,126108,81
event_4170,125070,777,2,substitution,326089,8658,86
event_4171,125070,777,38,substitution,14830,143214,89
event_4172,125070,777,2,yellow,13344,,90+2'
event_4173,125070,777,38,substitution,108947,9199,90+3'
event_4174,125070,777,38,goal,108947,,90+8'
event_4175,125071,777,2,goal,24626,20489,2
event_4176,125071,777,2,yellow,13344,,32
event_4177,125071,777,4,goal,72371,68827,35
event_4178,125071,777,2,goal,8658,23968,41
event_4179,125071,777,4,goal,72371,63741,45+6'
event_4180,125071,777,2,substitution,107846,13344,46
event_4181,125071,777,4,yellow,72371,,54
event_4182,125071,777,4,goal,49293,72371,55
event_4183,125071,777,2,yellow,23968,,58
event_4184,125071,777,4,yellow,63741,,58
event_4185,125071,777,2,substitution,4115,24626,63
event_4186,125071,777,2,substitution,14801,26408,63
event_4187,125071,777,2,substitution,326089,20489,63
event_4188,125071,777,4,goal,72371,68987,64
event_4189,125071,777,2,yellow,8658,,68
event_4190,125071,777,2,substitution,13286,8658,71
event_4191,125071,777,4,substitution,99282,68827,75
event_4192,125071,777,4,substitution,13549,66284,79
event_4193,125071,777,4,substitution,27277,63741,79
event_4194,125071,777,4,substitution,51813,72371,85
event_4195,125071,777,4,substitution,133245,49293,85
event_4196,125072,777,130,substitution,20113,10947,21
event_4197,125072,777,130,yellow,49726,,60
event_4198,125072,777,130,substitution,128891,3712,62
event_4199,125072,777,127,substitution,118080,134234,74
event_4200,125072,777,127,substitution,137832,15572,74
event_4201,125072,777,127,substitution,16582,33032,80
event_4202,125072,777,130,substitution,24369,133890,87
event_4203,125072,777,127,yellow,42894,,90+4'
event_4204,125072,777,127,yellow,14846,,90+5'
event_4205,125073,777,1,goal,49481,67776,9
event_4206,125073,777,1,yellow,119476,,11
event_4207,125073,777,131,substitution,136175,117732,46
event_4208,125073,777,131,yellow,143240,,52
event_4209,125073,777,1,substitution,20810,32728,59
event_4210,125073,777,1,substitution,20486,66104,60
event_4211,125073,777,1,substitution,69914,119476,64
event_4212,125073,777,131,substitution,3452,112739,69
event_4213,125073,777,131,substitution,4874,72239,77
event_4214,125073,777,131,substitution,129952,143240,77
event_4215,125073,777,131,substitution,134333,124396,78
event_4216,125073,777,1,substitution,42331,64523,80
event_4217,125073,777,131,yellow,20505,,80
event_4218,125073,777,131,yellow,50727,,81
event_4219,125073,777,131,yellow,134333,,90+5'
event_4220,125074,777,7,goal,8143,23841,32
event_4221,125074,777,43,substitution,4617,63851,57
event_4222,125074,777,43,substitution,74964,13622,57
event_4223,125074,777,7,goal,14706,31936,60
event_4224,125074,777,43,yellow,51498,,64
event_4225,125074,777,43,substitution,8127,68593,72
event_4226,125074,777,7,substitution,4333,66318,83
event_4227,125074,777,7,substitution,143922,126789,83
event_4228,125074,777,43,substitution,8246,74960,83
event_4229,125074,777,7,substitution,66538,12582,87
event_4230,125074,777,7,substitution,118442,24797,87
event_4231,125074,777,7,substitution,112917,31936,90+3'
event_4232,125075,777,25,yellow,119072,,17
event_4233,125075,777,25,yellow,14164,,41
event_4234,125075,777,25,substitution,122005,8454,60
event_4235,125075,777,34,substitution,117763,11071,60
event_4236,125075,777,34,substitution,14445,128976,61
event_4237,125075,777,34,substitution,66657,3894,61
event_4238,125075,777,25,goal,65961,8868,65
event_4239,125075,777,34,substitution,6712,4880,82
event_4240,125075,777,34,substitution,14656,21614,82
event_4241,125075,777,25,substitution,4979,63257,88
event_4242,125075,777,34,yellow,23793,,90+1'
event_4243,125075,777,25,substitution,32638,63656,90+2'
event_4244,125075,777,25,substitution,140223,119072,90+2'
event_4245,125075,777,25,yellow,140223,,90+9'
event_4246,125075,777,34,yellow,14624,,90+9'
event_4247,125075,777,25,yellow,8868,,90+10'
event_4248,125076,777,29,yellow,10361,,45+2'
event_4249,125076,777,29,substitution,12136,25408,55
event_4250,125076,777,29,substitution,52989,126920,56
event_4251,125076,777,29,yellow,126110,,58
event_4252,125076,777,9,substitution,14807,115255,62
event_4253,125076,777,29,yellow,66659,,63
event_4254,125076,777,9,goal,13796,116888,64
event_4255,125076,777,29,penalty goal,126110,,70
event_4256,125076,777,9,substitution,13797,13515,74
event_4257,125076,777,9,substitution,68676,63289,74
event_4258,125076,777,9,substitution,50151,75543,84
event_4259,125076,777,9,substitution,50643,14608,84
event_4260,125076,777,29,substitution,10394,115105,88
event_4261,125076,777,9,yellow,68676,,90
event_4262,125076,777,29,substitution,119614,10394,90+5'
event_4263,125077,777,11,goal,25474,68150,31
event_4264,125077,777,15,yellow,108816,,45+1'
event_4265,125077,777,15,goal,15259,304123,56
event_4266,125077,777,15,yellow,139648,,60
event_4267,125077,777,11,goal,16286,71432,62
event_4268,125077,777,15,yellow,16035,,63
event_4269,125077,777,15,substitution,23702,115172,64
event_4270,125077,777,15,goal,51593,23702,76
event_4271,125077,777,11,substitution,54156,14805,77
event_4272,125077,777,11,substitution,137371,71432,77
event_4273,125077,777,15,substitution,15340,304123,79
event_4274,125077,777,11,substitution,126943,68150,82
event_4275,125077,777,15,substitution,14238,15259,90
event_4276,125077,777,15,substitution,67510,23811,90
event_4277,125077,777,15,yellow,16723,,90+4'
event_4278,125078,777,23,yellow,19888,,26
event_4279,125078,777,12,yellow,66360,,37
event_4280,125078,777,23,yellow,20607,,38
event_4281,125078,777,12,yellow,4608,,39
event_4282,125078,777,23,yellow,19888,,45+1'
event_4283,125078,777,23,penalty goal,23747,,45+6'
event_4284,125078,777,12,goal,5793,23396,45+9'
event_4285,125078,777,23,substitution,14446,14716,46
event_4286,125078,777,12,substitution,24252,5793,61
event_4287,125078,777,12,substitution,118031,4608,61
event_4288,125078,777,12,yellow,33245,,64
event_4289,125078,777,12,substitution,69176,108936,76
event_4290,125078,777,12,substitution,50848,66360,77
event_4291,125078,777,23,yellow,3905,,80
event_4292,125078,777,23,substitution,9662,49259,84
event_4293,125078,777,12,substitution,23581,33245,85
event_4294,125078,777,23,substitution,114590,23747,85
event_4295,125078,777,23,goal,114590,3905,90
event_4296,125078,777,23,substitution,49908,71623,90+7'
event_4297,125079,777,21,yellow,327705,,7
event_4298,125079,777,6,substitution,4604,76353,14
event_4299,125079,777,6,yellow,35670,,22
event_4300,125079,777,21,yellow,117318,,25
event_4301,125079,777,6,goal,49796,72265,29
event_4302,125079,777,21,goal,10443,117596,34
event_4303,125079,777,21,red,75582,,38
event_4304,125079,777,6,penalty goal,49796,,40
event_4305,125079,777,21,substitution,21887,327705,43
event_4306,125079,777,21,substitution,50245,51185,43
event_4307,125079,777,6,goal,35670,69595,45+1'
event_4308,125079,777,6,goal,49796,69595,45+7'
event_4309,125079,777,6,substitution,49374,72265,67
event_4310,125079,777,21,substitution,24630,10443,74
event_4311,125079,777,21,substitution,69274,32229,74
event_4312,125079,777,6,substitution,8589,69595,81
event_4313,125079,777,6,substitution,146391,35670,81
event_4314,125079,777,21,yellow,50245,,82
event_4315,125079,777,6,yellow,4604,,90+2'
event_4316,125080,777,10,yellow,49909,,22
event_4317,125080,777,10,substitution,23815,49909,46
event_4318,125080,777,38,substitution,115114,4229,59
event_4319,125080,777,38,substitution,115371,9199,60
event_4320,125080,777,38,substitution,126108,14830,60
event_4321,125080,777,10,substitution,10458,116665,65
event_4322,125080,777,10,substitution,134796,32894,65
event_4323,125080,777,38,yellow,133679,,69
event_4324,125080,777,38,substitution,108947,145492,70
event_4325,125080,777,10,substitution,10651,19919,72
event_4326,125080,777,38,goal,108947,115371,78
event_4327,125080,777,10,substitution,15802,23593,79
event_4328,125080,777,38,substitution,66692,136815,79
event_4329,125080,777,10,goal,5178,,83
event_4330,125080,777,38,yellow,43010,,90
event_4331,125080,777,38,goal,143214,111988,90+4'
event_4332,125081,777,1,substitution,119476,67776,38
event_4333,125081,777,1,substitution,32728,20810,61
event_4334,125081,777,1,substitution,66104,67407,61
event_4335,125081,777,7,substitution,143922,126789,69
event_4336,125081,777,1,substitution,118077,69914,74
event_4337,125081,777,1,substitution,141181,64523,74
event_4338,125081,777,7,substitution,128411,66538,86
event_4339,125081,777,7,substitution,134286,24797,86
event_4340,125081,777,1,goal,32728,118077,89
event_4341,125081,777,7,substitution,118442,12582,90+5'
event_4342,125081,777,1,goal,141181,66104,90+7'
event_4343,125082,777,130,goal,133460,24369,22
event_4344,125082,777,38,yellow,9199,,24
event_4345,125082,777,130,goal,124052,133890,37
event_4346,125082,777,38,goal,9199,126108,44
event_4347,125082,777,38,yellow,108877,,45+1'
event_4348,125082,777,38,substitution,14830,145492,46
event_4349,125082,777,130,yellow,24659,,57
event_4350,125082,777,130,substitution,128891,127594,68
event_4351,125082,777,130,substitution,20113,49731,72
event_4352,125082,777,38,substitution,115371,126108,74
event_4353,125082,777,38,goal,115371,133679,77
event_4354,125082,777,130,yellow,20113,,77
event_4355,125082,777,130,substitution,14450,133890,85
event_4356,125082,777,38,substitution,108947,9199,87
event_4357,125082,777,38,yellow,14830,,89
event_4358,125082,777,38,yellow,15715,,90+3'
event_4359,125083,777,127,substitution,118080,15572,61
event_4360,125083,777,127,substitution,119381,3512,61
event_4361,125083,777,43,substitution,15139,64282,66
event_4362,125083,777,43,substitution,13622,124531,74
event_4363,125083,777,43,substitution,137462,127393,74
event_4364,125083,777,43,yellow,68593,,76
event_4365,125083,777,127,substitution,13706,137832,80
event_4366,125083,777,127,substitution,16582,134234,87
event_4367,125083,777,43,substitution,31442,75735,88
event_4368,125083,777,43,substitution,74960,8127,88
event_4369,125084,777,23,goal,23747,14446,18
event_4370,125084,777,4,yellow,66284,,23
event_4371,125084,777,4,yellow,112203,,25
event_4372,125084,777,4,substitution,51813,68827,46
event_4373,125084,777,4,substitution,99282,112203,61
event_4374,125084,777,23,substitution,20607,115256,67
event_4375,125084,777,23,substitution,8707,14446,77
event_4376,125084,777,23,substitution,49259,9662,78
event_4377,125084,777,4,substitution,119041,66284,82
event_4378,125084,777,23,yellow,13703,,84
event_4379,125084,777,23,yellow,108922,,89
event_4380,125085,777,9,yellow,75543,,26
event_4381,125085,777,9,yellow,50151,,31
event_4382,125085,777,6,yellow,8589,,44
event_4383,125085,777,9,yellow,75543,,45+5'
event_4384,125085,777,9,substitution,14608,63289,46
event_4385,125085,777,9,substitution,115255,14807,46
event_4386,125085,777,6,yellow,49374,,55
event_4387,125085,777,6,substitution,20874,35670,60
event_4388,125085,777,6,substitution,69595,8589,60
event_4389,125085,777,6,substitution,49759,147312,80
event_4390,125085,777,6,substitution,109117,49374,80
event_4391,125086,777,10,goal,33231,,18
event_4392,125086,777,21,substitution,69274,327705,56
event_4393,125086,777,10,substitution,5178,19919,64
event_4394,125086,777,10,substitution,23815,75382,64
event_4395,125086,777,10,substitution,81542,134796,64
event_4396,125086,777,21,substitution,51185,76614,75
event_4397,125086,777,21,substitution,127846,23764,76
event_4398,125086,777,10,substitution,130665,32894,83
event_4399,125086,777,21,goal,24630,51185,90
event_4400,125086,777,10,substitution,15802,63633,90+1'
event_4401,125086,777,21,substitution,124319,24630,90+6'
event_4402,125087,777,2,yellow,8658,,41
event_4403,125087,777,12,goal,5793,23396,53
event_4404,125087,777,2,substitution,13286,8658,60
event_4405,125087,777,12,yellow,5793,,60
event_4406,125087,777,2,substitution,20489,51423,61
event_4407,125087,777,2,goal,4115,,64
event_4408,125087,777,2,yellow,26408,,69
event_4409,125087,777,12,goal,51202,23396,71
event_4410,125087,777,12,yellow,118591,,72
event_4411,125087,777,12,substitution,66036,66360,75
event_4412,125087,777,12,goal,66036,,81
event_4413,125087,777,2,substitution,24626,4115,82
event_4414,125087,777,2,substitution,51223,5758,82
event_4415,125087,777,2,substitution,133169,26408,86
event_4416,125087,777,12,substitution,118031,5793,90+1'
event_4417,125087,777,12,yellow,9566,,90+6'
event_4418,125088,777,15,yellow,23811,,18
event_4419,125088,777,34,yellow,21614,,32
event_4420,125088,777,15,yellow,51593,,45+2'
event_4421,125088,777,15,substitution,50623,115172,46
event_4422,125088,777,15,substitution,98300,23702,46
event_4423,125088,777,34,yellow,14624,,61
event_4424,125088,777,34,substitution,53063,66657,62
event_4425,125088,777,34,substitution,117763,11071,62
event_4426,125088,777,15,goal,50623,23811,63
event_4427,125088,777,15,substitution,15340,304123,63
event_4428,125088,777,34,substitution,16044,128976,63
event_4429,125088,777,15,substitution,14238,15259,74
event_4430,125088,777,34,yellow,26151,,75
event_4431,125088,777,34,substitution,3894,21614,78
event_4432,125088,777,15,substitution,49270,51593,88
event_4433,125088,777,34,substitution,14656,13961,90+1'
event_4434,125089,777,29,goal,119614,66659,49
event_4435,125089,777,131,yellow,143240,,51
event_4436,125089,777,131,goal,136175,,58
event_4437,125089,777,29,substitution,10361,19864,64
event_4438,125089,777,131,yellow,136175,,74
event_4439,125089,777,29,yellow,12136,,75
event_4440,125089,777,131,substitution,67928,136175,76
event_4441,125089,777,29,substitution,126920,67784,78
event_4442,125089,777,29,substitution,51609,118633,85
event_4443,125089,777,131,substitution,134333,112739,88
event_4444,125089,777,131,substitution,4874,143240,90+4'
event_4445,125089,777,131,substitution,14671,3452,90+5'
event_4446,125090,777,11,yellow,76216,,11
event_4447,125090,777,11,goal,5067,76216,31
event_4448,125090,777,25,goal,32638,8868,35
event_4449,125090,777,11,yellow,5067,,37
event_4450,125090,777,11,substitution,54156,71432,60
event_4451,125090,777,11,substitution,68150,76216,60
event_4452,125090,777,25,substitution,122005,304595,64
event_4453,125090,777,11,substitution,14805,25474,75
event_4454,125090,777,11,substitution,26335,5067,75
event_4455,125090,777,25,substitution,4979,63257,75
event_4456,125090,777,25,yellow,122005,,76
event_4457,125090,777,25,yellow,119072,,89
event_4458,125090,777,25,substitution,140223,8868,90+6'
event_4459,125091,777,2,goal,51423,14801,15
event_4460,125091,777,25,yellow,14164,,45
event_4461,125091,777,25,substitution,4979,66560,46
event_4462,125091,777,25,substitution,8454,63257,46
event_4463,125091,777,2,substitution,5865,51423,67
event_4464,125091,777,2,substitution,20489,14801,67
event_4465,125091,777,2,substitution,24626,4115,67
event_4466,125091,777,2,goal,8658,,68
event_4467,125091,777,2,substitution,26408,23968,77
event_4468,125091,777,25,substitution,122005,14164,83
event_4469,125091,777,25,substitution,140223,25183,83
event_4470,125091,777,2,substitution,13286,8658,87
event_4471,125092,777,12,yellow,5793,,28
event_4472,125092,777,127,yellow,119381,,59
event_4473,125092,777,12,penalty goal,23396,,61
event_4474,125092,777,127,goal,15572,74965,67
event_4475,125092,777,12,substitution,66036,66360,71
event_4476,125092,777,127,substitution,3512,119381,73
event_4477,125092,777,127,substitution,13706,118080,73
event_4478,125092,777,127,substitution,137832,15572,73
event_4479,125092,777,12,red,9566,,78
event_4480,125092,777,127,penalty goal,137832,,81
event_4481,125092,777,12,substitution,118031,5793,82
event_4482,125092,777,12,substitution,133114,51202,82
event_4483,125092,777,127,substitution,121972,134234,87
event_4484,125092,777,127,yellow,3512,,90+2'
event_4485,125092,777,12,yellow,66036,,90+5'
event_4486,125092,777,12,substitution,14580,69176,90+6'
event_4487,125093,777,10,substitution,23815,81542,8
event_4488,125093,777,131,goal,3452,143240,14
event_4489,125093,777,131,yellow,136175,,25
event_4490,125093,777,10,goal,116665,,30
event_4491,125093,777,10,yellow,23593,,45
event_4492,125093,777,131,yellow,143240,,45+5'
event_4493,125093,777,131,yellow,3452,,48
event_4494,125093,777,131,goal,3452,112739,56
event_4495,125093,777,10,yellow,19919,,61
event_4496,125093,777,10,substitution,134796,19919,63
event_4497,125093,777,10,yellow,63633,,68
event_4498,125093,777,10,substitution,10458,116665,76
event_4499,125093,777,131,substitution,117732,136175,76
event_4500,125093,777,131,substitution,124396,2100,76
event_4501,125093,777,10,substitution,15802,23593,77
event_4502,125093,777,10,yellow,33231,,79
event_4503,125093,777,131,substitution,51830,3452,83
event_4504,125093,777,131,substitution,134333,112739,83
event_4505,125093,777,131,yellow,8163,,85
event_4506,125093,777,10,yellow,15802,,90
event_4507,125093,777,131,substitution,4874,143240,90+1'
event_4508,125093,777,131,yellow,72239,,90+4'
event_4509,125094,777,7,goal,126789,23841,33
event_4510,125094,777,4,substitution,68987,68827,46
event_4511,125094,777,4,substitution,133245,99282,57
event_4512,125094,777,7,goal,126789,12582,62
event_4513,125094,777,4,yellow,68987,,69
event_4514,125094,777,4,substitution,304474,21998,70
event_4515,125094,777,7,goal,31936,126789,76
event_4516,125094,777,4,substitution,13549,112203,78
event_4517,125094,777,4,substitution,51813,72371,78
event_4518,125094,777,7,substitution,66318,24797,78
event_4519,125094,777,7,substitution,143922,126789,82
event_4520,125094,777,4,yellow,66284,,87
event_4521,125094,777,7,substitution,66538,14706,89
event_4522,125094,777,7,substitution,128411,31936,89
event_4523,125095,777,43,substitution,74960,68593,18
event_4524,125095,777,43,yellow,8127,,37
event_4525,125095,777,34,yellow,14624,,55
event_4526,125095,777,43,goal,75735,64282,60
event_4527,125095,777,34,substitution,14656,14624,61
event_4528,125095,777,34,substitution,53063,66657,62
event_4529,125095,777,43,yellow,4617,,64
event_4530,125095,777,34,goal,128976,,67
event_4531,125095,777,34,goal,13961,128976,73
event_4532,125095,777,43,substitution,8246,4617,78
event_4533,125095,777,43,substitution,15139,64282,78
event_4534,125095,777,34,substitution,11071,117763,82
event_4535,125095,777,34,substitution,14445,128976,82
event_4536,125095,777,34,substitution,4818,13961,87
event_4537,125095,777,43,substitution,74964,3955,87
event_4538,125095,777,34,yellow,4717,,90+2'
event_4539,125095,777,43,red,8127,,90+3'
event_4540,125095,777,34,penalty goal,11071,,90+5'
event_4541,125096,777,9,yellow,33124,,38
event_4542,125096,777,9,yellow,14608,,42
event_4543,125096,777,9,substitution,33162,14807,69
event_4544,125096,777,9,substitution,126426,63289,69
event_4545,125096,777,130,substitution,133890,127594,77
event_4546,125096,777,9,substitution,13797,33124,83
event_4547,125097,777,11,goal,25474,14805,32
event_4548,125097,777,11,goal,76216,14805,40
event_4549,125097,777,6,yellow,24334,,52
event_4550,125097,777,11,substitution,4499,76204,58
event_4551,125097,777,11,substitution,54156,67178,58
event_4552,125097,777,6,substitution,35670,20874,60
event_4553,125097,777,6,substitution,49796,109117,60
event_4554,125097,777,6,substitution,69595,8589,60
event_4555,125097,777,6,substitution,49759,49374,75
event_4556,125097,777,11,substitution,12520,5067,79
event_4557,125097,777,11,substitution,68150,76216,79
event_4558,125097,777,6,yellow,49759,,81
event_4559,125097,777,6,substitution,4604,76353,82
event_4560,125097,777,11,substitution,4505,14805,82
event_4561,125097,777,11,goal,126943,68150,84
event_4562,125098,777,23,goal,23747,115256,10
event_4563,125098,777,29,yellow,122126,,44
event_4564,125098,777,23,substitution,124462,49908,54
event_4565,125098,777,29,goal,118633,,57
event_4566,125098,777,23,substitution,9662,49259,65
event_4567,125098,777,23,substitution,14446,115256,65
event_4568,125098,777,23,substitution,49495,3905,65
event_4569,125098,777,23,substitution,114590,14716,76
event_4570,125098,777,29,yellow,66659,,82
event_4571,125098,777,29,substitution,138104,126110,85
event_4572,125098,777,23,substitution,117497,23747,89
event_4573,125098,777,29,goal,67784,,90
event_4574,125098,777,23,yellow,20607,,90+1'
event_4575,125098,777,29,yellow,67784,,90+1'
event_4576,125098,777,29,substitution,63733,118633,90+3'
event_4577,125098,777,29,substitution,126920,67784,90+3'
event_4578,125098,777,29,yellow,25408,,90+4'
event_4579,125098,777,29,yellow,124944,,90+4'
event_4580,125098,777,29,yellow,63733,,90+9'
event_4581,125099,777,15,goal,304123,23811,45
event_4582,125099,777,21,substitution,126824,75582,46
event_4583,125099,777,21,substitution,133603,23764,46
event_4584,125099,777,15,yellow,108816,,53
event_4585,125099,777,15,goal,15259,23702,62
event_4586,125099,777,21,substitution,51185,76614,67
event_4587,125099,777,21,substitution,69274,24630,67
event_4588,125099,777,15,substitution,14238,23702,70
event_4589,125099,777,15,substitution,15340,304123,71
event_4590,125099,777,15,substitution,50623,98300,80
event_4591,125099,777,21,yellow,126824,,82
event_4592,125099,777,21,substitution,21887,117596,84
event_4593,125099,777,15,goal,15340,23811,87
event_4594,125099,777,15,yellow,15340,,88
event_4595,125099,777,15,substitution,115172,51593,90+1'
event_4596,125099,777,15,substitution,49270,15259,90+2'
event_4597,125100,777,1,goal,49481,15202,5
event_4598,125100,777,38,substitution,115371,14830,22
event_4599,125100,777,38,yellow,43010,,45+4'
event_4600,125100,777,1,goal,118077,50234,56
event_4601,125100,777,38,goal,66692,43010,61
event_4602,125100,777,1,substitution,19680,32728,65
event_4603,125100,777,1,substitution,21584,67407,65
event_4604,125100,777,38,substitution,108947,111988,70
event_4605,125100,777,38,yellow,126108,,71
event_4606,125100,777,1,substitution,20486,49481,73
event_4607,125100,777,38,substitution,129740,126108,84
event_4608,125100,777,1,substitution,69914,20486,90+3'
event_4609,125100,777,38,goal,129740,,90+4'
event_4610,125100,777,1,yellow,19680,,90+9'
event_4611,125101,777,127,goal,137832,,17
event_4612,125101,777,1,penalty goal,32728,,35
event_4613,125101,777,1,substitution,20486,66104,54
event_4614,125101,777,1,substitution,21584,20810,54
event_4615,125101,777,1,substitution,141181,67407,54
event_4616,125101,777,127,substitution,13706,134234,70
event_4617,125101,777,127,substitution,42894,15572,70
event_4618,125101,777,127,goal,74976,33032,74
event_4619,125101,777,1,substitution,19680,64523,76
event_4620,125101,777,1,substitution,119476,14548,76
event_4621,125101,777,127,yellow,74965,,77
event_4622,125101,777,127,yellow,137832,,79
event_4623,125101,777,1,yellow,32728,,80
event_4624,125101,777,127,substitution,135304,137832,85
event_4625,125101,777,127,substitution,3512,119381,90
event_4626,125101,777,127,substitution,16582,33032,90
event_4627,125101,777,127,yellow,51942,,90+6'
event_4628,125102,777,7,yellow,4640,,2
event_4629,125102,777,130,penalty goal,124052,,3
event_4630,125102,777,7,goal,126789,12582,26
event_4631,125102,777,130,substitution,14450,49731,46
event_4632,125102,777,7,yellow,23841,,47
event_4633,125102,777,7,substitution,66538,12582,74
event_4634,125102,777,7,substitution,118442,24797,74
event_4635,125102,777,7,substitution,143922,126789,74
event_4636,125102,777,130,goal,124052,133460,76
event_4637,125102,777,7,goal,14706,,90+1'
event_4638,125103,777,43,yellow,124531,,30
event_4639,125103,777,131,goal,72239,22542,43
event_4640,125103,777,131,yellow,76090,,48
event_4641,125103,777,43,yellow,63851,,60
event_4642,125103,777,43,substitution,19831,74960,67
event_4643,125103,777,43,substitution,75883,15139,75
event_4644,125103,777,131,substitution,51830,3452,75
event_4645,125103,777,131,substitution,124396,112739,75
event_4646,125103,777,131,substitution,117732,136175,80
event_4647,125103,777,43,substitution,3955,51498,82
event_4648,125103,777,43,substitution,31442,63851,82
event_4649,125103,777,43,substitution,137462,127393,82
event_4650,125103,777,131,substitution,4874,143240,88
event_4651,125103,777,131,goal,72239,134333,89
event_4652,125104,777,4,yellow,304474,,12
event_4653,125104,777,11,yellow,25474,,38
event_4654,125104,777,11,goal,112948,68150,51
event_4655,125104,777,4,yellow,27277,,54
event_4656,125104,777,11,goal,14569,68150,57
event_4657,125104,777,11,substitution,71432,112948,64
event_4658,125104,777,4,substitution,68987,304474,67
event_4659,125104,777,4,substitution,99282,133245,67
event_4660,125104,777,11,goal,54156,,68
event_4661,125104,777,11,substitution,14805,68150,76
event_4662,125104,777,11,substitution,126943,54156,76
event_4663,125104,777,11,substitution,12520,5067,81
event_4664,125104,777,4,substitution,51813,72371,82
event_4665,125104,777,4,substitution,115151,112203,82
event_4666,125104,777,4,substitution,125075,68827,88
event_4667,125104,777,4,yellow,115151,,90+8'
event_4668,125105,777,23,goal,114590,117647,43
event_4669,125105,777,6,substitution,49796,49374,64
event_4670,125105,777,6,substitution,69595,8589,64
event_4671,125105,777,6,substitution,20874,35670,65
event_4672,125105,777,23,yellow,124462,,68
event_4673,125105,777,23,substitution,14716,23747,71
event_4674,125105,777,23,yellow,20607,,74
event_4675,125105,777,6,substitution,49759,109117,76
event_4676,125105,777,6,goal,20874,24334,80
event_4677,125105,777,23,substitution,19888,20607,84
event_4678,125105,777,23,substitution,115256,114590,84
event_4679,125105,777,23,yellow,13703,,90+3'
event_4680,125105,777,6,penalty goal,20874,,90+4'
event_4681,125105,777,23,substitution,49259,71623,90+5'
event_4682,125105,777,23,substitution,117497,9662,90+5'
event_4683,125105,777,6,substitution,20118,24334,90+6'
event_4684,125106,777,10,goal,134796,75382,36
event_4685,125106,777,10,goal,5178,32894,40
event_4686,125106,777,10,substitution,49909,23815,46
event_4687,125106,777,34,substitution,14445,128976,46
event_4688,125106,777,34,substitution,16044,66657,46
event_4689,125106,777,10,substitution,63633,75382,68
event_4690,125106,777,10,substitution,10651,19919,69
event_4691,125106,777,10,substitution,21737,134796,69
event_4692,125106,777,34,substitution,14656,14624,69
event_4693,125106,777,34,substitution,11071,117763,80
event_4694,125106,777,34,substitution,53063,13961,80
event_4695,125106,777,10,substitution,130665,5178,90
event_4696,125107,777,9,goal,33162,,5
event_4697,125107,777,12,yellow,51202,,18
event_4698,125107,777,9,goal,33162,63289,29
event_4699,125107,777,9,yellow,13515,,39
event_4700,125107,777,12,yellow,4608,,49
event_4701,125107,777,12,red,67191,,56
event_4702,125107,777,12,yellow,23396,,64
event_4703,125107,777,12,goal,5793,23396,69
event_4704,125107,777,12,substitution,24252,33245,70
event_4705,125107,777,12,substitution,66360,69176,70
event_4706,125107,777,9,substitution,68676,33162,74
event_4707,125107,777,9,substitution,115255,126426,74
event_4708,125107,777,9,substitution,14897,63289,86
event_4709,125107,777,9,yellow,19731,,86
event_4710,125108,777,2,yellow,13344,,11
event_4711,125108,777,15,goal,23811,23702,38
event_4712,125108,777,15,yellow,98300,,45
event_4713,125108,777,15,yellow,139648,,63
event_4714,125108,777,15,substitution,3756,98300,65
event_4715,125108,777,2,yellow,51423,,67
event_4716,125108,777,2,substitution,24626,4115,77
event_4717,125108,777,2,substitution,26408,23968,78
event_4718,125108,777,2,substitution,51223,5758,78
event_4719,125108,777,15,substitution,115172,15259,84
event_4720,125108,777,2,substitution,13286,8658,87
event_4721,125108,777,15,substitution,14238,304123,89
event_4722,125108,777,15,substitution,50623,10439,89
event_4723,125108,777,2,substitution,133169,13344,90+1'
event_4724,125109,777,21,yellow,66635,,28
event_4725,125109,777,29,yellow,67784,,33
event_4726,125109,777,21,yellow,32229,,37
event_4727,125109,777,21,yellow,75582,,37
event_4728,125109,777,29,goal,51199,126110,61
event_4729,125109,777,21,substitution,19858,117596,61
event_4730,125109,777,21,substitution,76614,24630,61
event_4731,125109,777,21,substitution,117318,133603,61
event_4732,125109,777,21,substitution,25892,66635,70
event_4733,125109,777,29,yellow,119614,,75
event_4734,125109,777,29,substitution,118633,119614,82
event_4735,125109,777,29,substitution,122126,51199,82
event_4736,125109,777,21,substitution,69274,21887,85
event_4737,125109,777,29,yellow,122126,,90+1'
event_4738,125109,777,29,substitution,52989,67784,90+8'
event_4739,125110,777,38,yellow,126108,,9
event_4740,125110,777,38,yellow,115114,,20
event_4741,125110,777,25,yellow,119072,,31
event_4742,125110,777,25,goal,32638,8868,42
event_4743,125110,777,25,yellow,63257,,52
event_4744,125110,777,38,substitution,108947,14830,61
event_4745,125110,777,38,substitution,145492,126108,61
event_4746,125110,777,25,goal,63257,304595,66
event_4747,125110,777,25,goal,63257,8868,68
event_4748,125110,777,38,substitution,20337,9199,71
event_4749,125110,777,38,substitution,115371,115114,71
event_4750,125110,777,25,substitution,4979,65961,78
event_4751,125110,777,25,substitution,66560,304595,78
event_4752,125110,777,25,substitution,8454,63257,82
event_4753,125110,777,25,goal,32638,,83
event_4754,125110,777,25,substitution,122005,119072,85
event_4755,125110,777,38,substitution,129740,133679,85
event_4756,125111,777,2,goal,8658,51423,2
event_4757,125111,777,29,goal,119614,124944,9
event_4758,125111,777,2,goal,8658,51223,36
event_4759,125111,777,2,goal,23968,8658,47
event_4760,125111,777,29,substitution,19864,66659,63
event_4761,125111,777,29,substitution,118633,119614,63
event_4762,125111,777,29,substitution,122126,63733,63
event_4763,125111,777,29,yellow,124944,,66
event_4764,125111,777,2,substitution,5758,51223,70
event_4765,125111,777,2,substitution,26408,4115,70
event_4766,125111,777,2,substitution,13286,8658,80
event_4767,125111,777,2,substitution,14801,51423,80
event_4768,125111,777,29,substitution,52989,67784,84
event_4769,125111,777,29,goal,122126,,86
event_4770,125111,777,29,goal,52989,138104,87
event_4771,125111,777,2,goal,13286,5758,90+3'
event_4772,125111,777,29,yellow,51199,,90+5'
event_4773,125111,777,2,yellow,108096,,90+8'
event_4774,125111,777,29,yellow,19864,,90+8'
event_4775,125112,777,34,yellow,16044,,6
event_4776,125112,777,34,substitution,53063,4717,43
event_4777,125112,777,34,substitution,11071,117763,67
event_4778,125112,777,34,substitution,128976,14445,67
event_4779,125112,777,34,substitution,14624,14656,81
event_4780,125112,777,34,substitution,66657,3894,81
event_4781,125113,777,4,substitution,68987,304474,16
event_4782,125113,777,12,yellow,51202,,25
event_4783,125113,777,4,yellow,119041,,39
event_4784,125113,777,12,goal,51202,23396,43
event_4785,125113,777,12,substitution,69176,66036,80
event_4786,125113,777,4,substitution,14575,66284,81
event_4787,125113,777,4,substitution,125075,68827,81
event_4788,125113,777,12,substitution,14580,51202,81
event_4789,125113,777,12,substitution,50848,66360,87
event_4790,125113,777,4,substitution,99282,63741,88
event_4791,125113,777,12,yellow,14580,,90+1'
event_4792,125113,777,12,yellow,108936,,90+4'
event_4793,125114,777,6,yellow,49374,,21
event_4794,125114,777,6,substitution,20874,35670,59
event_4795,125114,777,6,substitution,49759,8589,59
event_4796,125114,777,6,substitution,49796,109117,59
event_4797,125114,777,25,substitution,8454,304595,75
event_4798,125114,777,6,substitution,138981,49374,78
event_4799,125114,777,25,substitution,140223,63257,84
event_4800,125114,777,6,yellow,76353,,90+2'
event_4801,125114,777,25,yellow,145347,,90+2'
event_4802,125115,777,7,yellow,4640,,22
event_4803,125115,777,7,goal,31936,24983,27
event_4804,125115,777,10,goal,5178,32894,29
event_4805,125115,777,7,goal,126789,14706,54
event_4806,125115,777,10,substitution,10479,116496,58
event_4807,125115,777,10,substitution,134796,21737,72
event_4808,125115,777,7,substitution,143922,126789,73
event_4809,125115,777,7,substitution,118442,24797,80
event_4810,125115,777,10,substitution,19919,32894,84
event_4811,125115,777,10,substitution,63633,75382,84
event_4812,125115,777,10,substitution,116665,10458,86
event_4813,125115,777,7,substitution,4333,66318,87
event_4814,125115,777,10,goal,5140,33231,90+10'
event_4815,125115,777,7,yellow,23841,,90+12'
event_4816,125116,777,9,goal,13515,33162,18
event_4817,125116,777,9,goal,33162,63289,20
event_4818,125116,777,38,substitution,145492,14830,38
event_4819,125116,777,38,substitution,147032,111988,46
event_4820,125116,777,9,substitution,68676,33162,67
event_4821,125116,777,38,substitution,108947,126108,67
event_4822,125116,777,9,yellow,63289,,73
event_4823,125116,777,38,substitution,20337,108877,75
event_4824,125116,777,9,substitution,115255,63289,78
event_4825,125116,777,38,yellow,66692,,90+3'
event_4826,125116,777,9,penalty goal,9576,,90+5'
event_4827,125116,777,9,substitution,13796,75543,90+6'
event_4828,125116,777,9,substitution,14807,9576,90+6'
event_4829,125116,777,9,substitution,14897,126426,90+6'
event_4830,125116,777,9,yellow,13515,,90+12'
event_4831,125117,777,11,goal,68150,76204,16
event_4832,125117,777,1,goal,20810,,18
event_4833,125117,777,1,yellow,119476,,36
event_4834,125117,777,1,substitution,66104,67407,46
event_4835,125117,777,11,yellow,14569,,60
event_4836,125117,777,11,goal,65970,,65
event_4837,125117,777,1,substitution,14548,119476,74
event_4838,125117,777,1,substitution,20486,21584,74
event_4839,125117,777,1,yellow,50234,,83
event_4840,125117,777,11,yellow,65970,,83
event_4841,125117,777,1,substitution,32728,64523,84
event_4842,125117,777,11,substitution,14805,68150,85
event_4843,125117,777,11,substitution,67849,16286,88
event_4844,125117,777,11,substitution,126943,54156,88
event_4845,125117,777,11,substitution,4499,25474,90+6'
event_4846,125118,777,127,goal,14846,134234,32
event_4847,125118,777,23,substitution,3905,108922,46
event_4848,125118,777,127,yellow,15572,,52
event_4849,125118,777,127,yellow,14846,,55
event_4850,125118,777,23,substitution,9662,49259,62
event_4851,125118,777,23,substitution,74761,19888,62
event_4852,125118,777,127,substitution,42894,15572,65
event_4853,125118,777,127,substitution,13706,137832,66
event_4854,125118,777,23,goal,114590,,68
event_4855,125118,777,23,substitution,8707,49495,74
event_4856,125118,777,23,yellow,49908,,77
event_4857,125118,777,127,substitution,121972,134234,78
event_4858,125118,777,23,yellow,9662,,80
event_4859,125118,777,127,yellow,74976,,82
event_4860,125118,777,127,goal,74965,,85
event_4861,125118,777,23,substitution,115256,71623,86
event_4862,125118,777,127,substitution,16582,33032,89
event_4863,125118,777,127,substitution,135304,14846,89
event_4864,125118,777,127,yellow,134403,,90+4'
event_4865,125119,777,15,substitution,304238,139648,42
event_4866,125119,777,43,goal,75735,127393,45+2'
event_4867,125119,777,15,substitution,304123,138137,46
event_4868,125119,777,15,goal,15259,,63
event_4869,125119,777,43,substitution,64282,15139,64
event_4870,125119,777,15,goal,15259,98300,69
event_4871,125119,777,43,yellow,63851,,75
event_4872,125119,777,15,substitution,14238,3756,76
event_4873,125119,777,43,substitution,19831,74960,76
event_4874,125119,777,15,goal,15259,14238,77
event_4875,125119,777,43,yellow,3955,,80
event_4876,125119,777,43,substitution,8127,63851,83
event_4877,125119,777,43,substitution,74964,50460,83
event_4878,125119,777,43,substitution,31442,75735,84
event_4879,125119,777,15,substitution,67510,98300,88
event_4880,125119,777,15,substitution,115172,15259,89
event_4881,125119,777,15,goal,304123,115172,90+8'
event_4882,125120,777,131,substitution,117732,143240,20
event_4883,125120,777,21,yellow,50245,,34
event_4884,125120,777,131,yellow,72239,,37
event_4885,125120,777,21,goal,32229,69274,39
event_4886,125120,777,131,goal,117732,22542,45+3'
event_4887,125120,777,21,substitution,76614,51185,57
event_4888,125120,777,21,substitution,117596,50245,57
event_4889,125120,777,21,yellow,25892,,65
event_4890,125120,777,21,substitution,19858,22802,67
event_4891,125120,777,131,substitution,14671,112739,75
event_4892,125120,777,131,substitution,51830,3452,75
event_4893,125120,777,131,substitution,67928,117732,75
event_4894,125120,777,21,substitution,23764,126824,76
event_4895,125120,777,21,substitution,133603,21887,76
event_4896,125120,777,21,goal,69274,133603,77
event_4897,125120,777,21,yellow,69274,,78
event_4898,125120,777,131,substitution,145043,134333,82
event_4899,125120,777,131,goal,51830,76090,90+5'
event_4900,125121,777,1,goal,21584,20810,9
event_4901,125121,777,1,substitution,32728,20810,34
event_4902,125121,777,1,substitution,66104,21584,53
event_4903,125121,777,23,yellow,8707,,57
event_4904,125121,777,23,substitution,14716,9662,66
event_4905,125121,777,23,substitution,117497,114590,66
event_4906,125121,777,1,yellow,66104,,71
event_4907,125121,777,23,yellow,10079,,74
event_4908,125121,777,23,substitution,115256,74761,75
event_4909,125121,777,1,substitution,49481,67407,81
event_4910,125121,777,1,substitution,114564,64523,81
event_4911,125121,777,23,substitution,49259,14446,86
event_4912,125121,777,1,yellow,15202,,86
event_4913,125122,777,127,yellow,137832,,25
event_4914,125122,777,127,yellow,119381,,41
event_4915,125122,777,9,substitution,13796,14608,46
event_4916,125122,777,127,goal,137832,54989,60
event_4917,125122,777,9,substitution,14807,50151,64
event_4918,125122,777,9,substitution,68676,33162,64
event_4919,125122,777,127,substitution,134234,13706,67
event_4920,125122,777,127,substitution,42894,137832,73
event_4921,125122,777,127,substitution,118080,15572,73
event_4922,125122,777,9,substitution,14897,63289,84
event_4923,125122,777,127,goal,134234,42894,86
event_4924,125122,777,9,substitution,50643,126426,89
event_4925,125122,777,127,goal,33032,54989,90+1'
event_4926,125122,777,127,substitution,135304,14846,90+1'
event_4927,125122,777,127,yellow,33032,,90+5'
event_4928,125122,777,9,goal,14897,,90+7'
event_4929,125123,777,131,goal,50727,,3
event_4930,125123,777,4,yellow,66284,,45+1'
event_4931,125123,777,4,substitution,68987,66284,46
event_4932,125123,777,131,substitution,4874,72239,46
event_4933,125123,777,131,goal,112739,51830,56
event_4934,125123,777,131,yellow,136175,,58
event_4935,125123,777,4,substitution,130068,51813,72
event_4936,125123,777,4,substitution,115151,99282,73
event_4937,125123,777,131,substitution,67928,136175,77
event_4938,125123,777,131,substitution,134333,117732,82
event_4939,125123,777,131,substitution,3452,51830,83
event_4940,125123,777,131,goal,3452,67928,90+1'
event_4941,125123,777,4,substitution,125075,68827,90+2'
event_4942,125123,777,131,substitution,14671,112739,90+2'
event_4943,125124,777,11,goal,65970,54156,5
event_4944,125124,777,11,substitution,67849,71432,65
event_4945,125124,777,11,substitution,126943,25474,65
event_4946,125124,777,43,substitution,64282,74964,72
event_4947,125124,777,43,substitution,31442,75735,82
event_4948,125124,777,43,substitution,63851,51498,82
event_4949,125124,777,43,substitution,15139,8127,87
event_4950,125124,777,43,substitution,75883,50460,87
event_4951,125125,777,34,goal,14656,,43
event_4952,125125,777,34,yellow,6712,,46
event_4953,125125,777,2,yellow,21529,,49
event_4954,125125,777,34,substitution,117763,11071,66
event_4955,125125,777,2,substitution,4115,51423,74
event_4956,125125,777,2,substitution,14801,5865,74
event_4957,125125,777,2,substitution,20489,26408,74
event_4958,125125,777,2,substitution,24626,107846,74
event_4959,125125,777,34,substitution,66657,53063,76
event_4960,125125,777,34,substitution,128976,14445,76
event_4961,125125,777,2,substitution,13286,8658,80
event_4962,125125,777,34,substitution,14624,14656,81
event_4963,125125,777,34,yellow,13961,,90+1'
event_4964,125125,777,2,yellow,24626,,90+4'
event_4965,125126,777,6,yellow,76353,,19
event_4966,125126,777,6,yellow,13988,,32
event_4967,125126,777,10,goal,21737,63633,35
event_4968,125126,777,10,goal,10458,23815,40
event_4969,125126,777,6,substitution,20118,24334,46
event_4970,125126,777,6,substitution,109117,49374,59
event_4971,125126,777,10,substitution,19919,5178,59
event_4972,125126,777,6,substitution,35670,20874,70
event_4973,125126,777,6,goal,76353,,71
event_4974,125126,777,10,substitution,49909,21737,79
event_4975,125126,777,10,substitution,10651,23815,87
event_4976,125126,777,10,substitution,116665,10458,87
event_4977,125126,777,10,yellow,33231,,90
event_4978,125126,777,6,yellow,20118,,90+3'
event_4979,125126,777,10,goal,75382,63633,90+6'
event_4980,125127,777,12,yellow,4608,,6
event_4981,125127,777,12,goal,5793,9566,11
event_4982,125127,777,130,yellow,65987,,41
event_4983,125127,777,12,goal,66036,23396,43
event_4984,125127,777,12,substitution,33245,69176,46
event_4985,125127,777,130,yellow,133890,,71
event_4986,125127,777,12,substitution,118591,4608,73
event_4987,125127,777,130,substitution,14450,127594,73
event_4988,125127,777,12,substitution,14580,66360,74
event_4989,125127,777,130,yellow,124052,,76
event_4990,125127,777,130,goal,49726,14450,87
event_4991,125127,777,12,substitution,50848,66036,88
event_4992,125127,777,12,yellow,50848,,90+2'
event_4993,125127,777,130,yellow,24659,,90+6'
event_4994,125128,777,15,goal,3756,15259,31
event_4995,125128,777,15,goal,15259,304123,34
event_4996,125128,777,15,goal,304123,,37
event_4997,125128,777,15,substitution,115172,108816,46
event_4998,125128,777,29,substitution,63733,119614,46
event_4999,125128,777,15,substitution,67510,304238,50
event_5000,125128,777,15,yellow,115172,,51
event_5001,125128,777,29,yellow,126110,,51
event_5002,125128,777,15,yellow,51593,,58
event_5003,125128,777,15,yellow,304123,,60
event_5004,125128,777,29,goal,19864,51199,61
event_5005,125128,777,29,substitution,52989,126110,65
event_5006,125128,777,15,substitution,14238,304123,67
event_5007,125128,777,15,substitution,76426,98300,67
event_5008,125128,777,15,yellow,23811,,69
event_5009,125128,777,29,yellow,12136,,75
event_5010,125128,777,15,yellow,14238,,76
event_5011,125128,777,15,substitution,15340,3756,88
event_5012,125128,777,15,goal,51593,15340,90+5'
event_5013,125129,777,7,yellow,112589,,38
event_5014,125129,777,7,yellow,8143,,47
event_5015,125129,777,25,goal,25183,8868,51
event_5016,125129,777,7,yellow,23841,,63
event_5017,125129,777,7,substitution,66538,112589,65
event_5018,125129,777,7,substitution,118442,24797,65
event_5019,125129,777,25,yellow,63257,,70
event_5020,125129,777,25,substitution,66560,63257,79
event_5021,125129,777,25,substitution,8454,304595,81
event_5022,125129,777,7,substitution,133612,12582,86
event_5023,125129,777,7,goal,14706,8143,88
event_5024,125129,777,25,goal,8454,8868,90+2'
event_5025,125129,777,25,yellow,54893,,90+3'
event_5026,125129,777,25,substitution,63656,8868,90+5'
event_5027,125129,777,25,yellow,8454,,90+5'
event_5028,125129,777,7,yellow,133612,,90+9'
event_5029,125130,777,21,substitution,24630,10443,40
event_5030,125130,777,38,yellow,143214,,45+3'
event_5031,125130,777,21,substitution,76614,51185,46
event_5032,125130,777,21,yellow,32229,,55
event_5033,125130,777,38,yellow,66692,,55
event_5034,125130,777,21,substitution,19858,50245,62
event_5035,125130,777,21,substitution,133603,69274,63
event_5036,125130,777,21,yellow,22802,,65
event_5037,125130,777,38,substitution,115371,108947,71
event_5038,125130,777,21,yellow,21887,,74
event_5039,125130,777,21,goal,19858,24630,82
event_5040,125130,777,38,substitution,20337,4229,85
event_5041,125130,777,38,substitution,111988,147032,86
event_5042,125130,777,21,substitution,69070,21887,90+1'
event_5043,125130,777,38,substitution,136815,66692,90+4'
event_5044,125130,777,38,yellow,133679,,90+6'
event_5045,125130,777,21,yellow,25892,,90+7'
event_5046,125131,777,1,goal,32728,49481,9
event_5047,125131,777,34,yellow,16044,,23
event_5048,125131,777,1,goal,69914,20486,29
event_5049,125131,777,1,goal,49481,32728,40
event_5050,125131,777,1,goal,32728,20486,45+4'
event_5051,125131,777,1,substitution,67407,49481,46
event_5052,125131,777,1,substitution,19680,32728,64
event_5053,125131,777,1,substitution,64523,15202,64
event_5054,125131,777,34,substitution,3894,4818,64
event_5055,125131,777,34,substitution,66657,13961,64
event_5056,125131,777,34,substitution,128976,53063,64
event_5057,125131,777,34,substitution,117763,11071,73
event_5058,125131,777,1,substitution,141181,21584,78
event_5059,125131,777,34,substitution,144894,14445,78
event_5060,125131,777,1,substitution,119476,14548,83
event_5061,125132,777,21,goal,21887,,12
event_5062,125132,777,21,goal,24630,76614,25
event_5063,125132,777,21,yellow,51185,,27
event_5064,125132,777,21,yellow,22802,,45
event_5065,125132,777,2,yellow,4115,,51
event_5066,125132,777,2,substitution,8658,13286,60
event_5067,125132,777,21,substitution,23764,51185,67
event_5068,125132,777,21,substitution,50245,22802,67
event_5069,125132,777,21,yellow,76614,,73
event_5070,125132,777,2,yellow,23968,,77
event_5071,125132,777,21,yellow,25892,,81
event_5072,125132,777,2,substitution,20489,14801,85
event_5073,125132,777,2,substitution,26408,4115,85
event_5074,125132,777,21,substitution,117318,24630,90+1'
event_5075,125132,777,21,substitution,133603,76614,90+1'
event_5076,125132,777,2,goal,26408,13344,90+6'
event_5077,125132,777,21,yellow,21887,,90+6'
event_5078,125133,777,6,yellow,147312,,6
event_5079,125133,777,127,penalty goal,137832,,32
event_5080,125133,777,6,yellow,76104,,38
event_5081,125133,777,6,substitution,24334,76353,46
event_5082,125133,777,6,substitution,49796,109117,46
event_5083,125133,777,6,substitution,69595,49759,46
event_5084,125133,777,6,substitution,20874,35670,65
event_5085,125133,777,127,substitution,15572,42894,69
event_5086,125133,777,127,substitution,13706,137832,70
event_5087,125133,777,6,substitution,50842,110549,76
event_5088,125133,777,127,goal,134234,13706,77
event_5089,125133,777,127,substitution,16582,33032,80
event_5090,125133,777,127,substitution,118080,134234,86
event_5091,125133,777,127,substitution,121972,14846,86
event_5092,125134,777,25,goal,32638,145347,21
event_5093,125134,777,130,penalty goal,124052,,54
event_5094,125134,777,25,yellow,63257,,59
event_5095,125134,777,25,yellow,65961,,62
event_5096,125134,777,25,substitution,8454,63257,65
event_5097,125134,777,25,substitution,14164,13815,65
event_5098,125134,777,130,yellow,133460,,73
event_5099,125134,777,25,substitution,4979,145347,74
event_5100,125134,777,130,substitution,20113,127594,80
event_5101,125134,777,130,goal,49731,24369,82
event_5102,125134,777,25,substitution,117579,65961,88
event_5103,125134,777,25,substitution,122005,8868,88
event_5104,125134,777,130,substitution,129443,133890,90
event_5105,125134,777,130,substitution,14457,49731,90+1'
event_5106,125134,777,130,substitution,115166,24369,90+1'
event_5107,125134,777,25,yellow,117579,,90+6'
event_5108,125135,777,15,goal,15340,138137,2
event_5109,125135,777,15,yellow,67510,,10
event_5110,125135,777,4,yellow,68827,,14
event_5111,125135,777,15,penalty goal,304123,,15
event_5112,125135,777,15,substitution,23811,117754,45+5'
event_5113,125135,777,4,substitution,51813,135830,45+9'
event_5114,125135,777,4,substitution,51229,13549,46
event_5115,125135,777,15,substitution,15259,304123,46
event_5116,125135,777,15,substitution,16035,304238,46
event_5117,125135,777,15,substitution,51593,115172,46
event_5118,125135,777,15,goal,15340,15259,52
event_5119,125135,777,4,substitution,133245,99282,58
event_5120,125135,777,15,substitution,3756,15259,66
event_5121,125135,777,4,substitution,75989,14538,67
event_5122,125135,777,4,goal,72371,,73
event_5123,125135,777,4,yellow,51813,,78
event_5124,125135,777,4,yellow,112203,,78
event_5125,125135,777,15,substitution,98300,138137,80
event_5126,125135,777,4,goal,72371,27277,90+3'
event_5127,125136,777,11,goal,54156,68150,43
event_5128,125136,777,7,yellow,4333,,45
event_5129,125136,777,7,yellow,126789,,48
event_5130,125136,777,7,yellow,8143,,53
event_5131,125136,777,7,substitution,143922,126789,64
event_5132,125136,777,7,goal,143922,,68
event_5133,125136,777,7,goal,112589,23841,73
event_5134,125136,777,11,yellow,22857,,73
event_5135,125136,777,11,substitution,14805,25474,74
event_5136,125136,777,11,substitution,12520,67849,75
event_5137,125136,777,7,goal,143922,,81
event_5138,125136,777,11,goal,65970,12520,83
event_5139,125136,777,7,yellow,112589,,86
event_5140,125136,777,11,substitution,76216,5067,87
event_5141,125136,777,7,substitution,74585,128411,90+2'
event_5142,125136,777,7,substitution,133612,14706,90+2'
event_5143,125136,777,7,substitution,134286,66538,90+6'
event_5144,125136,777,11,goal,54156,14569,90+7'
event_5145,125137,777,9,goal,116888,50151,8
event_5146,125137,777,9,yellow,33124,,27
event_5147,125137,777,43,yellow,51498,,35
event_5148,125137,777,43,yellow,74964,,37
event_5149,125137,777,9,yellow,13796,,40
event_5150,125137,777,9,yellow,9576,,48
event_5151,125137,777,9,goal,33162,14608,52
event_5152,125137,777,43,substitution,68593,8127,54
event_5153,125137,777,9,goal,9576,,56
event_5154,125137,777,9,substitution,14807,33162,65
event_5155,125137,777,43,substitution,63851,4617,65
event_5156,125137,777,43,substitution,137462,127393,65
event_5157,125137,777,43,goal,74964,50460,71
event_5158,125137,777,9,substitution,14897,126426,72
event_5159,125137,777,9,substitution,63289,116888,72
event_5160,125137,777,9,yellow,19731,,75
event_5161,125137,777,43,substitution,31442,75735,76
event_5162,125137,777,43,substitution,128449,51498,76
event_5163,125137,777,43,yellow,68593,,88
event_5164,125137,777,9,substitution,13797,14608,90+4'
event_5165,125137,777,9,substitution,68676,9576,90+4'
event_5166,125138,777,12,goal,51202,,6
event_5167,125138,777,12,goal,66036,,14
event_5168,125138,777,12,substitution,69176,66036,46
event_5169,125138,777,10,goal,33231,,47
event_5170,125138,777,12,yellow,4608,,49
event_5171,125138,777,10,goal,32894,33231,56
event_5172,125138,777,10,substitution,116665,10458,59
event_5173,125138,777,10,substitution,134796,19919,75
event_5174,125138,777,12,substitution,146567,66360,75
event_5175,125138,777,10,yellow,23815,,75
event_5176,125138,777,12,goal,108936,,77
event_5177,125138,777,12,yellow,23396,,81
event_5178,125138,777,10,yellow,32894,,85
event_5179,125138,777,10,substitution,15802,23593,87
event_5180,125138,777,12,substitution,50848,51202,87
event_5181,125138,777,12,substitution,118591,23396,90+6'
event_5182,125139,777,23,goal,114590,9662,12
event_5183,125139,777,131,substitution,4874,72239,18
event_5184,125139,777,131,yellow,4874,,22
event_5185,125139,777,23,goal,8707,74761,24
event_5186,125139,777,131,yellow,117732,,39
event_5187,125139,777,23,yellow,8707,,53
event_5188,125139,777,131,goal,112739,3452,61
event_5189,125139,777,23,substitution,14716,9662,68
event_5190,125139,777,23,substitution,108922,14446,68
event_5191,125139,777,23,substitution,117497,114590,68
event_5192,125139,777,131,substitution,145043,124396,80
event_5193,125139,777,131,substitution,51830,3452,81
event_5194,125139,777,131,substitution,67928,4874,81
event_5195,125139,777,23,yellow,71623,,85
event_5196,125139,777,23,yellow,117497,,87
event_5197,125139,777,131,substitution,8163,112739,88
event_5198,125139,777,23,substitution,19888,74761,90+1'
event_5199,125139,777,131,yellow,76090,,90+2'
event_5200,125139,777,23,goal,14716,117497,90+5'
event_5201,125140,777,29,goal,51199,12136,17
event_5202,125140,777,29,red,19864,,24
event_5203,125140,777,29,yellow,67784,,45+2'
event_5204,125140,777,38,substitution,108947,147032,46
event_5205,125140,777,38,goal,43010,66692,54
event_5206,125140,777,29,yellow,12136,,56
event_5207,125140,777,29,substitution,51609,63733,72
event_5208,125140,777,29,substitution,52989,67784,72
event_5209,125140,777,29,substitution,126110,124944,72
event_5210,125140,777,38,substitution,14830,66692,78
event_5211,125140,777,29,yellow,51609,,81
event_5212,125140,777,29,yellow,75692,,90+2'
event_5213,125140,777,38,substitution,129740,115371,90+3'
event_5214,125141,777,131,goal,112739,67928,1
event_5215,125141,777,131,goal,8163,67928,5
event_5216,125141,777,131,yellow,117732,,24
event_5217,125141,777,38,substitution,136815,66692,46
event_5218,125141,777,38,yellow,20337,,49
event_5219,125141,777,131,substitution,4874,117732,58
event_5220,125141,777,38,substitution,108947,147032,67
event_5221,125141,777,38,substitution,126108,145492,67
event_5222,125141,777,38,yellow,143214,,68
event_5223,125141,777,131,substitution,51830,3452,76
event_5224,125141,777,131,substitution,134333,124396,76
event_5225,125141,777,131,goal,136175,,86
event_5226,125141,777,131,substitution,8171,67928,88
event_5227,125141,777,131,substitution,145043,112739,88
event_5228,125141,777,38,substitution,14830,20337,89
event_5229,125141,777,38,substitution,115371,133679,89
event_5230,125142,777,43,goal,50460,,8
event_5231,125142,777,2,goal,8658,23968,38
event_5232,125142,777,2,goal,4115,51423,42
event_5233,125142,777,2,yellow,8900,,49
event_5234,125142,777,2,goal,8658,4245,56
event_5235,125142,777,43,goal,75735,68593,59
event_5236,125142,777,43,yellow,75735,,60
event_5237,125142,777,43,substitution,64282,68593,69
event_5238,125142,777,2,substitution,5758,51223,74
event_5239,125142,777,2,substitution,26408,5066,74
event_5240,125142,777,43,substitution,8127,74960,79
event_5241,125142,777,2,substitution,24626,4115,80
event_5242,125142,777,2,substitution,107846,13344,80
event_5243,125142,777,43,substitution,128449,75735,80
event_5244,125142,777,2,substitution,20489,51423,85
event_5245,125142,777,43,substitution,4617,63851,87
event_5246,125142,777,43,substitution,19831,50460,88
event_5247,125143,777,7,goal,8143,,6
event_5248,125143,777,7,yellow,23841,,30
event_5249,125143,777,6,goal,49796,,34
event_5250,125143,777,7,yellow,24983,,45
event_5251,125143,777,7,goal,126789,8143,47
event_5252,125143,777,6,substitution,20874,35670,65
event_5253,125143,777,7,substitution,143922,126789,70
event_5254,125143,777,6,goal,20874,,77
event_5255,125143,777,6,substitution,37776,49374,80
event_5256,125143,777,7,substitution,118442,128411,80
event_5257,125143,777,7,substitution,133612,14706,90+4'
event_5258,125144,777,127,red,15572,,42
event_5259,125144,777,127,substitution,42894,33032,43
event_5260,125144,777,34,red,26151,,45+7'
event_5261,125144,777,34,substitution,49884,14445,46
event_5262,125144,777,34,yellow,117763,,50
event_5263,125144,777,127,goal,134234,3512,53
event_5264,125144,777,34,yellow,16044,,59
event_5265,125144,777,34,substitution,66657,13961,62
event_5266,125144,777,34,substitution,121610,53063,62
event_5267,125144,777,127,yellow,74976,,65
event_5268,125144,777,34,substitution,128976,3894,76
event_5269,125144,777,34,yellow,14624,,77
event_5270,125144,777,127,substitution,118080,14846,78
event_5271,125144,777,127,substitution,13706,134234,79
event_5272,125144,777,127,substitution,16582,137832,79
event_5273,125144,777,34,yellow,128976,,82
event_5274,125144,777,34,substitution,144894,6712,83
event_5275,125144,777,127,substitution,135304,74976,90+1'
event_5276,125144,777,127,yellow,14846,,90+5'
event_5277,125145,777,10,goal,49909,134796,6
event_5278,125145,777,4,goal,63741,,35
event_5279,125145,777,4,goal,49293,,49
event_5280,125145,777,4,substitution,14571,133245,63
event_5281,125145,777,10,substitution,21737,134796,67
event_5282,125145,777,4,yellow,119041,,67
event_5283,125145,777,4,yellow,63741,,73
event_5284,125145,777,10,substitution,10651,23593,77
event_5285,125145,777,10,substitution,15802,32894,77
event_5286,125145,777,4,yellow,27277,,83
event_5287,125145,777,10,yellow,10651,,88
event_5288,125145,777,4,yellow,112203,,89
event_5289,125145,777,10,yellow,63633,,90+4'
event_5290,125146,777,11,yellow,5067,,36
event_5291,125146,777,11,goal,54156,,60
event_5292,125146,777,11,substitution,14805,26335,60
event_5293,125146,777,11,substitution,76216,68150,60
event_5294,125146,777,130,substitution,23194,115166,61
event_5295,125146,777,130,substitution,133890,49731,69
event_5296,125146,777,11,yellow,112948,,74
event_5297,125146,777,11,goal,65970,,75
event_5298,125146,777,130,substitution,3712,128891,79
event_5299,125146,777,130,yellow,20113,,80
event_5300,125146,777,11,yellow,76204,,88
event_5301,125146,777,130,yellow,3712,,88
event_5302,125146,777,11,substitution,126943,54156,90
event_5303,125146,777,11,goal,76216,65970,90+2'
event_5304,125146,777,11,yellow,76216,,90+5'
event_5305,125147,777,15,substitution,14238,115172,46
event_5306,125147,777,15,yellow,304123,,49
event_5307,125147,777,15,yellow,14238,,54
event_5308,125147,777,23,substitution,14716,9662,61
event_5309,125147,777,23,substitution,19888,115256,61
event_5310,125147,777,15,substitution,98300,138137,64
event_5311,125147,777,23,substitution,117497,114590,71
event_5312,125147,777,15,substitution,3756,15340,73
event_5313,125147,777,23,goal,14716,19888,74
event_5314,125147,777,15,substitution,49270,76426,83
event_5315,125147,777,15,substitution,127668,304123,83
event_5316,125147,777,15,goal,51593,49270,88
event_5317,125147,777,23,substitution,3905,74761,90+5'
event_5318,125148,777,12,yellow,14580,,54
event_5319,125148,777,12,yellow,50848,,58
event_5320,125148,777,12,substitution,146567,50848,65
event_5321,125148,777,12,substitution,66360,69176,75
event_5322,125148,777,29,substitution,115105,118633,79
event_5323,125148,777,29,substitution,126920,122126,90
event_5324,125148,777,12,yellow,51202,,90+3'
event_5325,125149,777,21,yellow,25892,,41
event_5326,125149,777,21,goal,76614,,50
event_5327,125149,777,9,substitution,35718,33124,56
event_5328,125149,777,9,substitution,14807,63289,63
event_5329,125149,777,9,substitution,68676,13797,63
event_5330,125149,777,21,yellow,19858,,66
event_5331,125149,777,9,penalty goal,9576,,74
event_5332,125149,777,9,yellow,13796,,79
event_5333,125149,777,21,substitution,133603,22802,81
event_5334,125149,777,21,yellow,32229,,82
event_5335,125149,777,21,substitution,8456,76614,85
event_5336,125149,777,21,substitution,23764,126824,85
event_5337,125149,777,9,substitution,14897,126426,90+3'
event_5338,125150,777,1,substitution,64523,14548,28
event_5339,125150,777,25,yellow,63257,,34
event_5340,125150,777,25,yellow,65961,,38
event_5341,125150,777,1,substitution,119476,69914,46
event_5342,125150,777,1,substitution,11419,21584,67
event_5343,125150,777,1,substitution,20810,64523,67
event_5344,125150,777,25,substitution,304595,63257,67
event_5345,125150,777,25,yellow,63656,,68
event_5346,125150,777,1,yellow,49481,,77
event_5347,125150,777,1,yellow,119476,,79
event_5348,125150,777,1,substitution,67407,49481,80
event_5349,125150,777,1,goal,20486,11419,83
event_5350,125150,777,25,substitution,8454,54893,85
event_5351,125150,777,1,yellow,66204,,89
event_5352,125150,777,1,yellow,20486,,90+1'
event_5353,125150,777,25,goal,8454,,90+5'
event_5354,125151,777,43,yellow,68593,,28
event_5355,125151,777,1,goal,20810,49481,37
event_5356,125151,777,1,yellow,20810,,67
event_5357,125151,777,43,substitution,128449,68593,70
event_5358,125151,777,43,substitution,8127,74960,71
event_5359,125151,777,1,substitution,118077,69914,72
event_5360,125151,777,1,substitution,32728,20810,73
event_5361,125151,777,1,substitution,114564,21584,73
event_5362,125151,777,43,substitution,4617,63851,78
event_5363,125151,777,43,substitution,19831,74964,82
event_5364,125151,777,43,substitution,51498,124531,82
event_5365,125151,777,43,yellow,75735,,90+1'
event_5366,125151,777,1,substitution,64523,11419,90+3'
event_5367,125151,777,1,substitution,66104,20486,90+3'
event_5368,125151,777,43,yellow,137462,,90+4'
event_5369,125152,777,2,yellow,13344,,39
event_5370,125152,777,2,goal,23968,5758,42
event_5371,125152,777,2,yellow,8658,,45+3'
event_5372,125152,777,2,substitution,4115,5066,46
event_5373,125152,777,10,goal,5140,33231,52
event_5374,125152,777,2,goal,8658,23968,57
event_5375,125152,777,10,yellow,10651,,62
event_5376,125152,777,10,substitution,15802,10651,66
event_5377,125152,777,10,substitution,75382,49909,66
event_5378,125152,777,2,yellow,51423,,66
event_5379,125152,777,2,goal,8658,,73
event_5380,125152,777,10,substitution,5178,32894,74
event_5381,125152,777,2,substitution,51223,26408,85
event_5382,125152,777,2,goal,51423,8658,89
event_5383,125152,777,2,substitution,14801,51423,90
event_5384,125152,777,2,substitution,24626,5865,90
event_5385,125152,777,10,goal,5140,33231,90+2'
event_5386,125153,777,127,yellow,42894,,37
event_5387,125153,777,127,goal,137832,74965,39
event_5388,125153,777,11,substitution,14805,12520,56
event_5389,125153,777,11,substitution,68150,5067,56
event_5390,125153,777,11,substitution,126943,25474,56
event_5391,125153,777,127,yellow,51942,,59
event_5392,125153,777,11,substitution,76216,54156,76
event_5393,125153,777,127,substitution,21519,137832,76
event_5394,125153,777,127,substitution,13706,134234,84
event_5395,125153,777,127,substitution,16582,33032,89
event_5396,125153,777,127,substitution,10766,3512,90
event_5397,125153,777,11,yellow,16286,,90+3'
event_5398,125153,777,127,yellow,21519,,90+3'
event_5399,125153,777,11,goal,65970,,90+5'
event_5400,125153,777,127,yellow,74965,,90+6'
event_5401,125153,777,11,yellow,22857,,90+7'
event_5402,125154,777,6,penalty goal,49796,,6
event_5403,125154,777,130,goal,133890,,40
event_5404,125154,777,6,substitution,49374,109117,46
event_5405,125154,777,6,goal,69595,76353,52
event_5406,125154,777,6,substitution,20874,35670,61
event_5407,125154,777,6,substitution,50842,76104,61
event_5408,125154,777,130,substitution,3712,23194,63
event_5409,125154,777,130,substitution,127594,49726,63
event_5410,125154,777,6,substitution,37776,110549,74
event_5411,125154,777,130,substitution,65987,20113,82
event_5412,125154,777,6,yellow,50842,,83
event_5413,125154,777,130,goal,133890,65987,88
event_5414,125154,777,130,substitution,14457,128891,89
event_5415,125154,777,6,yellow,37776,,89
event_5416,125154,777,6,substitution,72265,49796,90+3'
event_5417,125154,777,6,yellow,13988,,90+5'
event_5418,125154,777,130,yellow,133460,,90+5'
event_5419,125155,777,4,goal,63741,21998,18
event_5420,125155,777,21,yellow,32229,,28
event_5421,125155,777,21,yellow,75582,,43
event_5422,125155,777,21,yellow,126824,,63
event_5423,125155,777,4,goal,133245,63741,67
event_5424,125155,777,21,substitution,23764,126824,68
event_5425,125155,777,21,substitution,117318,19858,68
event_5426,125155,777,21,substitution,8456,51185,69
event_5427,125155,777,21,goal,24630,117318,74
event_5428,125155,777,4,substitution,14575,125075,74
event_5429,125155,777,4,yellow,119041,,79
event_5430,125155,777,4,substitution,132956,66284,81
event_5431,125155,777,4,yellow,27277,,85
event_5432,125155,777,4,yellow,51813,,87
event_5433,125155,777,4,substitution,68987,21998,89
event_5434,125155,777,4,substitution,115151,49293,89
event_5435,125155,777,4,substitution,122945,51813,89
event_5436,125155,777,4,yellow,115151,,90+2'
event_5437,125156,777,29,substitution,10361,66659,23
event_5438,125156,777,7,yellow,66538,,25
event_5439,125156,777,7,goal,128411,4333,43
event_5440,125156,777,7,yellow,112589,,47
event_5441,125156,777,29,goal,67784,138104,59
event_5442,125156,777,29,substitution,118633,122126,60
event_5443,125156,777,7,substitution,118442,66538,73
event_5444,125156,777,7,substitution,143922,126789,73
event_5445,125156,777,29,substitution,52989,67784,77
event_5446,125156,777,29,substitution,119614,115105,77
event_5447,125156,777,29,substitution,126110,124944,77
event_5448,125156,777,29,goal,138104,119614,81
event_5449,125156,777,7,substitution,3600,112589,88
event_5450,125156,777,7,substitution,24797,128411,88
event_5451,125156,777,29,goal,52989,126110,90+1'
event_5452,125156,777,7,yellow,23841,,90+6'
event_5453,125157,777,9,substitution,14807,63289,60
event_5454,125157,777,9,substitution,14897,126426,60
event_5455,125157,777,9,substitution,68676,13797,60
event_5456,125157,777,131,substitution,51830,3452,65
event_5457,125157,777,131,substitution,143240,4874,65
event_5458,125157,777,9,substitution,50643,116888,74
event_5459,125157,777,131,substitution,134333,124396,82
event_5460,125157,777,131,substitution,145043,112739,82
event_5461,125157,777,9,substitution,8945,35718,90+1'
event_5462,125157,777,131,substitution,8171,136175,90+3'
event_5463,125157,777,9,goal,9576,,90+6'
event_5464,125157,777,9,yellow,9576,,90+7'
event_5465,125158,777,12,goal,4608,,6
event_5466,125158,777,15,goal,67510,51593,53
event_5467,125158,777,12,goal,51202,,55
event_5468,125158,777,15,substitution,15340,3756,70
event_5469,125158,777,15,substitution,108816,115172,70
event_5470,125158,777,15,substitution,138137,98300,70
event_5471,125158,777,12,goal,66360,23396,76
event_5472,125158,777,15,goal,15259,51593,78
event_5473,125158,777,12,yellow,5793,,79
event_5474,125158,777,12,substitution,50848,66360,80
event_5475,125158,777,12,substitution,146567,51202,80
event_5476,125158,777,12,substitution,14580,5793,81
event_5477,125158,777,15,substitution,49270,304123,84
event_5478,125158,777,15,substitution,304238,76426,84
event_5479,125158,777,12,yellow,4608,,90+3'
event_5480,125158,777,15,yellow,51593,,90+4'
event_5481,125159,777,23,goal,115256,14716,15
event_5482,125159,777,23,goal,114590,19888,19
event_5483,125159,777,25,substitution,63257,63656,26
event_5484,125159,777,23,substitution,14446,71623,53
event_5485,125159,777,25,yellow,25183,,59
event_5486,125159,777,25,substitution,140223,25183,63
event_5487,125159,777,25,substitution,304595,14164,63
event_5488,125159,777,23,goal,114590,14446,65
event_5489,125159,777,25,yellow,145347,,67
event_5490,125159,777,25,goal,63257,118083,69
event_5491,125159,777,23,substitution,8707,115256,75
event_5492,125159,777,23,substitution,9662,14716,75
event_5493,125159,777,25,yellow,140223,,80
event_5494,125159,777,23,yellow,108922,,83
event_5495,125159,777,23,substitution,49259,3905,85
event_5496,125159,777,23,substitution,117497,114590,85
event_5497,125160,777,38,goal,145492,20337,25
event_5498,125160,777,34,penalty goal,14624,,45+3'
event_5499,125160,777,34,substitution,121610,21614,46
event_5500,125160,777,34,substitution,11071,117763,67
event_5501,125160,777,34,substitution,128976,4717,67
event_5502,125160,777,38,substitution,115371,9199,72
event_5503,125160,777,34,substitution,13961,14445,79
event_5504,125160,777,34,substitution,53063,66657,79
event_5505,125160,777,38,substitution,126108,20337,79
event_5506,125160,777,38,substitution,66692,136815,85
event_5507,125160,777,38,substitution,147032,108947,85
event_5508,125160,777,38,yellow,143214,,90+4'
event_5509,125161,777,12,goal,146567,23396,33
event_5510,125161,777,12,goal,66360,69176,44
event_5511,125161,777,12,yellow,108936,,45+3'
event_5512,125161,777,131,substitution,136175,67928,46
event_5513,125161,777,12,goal,23396,146567,48
event_5514,125161,777,131,substitution,8171,143240,59
event_5515,125161,777,131,substitution,124396,2100,59
event_5516,125161,777,131,substitution,145043,3452,59
event_5517,125161,777,12,substitution,130151,146567,62
event_5518,125161,777,12,substitution,50848,66360,74
event_5519,125161,777,12,substitution,118591,33245,74
event_5520,125161,777,12,substitution,133650,14580,74
event_5521,125161,777,131,substitution,51830,112739,74
event_5522,125161,777,12,substitution,23581,4608,82
event_5523,125162,777,38,penalty goal,9199,,5
event_5524,125162,777,38,yellow,20337,,41
event_5525,125162,777,43,yellow,68593,,45+9'
event_5526,125162,777,43,goal,75735,74964,47
event_5527,125162,777,38,substitution,92635,108877,66
event_5528,125162,777,38,substitution,115371,14830,66
event_5529,125162,777,43,substitution,128449,68593,66
event_5530,125162,777,38,substitution,66692,136815,74
event_5531,125162,777,38,substitution,302807,9199,74
event_5532,125162,777,43,substitution,4617,74960,75
event_5533,125162,777,43,substitution,15139,74964,75
event_5534,125162,777,38,substitution,147032,108947,82
event_5535,125162,777,43,substitution,8246,75735,85
event_5536,125162,777,43,substitution,19831,50460,85
event_5537,125162,777,38,yellow,115114,,90+4'
event_5538,125162,777,43,yellow,8246,,90+4'
event_5539,125163,777,1,goal,19680,66104,42
event_5540,125163,777,1,substitution,20810,42331,46
event_5541,125163,777,1,substitution,50234,69914,46
event_5542,125163,777,6,substitution,24334,76353,46
event_5543,125163,777,6,substitution,69595,49759,46
event_5544,125163,777,6,substitution,109117,49796,46
event_5545,125163,777,1,goal,67407,20810,48
event_5546,125163,777,1,substitution,19778,141181,62
event_5547,125163,777,6,substitution,72265,69595,62
event_5548,125163,777,1,yellow,19680,,74
event_5549,125163,777,1,substitution,21584,19680,75
event_5550,125163,777,6,substitution,20874,35670,77
event_5551,125163,777,1,substitution,32728,67407,84
event_5552,125163,777,6,goal,20874,109117,89
event_5553,125164,777,34,goal,49884,,20
event_5554,125164,777,23,substitution,14716,9662,46
event_5555,125164,777,34,substitution,3894,121610,60
event_5556,125164,777,23,yellow,74761,,64
event_5557,125164,777,23,substitution,49259,74761,66
event_5558,125164,777,23,substitution,117497,114590,66
event_5559,125164,777,23,yellow,117497,,70
event_5560,125164,777,34,substitution,11071,117763,72
event_5561,125164,777,34,substitution,13961,66657,72
event_5562,125164,777,34,substitution,128976,14445,72
event_5563,125164,777,23,substitution,130234,115256,78
event_5564,125164,777,34,goal,3894,13961,80
event_5565,125164,777,23,substitution,127659,8707,84
event_5566,125164,777,34,substitution,35752,49884,86
event_5567,125164,777,34,yellow,14624,,89
event_5568,125164,777,34,yellow,35752,,90+8'
event_5569,125165,777,10,goal,23815,5178,58
event_5570,125165,777,130,substitution,115166,3712,60
event_5571,125165,777,130,goal,127594,,64
event_5572,125165,777,10,substitution,75382,134796,73
event_5573,125165,777,10,substitution,19919,5178,74
event_5574,125165,777,10,yellow,23593,,79
event_5575,125165,777,130,yellow,3712,,80
event_5576,125165,777,10,substitution,116665,10458,83
event_5577,125165,777,10,substitution,130665,49909,83
event_5578,125165,777,130,substitution,49731,49726,83
event_5579,125165,777,10,substitution,10651,23593,89
event_5580,125165,777,130,substitution,14450,24369,89
event_5581,125165,777,10,yellow,63633,,90+2'
event_5582,125165,777,130,yellow,23194,,90+3'
event_5583,125165,777,130,yellow,24659,,90+5'
event_5584,125166,777,11,goal,25474,,23
event_5585,125166,777,2,substitution,13344,133169,46
event_5586,125166,777,2,goal,8658,,47
event_5587,125166,777,11,substitution,68150,25474,58
event_5588,125166,777,11,substitution,12520,5067,59
event_5589,125166,777,2,goal,8658,4115,62
event_5590,125166,777,2,substitution,5865,24626,73
event_5591,125166,777,2,substitution,21529,5066,73
event_5592,125166,777,2,substitution,108096,107846,73
event_5593,125166,777,11,substitution,54156,26335,77
event_5594,125166,777,11,substitution,71432,4499,77
event_5595,125166,777,11,substitution,67178,4505,78
event_5596,125166,777,11,yellow,99281,,82
event_5597,125166,777,2,substitution,51423,4115,86
event_5598,125166,777,11,goal,14805,12520,90
event_5599,125167,777,127,yellow,51942,,33
event_5600,125167,777,15,goal,15259,98300,34
event_5601,125167,777,127,goal,14846,74965,54
event_5602,125167,777,127,substitution,121972,135304,57
event_5603,125167,777,15,substitution,15340,3756,62
event_5604,125167,777,15,substitution,76426,304238,63
event_5605,125167,777,15,substitution,14238,51593,65
event_5606,125167,777,15,substitution,115172,108816,65
event_5607,125167,777,15,yellow,15340,,66
event_5608,125167,777,127,substitution,16582,33032,73
event_5609,125167,777,127,substitution,21519,137832,73
event_5610,125167,777,127,substitution,118080,134234,73
event_5611,125167,777,15,substitution,49270,98300,78
event_5612,125167,777,127,substitution,10766,3512,90
event_5613,125168,777,29,goal,122126,10361,25
event_5614,125168,777,29,yellow,115105,,43
event_5615,125168,777,29,yellow,25408,,51
event_5616,125168,777,4,substitution,14571,119041,52
event_5617,125168,777,4,yellow,66284,,54
event_5618,125168,777,4,goal,49293,21998,56
event_5619,125168,777,29,substitution,52989,67784,61
event_5620,125168,777,29,substitution,126110,115105,61
event_5621,125168,777,4,yellow,66284,,62
event_5622,125168,777,4,substitution,14575,21998,65
event_5623,125168,777,4,yellow,63741,,69
event_5624,125168,777,29,yellow,12136,,73
event_5625,125168,777,29,yellow,126110,,81
event_5626,125168,777,4,substitution,51813,112203,85
event_5627,125168,777,4,substitution,125075,68827,85
event_5628,125168,777,29,yellow,124944,,89
event_5629,125168,777,4,yellow,72371,,90+7'
event_5630,125168,777,29,substitution,119614,138104,90+8'
event_5631,125168,777,4,yellow,49293,,90+11'
event_5632,125169,777,7,yellow,112589,,13
event_5633,125169,777,21,goal,19858,,43
event_5634,125169,777,7,substitution,118442,128411,62
event_5635,125169,777,7,substitution,134286,112589,62
event_5636,125169,777,21,substitution,51185,24630,73
event_5637,125169,777,21,substitution,117318,76614,73
event_5638,125169,777,21,yellow,117318,,80
event_5639,125169,777,21,substitution,8456,21887,82
event_5640,125169,777,21,substitution,117596,22802,82
event_5641,125169,777,7,substitution,3600,66538,84
event_5642,125169,777,7,substitution,126789,143922,84
event_5643,125169,777,7,substitution,133612,14706,84
event_5644,125169,777,21,yellow,19858,,87
event_5645,125169,777,7,yellow,8143,,89
event_5646,125169,777,21,substitution,69070,126824,90
event_5647,125169,777,21,yellow,123998,,90+7'
event_5648,125170,777,9,yellow,50151,,10
event_5649,125170,777,9,yellow,63289,,25
event_5650,125170,777,25,substitution,8454,304595,46
event_5651,125170,777,25,goal,63257,8868,67
event_5652,125170,777,9,substitution,68676,9576,69
event_5653,125170,777,9,substitution,13797,50151,70
event_5654,125170,777,9,substitution,50643,126426,78
event_5655,125170,777,9,substitution,133430,14608,78
event_5656,125170,777,25,goal,8868,119072,79
event_5657,125170,777,9,yellow,19731,,87
event_5658,125170,777,25,substitution,140223,63257,88
event_5659,125170,777,9,substitution,35718,63289,90+1'
event_5660,125170,777,25,goal,8454,65961,90+4'
